Name,POS,BAT,THW,Age,HT,WT,team,sport,Birth Place,Salary,College,Exp,NAT,Shot,Birthdate,number,weight_lbs,height
Zack Burdi,RP,R,R,25,6'3,205 lbs,Chicago White Sox,MLB,"Downers Grove, IL",,,,,,,62.0,205.0,6.25
Dylan Cease,SP,R,R,24,6'2,200 lbs,Chicago White Sox,MLB,"Milton, GA",,,,,,,84.0,200.0,6.166666666666667
Steve Cishek,RP,R,R,34,6'6,215 lbs,Chicago White Sox,MLB,"Falmouth, MA",,,,,,,31.0,215.0,6.5
Alex Colome,RP,R,R,31,6'1,225 lbs,Chicago White Sox,MLB,"Santo Domingo, Dominican Republic",,,,,,,48.0,225.0,6.083333333333333
Jimmy Cordero,RP,R,R,28,6'4,235 lbs,Chicago White Sox,MLB,"San Cristobal, Dominican Republic",,,,,,,50.0,235.0,6.333333333333333
Ross Detwiler,SP,R,L,34,6'5,210 lbs,Chicago White Sox,MLB,"St. Louis, MO",,,,,,,54.0,210.0,6.416666666666667
Dane Dunning,SP,R,R,25,6'4,225 lbs,Chicago White Sox,MLB,"Fleming Island, FL",,,,,,,78.0,225.0,6.333333333333333
Matt Foster,RP,R,R,25,6'0,195 lbs,Chicago White Sox,MLB,"Valley, AL",,,,,,,63.0,195.0,6.0
Jace Fry,RP,L,L,27,6'1,220 lbs,Chicago White Sox,MLB,"Beaverton, OR",,,,,,,57.0,220.0,6.083333333333333
Lucas Giolito,SP,R,R,26,6'6,245 lbs,Chicago White Sox,MLB,"Santa Monica, CA",,,,,,,27.0,245.0,6.5
Codi Heuer,SP,R,R,24,6'5,190 lbs,Chicago White Sox,MLB,"Missoula, MT",,,,,,,65.0,190.0,6.416666666666667
Dallas Keuchel,SP,L,L,32,6'2,220 lbs,Chicago White Sox,MLB,"Tulsa, OK",,,,,,,60.0,220.0,6.166666666666667
Reynaldo Lopez,SP,R,R,26,6'1,220 lbs,Chicago White Sox,MLB,"San Pedro de Macoris, Dominican Republic",,,,,,,40.0,220.0,6.083333333333333
Evan Marshall,RP,R,R,30,6'2,235 lbs,Chicago White Sox,MLB,"Sunnyvale, CA",,,,,,,43.0,235.0,6.166666666666667
Yasmani Grandal,C,B,R,31,6'2,230 lbs,Chicago White Sox,MLB,"Havana, Cuba",,,,,,,24.0,230.0,6.166666666666667
James McCann,C,R,R,30,6'3,225 lbs,Chicago White Sox,MLB,"Santa Barbara, CA",,,,,,,33.0,225.0,6.25
Jose Abreu,1B,R,R,33,6'3,245 lbs,Chicago White Sox,MLB,"Cienfuegos, Cuba",,,,,,,79.0,245.0,6.25
Tim Anderson,SS,R,R,27,6'1,190 lbs,Chicago White Sox,MLB,"Tuscaloosa, AL",,,,,,,7.0,190.0,6.083333333333333
Ryan Goins,2B,L,R,32,5'10,180 lbs,Chicago White Sox,MLB,"Round Rock, TX",,,,,,,18.0,180.0,5.833333333333333
Nick Madrigal,2B,R,R,23,5'8,165 lbs,Chicago White Sox,MLB,"Elk Grove, CA",,,,,,,1.0,165.0,5.666666666666667
Danny Mendick,SS,R,R,26,5'10,185 lbs,Chicago White Sox,MLB,"Rochester, NY",,,,,,,20.0,185.0,5.833333333333333
Yoan Moncada,3B,B,R,25,6'2,225 lbs,Chicago White Sox,MLB,"Abreus, Cuba",,,,,,,10.0,225.0,6.166666666666667
Jarrod Dyson,CF,L,R,36,5'9,165 lbs,Chicago White Sox,MLB,"McComb, MS",,,,,,,6.0,165.0,5.75
Adam Engel,CF,R,R,28,6'2,215 lbs,Chicago White Sox,MLB,"Cincinnati, OH",,,,,,,15.0,215.0,6.166666666666667
Eloy Jimenez,LF,R,R,23,6'4,235 lbs,Chicago White Sox,MLB,"Santo Domingo, Dominican Republic",,,,,,,74.0,235.0,6.333333333333333
Nomar Mazara,RF,L,L,25,6'4,215 lbs,Chicago White Sox,MLB,"Santo Domingo, Dominican Republic",,,,,,,30.0,215.0,6.333333333333333
Luis Robert,CF,R,R,23,6'2,210 lbs,Chicago White Sox,MLB,"Havana, Cuba",,,,,,,88.0,210.0,6.166666666666667
Edwin Encarnacion,DH,R,R,37,6'1,230 lbs,Chicago White Sox,MLB,"La Romana, Dominican Republic",,,,,,,23.0,230.0,6.083333333333333
Shane Bieber,SP,R,R,25,6'3,200 lbs,Cleveland Indians,MLB,"Orange, CA",,,,,,,57.0,200.0,6.25
Carlos Carrasco,SP,R,R,33,6'4,224 lbs,Cleveland Indians,MLB,"Barquisimeto, Venezuela",,,,,,,59.0,224.0,6.333333333333333
Adam Cimber,RP,R,R,30,6'4,195 lbs,Cleveland Indians,MLB,"Portland, OR",,,,,,,90.0,195.0,6.333333333333333
Aaron Civale,SP,R,R,25,6'2,215 lbs,Cleveland Indians,MLB,"East Windsor, CT",,,,,,,43.0,215.0,6.166666666666667
Mike Clevinger,SP,R,R,29,6'4,215 lbs,Cleveland Indians,MLB,"Jacksonville, FL",,,,,,,52.0,215.0,6.333333333333333
Brad Hand,RP,L,L,30,6'3,220 lbs,Cleveland Indians,MLB,"Minneapolis, MN",,,,,,,33.0,220.0,6.25
Cameron Hill,RP,R,R,26,6'1,185 lbs,Cleveland Indians,MLB,"Oklahoma City, OK",,,,,,,27.0,185.0,6.083333333333333
James Karinchak,RP,R,R,24,6'3,230 lbs,Cleveland Indians,MLB,"Walden, NY",,,,,,,99.0,230.0,6.25
Dominic Leone,RP,R,R,28,5'11,210 lbs,Cleveland Indians,MLB,"Norwich, CT",,,,,,,53.0,210.0,5.916666666666667
Phil Maton,RP,R,R,27,6'3,220 lbs,Cleveland Indians,MLB,"Paducah, KY",,,,,,,88.0,220.0,6.25
Triston McKenzie,SP,R,R,23,6'5,165 lbs,Cleveland Indians,MLB,"Loxahatchee, FL",,,,,,,75.0,165.0,6.416666666666667
Oliver Perez,RP,L,L,39,6'3,225 lbs,Cleveland Indians,MLB,"Culiacan, Mexico",,,,,,,39.0,225.0,6.25
Adam Plutko,RP,R,R,28,6'3,215 lbs,Cleveland Indians,MLB,"Upland, CA",,,,,,,45.0,215.0,6.25
Nick Wittgren,RP,R,R,29,6'2,216 lbs,Cleveland Indians,MLB,"Torrance, CA",,,,,,,62.0,216.0,6.166666666666667
Sandy Leon,C,B,R,31,5'10,225 lbs,Cleveland Indians,MLB,"Maracaibo, Venezuela",,,,,,,9.0,225.0,5.833333333333333
Roberto Perez,C,R,R,31,5'11,220 lbs,Cleveland Indians,MLB,"Mayaguez, Puerto Rico",,,,,,,55.0,220.0,5.916666666666667
Yu Chang,SS,R,R,25,6'1,175 lbs,Cleveland Indians,MLB,"Tainan, Taiwan",,,,,,,2.0,175.0,6.083333333333333
Mike Freeman,2B,L,R,33,6'0,195 lbs,Cleveland Indians,MLB,"Orlando, FL",,,,,,,6.0,195.0,6.0
Cesar Hernandez,2B,B,R,30,5'10,160 lbs,Cleveland Indians,MLB,"Valencia, Venezuela",,,,,,,7.0,160.0,5.833333333333333
Francisco Lindor,SS,B,R,26,5'11,190 lbs,Cleveland Indians,MLB,"Caguas, Puerto Rico",,,,,,,12.0,190.0,5.916666666666667
Jose Ramirez,3B,B,R,27,5'9,190 lbs,Cleveland Indians,MLB,"Bani, Dominican Republic",,,,,,,11.0,190.0,5.75
Carlos Santana,1B,B,R,34,5'11,210 lbs,Cleveland Indians,MLB,"Santo Domingo, Dominican Republic",,,,,,,41.0,210.0,5.916666666666667
Greg Allen,LF,B,R,27,6'0,185 lbs,Cleveland Indians,MLB,"San Diego, CA",,,,,,,1.0,185.0,6.0
Delino DeShields,CF,R,R,28,5'9,200 lbs,Cleveland Indians,MLB,"Easton, MD",,,,,,,0.0,200.0,5.75
Jordan Luplow,RF,R,R,26,6'1,195 lbs,Cleveland Indians,MLB,"Visalia, CA",,,,,,,8.0,195.0,6.083333333333333
Tyler Naquin,RF,L,R,29,6'2,195 lbs,Cleveland Indians,MLB,"Spring, TX",,,,,,,30.0,195.0,6.166666666666667
Franmil Reyes,RF,R,R,25,6'5,275 lbs,Cleveland Indians,MLB,"Sabana Grande de Palenque, Dominican Republic",,,,,,,32.0,275.0,6.416666666666667
Domingo Santana,LF,R,R,28,6'5,220 lbs,Cleveland Indians,MLB,"Santo Domingo, Dominican Republic",,,,,,,24.0,220.0,6.416666666666667
Tyler Alexander,SP,R,L,26,6'2,200 lbs,Detroit Tigers,MLB,"Chicago, IL",,,,,,,70.0,200.0,6.166666666666667
Matthew Boyd,SP,L,L,29,6'3,234 lbs,Detroit Tigers,MLB,"Mercer Island, WA",,,,,,,48.0,234.0,6.25
Jose Cisnero,RP,R,R,31,6'3,245 lbs,Detroit Tigers,MLB,"Bajos de Haina, Dominican Republic",,,,,,,67.0,245.0,6.25
Buck Farmer,RP,L,R,29,6'4,232 lbs,Detroit Tigers,MLB,"Conyers, GA",,,,,,,45.0,232.0,6.333333333333333
Michael Fulmer,SP,R,R,27,6'3,210 lbs,Detroit Tigers,MLB,"Oklahoma City, OK",,,,,,,32.0,210.0,6.25
Kyle Funkhouser,SP,R,R,26,6'3,225 lbs,Detroit Tigers,MLB,"Oak Forest, IL",,,,,,,36.0,225.0,6.25
Bryan Garcia,RP,R,R,25,6'1,203 lbs,Detroit Tigers,MLB,"Miami, FL",,,,,,,33.0,203.0,6.083333333333333
Rony Garcia,RP,R,R,22,6'3,200 lbs,Detroit Tigers,MLB,"Mao, Dominican Republic",,,,,,,51.0,200.0,6.25
Joe Jimenez,RP,R,R,25,6'3,272 lbs,Detroit Tigers,MLB,"San Juan, Puerto Rico",,,,,,,77.0,272.0,6.25
Casey Mize,SP,R,R,23,6'3,220 lbs,Detroit Tigers,MLB,"Springville, AL",,,,,,,74.0,220.0,6.25
Daniel Norris,SP,L,L,27,6'2,185 lbs,Detroit Tigers,MLB,"Johnson City, TN",,,,,,,44.0,185.0,6.166666666666667
John Schreiber,RP,R,R,26,6'3,215 lbs,Detroit Tigers,MLB,"Wyandotte, MI",,,,,,,71.0,215.0,6.25
Tarik Skubal,SP,L,L,23,6'3,215 lbs,Detroit Tigers,MLB,"Hayward, CA",,,,,,,87.0,215.0,6.25
Gregory Soto,SP,L,L,25,6'1,240 lbs,Detroit Tigers,MLB,"Bajos de Haina, Dominican Republic",,,,,,,65.0,240.0,6.083333333333333
Spencer Turnbull,SP,R,R,27,6'3,215 lbs,Detroit Tigers,MLB,"Demopolis, AL",,,,,,,56.0,215.0,6.25
Grayson Greiner,C,R,R,27,6'6,239 lbs,Detroit Tigers,MLB,"Columbia, SC",,,,,,,17.0,239.0,6.5
Austin Romine,C,R,R,31,6'1,220 lbs,Detroit Tigers,MLB,"Lake Forest, CA",,,,,,,7.0,220.0,6.083333333333333
Miguel Cabrera,1B,R,R,37,6'4,249 lbs,Detroit Tigers,MLB,"Maracay, Venezuela",,,,,,,24.0,249.0,6.333333333333333
Jeimer Candelario,3B,B,R,26,6'1,221 lbs,Detroit Tigers,MLB,"New York, NY",,,,,,,46.0,221.0,6.083333333333333
Willi Castro,SS,B,R,23,6'1,165 lbs,Detroit Tigers,MLB,"Rio Piedras, Puerto Rico",,,,,,,49.0,165.0,6.083333333333333
Isaac Paredes,SS,R,R,21,5'11,175 lbs,Detroit Tigers,MLB,"Sonora, Mexico",,,,,,,19.0,175.0,5.916666666666667
Jonathan Schoop,2B,R,R,28,6'1,225 lbs,Detroit Tigers,MLB,"Willemstad, Curacao",,,,,,,8.0,225.0,6.083333333333333
Jorge Bonifacio,RF,R,R,27,6'1,195 lbs,Detroit Tigers,MLB,"Santo Domingo, Dominican Republic",,,,,,,57.0,195.0,6.083333333333333
Niko Goodrum,LF,B,R,28,6'3,218 lbs,Detroit Tigers,MLB,"Fayetteville, GA",,,,,,,28.0,218.0,6.25
JaCoby Jones,LF,R,R,28,6'2,201 lbs,Detroit Tigers,MLB,"Chickasha, OK",,,,,,,21.0,201.0,6.166666666666667
Cameron Maybin,LF,R,R,33,6'3,215 lbs,Detroit Tigers,MLB,"Asheville, NC",,,,,,,4.0,215.0,6.25
Victor Reyes,CF,B,R,25,6'5,215 lbs,Detroit Tigers,MLB,"Barcelona, Venezuela",,,,,,,22.0,215.0,6.416666666666667
Christin Stewart,LF,L,R,26,6'0,205 lbs,Detroit Tigers,MLB,"Atlanta, GA",,,,,,,14.0,205.0,6.0
Scott Barlow,RP,R,R,27,6'3,215 lbs,Kansas City Royals,MLB,"Canyon Country, CA",,,,,,,58.0,215.0,6.25
Kris Bubic,SP,L,L,23,6'3,220 lbs,Kansas City Royals,MLB,"Cupertino, CA",,,,,,,50.0,220.0,6.25
Danny Duffy,SP,L,L,31,6'3,205 lbs,Kansas City Royals,MLB,"Goleta, CA",,,,,,,41.0,205.0,6.25
Jesse Hahn,RP,R,R,31,6'4,215 lbs,Kansas City Royals,MLB,"Norwich, CT",,,,,,,32.0,215.0,6.333333333333333
Matt Harvey,SP,R,R,31,6'4,220 lbs,Kansas City Royals,MLB,"New London, CT",,,,,,,33.0,220.0,6.333333333333333
Carlos Hernandez,SP,R,R,23,6'4,175 lbs,Kansas City Royals,MLB,"Guayana, Venezuela",,,,,,,71.0,175.0,6.333333333333333
Greg Holland,RP,R,R,34,5'10,205 lbs,Kansas City Royals,MLB,"Marion, NC",,,,,,,35.0,205.0,5.833333333333333
Jakob Junis,SP,R,R,27,6'2,225 lbs,Kansas City Royals,MLB,"Sterling, IL",,,,,,,65.0,225.0,6.166666666666667
Brad Keller,SP,R,R,25,6'5,230 lbs,Kansas City Royals,MLB,"Flowery Branch, GA",,,,,,,56.0,230.0,6.416666666666667
Ian Kennedy,RP,R,R,35,6'0,205 lbs,Kansas City Royals,MLB,"Huntington Beach, CA",,,,,,,31.0,205.0,6.0
Jake Newberry,RP,R,R,25,6'2,195 lbs,Kansas City Royals,MLB,"San Diego, CA",,,,,,,68.0,195.0,6.166666666666667
Randy Rosario,RP,L,L,26,6'1,200 lbs,Kansas City Royals,MLB,"Nagua, Dominican Republic",,,,,,,43.0,200.0,6.083333333333333
Brady Singer,SP,R,R,24,6'5,210 lbs,Kansas City Royals,MLB,"Eustis, FL",,,,,,,51.0,210.0,6.416666666666667
Josh Staumont,RP,R,R,26,6'3,200 lbs,Kansas City Royals,MLB,"La Habra, CA",,,,,,,63.0,200.0,6.25
Kyle Zimmer,RP,R,R,28,6'3,225 lbs,Kansas City Royals,MLB,"San Francisco, CA",,,,,,,45.0,225.0,6.25
Tyler Zuber,RP,R,R,25,5'11,175 lbs,Kansas City Royals,MLB,"White Hall, AR",,,,,,,53.0,175.0,5.916666666666667
Cam Gallagher,C,R,R,27,6'3,230 lbs,Kansas City Royals,MLB,"Lancaster, PA",,,,,,,36.0,230.0,6.25
Meibrys Viloria,C,L,R,23,5'11,220 lbs,Kansas City Royals,MLB,"Cartagena, Colombia",,,,,,,72.0,220.0,5.916666666666667
Hunter Dozier,3B,R,R,29,6'4,220 lbs,Kansas City Royals,MLB,"Wichita Falls, TX",,,,,,,17.0,220.0,6.333333333333333
Maikel Franco,3B,R,R,28,6'1,215 lbs,Kansas City Royals,MLB,"Azua Province, Dominican Republic",,,,,,,7.0,215.0,6.083333333333333
Nicky Lopez,2B,L,R,25,5'11,175 lbs,Kansas City Royals,MLB,"Naperville, IL",,,,,,,1.0,175.0,5.916666666666667
Ryan McBroom,1B,R,L,28,6'3,235 lbs,Kansas City Royals,MLB,"Fredericksburg, VA",,,,,,,9.0,235.0,6.25
Whit Merrifield,2B,R,R,31,6'0,195 lbs,Kansas City Royals,MLB,"Florence, SC",,,,,,,15.0,195.0,6.0
Adalberto Mondesi,SS,B,R,25,6'1,190 lbs,Kansas City Royals,MLB,"Los Angeles, CA",,,,,,,27.0,190.0,6.083333333333333
Ryan O'Hearn,1B,L,L,27,6'3,200 lbs,Kansas City Royals,MLB,"Frisco, TX",,,,,,,66.0,200.0,6.25
Alex Gordon,LF,L,R,36,6'1,225 lbs,Kansas City Royals,MLB,"Lincoln, NE",,,,,,,4.0,225.0,6.083333333333333
Jorge Soler,RF,R,R,28,6'4,230 lbs,Kansas City Royals,MLB,"Havana, Cuba",,,,,,,12.0,230.0,6.333333333333333
Bubba Starling,CF,R,R,28,6'4,215 lbs,Kansas City Royals,MLB,"Gardner, KS",,,,,,,11.0,215.0,6.333333333333333
Jorge Alcala,RP,R,R,25,6'3,180 lbs,Minnesota Twins,MLB,"Bajos de Haina, Dominican Republic",,,,,,,66.0,180.0,6.25
Jose Berrios,SP,R,R,26,6'0,205 lbs,Minnesota Twins,MLB,"Bayamon, Puerto Rico",,,,,,,17.0,205.0,6.0
Tyler Clippard,RP,R,R,35,6'3,200 lbs,Minnesota Twins,MLB,"Lexington, KY",,,,,,,36.0,200.0,6.25
Randy Dobnak,RP,R,R,25,6'1,230 lbs,Minnesota Twins,MLB,"South Park, PA",,,,,,,68.0,230.0,6.083333333333333
Tyler Duffey,RP,R,R,29,6'3,220 lbs,Minnesota Twins,MLB,"Houston, TX",,,,,,,21.0,220.0,6.25
Rich Hill,SP,L,L,40,6'5,221 lbs,Minnesota Twins,MLB,"Boston, MA",,,,,,,44.0,221.0,6.416666666666667
Kenta Maeda,SP,R,R,32,6'1,184 lbs,Minnesota Twins,MLB,"Osaka, Japan",,,,,,,18.0,184.0,6.083333333333333
Trevor May,RP,R,R,30,6'5,240 lbs,Minnesota Twins,MLB,"Longview, WA",,,,,,,65.0,240.0,6.416666666666667
Juan Minaya,RP,R,R,29,6'4,210 lbs,Minnesota Twins,MLB,"Maimon, Dominican Republic",,,,,,,46.0,210.0,6.333333333333333
Sean Poppen,RP,R,R,26,6'3,205 lbs,Minnesota Twins,MLB,"Chesapeake, VA",,,,,,,71.0,205.0,6.25
Taylor Rogers,RP,L,L,29,6'3,190 lbs,Minnesota Twins,MLB,"Littleton, CO",,,,,,,55.0,190.0,6.25
Sergio Romo,RP,R,R,37,5'11,185 lbs,Minnesota Twins,MLB,"Brawley, CA",,,,,,,54.0,185.0,5.916666666666667
Devin Smeltzer,SP,R,L,24,6'3,195 lbs,Minnesota Twins,MLB,"Voorhees, NJ",,,,,,,31.0,195.0,6.25
Caleb Thielbar,RP,R,L,33,6'0,195 lbs,Minnesota Twins,MLB,"Northfield, MN",,,,,,,72.0,195.0,6.0
Matt Wisler,RP,R,R,27,6'3,215 lbs,Minnesota Twins,MLB,"Bryan, OH",,,,,,,37.0,215.0,6.25
Alex Avila,C,L,R,33,5'11,210 lbs,Minnesota Twins,MLB,"Hialeah, FL",,,,,,,16.0,210.0,5.916666666666667
Ryan Jeffers,C,R,R,23,6'4,225 lbs,Minnesota Twins,MLB,"Raleigh, NC",,,,,,,87.0,225.0,6.333333333333333
Ehire Adrianza,SS,B,R,31,6'1,195 lbs,Minnesota Twins,MLB,"Guarenas, Venezuela",,,,,,,13.0,195.0,6.083333333333333
Luis Arraez,2B,L,R,23,5'10,177 lbs,Minnesota Twins,MLB,"San Felipe, Venezuela",,,,,,,2.0,177.0,5.833333333333333
Jorge Polanco,SS,B,R,27,5'11,200 lbs,Minnesota Twins,MLB,"San Pedro de Macoris, Dominican Republic",,,,,,,11.0,200.0,5.916666666666667
Miguel Sano,1B,R,R,27,6'4,272 lbs,Minnesota Twins,MLB,"San Pedro de Macoris, Dominican Republic",,,,,,,22.0,272.0,6.333333333333333
Ildemaro Vargas,2B,B,R,29,6'0,170 lbs,Minnesota Twins,MLB,"Caripito, Venezuela",,,,,,,4.0,170.0,6.0
Jake Cave,RF,L,L,27,6'0,200 lbs,Minnesota Twins,MLB,"Hampton, VA",,,,,,,60.0,200.0,6.0
Marwin Gonzalez,LF,B,R,31,6'1,205 lbs,Minnesota Twins,MLB,"Puerto Ordaz, Venezuela",,,,,,,9.0,205.0,6.083333333333333
Max Kepler,CF,L,L,27,6'4,220 lbs,Minnesota Twins,MLB,"Berlin, Germany",,,,,,,26.0,220.0,6.333333333333333
Eddie Rosario,RF,L,R,28,6'1,180 lbs,Minnesota Twins,MLB,"Guayama, Puerto Rico",,,,,,,20.0,180.0,6.083333333333333
LaMonte Wade Jr.,CF,L,L,26,6'1,205 lbs,Minnesota Twins,MLB,"Baltimore, MD",,,,,,,30.0,205.0,6.083333333333333
Nelson Cruz,DH,R,R,40,6'2,230 lbs,Minnesota Twins,MLB,"Las Matas de Santa Cruz, Dominican Republic",,,,,,,23.0,230.0,6.166666666666667
Keegan Akin,SP,L,L,25,6'0,225 lbs,Baltimore Orioles,MLB,"Alma, MI",,,,,,,45.0,225.0,6.0
Miguel Castro,RP,R,R,25,6'7,205 lbs,Baltimore Orioles,MLB,"La Romana, Dominican Republic",,,,,,,50.0,205.0,6.583333333333333
Alex Cobb,SP,R,R,32,6'3,205 lbs,Baltimore Orioles,MLB,"Boston, MA",,,,,,,17.0,205.0,6.25
Tom Eshelman,SP,R,R,26,6'3,210 lbs,Baltimore Orioles,MLB,"Carlsbad, CA",,,,,,,73.0,210.0,6.25
Paul Fry,RP,L,L,28,6'0,190 lbs,Baltimore Orioles,MLB,"Pontiac, MI",,,,,,,51.0,190.0,6.0
Hunter Harvey,RP,R,R,25,6'3,175 lbs,Baltimore Orioles,MLB,"Catawba, NC",,,,,,,56.0,175.0,6.25
Travis Lakins,RP,R,R,26,6'1,180 lbs,Baltimore Orioles,MLB,"Franklin, OH",,,,,,,70.0,180.0,6.083333333333333
Jorge Lopez,RP,R,R,27,6'2,205 lbs,Baltimore Orioles,MLB,"Cayey, Puerto Rico",,,,,,,48.0,205.0,6.166666666666667
John Means,SP,L,L,27,6'3,230 lbs,Baltimore Orioles,MLB,"Olathe, KS",,,,,,,47.0,230.0,6.25
Evan Phillips,RP,R,R,25,6'2,215 lbs,Baltimore Orioles,MLB,"Salisbury, MD",,,,,,,58.0,215.0,6.166666666666667
Tanner Scott,RP,R,L,26,6'2,220 lbs,Baltimore Orioles,MLB,"Mogadore, OH",,,,,,,66.0,220.0,6.166666666666667
Cole Sulser,RP,R,R,30,6'1,190 lbs,Baltimore Orioles,MLB,"Santa Ysabel, CA",,,,,,,54.0,190.0,6.083333333333333
Dillon Tate,RP,R,R,26,6'2,195 lbs,Baltimore Orioles,MLB,"Harbor City, CA",,,,,,,55.0,195.0,6.166666666666667
Cesar Valdez,SP,R,R,35,6'2,200 lbs,Baltimore Orioles,MLB,"Santo Domingo, Dominican Republic",,,,,,,62.0,200.0,6.166666666666667
Asher Wojciechowski,SP,R,R,31,6'4,235 lbs,Baltimore Orioles,MLB,"Hardeeville, SC",,,,,,,29.0,235.0,6.333333333333333
Bryan Holaday,C,R,R,32,6'0,214 lbs,Baltimore Orioles,MLB,"Dallas, TX",,,,,,,36.0,214.0,6.0
Pedro Severino,C,R,R,27,6'1,219 lbs,Baltimore Orioles,MLB,"Bonao, Dominican Republic",,,,,,,28.0,219.0,6.083333333333333
Chance Sisco,C,L,R,25,6'2,195 lbs,Baltimore Orioles,MLB,"Corona, CA",,,,,,,15.0,195.0,6.166666666666667
Hanser Alberto,2B,R,R,27,5'11,215 lbs,Baltimore Orioles,MLB,"San Francisco de Macoris, Dominican Republic",,,,,,,57.0,215.0,5.916666666666667
Jose Iglesias,SS,R,R,30,5'11,194 lbs,Baltimore Orioles,MLB,"Havana, Cuba",,,,,,,11.0,194.0,5.916666666666667
Ryan Mountcastle,3B,R,R,23,6'3,185 lbs,Baltimore Orioles,MLB,"Winter Springs, FL",,,,,,,6.0,185.0,6.25
Renato Nunez,1B,R,R,26,6'1,220 lbs,Baltimore Orioles,MLB,"Valencia, Venezuela",,,,,,,39.0,220.0,6.083333333333333
Rio Ruiz,3B,L,R,26,6'1,215 lbs,Baltimore Orioles,MLB,"Covina, CA",,,,,,,14.0,215.0,6.083333333333333
Pat Valaika,3B,R,R,27,5'11,208 lbs,Baltimore Orioles,MLB,"Valencia, CA",,,,,,,74.0,208.0,5.916666666666667
Andrew Velazquez,SS,B,R,26,5'8,170 lbs,Baltimore Orioles,MLB,"Bronx, NY",,,,,,,13.0,170.0,5.666666666666667
Cedric Mullins,CF,B,L,25,5'8,175 lbs,Baltimore Orioles,MLB,"Greensboro, NC",,,,,,,31.0,175.0,5.666666666666667
Anthony Santander,RF,B,R,25,6'2,190 lbs,Baltimore Orioles,MLB,"Margarita Island, Venezuela",,,,,,,25.0,190.0,6.166666666666667
Mason Williams,CF,L,R,29,6'1,195 lbs,Baltimore Orioles,MLB,"Pawtucket, RI",,,,,,,38.0,195.0,6.083333333333333
Matt Barnes,RP,R,R,30,6'4,210 lbs,Boston Red Sox,MLB,"Danbury, CT",,,,,,,32.0,210.0,6.333333333333333
Ryan Brasier,RP,R,R,33,6'0,225 lbs,Boston Red Sox,MLB,"Wichita Falls, TX",,,,,,,70.0,225.0,6.0
Colten Brewer,RP,R,R,27,6'4,230 lbs,Boston Red Sox,MLB,"Dallas, TX",,,,,,,48.0,230.0,6.333333333333333
Austin Brice,RP,R,R,28,6'4,235 lbs,Boston Red Sox,MLB,"Hong Kong, Hong Kong",,,,,,,31.0,235.0,6.333333333333333
Zack Godley,SP,R,R,30,6'3,240 lbs,Boston Red Sox,MLB,"Bamberg, SC",,,,,,,68.0,240.0,6.25
Kyle Hart,RP,L,L,27,6'5,170 lbs,Boston Red Sox,MLB,"Cincinnati, OH",,,,,,,81.0,170.0,6.416666666666667
Darwinzon Hernandez,RP,L,L,23,6'2,245 lbs,Boston Red Sox,MLB,"Ciudad Bolivar, Venezuela",,,,,,,63.0,245.0,6.166666666666667
Chris Mazza,RP,R,R,30,6'4,180 lbs,Boston Red Sox,MLB,"Walnut Creek, CA",,,,,,,22.0,180.0,6.333333333333333
Josh Osich,RP,L,L,31,6'3,232 lbs,Boston Red Sox,MLB,"Boise, ID",,,,,,,35.0,232.0,6.25
Martin Perez,SP,L,L,29,6'0,200 lbs,Boston Red Sox,MLB,"Guanare, Venezuela",,,,,,,54.0,200.0,6.0
Jeffrey Springs,RP,L,L,27,6'3,180 lbs,Boston Red Sox,MLB,"Belmont, NC",,,,,,,59.0,180.0,6.25
Robert Stock,RP,L,R,30,6'1,214 lbs,Boston Red Sox,MLB,"Bellevue, WA",,,,,,,79.0,214.0,6.083333333333333
Josh Taylor,RP,L,L,27,6'5,225 lbs,Boston Red Sox,MLB,"Phoenix, AZ",,,,,,,72.0,225.0,6.416666666666667
Phillips Valdez,RP,R,R,28,6'2,160 lbs,Boston Red Sox,MLB,"San Pedro de Macoris, Dominican Republic",,,,,,,71.0,160.0,6.166666666666667
Ryan Weber,RP,R,R,30,6'1,180 lbs,Boston Red Sox,MLB,"St. Petersburg, FL",,,,,,,65.0,180.0,6.083333333333333
Kevin Plawecki,C,R,R,29,6'2,220 lbs,Boston Red Sox,MLB,"Hinsdale, IL",,,,,,,25.0,220.0,6.166666666666667
Christian Vazquez,C,R,R,30,5'9,195 lbs,Boston Red Sox,MLB,"Bayamon, Puerto Rico",,,,,,,7.0,195.0,5.75
Jonathan Arauz,SS,L,R,22,6'0,150 lbs,Boston Red Sox,MLB,"Alanje, Panama",,,,,,,36.0,150.0,6.0
Xander Bogaerts,SS,R,R,27,6'1,210 lbs,Boston Red Sox,MLB,"Oranjestad, Aruba",,,,,,,2.0,210.0,6.083333333333333
Michael Chavis,1B,R,R,25,5'10,216 lbs,Boston Red Sox,MLB,"Marietta, GA",,,,,,,23.0,216.0,5.833333333333333
Bobby Dalbec,3B,R,R,25,6'4,225 lbs,Boston Red Sox,MLB,"Seattle, WA",,,,,,,29.0,225.0,6.333333333333333
Rafael Devers,3B,L,R,23,6'0,237 lbs,Boston Red Sox,MLB,"Sanchez, Dominican Republic",,,,,,,11.0,237.0,6.0
Tzu-Wei Lin,SS,L,R,26,5'9,155 lbs,Boston Red Sox,MLB,"Kaohsiung, Taiwan",,,,,,,30.0,155.0,5.75
Jose Peraza,2B,R,R,26,6'0,196 lbs,Boston Red Sox,MLB,"Barinas, Venezuela",,,,,,,3.0,196.0,6.0
Jackie Bradley Jr.,CF,L,R,30,5'10,200 lbs,Boston Red Sox,MLB,"Richmond, VA",,,,,,,19.0,200.0,5.833333333333333
J.D. Martinez,LF,R,R,33,6'3,220 lbs,Boston Red Sox,MLB,"Miami, FL",,,,,,,28.0,220.0,6.25
Kevin Pillar,CF,R,R,31,6'0,210 lbs,Boston Red Sox,MLB,"West Hills, CA",,,,,,,5.0,210.0,6.0
Alex Verdugo,CF,L,L,24,6'0,212 lbs,Boston Red Sox,MLB,"Tucson, AZ",,,,,,,99.0,212.0,6.0
Albert Abreu,RP,R,R,24,6'2,175 lbs,New York Yankees,MLB,"Guayubin, Dominican Republic",,,,,,,84.0,175.0,6.166666666666667
Luis Cessa,RP,R,R,28,6'0,210 lbs,New York Yankees,MLB,"Cordoba, Mexico",,,,,,,85.0,210.0,6.0
Aroldis Chapman,RP,L,L,32,6'4,212 lbs,New York Yankees,MLB,"Holguin, Cuba",,,,,,,54.0,212.0,6.333333333333333
Gerrit Cole,SP,R,R,29,6'4,225 lbs,New York Yankees,MLB,"Newport Beach, CA",,,,,,,45.0,225.0,6.333333333333333
Deivi Garcia,SP,R,R,21,5'10,163 lbs,New York Yankees,MLB,"Bonao, Dominican Republic",,,,,,,83.0,163.0,5.833333333333333
Chad Green,RP,L,R,29,6'3,210 lbs,New York Yankees,MLB,"Greenville, SC",,,,,,,57.0,210.0,6.25
J.A. Happ,SP,L,L,37,6'5,205 lbs,New York Yankees,MLB,"Peru, IL",,,,,,,33.0,205.0,6.416666666666667
Ben Heller,SP,R,R,29,6'3,205 lbs,New York Yankees,MLB,"Milwaukee, WI",,,,,,,61.0,205.0,6.25
Jonathan Holder,RP,R,R,27,6'2,235 lbs,New York Yankees,MLB,"Gulfport, MS",,,,,,,56.0,235.0,6.166666666666667
Michael King,SP,R,R,25,6'3,204 lbs,New York Yankees,MLB,"Rochester, NY",,,,,,,73.0,204.0,6.25
Jonathan Loaisiga,SP,R,R,25,5'11,165 lbs,New York Yankees,MLB,"Managua, Nicaragua",,,,,,,43.0,165.0,5.916666666666667
Jordan Montgomery,SP,L,L,27,6'6,225 lbs,New York Yankees,MLB,"Sumter, SC",,,,,,,47.0,225.0,6.5
Nick Nelson,SP,R,R,24,6'1,195 lbs,New York Yankees,MLB,"Panama City, FL",,,,,,,79.0,195.0,6.083333333333333
Adam Ottavino,RP,B,R,34,6'5,220 lbs,New York Yankees,MLB,"New York, NY",,,,,,,0.0,220.0,6.416666666666667
Masahiro Tanaka,SP,R,R,31,6'3,215 lbs,New York Yankees,MLB,"Itami, Japan",,,,,,,19.0,215.0,6.25
Miguel Yajure,SP,R,R,22,6'1,175 lbs,New York Yankees,MLB,"Cabimas, Venezuela",,,,,,,89.0,175.0,6.083333333333333
Erik Kratz,C,R,R,40,6'4,250 lbs,New York Yankees,MLB,"Telford, PA",,,,,,,38.0,250.0,6.333333333333333
Gary Sanchez,C,R,R,27,6'2,230 lbs,New York Yankees,MLB,"Santo Domingo, Dominican Republic",,,,,,,24.0,230.0,6.166666666666667
Thairo Estrada,SS,R,R,24,5'10,185 lbs,New York Yankees,MLB,"Bejuma, Venezuela",,,,,,,71.0,185.0,5.833333333333333
Mike Ford,1B,L,R,28,6'0,225 lbs,New York Yankees,MLB,"Belle Mead, NJ",,,,,,,72.0,225.0,6.0
DJ LeMahieu,2B,R,R,32,6'4,215 lbs,New York Yankees,MLB,"Visalia, CA",,,,,,,26.0,215.0,6.333333333333333
Jordy Mercer,SS,R,R,34,6'3,210 lbs,New York Yankees,MLB,"Taloga, OK",,,,,,,22.0,210.0,6.25
Gio Urshela,3B,R,R,28,6'0,220 lbs,New York Yankees,MLB,"Cartagena, Colombia",,,,,,,29.0,220.0,6.0
Luke Voit,1B,R,R,29,6'3,225 lbs,New York Yankees,MLB,"Wildwood, MO",,,,,,,59.0,225.0,6.25
Tyler Wade,SS,L,R,25,6'1,185 lbs,New York Yankees,MLB,"Murrieta, CA",,,,,,,14.0,185.0,6.083333333333333
Clint Frazier,LF,R,R,25,6'1,190 lbs,New York Yankees,MLB,"Decatur, GA",,,,,,,77.0,190.0,6.083333333333333
Brett Gardner,LF,L,L,37,5'11,195 lbs,New York Yankees,MLB,"Holly Hill, SC",,,,,,,11.0,195.0,5.916666666666667
Aaron Hicks,CF,B,R,30,6'1,202 lbs,New York Yankees,MLB,"San Pedro, CA",,,,,,,31.0,202.0,6.083333333333333
Mike Tauchman,CF,L,L,29,6'2,200 lbs,New York Yankees,MLB,"Palatine, IL",,,,,,,39.0,200.0,6.166666666666667
Anthony Banda,SP,L,L,27,6'2,190 lbs,Tampa Bay Rays,MLB,"Corpus Christi, TX",,,,,,,53.0,190.0,6.166666666666667
Diego Castillo,RP,R,R,26,6'3,250 lbs,Tampa Bay Rays,MLB,"Cabrera, Dominican Republic",,,,,,,63.0,250.0,6.25
John Curtiss,RP,R,R,27,6'5,220 lbs,Tampa Bay Rays,MLB,"Dallas, TX",,,,,,,84.0,220.0,6.416666666666667
Peter Fairbanks,RP,R,R,26,6'6,219 lbs,Tampa Bay Rays,MLB,"St. Louis, MO",,,,,,,29.0,219.0,6.5
Josh Fleming,RP,R,L,24,6'2,210 lbs,Tampa Bay Rays,MLB,"Bridgeton, MO",,,,,,,61.0,210.0,6.166666666666667
Edgar Garcia,RP,R,R,23,6'1,180 lbs,Tampa Bay Rays,MLB,"Sabana Grande de Palenque, Dominican Republic",,,,,,,41.0,180.0,6.083333333333333
Tyler Glasnow,SP,L,R,27,6'8,230 lbs,Tampa Bay Rays,MLB,"Newhall, CA",,,,,,,20.0,230.0,6.666666666666667
Aaron Loup,RP,L,L,32,5'11,210 lbs,Tampa Bay Rays,MLB,"Raceland, LA",,,,,,,15.0,210.0,5.916666666666667
Trevor Richards,SP,R,R,27,6'2,190 lbs,Tampa Bay Rays,MLB,"Aviston, IL",,,,,,,34.0,190.0,6.166666666666667
Ryan Sherriff,RP,L,L,30,6'1,185 lbs,Tampa Bay Rays,MLB,"Culver City, CA",,,,,,,71.0,185.0,6.083333333333333
Aaron Slegers,RP,R,R,27,6'10,245 lbs,Tampa Bay Rays,MLB,"Scottsdale, AZ",,,,,,,57.0,245.0,6.833333333333333
Blake Snell,SP,L,L,27,6'4,215 lbs,Tampa Bay Rays,MLB,"Seattle, WA",,,,,,,4.0,215.0,6.333333333333333
Ryan Thompson,RP,R,R,28,6'6,221 lbs,Tampa Bay Rays,MLB,"Turner, OR",,,,,,,81.0,221.0,6.5
Michael Perez,C,L,R,28,5'10,195 lbs,Tampa Bay Rays,MLB,"Catano, Puerto Rico",,,,,,,7.0,195.0,5.833333333333333
Kevan Smith,C,R,R,32,6'4,240 lbs,Tampa Bay Rays,MLB,"Pittsburgh, PA",,,,,,,44.0,240.0,6.333333333333333
Willy Adames,SS,R,R,24,6'0,205 lbs,Tampa Bay Rays,MLB,"Santiago, Dominican Republic",,,,,,,1.0,205.0,6.0
Michael Brosseau,2B,R,R,26,5'10,215 lbs,Tampa Bay Rays,MLB,"Munster, IN",,,,,,,43.0,215.0,5.833333333333333
Ji-Man Choi,1B,B,R,29,6'1,250 lbs,Tampa Bay Rays,MLB,"Incheon, South Korea",,,,,,,26.0,250.0,6.083333333333333
Yandy Diaz,3B,R,R,29,6'2,215 lbs,Tampa Bay Rays,MLB,"Villa Clara, Cuba",,,,,,,2.0,215.0,6.166666666666667
Brandon Lowe,2B,L,R,26,5'10,185 lbs,Tampa Bay Rays,MLB,"Newport News, VA",,,,,,,8.0,185.0,5.833333333333333
Joey Wendle,3B,L,R,30,6'1,200 lbs,Tampa Bay Rays,MLB,"Wilmington, DE",,,,,,,18.0,200.0,6.083333333333333
Randy Arozarena,LF,R,R,25,5'11,170 lbs,Tampa Bay Rays,MLB,"Havana, Cuba",,,,,,,56.0,170.0,5.916666666666667
Kevin Kiermaier,CF,L,R,30,6'1,210 lbs,Tampa Bay Rays,MLB,"Fort Wayne, IN",,,,,,,39.0,210.0,6.083333333333333
Manuel Margot,CF,R,R,25,5'11,180 lbs,Tampa Bay Rays,MLB,"San Cristobal, Dominican Republic",,,,,,,13.0,180.0,5.916666666666667
Austin Meadows,LF,L,L,25,6'3,220 lbs,Tampa Bay Rays,MLB,"Atlanta, GA",,,,,,,17.0,220.0,6.25
Brian O'Grady,LF,L,R,28,6'2,215 lbs,Tampa Bay Rays,MLB,"Warminster, PA",,,,,,,31.0,215.0,6.166666666666667
Hunter Renfroe,RF,R,R,28,6'1,220 lbs,Tampa Bay Rays,MLB,"Crystal Springs, MS",,,,,,,11.0,220.0,6.083333333333333
Yoshitomo Tsutsugo,LF,L,R,28,6'0,209 lbs,Tampa Bay Rays,MLB,"Wakayama, Japan",,,,,,,25.0,209.0,6.0
Chase Anderson,SP,R,R,32,6'1,200 lbs,Toronto Blue Jays,MLB,"Wichita Falls, TX",,,,,,,22.0,200.0,6.083333333333333
Anthony Bass,RP,R,R,32,6'2,200 lbs,Toronto Blue Jays,MLB,"Dearborn, MI",,,,,,,52.0,200.0,6.166666666666667
Ryan Borucki,SP,L,L,26,6'4,215 lbs,Toronto Blue Jays,MLB,"Mundelein, IL",,,,,,,56.0,215.0,6.333333333333333
A.J. Cole,RP,R,R,28,6'5,238 lbs,Toronto Blue Jays,MLB,"Winter Springs, FL",,,,,,,36.0,238.0,6.416666666666667
Rafael Dolis,RP,R,R,32,6'4,215 lbs,Toronto Blue Jays,MLB,"La Romana, Dominican Republic",,,,,,,41.0,215.0,6.333333333333333
Wilmer Font,RP,R,R,30,6'4,250 lbs,Toronto Blue Jays,MLB,"La Guaira, Venezuela",,,,,,,63.0,250.0,6.333333333333333
Thomas Hatch,SP,R,R,25,6'1,200 lbs,Toronto Blue Jays,MLB,"Tulsa, OK",,,,,,,31.0,200.0,6.083333333333333
Anthony Kay,SP,L,L,25,6'0,187 lbs,Toronto Blue Jays,MLB,"Stony Brook, NY",,,,,,,47.0,187.0,6.0
Julian Merryweather,SP,R,R,28,6'4,215 lbs,Toronto Blue Jays,MLB,"Berkeley, CA",,,,,,,67.0,215.0,6.333333333333333
Sean Reid-Foley,SP,R,R,25,6'3,220 lbs,Toronto Blue Jays,MLB,"Agana Heights, GU",,,,,,,54.0,220.0,6.25
Tanner Roark,SP,R,R,33,6'2,240 lbs,Toronto Blue Jays,MLB,"Wilmington, IL",,,,,,,14.0,240.0,6.166666666666667
Hyun-Jin Ryu,SP,R,L,33,6'3,255 lbs,Toronto Blue Jays,MLB,"Incheon, South Korea",,,,,,,99.0,255.0,6.25
Jacob Waguespack,SP,R,R,26,6'6,235 lbs,Toronto Blue Jays,MLB,"Prairieville, LA",,,,,,,62.0,235.0,6.5
Taijuan Walker,SP,R,R,28,6'4,235 lbs,Toronto Blue Jays,MLB,"Shreveport, LA",,,,,,,0.0,235.0,6.333333333333333
Shun Yamaguchi,RP,R,R,33,6'2,198 lbs,Toronto Blue Jays,MLB,"Nakatsu, Japan",,,,,,,1.0,198.0,6.166666666666667
Danny Jansen,C,R,R,25,6'2,230 lbs,Toronto Blue Jays,MLB,"Elmhurst, IL",,,,,,,9.0,230.0,6.166666666666667
Reese McGuire,C,L,R,25,6'0,215 lbs,Toronto Blue Jays,MLB,"Seattle, WA",,,,,,,10.0,215.0,6.0
Cavan Biggio,2B,L,R,25,6'2,200 lbs,Toronto Blue Jays,MLB,"Houston, TX",,,,,,,8.0,200.0,6.166666666666667
Santiago Espinal,SS,R,R,25,5'10,175 lbs,Toronto Blue Jays,MLB,"Santiago, Dominican Republic",,,,,,,5.0,175.0,5.833333333333333
Vladimir Guerrero Jr.,3B,R,R,21,6'2,250 lbs,Toronto Blue Jays,MLB,"Montreal, PQ",,,,,,,27.0,250.0,6.166666666666667
Joe Panik,2B,L,R,29,6'1,200 lbs,Toronto Blue Jays,MLB,"Yonkers, NY",,,,,,,2.0,200.0,6.083333333333333
Travis Shaw,2B,L,R,30,6'4,230 lbs,Toronto Blue Jays,MLB,"Washington Court House, OH",,,,,,,6.0,230.0,6.333333333333333
Rowdy Tellez,1B,L,L,25,6'4,255 lbs,Toronto Blue Jays,MLB,"Sacramento, CA",,,,,,,44.0,255.0,6.333333333333333
Daniel Vogelbach,1B,L,R,27,6'0,250 lbs,Toronto Blue Jays,MLB,"Orlando, FL",,,,,,,20.0,250.0,6.0
Derek Fisher,CF,L,R,27,6'3,205 lbs,Toronto Blue Jays,MLB,"Lebanon, PA",,,,,,,23.0,205.0,6.25
Randal Grichuk,CF,R,R,29,6'2,213 lbs,Toronto Blue Jays,MLB,"Rosenberg, TX",,,,,,,15.0,213.0,6.166666666666667
Lourdes Gurriel Jr.,LF,R,R,26,6'3,215 lbs,Toronto Blue Jays,MLB,"Sancti Spíritus, Cuba",,,,,,,13.0,215.0,6.25
Teoscar Hernandez,LF,R,R,27,6'2,205 lbs,Toronto Blue Jays,MLB,"Cotui, Dominican Republic",,,,,,,37.0,205.0,6.166666666666667
Joe Biagini,RP,R,R,30,6'5,235 lbs,Houston Astros,MLB,"Menlo Park, CA",,,,,,,29.0,235.0,6.416666666666667
Brandon Bielak,RP,L,R,24,6'1,209 lbs,Houston Astros,MLB,"Sayreville, NJ",,,,,,,64.0,209.0,6.083333333333333
Luis Garcia,SP,R,R,23,6'1,216 lbs,Houston Astros,MLB,"Barinitas, Venezuela",,,,,,,77.0,216.0,6.083333333333333
Zack Greinke,SP,R,R,36,6'2,200 lbs,Houston Astros,MLB,"Orlando, FL",,,,,,,21.0,200.0,6.166666666666667
Cristian Javier,RP,R,R,23,6'1,170 lbs,Houston Astros,MLB,"Santo Domingo, Dominican Republic",,,,,,,53.0,170.0,6.083333333333333
Lance McCullers Jr.,SP,L,R,26,6'1,205 lbs,Houston Astros,MLB,"Tampa, FL",,,,,,,43.0,205.0,6.083333333333333
Enoli Paredes,SP,R,R,24,5'11,165 lbs,Houston Astros,MLB,"Santa Barbara de Samana, Dominican Republic",,,,,,,60.0,165.0,5.916666666666667
Cionel Perez,RP,L,L,24,5'11,170 lbs,Houston Astros,MLB,"Matanzas, Cuba",,,,,,,52.0,170.0,5.916666666666667
Ryan Pressly,RP,R,R,31,6'3,210 lbs,Houston Astros,MLB,"Dallas, TX",,,,,,,55.0,210.0,6.25
Brooks Raley,RP,L,L,32,6'3,185 lbs,Houston Astros,MLB,"Uvalde, TX",,,,,,,58.0,185.0,6.25
Andre Scrubb,RP,R,R,25,6'4,265 lbs,Houston Astros,MLB,"Woodbridge, VA",,,,,,,70.0,265.0,6.333333333333333
Cy Sneed,RP,R,R,27,6'4,215 lbs,Houston Astros,MLB,"Elko, NV",,,,,,,67.0,215.0,6.333333333333333
Blake Taylor,SP,L,L,25,6'3,220 lbs,Houston Astros,MLB,"Mission Viejo, CA",,,,,,,62.0,220.0,6.25
Framber Valdez,SP,L,L,26,5'11,170 lbs,Houston Astros,MLB,"Sabana Grande de Palenque, Dominican Republic",,,,,,,59.0,170.0,5.916666666666667
Dustin Garneau,C,R,R,33,6'2,205 lbs,Houston Astros,MLB,"San Pedro, CA",,,,,,,13.0,205.0,6.166666666666667
Martin Maldonado,C,R,R,34,6'0,230 lbs,Houston Astros,MLB,"Naguabo, Puerto Rico",,,,,,,15.0,230.0,6.0
Garrett Stubbs,C,L,R,27,5'10,165 lbs,Houston Astros,MLB,"Del Mar, CA",,,,,,,11.0,165.0,5.833333333333333
Jose Altuve,2B,R,R,30,5'6,165 lbs,Houston Astros,MLB,"Maracay, Venezuela",,,,,,,27.0,165.0,5.5
Carlos Correa,SS,R,R,25,6'4,215 lbs,Houston Astros,MLB,"Ponce, Puerto Rico",,,,,,,1.0,215.0,6.333333333333333
Aledmys Diaz,2B,R,R,30,6'1,195 lbs,Houston Astros,MLB,"Santa Clara, Cuba",,,,,,,16.0,195.0,6.083333333333333
Yuli Gurriel,1B,R,R,36,6'0,190 lbs,Houston Astros,MLB,"Sancti Spíritus, Cuba",,,,,,,10.0,190.0,6.0
Jack Mayfield,2B,R,R,29,5'10,170 lbs,Houston Astros,MLB,"Del Rio, TX",,,,,,,9.0,170.0,5.833333333333333
Abraham Toro,3B,B,R,23,6'1,190 lbs,Houston Astros,MLB,"Longueuil, PQ",,,,,,,31.0,190.0,6.083333333333333
Michael Brantley,LF,L,L,33,6'2,200 lbs,Houston Astros,MLB,"Bellevue, WA",,,,,,,23.0,200.0,6.166666666666667
Josh Reddick,RF,L,R,33,6'2,195 lbs,Houston Astros,MLB,"Savannah, GA",,,,,,,22.0,195.0,6.166666666666667
George Springer,CF,R,R,30,6'3,215 lbs,Houston Astros,MLB,"New Britain, CT",,,,,,,4.0,215.0,6.25
Myles Straw,CF,R,R,25,5'10,180 lbs,Houston Astros,MLB,"Garden Grove, CA",,,,,,,3.0,180.0,5.833333333333333
Kyle Tucker,RF,L,R,23,6'4,190 lbs,Houston Astros,MLB,"Tampa, FL",,,,,,,30.0,190.0,6.333333333333333
Matt Andriese,SP,R,R,31,6'2,225 lbs,Los Angeles Angels,MLB,"Redlands, CA",,,,,,,35.0,225.0,6.166666666666667
Luke Bard,RP,R,R,29,6'3,200 lbs,Los Angeles Angels,MLB,"Charlotte, NC",,,,,,,39.0,200.0,6.25
Jacob Barnes,RP,R,R,30,6'2,220 lbs,Los Angeles Angels,MLB,"St. Petersburg, FL",,,,,,,40.0,220.0,6.166666666666667
Ryan Buchter,RP,L,L,33,6'4,232 lbs,Los Angeles Angels,MLB,"Reading, PA",,,,,,,46.0,232.0,6.333333333333333
Dylan Bundy,SP,B,R,27,6'1,200 lbs,Los Angeles Angels,MLB,"Tulsa, OK",,,,,,,37.0,200.0,6.083333333333333
Ty Buttrey,RP,L,R,27,6'6,240 lbs,Los Angeles Angels,MLB,"Matthews, NC",,,,,,,31.0,240.0,6.5
Griffin Canning,SP,R,R,24,6'2,180 lbs,Los Angeles Angels,MLB,"Mission Viejo, CA",,,,,,,47.0,180.0,6.166666666666667
Andrew Heaney,SP,L,L,29,6'2,200 lbs,Los Angeles Angels,MLB,"Oklahoma City, OK",,,,,,,28.0,200.0,6.166666666666667
Mike Mayers,RP,R,R,28,6'3,200 lbs,Los Angeles Angels,MLB,"Grove City, OH",,,,,,,60.0,200.0,6.25
Keynan Middleton,RP,R,R,26,6'3,215 lbs,Los Angeles Angels,MLB,"Portland, OR",,,,,,,99.0,215.0,6.25
Felix Peña,RP,R,R,30,6'2,220 lbs,Los Angeles Angels,MLB,"San Pedro de Macoris, Dominican Republic",,,,,,,64.0,220.0,6.166666666666667
Jose Quijada,RP,L,L,24,5'11,203 lbs,Los Angeles Angels,MLB,"Caripito, Venezuela",,,,,,,65.0,203.0,5.916666666666667
Noe Ramirez,RP,R,R,30,6'3,205 lbs,Los Angeles Angels,MLB,"Los Angeles, CA",,,,,,,24.0,205.0,6.25
Hansel Robles,RP,R,R,30,6'0,220 lbs,Los Angeles Angels,MLB,"Bonao, Dominican Republic",,,,,,,57.0,220.0,6.0
Julio Teheran,SP,R,R,29,6'2,205 lbs,Los Angeles Angels,MLB,"Cartagena, Colombia",,,,,,,49.0,205.0,6.166666666666667
Anthony Bemboom,C,L,R,30,6'2,195 lbs,Los Angeles Angels,MLB,"Saint Cloud, MN",,,,,,,12.0,195.0,6.166666666666667
David Fletcher,3B,R,R,26,5'9,185 lbs,Los Angeles Angels,MLB,"Orange, CA",,,,,,,22.0,185.0,5.75
Albert Pujols,1B,R,R,40,6'3,235 lbs,Los Angeles Angels,MLB,"Santo Domingo, Dominican Republic",,,,,,,5.0,235.0,6.25
Anthony Rendon,3B,R,R,30,6'1,200 lbs,Los Angeles Angels,MLB,"Houston, TX",,,,,,,6.0,200.0,6.083333333333333
Luis Rengifo,2B,B,R,23,5'10,195 lbs,Los Angeles Angels,MLB,"Naguanagua, Venezuela",,,,,,,4.0,195.0,5.833333333333333
Andrelton Simmons,SS,R,R,30,6'2,195 lbs,Los Angeles Angels,MLB,"Mundo-Novo, Curacao",,,,,,,2.0,195.0,6.166666666666667
Jared Walsh,1B,L,L,27,6'0,210 lbs,Los Angeles Angels,MLB,"Duluth, GA",,,,,,,25.0,210.0,6.0
Jo Adell,CF,R,R,21,6'3,215 lbs,Los Angeles Angels,MLB,"Louisville, KY",,,,,,,59.0,215.0,6.25
Brian Goodwin,LF,L,R,29,6'0,200 lbs,Los Angeles Angels,MLB,"Rocky Mount, NC",,,,,,,18.0,200.0,6.0
Mike Trout,CF,R,R,29,6'2,235 lbs,Los Angeles Angels,MLB,"Vineland, NJ",,,,,,,27.0,235.0,6.166666666666667
Justin Upton,LF,R,R,33,6'1,215 lbs,Los Angeles Angels,MLB,"Norfolk, VA",,,,,,,10.0,215.0,6.083333333333333
Shohei Ohtani,DH,L,R,26,6'4,210 lbs,Los Angeles Angels,MLB,"Oshu, Japan",,,,,,,17.0,210.0,6.333333333333333
Chris Bassitt,SP,R,R,31,6'5,220 lbs,Oakland Athletics,MLB,"Toledo, OH",,,,,,,40.0,220.0,6.416666666666667
Jake Diekman,RP,L,L,33,6'4,200 lbs,Oakland Athletics,MLB,"Wymore, NE",,,,,,,35.0,200.0,6.333333333333333
Mike Fiers,SP,R,R,35,6'2,202 lbs,Oakland Athletics,MLB,"Hollywood, FL",,,,,,,50.0,202.0,6.166666666666667
Liam Hendriks,RP,R,R,31,6'0,225 lbs,Oakland Athletics,MLB,"Perth, WA",,,,,,,16.0,225.0,6.0
Jesus Luzardo,SP,L,L,22,6'0,209 lbs,Oakland Athletics,MLB,"Parkland, FL",,,,,,,44.0,209.0,6.0
Sean Manaea,SP,R,L,28,6'5,245 lbs,Oakland Athletics,MLB,"Valparaiso, IN",,,,,,,55.0,245.0,6.416666666666667
T.J. McFarland,RP,L,L,31,6'3,220 lbs,Oakland Athletics,MLB,"Palos Hills, IL",,,,,,,38.0,220.0,6.25
Daniel Mengden,SP,R,R,27,6'1,225 lbs,Oakland Athletics,MLB,"Houston, TX",,,,,,,33.0,225.0,6.083333333333333
Frankie Montas,SP,R,R,27,6'2,245 lbs,Oakland Athletics,MLB,"Sainagua, Dominican Republic",,,,,,,47.0,245.0,6.166666666666667
Yusmeiro Petit,RP,R,R,35,6'1,255 lbs,Oakland Athletics,MLB,"Maracaibo, Venezuela",,,,,,,36.0,255.0,6.083333333333333
Joakim Soria,RP,R,R,36,6'3,200 lbs,Oakland Athletics,MLB,"Monclova, Mexico",,,,,,,48.0,200.0,6.25
Lou Trivino,RP,R,R,28,6'5,240 lbs,Oakland Athletics,MLB,"Green Lane, PA",,,,,,,62.0,240.0,6.416666666666667
Jordan Weems,RP,L,R,27,6'3,175 lbs,Oakland Athletics,MLB,"Columbus, GA",,,,,,,70.0,175.0,6.25
J.B. Wendelken,RP,R,R,27,6'1,240 lbs,Oakland Athletics,MLB,"Savannah, GA",,,,,,,57.0,240.0,6.083333333333333
Jonah Heim,C,B,R,25,6'4,220 lbs,Oakland Athletics,MLB,"Amherst, NY",,,,,,,37.0,220.0,6.333333333333333
Sean Murphy,C,R,R,25,6'3,232 lbs,Oakland Athletics,MLB,"Peekskill, NY",,,,,,,12.0,232.0,6.25
Matt Chapman,3B,R,R,27,6'0,220 lbs,Oakland Athletics,MLB,"Victorville, CA",,,,,,,26.0,220.0,6.0
Tony Kemp,2B,L,R,28,5'6,165 lbs,Oakland Athletics,MLB,"Franklin, TN",,,,,,,5.0,165.0,5.5
Tommy La Stella,2B,L,R,31,5'11,180 lbs,Oakland Athletics,MLB,"Westwood, NJ",,,,,,,9.0,180.0,5.916666666666667
Matt Olson,1B,L,R,26,6'5,230 lbs,Oakland Athletics,MLB,"Atlanta, GA",,,,,,,28.0,230.0,6.416666666666667
Marcus Semien,SS,R,R,29,6'0,195 lbs,Oakland Athletics,MLB,"San Francisco, CA",,,,,,,10.0,195.0,6.0
Seth Brown,LF,L,L,28,6'3,220 lbs,Oakland Athletics,MLB,"Klamath Falls, OR",,,,,,,15.0,220.0,6.25
Mark Canha,CF,R,R,31,6'2,212 lbs,Oakland Athletics,MLB,"San Jose, CA",,,,,,,20.0,212.0,6.166666666666667
Robbie Grossman,LF,B,L,30,6'0,215 lbs,Oakland Athletics,MLB,"San Diego, CA",,,,,,,8.0,215.0,6.0
Ramon Laureano,RF,R,R,26,5'11,200 lbs,Oakland Athletics,MLB,"Santo Domingo, FL",,,,,,,22.0,200.0,5.916666666666667
Stephen Piscotty,RF,R,R,29,6'4,205 lbs,Oakland Athletics,MLB,"Pleasanton, CA",,,,,,,25.0,205.0,6.333333333333333
Khris Davis,DH,R,R,32,5'11,203 lbs,Oakland Athletics,MLB,"Lakewood, CA",,,,,,,2.0,203.0,5.916666666666667
Justin Dunn,SP,R,R,24,6'2,185 lbs,Seattle Mariners,MLB,"Freeport, NY",,,,,,,35.0,185.0,6.166666666666667
Aaron Fletcher,RP,L,L,24,6'1,220 lbs,Seattle Mariners,MLB,"Cypress, TX",,,,,,,81.0,220.0,6.083333333333333
Seth Frankoff,SP,R,R,32,6'5,210 lbs,Seattle Mariners,MLB,"Raleigh, NC",,,,,,,43.0,210.0,6.416666666666667
Joey Gerber,RP,R,R,23,6'4,215 lbs,Seattle Mariners,MLB,"Maple Grove, MN",,,,,,,59.0,215.0,6.333333333333333
Marco Gonzales,SP,L,L,28,6'1,195 lbs,Seattle Mariners,MLB,"Fort Collins, CO",,,,,,,7.0,195.0,6.083333333333333
Yoshihisa Hirano,RP,R,R,36,6'1,185 lbs,Seattle Mariners,MLB,"Kyoto, Japan",,,,,,,6.0,185.0,6.083333333333333
Yusei Kikuchi,SP,L,L,29,6'0,194 lbs,Seattle Mariners,MLB,"Iwate, Japan",,,,,,,18.0,194.0,6.0
Brady Lail,RP,R,R,27,6'2,205 lbs,Seattle Mariners,MLB,"South Jordan, UT",,,,,,,67.0,205.0,6.166666666666667
Nick Margevicius,SP,L,L,24,6'5,220 lbs,Seattle Mariners,MLB,"Cleveland, OH",,,,,,,52.0,220.0,6.416666666666667
Anthony Misiewicz,RP,R,L,25,6'1,190 lbs,Seattle Mariners,MLB,"Chesterfield, MI",,,,,,,38.0,190.0,6.083333333333333
Ljay Newsome,RP,R,R,24,5'11,210 lbs,Seattle Mariners,MLB,"La Plata, MD",,,,,,,74.0,210.0,5.916666666666667
Yohan Ramirez,RP,R,R,25,6'4,190 lbs,Seattle Mariners,MLB,"Villa Mella, Dominican Republic",,,,,,,55.0,190.0,6.333333333333333
Justus Sheffield,RP,L,L,24,6'0,200 lbs,Seattle Mariners,MLB,"Tullahoma, TN",,,,,,,33.0,200.0,6.0
Taylor Williams,RP,B,R,29,5'11,195 lbs,Seattle Mariners,MLB,"Vancouver, WA",,,,,,,47.0,195.0,5.916666666666667
Joe Hudson,C,R,R,29,6'0,205 lbs,Seattle Mariners,MLB,"Odessa, FL",,,,,,,57.0,205.0,6.0
Joseph Odom,C,R,R,28,6'2,205 lbs,Seattle Mariners,MLB,"Birmingham, AL",,,,,,,54.0,205.0,6.166666666666667
J.P. Crawford,SS,L,R,25,6'2,180 lbs,Seattle Mariners,MLB,"Long Beach, CA",,,,,,,3.0,180.0,6.166666666666667
Dee Gordon,2B,L,R,32,5'11,170 lbs,Seattle Mariners,MLB,"Windermere, FL",,,,,,,9.0,170.0,5.916666666666667
Sam Haggerty,2B,B,R,26,5'11,175 lbs,Seattle Mariners,MLB,"Phoenix, AZ",,,,,,,28.0,175.0,5.916666666666667
Shed Long Jr.,2B,L,R,25,5'8,184 lbs,Seattle Mariners,MLB,"Birmingham, AL",,,,,,,4.0,184.0,5.666666666666667
Tim Lopes,2B,R,R,26,5'11,180 lbs,Seattle Mariners,MLB,"Los Angeles, CA",,,,,,,10.0,180.0,5.916666666666667
Jose Marmolejos,1B,L,L,27,6'1,225 lbs,Seattle Mariners,MLB,"Santo Domingo, NJ",,,,,,,25.0,225.0,6.083333333333333
Kyle Seager,3B,L,R,32,6'0,210 lbs,Seattle Mariners,MLB,"Charlotte, NC",,,,,,,15.0,210.0,6.0
Evan White,1B,R,L,24,6'3,205 lbs,Seattle Mariners,MLB,"Columbus, OH",,,,,,,12.0,205.0,6.25
Jake Fraley,CF,L,L,25,6'0,195 lbs,Seattle Mariners,MLB,"Frederick, MD",,,,,,,8.0,195.0,6.0
Kyle Lewis,RF,R,R,25,6'4,210 lbs,Seattle Mariners,MLB,"Snellville, GA",,,,,,,1.0,210.0,6.333333333333333
Kolby Allard,RP,L,L,23,6'1,190 lbs,Texas Rangers,MLB,"San Clemente, CA",,,,,,,39.0,190.0,6.083333333333333
Wes Benjamin,RP,R,L,27,6'1,180 lbs,Texas Rangers,MLB,"Winfield, IL",,,,,,,75.0,180.0,6.083333333333333
Kyle Cody,SP,R,R,26,6'7,245 lbs,Texas Rangers,MLB,"Chippewa Falls, WI",,,,,,,73.0,245.0,6.583333333333333
Luis Garcia,RP,R,R,33,6'2,240 lbs,Texas Rangers,MLB,"Santo Domingo, Dominican Republic",,,,,,,45.0,240.0,6.166666666666667
Kyle Gibson,SP,R,R,32,6'6,215 lbs,Texas Rangers,MLB,"Greenfield, IN",,,,,,,44.0,215.0,6.5
Nick Goody,RP,R,R,29,5'11,200 lbs,Texas Rangers,MLB,"Orlando, FL",,,,,,,41.0,200.0,5.916666666666667
Taylor Hearn,SP,L,L,26,6'5,210 lbs,Texas Rangers,MLB,"Rose City, TX",,,,,,,52.0,210.0,6.416666666666667
Jimmy Herget,RP,R,R,26,6'3,170 lbs,Texas Rangers,MLB,"Tampa, FL",,,,,,,64.0,170.0,6.25
Jonathan Hernandez,RP,R,R,24,6'2,175 lbs,Texas Rangers,MLB,"Memphis, TN",,,,,,,72.0,175.0,6.166666666666667
Jordan Lyles,SP,R,R,29,6'5,230 lbs,Texas Rangers,MLB,"Hartsville, SC",,,,,,,24.0,230.0,6.416666666666667
Lance Lynn,SP,B,R,33,6'5,280 lbs,Texas Rangers,MLB,"Marion, IN",,,,,,,35.0,280.0,6.416666666666667
Mike Minor,SP,R,L,32,6'4,210 lbs,Texas Rangers,MLB,"Chapel Hill, TN",,,,,,,23.0,210.0,6.333333333333333
Rafael Montero,RP,R,R,29,6'0,185 lbs,Texas Rangers,MLB,"Higuerito, Dominican Republic",,,,,,,48.0,185.0,6.0
Joely Rodriguez,RP,L,L,28,6'1,200 lbs,Texas Rangers,MLB,"Santo Domingo, Dominican Republic",,,,,,,57.0,200.0,6.083333333333333
Robinson Chirinos,C,R,R,36,6'1,210 lbs,Texas Rangers,MLB,"Punto Fijo, Venezuela",,,,,,,61.0,210.0,6.083333333333333
Jeff Mathis,C,R,R,37,6'0,205 lbs,Texas Rangers,MLB,"Marianna, FL",,,,,,,2.0,205.0,6.0
Jose Trevino,C,R,R,27,5'11,211 lbs,Texas Rangers,MLB,"Corpus Christi, TX",,,,,,,56.0,211.0,5.916666666666667
Derek Dietrich,2B,L,R,31,6'2,205 lbs,Texas Rangers,MLB,"Cleveland, OH",,,,,,,32.0,205.0,6.166666666666667
Todd Frazier,3B,R,R,34,6'3,220 lbs,Texas Rangers,MLB,"Point Pleasant, NJ",,,,,,,21.0,220.0,6.25
Ronald Guzman,1B,L,L,25,6'5,225 lbs,Texas Rangers,MLB,"La Vega, Dominican Republic",,,,,,,11.0,225.0,6.416666666666667
Scott Heineman,1B,R,R,27,6'1,215 lbs,Texas Rangers,MLB,"Pacific Palisades, CA",,,,,,,16.0,215.0,6.083333333333333
Isiah Kiner-Falefa,3B,R,R,25,5'10,176 lbs,Texas Rangers,MLB,"Honolulu, HI",,,,,,,9.0,176.0,5.833333333333333
Rougned Odor,2B,L,R,26,5'11,195 lbs,Texas Rangers,MLB,"Maracaibo, Venezuela",,,,,,,12.0,195.0,5.916666666666667
Yadiel Rivera,3B,R,R,28,6'3,185 lbs,Texas Rangers,MLB,"Caguas, Puerto Rico",,,,,,,33.0,185.0,6.25
Nick Solak,2B,R,R,25,5'11,190 lbs,Texas Rangers,MLB,"Woodridge, IL",,,,,,,15.0,190.0,5.916666666666667
Shin-Soo Choo,LF,L,L,38,5'11,210 lbs,Texas Rangers,MLB,"Busan, South Korea",,,,,,,17.0,210.0,5.916666666666667
Joey Gallo,CF,L,R,26,6'5,235 lbs,Texas Rangers,MLB,"Henderson, NV",,,,,,,13.0,235.0,6.416666666666667
Leody Taveras,CF,B,R,21,6'1,171 lbs,Texas Rangers,MLB,"Tenares, Dominican Republic",,,,,,,78.0,171.0,6.083333333333333
Tyler Chatwood,RP,R,R,30,6'0,185 lbs,Chicago Cubs,MLB,"Redlands, CA",,,,,,,32.0,185.0,6.0
Yu Darvish,SP,R,R,34,6'5,220 lbs,Chicago Cubs,MLB,"Osaka, Japan",,,,,,,11.0,220.0,6.416666666666667
Kyle Hendricks,SP,R,R,30,6'3,190 lbs,Chicago Cubs,MLB,"Newport Beach, CA",,,,,,,28.0,190.0,6.25
Jeremy Jeffress,RP,R,R,32,6'0,205 lbs,Chicago Cubs,MLB,"South Boston, VA",,,,,,,24.0,205.0,6.0
Craig Kimbrel,RP,R,R,32,6'0,210 lbs,Chicago Cubs,MLB,"Huntsville, AL",,,,,,,46.0,210.0,6.0
Jon Lester,SP,L,L,36,6'4,240 lbs,Chicago Cubs,MLB,"Tacoma, WA",,,,,,,34.0,240.0,6.333333333333333
Alec Mills,SP,R,R,28,6'4,190 lbs,Chicago Cubs,MLB,"Clarksville, TN",,,,,,,30.0,190.0,6.333333333333333
Jose Quintana,SP,R,L,31,6'1,220 lbs,Chicago Cubs,MLB,"Arjona, Colombia",,,,,,,62.0,220.0,6.083333333333333
Colin Rea,SP,R,R,30,6'5,225 lbs,Chicago Cubs,MLB,"Cascade, IA",,,,,,,20.0,225.0,6.416666666666667
Kyle Ryan,RP,L,L,28,6'5,215 lbs,Chicago Cubs,MLB,"Auburndale, FL",,,,,,,56.0,215.0,6.416666666666667
Casey Sadler,RP,R,R,30,6'3,205 lbs,Chicago Cubs,MLB,"Stillwater, OK",,,,,,,65.0,205.0,6.25
Ryan Tepera,RP,R,R,32,6'1,195 lbs,Chicago Cubs,MLB,"Houston, TX",,,,,,,52.0,195.0,6.083333333333333
Duane Underwood Jr.,RP,R,R,26,6'2,210 lbs,Chicago Cubs,MLB,"Raleigh, NC",,,,,,,51.0,210.0,6.166666666666667
Rowan Wick,RP,L,R,27,6'3,235 lbs,Chicago Cubs,MLB,"North Vancouver, BC",,,,,,,50.0,235.0,6.25
Dan Winkler,RP,R,R,30,6'3,205 lbs,Chicago Cubs,MLB,"Effingham, IL",,,,,,,43.0,205.0,6.25
Victor Caratini,C,B,R,27,6'1,215 lbs,Chicago Cubs,MLB,"Coamo, Puerto Rico",,,,,,,7.0,215.0,6.083333333333333
Willson Contreras,C,R,R,28,6'1,210 lbs,Chicago Cubs,MLB,"Puerto Cabello, Venezuela",,,,,,,40.0,210.0,6.083333333333333
Josh Phegley,C,R,R,32,5'10,225 lbs,Chicago Cubs,MLB,"Terre Haute, IN",,,,,,,4.0,225.0,5.833333333333333
Javier Baez,SS,R,R,27,6'0,190 lbs,Chicago Cubs,MLB,"Bayamon, Puerto Rico",,,,,,,9.0,190.0,6.0
David Bote,3B,R,R,27,6'1,210 lbs,Chicago Cubs,MLB,"Longmont, CO",,,,,,,13.0,210.0,6.083333333333333
Nico Hoerner,SS,R,R,23,5'11,200 lbs,Chicago Cubs,MLB,"Oakland, CA",,,,,,,2.0,200.0,5.916666666666667
Jason Kipnis,2B,L,R,33,5'11,200 lbs,Chicago Cubs,MLB,"Northbrook, IL",,,,,,,27.0,200.0,5.916666666666667
Hernan Perez,2B,R,R,29,6'1,215 lbs,Chicago Cubs,MLB,"Villa de Cura, Venezuela",,,,,,,41.0,215.0,6.083333333333333
Anthony Rizzo,1B,L,L,31,6'3,240 lbs,Chicago Cubs,MLB,"Fort Lauderdale, FL",,,,,,,44.0,240.0,6.25
Albert Almora Jr.,CF,R,R,26,6'2,190 lbs,Chicago Cubs,MLB,"Hialeah, FL",,,,,,,5.0,190.0,6.166666666666667
Ian Happ,CF,B,R,26,6'0,205 lbs,Chicago Cubs,MLB,"Pittsburgh, PA",,,,,,,8.0,205.0,6.0
Jason Heyward,RF,L,L,31,6'5,240 lbs,Chicago Cubs,MLB,"Ridgewood, NJ",,,,,,,22.0,240.0,6.416666666666667
Kyle Schwarber,LF,L,R,27,6'0,235 lbs,Chicago Cubs,MLB,"Middletown, OH",,,,,,,12.0,235.0,6.0
Tejay Antone,SP,R,R,26,6'4,205 lbs,Cincinnati Reds,MLB,"Mansfield, TX",,,,,,,70.0,205.0,6.333333333333333
Trevor Bauer,SP,R,R,29,6'1,205 lbs,Cincinnati Reds,MLB,"North Hollywood, CA",,,,,,,27.0,205.0,6.083333333333333
Jesse Biddle,RP,L,L,28,6'5,220 lbs,Cincinnati Reds,MLB,"Philadelphia, PA",,,,,,,80.0,220.0,6.416666666666667
Luis Castillo,SP,R,R,27,6'2,190 lbs,Cincinnati Reds,MLB,"Bani, Dominican Republic",,,,,,,58.0,190.0,6.166666666666667
Jose De Leon,RP,R,R,28,6'2,190 lbs,Cincinnati Reds,MLB,"Isabela, Puerto Rico",,,,,,,87.0,190.0,6.166666666666667
Anthony DeSclafani,SP,R,R,30,6'1,195 lbs,Cincinnati Reds,MLB,"Freehold, NJ",,,,,,,28.0,195.0,6.083333333333333
Amir Garrett,RP,R,L,28,6'5,228 lbs,Cincinnati Reds,MLB,"Victorville, CA",,,,,,,50.0,228.0,6.416666666666667
Sonny Gray,SP,R,R,30,5'10,192 lbs,Cincinnati Reds,MLB,"Nashville, TN",,,,,,,54.0,192.0,5.833333333333333
Raisel Iglesias,RP,R,R,30,6'2,188 lbs,Cincinnati Reds,MLB,"Isla de la Juventud, Cuba",,,,,,,26.0,188.0,6.166666666666667
Nate Jones,RP,R,R,34,6'5,220 lbs,Cincinnati Reds,MLB,"Butler, KY",,,,,,,57.0,220.0,6.416666666666667
Joel Kuhnel,RP,R,R,25,6'5,260 lbs,Cincinnati Reds,MLB,"Goldsboro, NC",,,,,,,66.0,260.0,6.416666666666667
Michael Lorenzen,RP,R,R,28,6'3,217 lbs,Cincinnati Reds,MLB,"Anaheim, CA",,,,,,,21.0,217.0,6.25
Tyler Mahle,SP,R,R,25,6'3,210 lbs,Cincinnati Reds,MLB,"Newport Beach, CA",,,,,,,30.0,210.0,6.25
Lucas Sims,SP,R,R,26,6'2,225 lbs,Cincinnati Reds,MLB,"Lawrenceville, GA",,,,,,,39.0,225.0,6.166666666666667
Robert Stephenson,RP,R,R,27,6'3,215 lbs,Cincinnati Reds,MLB,"Martinez, CA",,,,,,,55.0,215.0,6.25
Tyler Thornburg,RP,R,R,31,5'11,190 lbs,Cincinnati Reds,MLB,"Houston, TX",,,,,,,48.0,190.0,5.916666666666667
Tucker Barnhart,C,L,R,29,5'11,192 lbs,Cincinnati Reds,MLB,"Indianapolis, IN",,,,,,,16.0,192.0,5.916666666666667
Curt Casali,C,R,R,31,6'2,225 lbs,Cincinnati Reds,MLB,"Walnut Creek, CA",,,,,,,12.0,225.0,6.166666666666667
Matt Davidson,1B,R,R,29,6'3,230 lbs,Cincinnati Reds,MLB,"Yucaipa, CA",,,,,,,64.0,230.0,6.25
Kyle Farmer,2B,R,R,30,6'0,214 lbs,Cincinnati Reds,MLB,"Atlanta, GA",,,,,,,52.0,214.0,6.0
Freddy Galvis,SS,B,R,30,5'10,185 lbs,Cincinnati Reds,MLB,"Punto Fijo, Venezuela",,,,,,,3.0,185.0,5.833333333333333
Jose Garcia,SS,R,R,22,6'2,175 lbs,Cincinnati Reds,MLB,"Havana, Cuba",,,,,,,38.0,175.0,6.166666666666667
Mike Moustakas,2B,L,R,31,6'0,225 lbs,Cincinnati Reds,MLB,"Los Angeles, CA",,,,,,,9.0,225.0,6.0
Eugenio Suarez,3B,R,R,29,5'11,213 lbs,Cincinnati Reds,MLB,"Puerto Ordaz, Venezuela",,,,,,,7.0,213.0,5.916666666666667
Joey Votto,1B,L,R,36,6'2,220 lbs,Cincinnati Reds,MLB,"Toronto, ON",,,,,,,19.0,220.0,6.166666666666667
Shogo Akiyama,CF,L,R,32,6'0,190 lbs,Cincinnati Reds,MLB,"Yokosuka, Japan",,,,,,,4.0,190.0,6.0
Nicholas Castellanos,RF,R,R,28,6'4,203 lbs,Cincinnati Reds,MLB,"Davie, FL",,,,,,,2.0,203.0,6.333333333333333
Mark Payton,CF,L,L,28,5'8,190 lbs,Cincinnati Reds,MLB,"Orland Park, IL",,,,,,,34.0,190.0,5.666666666666667
Jesse Winker,LF,L,L,27,6'3,215 lbs,Cincinnati Reds,MLB,"Buffalo, NY",,,,,,,33.0,215.0,6.25
Brett Anderson,SP,L,L,32,6'4,230 lbs,Milwaukee Brewers,MLB,"Midland, TX",,,,,,,25.0,230.0,6.333333333333333
Corbin Burnes,RP,R,R,25,6'3,205 lbs,Milwaukee Brewers,MLB,"Bakersfield, CA",,,,,,,39.0,205.0,6.25
Alex Claudio,RP,L,L,28,6'3,180 lbs,Milwaukee Brewers,MLB,"San Juan, Puerto Rico",,,,,,,58.0,180.0,6.25
J.P. Feyereisen,RP,R,R,27,6'2,215 lbs,Milwaukee Brewers,MLB,"River Falls, WI",,,,,,,54.0,215.0,6.166666666666667
Josh Hader,RP,L,L,26,6'3,185 lbs,Milwaukee Brewers,MLB,"Millersville, MD",,,,,,,71.0,185.0,6.25
Adrian Houser,SP,R,R,27,6'4,235 lbs,Milwaukee Brewers,MLB,"Tahlequah, OK",,,,,,,37.0,235.0,6.333333333333333
Josh Lindblom,SP,R,R,33,6'4,240 lbs,Milwaukee Brewers,MLB,"Lafayette, IN",,,,,,,29.0,240.0,6.333333333333333
Freddy Peralta,RP,R,R,24,5'11,175 lbs,Milwaukee Brewers,MLB,"Moca, Dominican Republic",,,,,,,51.0,175.0,5.916666666666667
David Phelps,RP,R,R,33,6'3,200 lbs,Milwaukee Brewers,MLB,"St. Louis, MO",,,,,,,41.0,200.0,6.25
Drew Rasmussen,RP,R,R,25,6'1,225 lbs,Milwaukee Brewers,MLB,"Spokane, WA",,,,,,,73.0,225.0,6.083333333333333
Brent Suter,RP,L,L,31,6'5,195 lbs,Milwaukee Brewers,MLB,"Chicago, IL",,,,,,,35.0,195.0,6.416666666666667
Devin Williams,RP,R,R,25,6'3,165 lbs,Milwaukee Brewers,MLB,"Florissant, MO",,,,,,,38.0,165.0,6.25
Brandon Woodruff,SP,L,R,27,6'4,215 lbs,Milwaukee Brewers,MLB,"Tupelo, MS",,,,,,,53.0,215.0,6.333333333333333
Eric Yardley,RP,R,R,30,6'0,165 lbs,Milwaukee Brewers,MLB,"Richland, WA",,,,,,,57.0,165.0,6.0
Omar Narvaez,C,L,R,28,5'11,220 lbs,Milwaukee Brewers,MLB,"Maracay, Venezuela",,,,,,,10.0,220.0,5.916666666666667
Jacob Nottingham,C,R,R,25,6'2,230 lbs,Milwaukee Brewers,MLB,"Redlands, CA",,,,,,,26.0,230.0,6.166666666666667
Orlando Arcia,SS,R,R,26,6'0,165 lbs,Milwaukee Brewers,MLB,"Anaco, Venezuela",,,,,,,3.0,165.0,6.0
Jedd Gyorko,3B,R,R,31,5'10,215 lbs,Milwaukee Brewers,MLB,"Morgantown, WV",,,,,,,5.0,215.0,5.833333333333333
Keston Hiura,2B,R,R,24,5'11,190 lbs,Milwaukee Brewers,MLB,"Valencia, CA",,,,,,,18.0,190.0,5.916666666666667
Mark Mathias,2B,R,R,26,6'1,185 lbs,Milwaukee Brewers,MLB,"Santa Clara, CA",,,,,,,13.0,185.0,6.083333333333333
Jace Peterson,2B,L,R,30,6'0,210 lbs,Milwaukee Brewers,MLB,"Lake Charles, LA",,,,,,,14.0,210.0,6.0
Justin Smoak,1B,B,L,33,6'4,220 lbs,Milwaukee Brewers,MLB,"Goose Creek, SC",,,,,,,12.0,220.0,6.333333333333333
Eric Sogard,2B,L,R,34,5'10,185 lbs,Milwaukee Brewers,MLB,"Phoenix, AZ",,,,,,,7.0,185.0,5.833333333333333
Luis Urias,2B,R,R,23,5'9,185 lbs,Milwaukee Brewers,MLB,"Sonora, Mexico",,,,,,,2.0,185.0,5.75
Ryan Braun,LF,R,R,36,6'2,205 lbs,Milwaukee Brewers,MLB,"Mission Hills, CA",,,,,,,8.0,205.0,6.166666666666667
Ben Gamel,RF,L,L,28,5'11,185 lbs,Milwaukee Brewers,MLB,"Neptune Beach, FL",,,,,,,16.0,185.0,5.916666666666667
Avisail Garcia,RF,R,R,29,6'4,250 lbs,Milwaukee Brewers,MLB,"Anaco, Venezuela",,,,,,,24.0,250.0,6.333333333333333
Christian Yelich,RF,L,R,28,6'3,195 lbs,Milwaukee Brewers,MLB,"Thousand Oaks, CA",,,,,,,22.0,195.0,6.25
Tyler Bashlor,RP,R,R,27,6'0,197 lbs,Pittsburgh Pirates,MLB,"Springfield, GA",,,,,,,67.0,197.0,6.0
Steven Brault,RP,L,L,28,6'0,195 lbs,Pittsburgh Pirates,MLB,"La Mesa, CA",,,,,,,43.0,195.0,6.0
JT Brubaker,SP,R,R,26,6'3,185 lbs,Pittsburgh Pirates,MLB,"Springfield, OH",,,,,,,65.0,185.0,6.25
Kyle Crick,RP,L,R,27,6'4,220 lbs,Pittsburgh Pirates,MLB,"Fort Worth, TX",,,,,,,30.0,220.0,6.333333333333333
Carson Fulmer,SP,R,R,26,6'0,215 lbs,Pittsburgh Pirates,MLB,"Lakeland, FL",,,,,,,60.0,215.0,6.0
Geoff Hartlieb,RP,R,R,26,6'6,210 lbs,Pittsburgh Pirates,MLB,"Highland, IL",,,,,,,32.0,210.0,6.5
Derek Holland,RP,B,L,33,6'2,213 lbs,Pittsburgh Pirates,MLB,"Newark, OH",,,,,,,45.0,213.0,6.166666666666667
Sam Howard,RP,R,L,27,6'3,170 lbs,Pittsburgh Pirates,MLB,"Cartersville, GA",,,,,,,54.0,170.0,6.25
Chad Kuhl,SP,R,R,27,6'3,215 lbs,Pittsburgh Pirates,MLB,"Newark, DE",,,,,,,39.0,215.0,6.25
Dovydas Neverauskas,RP,R,R,27,6'3,220 lbs,Pittsburgh Pirates,MLB,"Vilnius, Lithuania",,,,,,,66.0,220.0,6.25
Richard Rodriguez,RP,R,R,30,6'4,218 lbs,Pittsburgh Pirates,MLB,"Santiago, Dominican Republic",,,,,,,48.0,218.0,6.333333333333333
Chris Stratton,RP,R,R,30,6'2,211 lbs,Pittsburgh Pirates,MLB,"Tupelo, MS",,,,,,,46.0,211.0,6.166666666666667
Nick Tropeano,SP,R,R,30,6'4,205 lbs,Pittsburgh Pirates,MLB,"West Islip, NY",,,,,,,35.0,205.0,6.333333333333333
Nik Turley,RP,L,L,30,6'4,195 lbs,Pittsburgh Pirates,MLB,"La Canada, CA",,,,,,,71.0,195.0,6.333333333333333
Brandon Waddell,SP,L,L,26,6'3,180 lbs,Pittsburgh Pirates,MLB,"Houston, TX",,,,,,,68.0,180.0,6.25
Trevor Williams,SP,R,R,28,6'3,230 lbs,Pittsburgh Pirates,MLB,"San Diego, CA",,,,,,,34.0,230.0,6.25
John Ryan Murphy,C,R,R,29,5'11,205 lbs,Pittsburgh Pirates,MLB,"Bradenton, FL",,,,,,,18.0,205.0,5.916666666666667
Jacob Stallings,C,R,R,30,6'4,220 lbs,Pittsburgh Pirates,MLB,"Lawrence, KS",,,,,,,58.0,220.0,6.333333333333333
Josh Bell,1B,B,R,28,6'4,250 lbs,Pittsburgh Pirates,MLB,"Irving, TX",,,,,,,55.0,250.0,6.333333333333333
Will Craig,1B,R,R,25,6'3,220 lbs,Pittsburgh Pirates,MLB,"Johnson City, TN",,,,,,,31.0,220.0,6.25
Adam Frazier,2B,L,R,28,5'10,185 lbs,Pittsburgh Pirates,MLB,"Athens, GA",,,,,,,26.0,185.0,5.833333333333333
Erik Gonzalez,2B,R,R,29,6'3,205 lbs,Pittsburgh Pirates,MLB,"Puerto Plata, Dominican Republic",,,,,,,2.0,205.0,6.25
Kevin Newman,SS,R,R,27,6'0,200 lbs,Pittsburgh Pirates,MLB,"Poway, CA",,,,,,,27.0,200.0,6.0
Jose Osuna,3B,R,R,27,6'2,240 lbs,Pittsburgh Pirates,MLB,"Trujillo, Venezuela",,,,,,,36.0,240.0,6.166666666666667
JT Riddle,SS,L,R,28,6'1,180 lbs,Pittsburgh Pirates,MLB,"Frankfort, KY",,,,,,,15.0,180.0,6.083333333333333
Cole Tucker,SS,B,R,24,6'3,185 lbs,Pittsburgh Pirates,MLB,"Phoenix, AZ",,,,,,,3.0,185.0,6.25
Jason Martin,CF,L,R,24,5'10,175 lbs,Pittsburgh Pirates,MLB,"Corona, CA",,,,,,,51.0,175.0,5.833333333333333
Gregory Polanco,RF,L,L,28,6'5,235 lbs,Pittsburgh Pirates,MLB,"Santo Domingo, Dominican Republic",,,,,,,25.0,235.0,6.416666666666667
Genesis Cabrera,RP,L,L,23,6'2,190 lbs,St. Louis Cardinals,MLB,"Santo Domingo, Dominican Republic",,,,,,,92.0,190.0,6.166666666666667
Seth Elledge,RP,R,R,24,6'3,240 lbs,St. Louis Cardinals,MLB,"Frisco, TX",,,,,,,61.0,240.0,6.25
Jack Flaherty,SP,R,R,24,6'4,205 lbs,St. Louis Cardinals,MLB,"Burbank, CA",,,,,,,22.0,205.0,6.333333333333333
Giovanny Gallegos,RP,R,R,29,6'2,210 lbs,St. Louis Cardinals,MLB,"Obregon, Mexico",,,,,,,65.0,210.0,6.166666666666667
John Gant,RP,R,R,28,6'3,200 lbs,St. Louis Cardinals,MLB,"Savannah, GA",,,,,,,53.0,200.0,6.25
Austin Gomber,RP,L,L,26,6'5,230 lbs,St. Louis Cardinals,MLB,"Winter Garden, FL",,,,,,,36.0,230.0,6.416666666666667
Dakota Hudson,SP,R,R,25,6'5,215 lbs,St. Louis Cardinals,MLB,"Chattanooga, TN",,,,,,,43.0,215.0,6.416666666666667
Rob Kaminsky,RP,R,L,25,5'11,200 lbs,St. Louis Cardinals,MLB,"Englewood Cliffs, NJ",,,,,,,67.0,200.0,5.916666666666667
Kwang-Hyun Kim,SP,L,L,32,6'2,185 lbs,St. Louis Cardinals,MLB,"Ansan, South Korea",,,,,,,33.0,185.0,6.166666666666667
Ryan Meisinger,RP,R,R,26,6'4,215 lbs,St. Louis Cardinals,MLB,"Dunkirk, MD",,,,,,,74.0,215.0,6.333333333333333
Johan Oviedo,SP,R,R,22,6'6,210 lbs,St. Louis Cardinals,MLB,"Havana, Cuba",,,,,,,87.0,210.0,6.5
Alex Reyes,RP,R,R,26,6'3,175 lbs,St. Louis Cardinals,MLB,"Elizabeth, NJ",,,,,,,29.0,175.0,6.25
Adam Wainwright,SP,R,R,39,6'7,235 lbs,St. Louis Cardinals,MLB,"Brunswick, GA",,,,,,,50.0,235.0,6.583333333333333
Tyler Webb,RP,L,L,30,6'5,230 lbs,St. Louis Cardinals,MLB,"Nassawadox, VA",,,,,,,30.0,230.0,6.416666666666667
Jake Woodford,SP,R,R,23,6'4,220 lbs,St. Louis Cardinals,MLB,"Tampa, FL",,,,,,,40.0,220.0,6.333333333333333
Andrew Knizner,C,R,R,25,6'1,200 lbs,St. Louis Cardinals,MLB,"Glen Allen, VA",,,,,,,7.0,200.0,6.083333333333333
Yadier Molina,C,R,R,38,5'11,205 lbs,St. Louis Cardinals,MLB,"Bayamon, Puerto Rico",,,,,,,4.0,205.0,5.916666666666667
Matt Carpenter,3B,L,R,34,6'3,205 lbs,St. Louis Cardinals,MLB,"Galveston, TX",,,,,,,13.0,205.0,6.25
Paul DeJong,SS,R,R,27,6'0,200 lbs,St. Louis Cardinals,MLB,"Orlando, FL",,,,,,,11.0,200.0,6.0
Tommy Edman,SS,B,R,25,5'10,180 lbs,St. Louis Cardinals,MLB,"San Diego, CA",,,,,,,19.0,180.0,5.833333333333333
Paul Goldschmidt,1B,R,R,32,6'3,225 lbs,St. Louis Cardinals,MLB,"Wilmington, DE",,,,,,,46.0,225.0,6.25
Brad Miller,3B,L,R,30,6'2,215 lbs,St. Louis Cardinals,MLB,"Orlando, FL",,,,,,,15.0,215.0,6.166666666666667
John Nogowski,1B,R,L,27,6'2,210 lbs,St. Louis Cardinals,MLB,"Tallahassee, FL",,,,,,,34.0,210.0,6.166666666666667
Kolten Wong,2B,L,R,29,5'9,185 lbs,St. Louis Cardinals,MLB,"Hilo, HI",,,,,,,16.0,185.0,5.75
Harrison Bader,CF,R,R,26,6'0,195 lbs,St. Louis Cardinals,MLB,"Bronxville, NY",,,,,,,48.0,195.0,6.0
Dylan Carlson,RF,B,L,21,6'3,205 lbs,St. Louis Cardinals,MLB,"Elk Grove, CA",,,,,,,3.0,205.0,6.25
Dexter Fowler,CF,B,R,34,6'5,195 lbs,St. Louis Cardinals,MLB,"Atlanta, GA",,,,,,,25.0,195.0,6.416666666666667
Tyler O'Neill,LF,R,R,25,5'11,210 lbs,St. Louis Cardinals,MLB,"Burnaby, BC",,,,,,,41.0,210.0,5.916666666666667
Ian Anderson,SP,R,R,22,6'3,170 lbs,Atlanta Braves,MLB,"Clifton Park, NY",,,,,,,48.0,170.0,6.25
Grant Dayton,RP,L,L,32,6'2,210 lbs,Atlanta Braves,MLB,"Huntsville, AL",,,,,,,75.0,210.0,6.166666666666667
Robbie Erlin,RP,R,L,29,6'0,190 lbs,Atlanta Braves,MLB,"Oakland, CA",,,,,,,49.0,190.0,6.0
Max Fried,SP,L,L,26,6'4,190 lbs,Atlanta Braves,MLB,"Santa Monica, CA",,,,,,,54.0,190.0,6.333333333333333
Shane Greene,RP,R,R,31,6'4,197 lbs,Atlanta Braves,MLB,"Clermont, FL",,,,,,,19.0,197.0,6.333333333333333
Luke Jackson,RP,R,R,29,6'2,210 lbs,Atlanta Braves,MLB,"Fort Lauderdale, FL",,,,,,,77.0,210.0,6.166666666666667
Chris Martin,RP,R,R,34,6'8,215 lbs,Atlanta Braves,MLB,"Arlington, TX",,,,,,,55.0,215.0,6.666666666666667
Tyler Matzek,RP,L,L,29,6'3,230 lbs,Atlanta Braves,MLB,"Mission Viejo, CA",,,,,,,68.0,230.0,6.25
Mark Melancon,RP,R,R,35,6'2,215 lbs,Atlanta Braves,MLB,"Wheat Ridge, CO",,,,,,,36.0,215.0,6.166666666666667
Tommy Milone,SP,L,L,33,6'0,215 lbs,Atlanta Braves,MLB,"Saugus, CA",,,,,,,53.0,215.0,6.0
A.J. Minter,RP,L,L,26,6'0,215 lbs,Atlanta Braves,MLB,"Tyler, TX",,,,,,,33.0,215.0,6.0
Darren O'Day,RP,R,R,37,6'4,220 lbs,Atlanta Braves,MLB,"Smyrna, GA",,,,,,,56.0,220.0,6.333333333333333
Will Smith,RP,R,L,31,6'5,248 lbs,Atlanta Braves,MLB,"Newnan, GA",,,,,,,51.0,248.0,6.416666666666667
Josh Tomlin,RP,R,R,35,6'1,190 lbs,Atlanta Braves,MLB,"Tyler, TX",,,,,,,38.0,190.0,6.083333333333333
Huascar Ynoa,RP,R,R,22,6'3,175 lbs,Atlanta Braves,MLB,"Puerto Plata, Dominican Republic",,,,,,,73.0,175.0,6.25
Tyler Flowers,C,R,R,34,6'4,260 lbs,Atlanta Braves,MLB,"Roswell, GA",,,,,,,25.0,260.0,6.333333333333333
Travis d'Arnaud,C,R,R,31,6'2,210 lbs,Atlanta Braves,MLB,"Long Beach, CA",,,,,,,16.0,210.0,6.166666666666667
Johan Camargo,3B,B,R,26,6'0,195 lbs,Atlanta Braves,MLB,"Panama City, Panama",,,,,,,17.0,195.0,6.0
Freddie Freeman,1B,L,R,30,6'5,220 lbs,Atlanta Braves,MLB,"Fountain Valley, CA",,,,,,,5.0,220.0,6.416666666666667
Adeiny Hechavarria,2B,R,R,31,6'0,195 lbs,Atlanta Braves,MLB,"Santiago de Cuba, Cuba",,,,,,,24.0,195.0,6.0
Dansby Swanson,SS,R,R,26,6'1,190 lbs,Atlanta Braves,MLB,"Kennesaw, GA",,,,,,,7.0,190.0,6.083333333333333
Ronald Acuna Jr.,CF,R,R,22,6'0,180 lbs,Atlanta Braves,MLB,"La Guaira, Venezuela",,,,,,,13.0,180.0,6.0
Charlie Culberson,LF,R,R,31,6'0,200 lbs,Atlanta Braves,MLB,"Rome, GA",,,,,,,8.0,200.0,6.0
Adam Duvall,LF,R,R,31,6'1,215 lbs,Atlanta Braves,MLB,"Louisville, KY",,,,,,,23.0,215.0,6.083333333333333
Ender Inciarte,CF,L,L,29,5'11,190 lbs,Atlanta Braves,MLB,"Maracaibo, Venezuela",,,,,,,11.0,190.0,5.916666666666667
Nick Markakis,LF,L,L,36,6'1,210 lbs,Atlanta Braves,MLB,"Glen Cove, NY",,,,,,,22.0,210.0,6.083333333333333
Marcell Ozuna,LF,R,R,29,6'1,225 lbs,Atlanta Braves,MLB,"Santo Domingo, Dominican Republic",,,,,,,20.0,225.0,6.083333333333333
Austin Riley,LF,R,R,23,6'3,220 lbs,Atlanta Braves,MLB,"Memphis, TN",,,,,,,27.0,220.0,6.25
Sandy Alcantara,SP,R,R,24,6'4,170 lbs,Miami Marlins,MLB,"Azua Province, Dominican Republic",,,,,,,22.0,170.0,6.333333333333333
Richard Bleier,RP,L,L,33,6'3,215 lbs,Miami Marlins,MLB,"Davie, FL",,,,,,,48.0,215.0,6.25
Brad Boxberger,RP,R,R,32,6'2,205 lbs,Miami Marlins,MLB,"Fullerton, CA",,,,,,,33.0,205.0,6.166666666666667
Robert Dugger,RP,R,R,25,6'2,180 lbs,Miami Marlins,MLB,"Tucson, AZ",,,,,,,64.0,180.0,6.166666666666667
Yimi Garcia,RP,R,R,30,6'0,225 lbs,Miami Marlins,MLB,"Moca, Dominican Republic",,,,,,,93.0,225.0,6.0
Elieser Hernandez,SP,R,R,25,6'0,210 lbs,Miami Marlins,MLB,"Ocumare del Tuy, Venezuela",,,,,,,57.0,210.0,6.0
James Hoyt,RP,R,R,33,6'6,230 lbs,Miami Marlins,MLB,"Boise, ID",,,,,,,39.0,230.0,6.5
Brandon Kintzler,RP,R,R,36,6'0,194 lbs,Miami Marlins,MLB,"Las Vegas, NV",,,,,,,27.0,194.0,6.0
Brandon Leibrandt,RP,L,L,27,6'4,205 lbs,Miami Marlins,MLB,"Alpharetta, GA",,,,,,,86.0,205.0,6.333333333333333
Pablo Lopez,SP,L,R,24,6'3,200 lbs,Miami Marlins,MLB,"Cabimas, Venezuela",,,,,,,49.0,200.0,6.25
Trevor Rogers,SP,L,L,22,6'6,185 lbs,Miami Marlins,MLB,"Carlsbad, NM",,,,,,,95.0,185.0,6.5
Sixto Sanchez,SP,R,R,22,6'0,185 lbs,Miami Marlins,MLB,"San Cristobal, Dominican Republic",,,,,,,73.0,185.0,6.0
Josh A. A. Smith,RP,R,R,33,6'2,220 lbs,Miami Marlins,MLB,"Margate, FL",,,,,,,58.0,220.0,6.166666666666667
Alex Vesia,RP,L,L,24,6'2,195 lbs,Miami Marlins,MLB,"Alpine, CA",,,,,,,96.0,195.0,6.166666666666667
Nick Vincent,RP,R,R,34,6'0,185 lbs,Miami Marlins,MLB,"Poway, CA",,,,,,,44.0,185.0,6.0
Jorge Alfaro,C,R,R,27,6'2,225 lbs,Miami Marlins,MLB,"Sincelejo, Colombia",,,,,,,38.0,225.0,6.166666666666667
Chad Wallach,C,R,R,28,6'3,230 lbs,Miami Marlins,MLB,"Yorba Linda, CA",,,,,,,17.0,230.0,6.25
Jesus Aguilar,1B,R,R,30,6'3,250 lbs,Miami Marlins,MLB,"Maracay, Venezuela",,,,,,,24.0,250.0,6.25
Brian Anderson,3B,R,R,27,6'3,185 lbs,Miami Marlins,MLB,"Edmond, OK",,,,,,,15.0,185.0,6.25
Jon Berti,3B,R,R,30,5'10,195 lbs,Miami Marlins,MLB,"Troy, MI",,,,,,,5.0,195.0,5.833333333333333
Lewin Diaz,1B,L,L,23,6'4,225 lbs,Miami Marlins,MLB,"Santiago, Dominican Republic",,,,,,,68.0,225.0,6.333333333333333
Miguel Rojas,SS,R,R,31,5'11,195 lbs,Miami Marlins,MLB,"Los Teques, Venezuela",,,,,,,19.0,195.0,5.916666666666667
Jonathan Villar,2B,B,R,29,6'1,215 lbs,Miami Marlins,MLB,"La Vega, Dominican Republic",,,,,,,2.0,215.0,6.083333333333333
Lewis Brinson,CF,R,R,26,6'3,195 lbs,Miami Marlins,MLB,"Fort Lauderdale, FL",,,,,,,25.0,195.0,6.25
Garrett Cooper,RF,R,R,29,6'6,230 lbs,Miami Marlins,MLB,"Auburn, AL",,,,,,,26.0,230.0,6.5
Corey Dickerson,LF,L,R,31,6'1,210 lbs,Miami Marlins,MLB,"McComb, MS",,,,,,,23.0,210.0,6.083333333333333
Matt Joyce,RF,L,R,36,6'2,200 lbs,Miami Marlins,MLB,"Tampa, FL",,,,,,,7.0,200.0,6.166666666666667
Jesus Sanchez,RF,L,R,22,6'3,210 lbs,Miami Marlins,MLB,"Higuey, Dominican Republic",,,,,,,76.0,210.0,6.25
Brad Brach,RP,R,R,34,6'6,215 lbs,New York Mets,MLB,"Freehold, NJ",,,,,,,29.0,215.0,6.5
Edwin Diaz,RP,R,R,26,6'3,165 lbs,New York Mets,MLB,"Naguabo, Puerto Rico",,,,,,,39.0,165.0,6.25
Jeurys Familia,RP,R,R,30,6'3,240 lbs,New York Mets,MLB,"Santo Domingo, Dominican Republic",,,,,,,27.0,240.0,6.25
Robert Gsellman,RP,R,R,27,6'4,205 lbs,New York Mets,MLB,"Santa Monica, CA",,,,,,,65.0,205.0,6.333333333333333
Jared Hughes,RP,R,R,35,6'7,240 lbs,New York Mets,MLB,"Stamford, CT",,,,,,,35.0,240.0,6.583333333333333
Ariel Jurado,RP,R,R,24,6'1,180 lbs,New York Mets,MLB,"Aguadulce, Panama",,,,,,,37.0,180.0,6.083333333333333
Franklyn Kilome,SP,R,R,25,6'6,175 lbs,New York Mets,MLB,"La Romana, Dominican Republic",,,,,,,66.0,175.0,6.5
Seth Lugo,RP,R,R,30,6'4,225 lbs,New York Mets,MLB,"Shreveport, LA",,,,,,,67.0,225.0,6.333333333333333
David Peterson,SP,L,L,24,6'6,240 lbs,New York Mets,MLB,"Denver, CO",,,,,,,77.0,240.0,6.5
Rick Porcello,SP,R,R,31,6'5,205 lbs,New York Mets,MLB,"Morristown, NJ",,,,,,,22.0,205.0,6.416666666666667
Chasen Shreve,RP,L,L,30,6'4,195 lbs,New York Mets,MLB,"Las Vegas, NV",,,,,,,47.0,195.0,6.333333333333333
Drew Smith,RP,R,R,26,6'2,188 lbs,New York Mets,MLB,"Crowley, TX",,,,,,,62.0,188.0,6.166666666666667
Michael Wacha,SP,R,R,29,6'6,215 lbs,New York Mets,MLB,"Iowa City, IA",,,,,,,45.0,215.0,6.5
Justin Wilson,RP,L,L,33,6'2,205 lbs,New York Mets,MLB,"Anaheim, CA",,,,,,,38.0,205.0,6.166666666666667
Jacob deGrom,SP,L,R,32,6'4,180 lbs,New York Mets,MLB,"DeLand, FL",,,,,,,48.0,180.0,6.333333333333333
Wilson Ramos,C,R,R,33,6'1,245 lbs,New York Mets,MLB,"Valencia, Venezuela",,,,,,,40.0,245.0,6.083333333333333
Ali Sánchez,C,R,R,23,6'1,200 lbs,New York Mets,MLB,"Carora, Venezuela",,,,,,,70.0,200.0,6.083333333333333
Pete Alonso,1B,R,R,25,6'3,245 lbs,New York Mets,MLB,"Tampa, FL",,,,,,,20.0,245.0,6.25
Robinson Cano,2B,L,R,37,6'0,210 lbs,New York Mets,MLB,"San Pedro de Macoris, Dominican Republic",,,,,,,24.0,210.0,6.0
J.D. Davis,3B,R,R,27,6'3,225 lbs,New York Mets,MLB,"Elk Grove, CA",,,,,,,28.0,225.0,6.25
Andres Gimenez,SS,L,R,21,6'0,161 lbs,New York Mets,MLB,"Barquisimeto, Venezuela",,,,,,,60.0,161.0,6.0
Luis Guillorme,SS,L,R,25,5'10,195 lbs,New York Mets,MLB,"Caracas, FL",,,,,,,13.0,195.0,5.833333333333333
Amed Rosario,SS,R,R,24,6'2,189 lbs,New York Mets,MLB,"Santo Domingo, Dominican Republic",,,,,,,1.0,189.0,6.166666666666667
Dominic Smith,1B,L,L,25,6'0,239 lbs,New York Mets,MLB,"Los Angeles, CA",,,,,,,2.0,239.0,6.0
Michael Conforto,RF,L,R,27,6'1,215 lbs,New York Mets,MLB,"Seattle, WA",,,,,,,30.0,215.0,6.083333333333333
Billy Hamilton,CF,B,R,29,6'0,160 lbs,New York Mets,MLB,"Taylorsville, MS",,,,,,,21.0,160.0,6.0
Jake Marisnick,CF,R,R,29,6'4,220 lbs,New York Mets,MLB,"Riverside, CA",,,,,,,16.0,220.0,6.333333333333333
Jeff McNeil,LF,L,R,28,6'1,165 lbs,New York Mets,MLB,"Santa Barbara, CA",,,,,,,6.0,165.0,6.083333333333333
Brandon Nimmo,CF,L,R,27,6'3,207 lbs,New York Mets,MLB,"Cheyenne, WY",,,,,,,9.0,207.0,6.25
Jake Arrieta,SP,R,R,34,6'4,225 lbs,Philadelphia Phillies,MLB,"Farmington, MO",,,,,,,49.0,225.0,6.333333333333333
Zach Eflin,SP,R,R,26,6'6,215 lbs,Philadelphia Phillies,MLB,"Orlando, FL",,,,,,,56.0,215.0,6.5
David Hale,RP,R,R,32,6'2,210 lbs,Philadelphia Phillies,MLB,"Atlanta, GA",,,,,,,75.0,210.0,6.166666666666667
Heath Hembree,RP,R,R,31,6'4,210 lbs,Philadelphia Phillies,MLB,"Spartanburg, SC",,,,,,,37.0,210.0,6.333333333333333
Spencer Howard,SP,R,R,24,6'3,205 lbs,Philadelphia Phillies,MLB,"San Luis Obispo, CA",,,,,,,48.0,205.0,6.25
Tommy Hunter,RP,R,R,34,6'3,250 lbs,Philadelphia Phillies,MLB,"Indianapolis, IN",,,,,,,96.0,250.0,6.25
Reggie McClain,SP,R,R,27,6'2,180 lbs,Philadelphia Phillies,MLB,"Duluth, GA",,,,,,,39.0,180.0,6.166666666666667
Adam Morgan,RP,L,L,30,6'1,200 lbs,Philadelphia Phillies,MLB,"Tampa, FL",,,,,,,46.0,200.0,6.083333333333333
Hector Neris,RP,R,R,31,6'2,215 lbs,Philadelphia Phillies,MLB,"Villa Altagracia, Dominican Republic",,,,,,,50.0,215.0,6.166666666666667
Aaron Nola,SP,R,R,27,6'2,195 lbs,Philadelphia Phillies,MLB,"Baton Rouge, LA",,,,,,,27.0,195.0,6.166666666666667
Blake Parker,RP,R,R,35,6'3,225 lbs,Philadelphia Phillies,MLB,"Fayetteville, AR",,,,,,,53.0,225.0,6.25
JoJo Romero,SP,L,L,23,6'0,190 lbs,Philadelphia Phillies,MLB,"Oxnard, CA",,,,,,,79.0,190.0,6.0
Vince Velasquez,SP,R,R,28,6'3,205 lbs,Philadelphia Phillies,MLB,"Montclair, CA",,,,,,,21.0,205.0,6.25
Zack Wheeler,SP,L,R,30,6'4,195 lbs,Philadelphia Phillies,MLB,"Smyrna, GA",,,,,,,45.0,195.0,6.333333333333333
Brandon Workman,RP,R,R,32,6'5,235 lbs,Philadelphia Phillies,MLB,"Arlington, TX",,,,,,,44.0,235.0,6.416666666666667
Andrew Knapp,C,B,R,28,6'1,195 lbs,Philadelphia Phillies,MLB,"Roseville, CA",,,,,,,7.0,195.0,6.083333333333333
J.T. Realmuto,C,R,R,29,6'1,210 lbs,Philadelphia Phillies,MLB,"Del City, OK",,,,,,,10.0,210.0,6.083333333333333
Alec Bohm,3B,R,R,24,6'5,225 lbs,Philadelphia Phillies,MLB,"Omaha, NE",,,,,,,28.0,225.0,6.416666666666667
Phil Gosselin,2B,R,R,31,6'1,200 lbs,Philadelphia Phillies,MLB,"West Chester, PA",,,,,,,8.0,200.0,6.083333333333333
Didi Gregorius,SS,L,R,30,6'3,205 lbs,Philadelphia Phillies,MLB,"Amsterdam, Netherlands",,,,,,,18.0,205.0,6.25
Rhys Hoskins,1B,R,R,27,6'4,225 lbs,Philadelphia Phillies,MLB,"Sacramento, CA",,,,,,,17.0,225.0,6.333333333333333
Scott Kingery,2B,R,R,26,5'10,180 lbs,Philadelphia Phillies,MLB,"Phoenix, AZ",,,,,,,4.0,180.0,5.833333333333333
Jean Segura,SS,R,R,30,5'10,205 lbs,Philadelphia Phillies,MLB,"San Juan, Dominican Republic",,,,,,,2.0,205.0,5.833333333333333
Neil Walker,1B,B,R,34,6'3,210 lbs,Philadelphia Phillies,MLB,"Pittsburgh, PA",,,,,,,12.0,210.0,6.25
Bryce Harper,RF,L,R,27,6'3,220 lbs,Philadelphia Phillies,MLB,"Las Vegas, NV",,,,,,,3.0,220.0,6.25
Adam Haseley,CF,L,L,24,6'1,195 lbs,Philadelphia Phillies,MLB,"Orlando, FL",,,,,,,40.0,195.0,6.083333333333333
Andrew McCutchen,CF,R,R,33,5'11,195 lbs,Philadelphia Phillies,MLB,"Fort Meade, FL",,,,,,,22.0,195.0,5.916666666666667
Roman Quinn,CF,B,R,27,5'10,170 lbs,Philadelphia Phillies,MLB,"Port St. Joe, FL",,,,,,,24.0,170.0,5.833333333333333
Dakota Bacus,RP,R,R,29,6'2,200 lbs,Washington Nationals,MLB,"Moline, IL",,,,,,,71.0,200.0,6.166666666666667
Patrick Corbin,SP,L,L,31,6'3,210 lbs,Washington Nationals,MLB,"Clay, NY",,,,,,,46.0,210.0,6.25
Sean Doolittle,RP,L,L,33,6'2,204 lbs,Washington Nationals,MLB,"Rapid City, SD",,,,,,,63.0,204.0,6.166666666666667
Erick Fedde,RP,R,R,27,6'4,195 lbs,Washington Nationals,MLB,"Las Vegas, NV",,,,,,,23.0,195.0,6.333333333333333
Kyle Finnegan,RP,R,R,28,6'2,196 lbs,Washington Nationals,MLB,"Detroit, MI",,,,,,,67.0,196.0,6.166666666666667
Javy Guerra,RP,R,R,34,6'1,216 lbs,Washington Nationals,MLB,"Denton, TX",,,,,,,48.0,216.0,6.083333333333333
Ryne Harper,RP,R,R,31,6'3,215 lbs,Washington Nationals,MLB,"Clarksville, TN",,,,,,,33.0,215.0,6.25
Will Harris,RP,R,R,36,6'4,240 lbs,Washington Nationals,MLB,"Houston, TX",,,,,,,36.0,240.0,6.333333333333333
Daniel Hudson,RP,R,R,33,6'3,225 lbs,Washington Nationals,MLB,"Lynchburg, VA",,,,,,,44.0,225.0,6.25
Tanner Rainey,RP,R,R,27,6'2,235 lbs,Washington Nationals,MLB,"Folsom, LA",,,,,,,21.0,235.0,6.166666666666667
Anibal Sanchez,SP,R,R,36,6'0,205 lbs,Washington Nationals,MLB,"Maracay, Venezuela",,,,,,,19.0,205.0,6.0
Max Scherzer,SP,R,R,36,6'3,215 lbs,Washington Nationals,MLB,"St. Louis, MO",,,,,,,31.0,215.0,6.25
Wander Suero,RP,R,R,28,6'4,211 lbs,Washington Nationals,MLB,"San Jose de Ocoa, Dominican Republic",,,,,,,51.0,211.0,6.333333333333333
Austin Voth,SP,R,R,28,6'2,201 lbs,Washington Nationals,MLB,"Redmond, WA",,,,,,,50.0,201.0,6.166666666666667
Yan Gomes,C,R,R,33,6'2,215 lbs,Washington Nationals,MLB,"Sao Paulo, Brazil",,,,,,,10.0,215.0,6.166666666666667
Kurt Suzuki,C,R,R,36,5'11,210 lbs,Washington Nationals,MLB,"Wailuku, HI",,,,,,,28.0,210.0,5.916666666666667
Asdrubal Cabrera,2B,B,R,34,6'0,205 lbs,Washington Nationals,MLB,"Puerto la Cruz, Venezuela",,,,,,,13.0,205.0,6.0
Wilmer Difo,SS,B,R,28,5'11,200 lbs,Washington Nationals,MLB,"Santiago de los Caballeros, Dominican Republic",,,,,,,1.0,200.0,5.916666666666667
Luis Garcia,SS,L,R,20,6'0,190 lbs,Washington Nationals,MLB,"New York, NY",,,,,,,62.0,190.0,6.0
Josh Harrison,2B,R,R,33,5'8,185 lbs,Washington Nationals,MLB,"Cincinnati, OH",,,,,,,5.0,185.0,5.666666666666667
Brock Holt,2B,L,R,32,5'10,180 lbs,Washington Nationals,MLB,"Fort Worth, TX",,,,,,,11.0,180.0,5.833333333333333
Eric Thames,1B,L,R,33,6'0,210 lbs,Washington Nationals,MLB,"Santa Clara, CA",,,,,,,9.0,210.0,6.0
Trea Turner,SS,R,R,27,6'2,185 lbs,Washington Nationals,MLB,"Boynton Beach, FL",,,,,,,7.0,185.0,6.166666666666667
Adam Eaton,RF,L,L,31,5'9,176 lbs,Washington Nationals,MLB,"Springfield, OH",,,,,,,2.0,176.0,5.75
Victor Robles,CF,R,R,23,6'0,190 lbs,Washington Nationals,MLB,"Santo Domingo, Dominican Republic",,,,,,,16.0,190.0,6.0
Juan Soto,LF,L,L,21,6'1,185 lbs,Washington Nationals,MLB,"Santo Domingo, Dominican Republic",,,,,,,22.0,185.0,6.083333333333333
Michael A. Taylor,CF,R,R,29,6'4,212 lbs,Washington Nationals,MLB,"Fort Lauderdale, FL",,,,,,,3.0,212.0,6.333333333333333
Howie Kendrick,DH,R,R,37,5'11,220 lbs,Washington Nationals,MLB,"Jacksonville, FL",,,,,,,47.0,220.0,5.916666666666667
Archie Bradley,RP,R,R,28,6'4,225 lbs,Arizona Diamondbacks,MLB,"Muskogee, OK",,,,,,,25.0,225.0,6.333333333333333
Taylor Clarke,SP,R,R,27,6'4,190 lbs,Arizona Diamondbacks,MLB,"Ashburn, VA",,,,,,,45.0,190.0,6.333333333333333
Stefan Crichton,RP,R,R,28,6'3,200 lbs,Arizona Diamondbacks,MLB,"Houston, TX",,,,,,,58.0,200.0,6.25
Zac Gallen,SP,R,R,25,6'2,191 lbs,Arizona Diamondbacks,MLB,"Gibbsboro, NJ",,,,,,,23.0,191.0,6.166666666666667
Kevin Ginkel,RP,L,R,26,6'4,210 lbs,Arizona Diamondbacks,MLB,"San Diego, CA",,,,,,,37.0,210.0,6.333333333333333
Junior Guerra,RP,R,R,35,6'0,205 lbs,Arizona Diamondbacks,MLB,"San Felix, Venezuela",,,,,,,41.0,205.0,6.0
Yoan Lopez,RP,R,R,27,6'3,185 lbs,Arizona Diamondbacks,MLB,"Nueva Gerona, Cuba",,,,,,,50.0,185.0,6.25
Joel Payamps,RP,R,R,26,6'2,170 lbs,Arizona Diamondbacks,MLB,"Santiago, Dominican Republic",,,,,,,35.0,170.0,6.166666666666667
Robbie Ray,SP,L,L,28,6'2,195 lbs,Arizona Diamondbacks,MLB,"Brentwood, TN",,,,,,,38.0,195.0,6.166666666666667
Hector Rondon,RP,R,R,32,6'3,230 lbs,Arizona Diamondbacks,MLB,"Guatire, Venezuela",,,,,,,28.0,230.0,6.25
Riley Smith,SP,R,R,25,6'2,188 lbs,Arizona Diamondbacks,MLB,"Lufkin, TX",,,,,,,71.0,188.0,6.166666666666667
Luke Weaver,SP,R,R,27,6'2,170 lbs,Arizona Diamondbacks,MLB,"DeLand, FL",,,,,,,24.0,170.0,6.166666666666667
Taylor Widener,SP,L,R,25,6'0,195 lbs,Arizona Diamondbacks,MLB,"Aiken, SC",,,,,,,57.0,195.0,6.0
Alex Young,SP,L,L,26,6'2,205 lbs,Arizona Diamondbacks,MLB,"Hawthorn Woods, IL",,,,,,,49.0,205.0,6.166666666666667
Carson Kelly,C,R,R,26,6'2,220 lbs,Arizona Diamondbacks,MLB,"Chicago, IL",,,,,,,18.0,220.0,6.166666666666667
Daulton Varsho,C,L,R,24,5'10,190 lbs,Arizona Diamondbacks,MLB,"Chili, WI",,,,,,,12.0,190.0,5.833333333333333
Stephen Vogt,C,L,R,35,6'0,225 lbs,Arizona Diamondbacks,MLB,"Visalia, CA",,,,,,,21.0,225.0,6.0
Nick Ahmed,SS,R,R,30,6'2,195 lbs,Arizona Diamondbacks,MLB,"Springfield, MA",,,,,,,13.0,195.0,6.166666666666667
Eduardo Escobar,3B,B,R,31,5'10,185 lbs,Arizona Diamondbacks,MLB,"Villa de Cura, Venezuela",,,,,,,5.0,185.0,5.833333333333333
Jake Lamb,3B,L,R,29,6'3,215 lbs,Arizona Diamondbacks,MLB,"Seattle, WA",,,,,,,22.0,215.0,6.25
Ketel Marte,2B,B,R,26,6'1,165 lbs,Arizona Diamondbacks,MLB,"Nizao, Dominican Republic",,,,,,,4.0,165.0,6.083333333333333
Christian Walker,1B,R,R,29,6'0,220 lbs,Arizona Diamondbacks,MLB,"Norristown, PA",,,,,,,53.0,220.0,6.0
Andy Young,2B,R,R,26,6'0,195 lbs,Arizona Diamondbacks,MLB,"West Fargo, ND",,,,,,,14.0,195.0,6.0
Kole Calhoun,RF,L,L,32,5'10,215 lbs,Arizona Diamondbacks,MLB,"Buckeye, AZ",,,,,,,56.0,215.0,5.833333333333333
Jon Jay,RF,L,L,35,5'11,195 lbs,Arizona Diamondbacks,MLB,"Miami, FL",,,,,,,9.0,195.0,5.916666666666667
Tim Locastro,LF,R,R,28,6'1,200 lbs,Arizona Diamondbacks,MLB,"Auburn, NY",,,,,,,16.0,200.0,6.083333333333333
Starling Marte,CF,R,R,31,6'1,190 lbs,Arizona Diamondbacks,MLB,"Santo Domingo, Dominican Republic",,,,,,,2.0,190.0,6.083333333333333
David Peralta,LF,L,L,33,6'1,210 lbs,Arizona Diamondbacks,MLB,"Valencia, Venezuela",,,,,,,6.0,210.0,6.083333333333333
Yency Almonte,RP,B,R,26,6'5,217 lbs,Colorado Rockies,MLB,"Miami, FL",,,,,,,62.0,217.0,6.416666666666667
Daniel Bard,RP,R,R,35,6'4,215 lbs,Colorado Rockies,MLB,"Houston, TX",,,,,,,,215.0,6.333333333333333
Ryan Castellani,SP,R,R,24,6'3,193 lbs,Colorado Rockies,MLB,"Phoenix, AZ",,,,,,,60.0,193.0,6.25
Jairo Diaz,RP,R,R,29,6'0,200 lbs,Colorado Rockies,MLB,"Puerto la Cruz, Venezuela",,,,,,,37.0,200.0,6.0
Phillip Diehl,RP,L,L,26,6'2,180 lbs,Colorado Rockies,MLB,"Cincinnati, OH",,,,,,,64.0,180.0,6.166666666666667
Carlos Estevez,RP,R,R,27,6'6,275 lbs,Colorado Rockies,MLB,"Santo Domingo, Dominican Republic",,,,,,,54.0,275.0,6.5
Kyle Freeland,SP,L,L,27,6'4,201 lbs,Colorado Rockies,MLB,"Denver, CO",,,,,,,21.0,201.0,6.333333333333333
Chi Chi Gonzalez,SP,R,R,28,6'3,215 lbs,Colorado Rockies,MLB,"Delray Beach, FL",,,,,,,50.0,215.0,6.25
Jon Gray,SP,R,R,28,6'4,227 lbs,Colorado Rockies,MLB,"Shawnee, OK",,,,,,,55.0,227.0,6.333333333333333
Jeff Hoffman,SP,R,R,27,6'5,227 lbs,Colorado Rockies,MLB,"Latham, NY",,,,,,,34.0,227.0,6.416666666666667
Tyler Kinley,RP,R,R,29,6'4,205 lbs,Colorado Rockies,MLB,"Plantation, FL",,,,,,,39.0,205.0,6.333333333333333
German Marquez,SP,R,R,25,6'1,225 lbs,Colorado Rockies,MLB,"San Felix, Venezuela",,,,,,,48.0,225.0,6.083333333333333
James Pazos,RP,R,L,29,6'2,235 lbs,Colorado Rockies,MLB,"Gilbert, AZ",,,,,,,47.0,235.0,6.166666666666667
Antonio Senzatela,SP,R,R,25,6'1,246 lbs,Colorado Rockies,MLB,"Valencia, Venezuela",,,,,,,49.0,246.0,6.083333333333333
Drew Butera,C,R,R,37,6'1,200 lbs,Colorado Rockies,MLB,"Evansville, IN",,,,,,,6.0,200.0,6.083333333333333
Elias Diaz,C,R,R,29,6'1,220 lbs,Colorado Rockies,MLB,"Maracaibo, Venezuela",,,,,,,35.0,220.0,6.083333333333333
Tony Wolters,C,L,R,28,5'10,197 lbs,Colorado Rockies,MLB,"Vista, CA",,,,,,,14.0,197.0,5.833333333333333
Nolan Arenado,3B,R,R,29,6'2,215 lbs,Colorado Rockies,MLB,"Newport Beach, CA",,,,,,,28.0,215.0,6.166666666666667
Josh Fuentes,3B,R,R,27,6'2,209 lbs,Colorado Rockies,MLB,"Lake Forest, CA",,,,,,,8.0,209.0,6.166666666666667
Garrett Hampson,2B,R,R,25,5'11,188 lbs,Colorado Rockies,MLB,"Reno, NV",,,,,,,1.0,188.0,5.916666666666667
Ryan McMahon,2B,L,R,25,6'2,208 lbs,Colorado Rockies,MLB,"Yorba Linda, CA",,,,,,,24.0,208.0,6.166666666666667
Daniel Murphy,1B,L,R,35,6'1,221 lbs,Colorado Rockies,MLB,"Jacksonville, FL",,,,,,,9.0,221.0,6.083333333333333
Brendan Rodgers,SS,R,R,24,6'0,180 lbs,Colorado Rockies,MLB,"Longwood, FL",,,,,,,7.0,180.0,6.0
Trevor Story,SS,R,R,27,6'2,214 lbs,Colorado Rockies,MLB,"Irving, TX",,,,,,,27.0,214.0,6.166666666666667
Charlie Blackmon,RF,L,L,34,6'3,220 lbs,Colorado Rockies,MLB,"Dallas, TX",,,,,,,19.0,220.0,6.25
Sam Hilliard,RF,L,L,26,6'5,238 lbs,Colorado Rockies,MLB,"Mansfield, TX",,,,,,,43.0,238.0,6.416666666666667
Matt Kemp,LF,R,R,35,6'4,210 lbs,Colorado Rockies,MLB,"Midwest City, OK",,,,,,,25.0,210.0,6.333333333333333
Raimel Tapia,LF,L,L,26,6'3,185 lbs,Colorado Rockies,MLB,"San Pedro de Macoris, Dominican Republic",,,,,,,15.0,185.0,6.25
Scott Alexander,RP,L,L,31,6'2,195 lbs,Los Angeles Dodgers,MLB,"Santa Rosa, CA",,,,,,,75.0,195.0,6.166666666666667
Caleb Ferguson,SP,R,L,24,6'3,226 lbs,Los Angeles Dodgers,MLB,"Columbus, OH",,,,,,,64.0,226.0,6.25
Dylan Floro,RP,L,R,29,6'2,203 lbs,Los Angeles Dodgers,MLB,"Merced, CA",,,,,,,51.0,203.0,6.166666666666667
Tony Gonsolin,SP,R,R,26,6'3,205 lbs,Los Angeles Dodgers,MLB,"Vacaville, CA",,,,,,,46.0,205.0,6.25
Victor Gonzalez,SP,L,L,24,6'0,180 lbs,Los Angeles Dodgers,MLB,"Veracruz, Mexico",,,,,,,81.0,180.0,6.0
Brusdar Graterol,SP,R,R,22,6'1,265 lbs,Los Angeles Dodgers,MLB,"Calabozo, Venezuela",,,,,,,48.0,265.0,6.083333333333333
Kenley Jansen,RP,B,R,32,6'5,265 lbs,Los Angeles Dodgers,MLB,"Willemstad, Curacao",,,,,,,74.0,265.0,6.416666666666667
Clayton Kershaw,SP,L,L,32,6'4,226 lbs,Los Angeles Dodgers,MLB,"Dallas, TX",,,,,,,22.0,226.0,6.333333333333333
Adam Kolarek,RP,L,L,31,6'3,215 lbs,Los Angeles Dodgers,MLB,"Baltimore, MD",,,,,,,56.0,215.0,6.25
Dustin May,SP,R,R,22,6'6,180 lbs,Los Angeles Dodgers,MLB,"Justin, TX",,,,,,,85.0,180.0,6.5
Jake McGee,RP,L,L,34,6'4,237 lbs,Los Angeles Dodgers,MLB,"San Jose, CA",,,,,,,51.0,237.0,6.333333333333333
Dennis Santana,SP,R,R,24,6'2,190 lbs,Los Angeles Dodgers,MLB,"San Pedro de Macoris, Dominican Republic",,,,,,,77.0,190.0,6.166666666666667
Ross Stripling,SP,R,R,30,6'2,220 lbs,Los Angeles Dodgers,MLB,"Blue Bell, PA",,,,,,,68.0,220.0,6.166666666666667
Blake Treinen,RP,R,R,32,6'5,225 lbs,Los Angeles Dodgers,MLB,"Wichita, KS",,,,,,,49.0,225.0,6.416666666666667
Julio Urias,SP,L,L,24,6'0,225 lbs,Los Angeles Dodgers,MLB,"Culiacan, Mexico",,,,,,,7.0,225.0,6.0
Austin Barnes,C,R,R,30,5'10,187 lbs,Los Angeles Dodgers,MLB,"Fullerton, CA",,,,,,,15.0,187.0,5.833333333333333
Will Smith,C,R,R,25,5'10,195 lbs,Los Angeles Dodgers,MLB,"Louisville, KY",,,,,,,16.0,195.0,5.833333333333333
Matt Beaty,1B,L,R,27,6'0,215 lbs,Los Angeles Dodgers,MLB,"Snellville, GA",,,,,,,45.0,215.0,6.0
Gavin Lux,2B,L,R,22,6'2,190 lbs,Los Angeles Dodgers,MLB,"Kenosha, WI",,,,,,,9.0,190.0,6.166666666666667
Max Muncy,2B,L,R,30,6'0,218 lbs,Los Angeles Dodgers,MLB,"Midland, TX",,,,,,,13.0,218.0,6.0
Corey Seager,SS,L,R,26,6'4,215 lbs,Los Angeles Dodgers,MLB,"Charlotte, NC",,,,,,,5.0,215.0,6.333333333333333
Justin Turner,3B,R,R,35,5'11,202 lbs,Los Angeles Dodgers,MLB,"Long Beach, CA",,,,,,,10.0,202.0,5.916666666666667
Cody Bellinger,CF,L,L,25,6'4,203 lbs,Los Angeles Dodgers,MLB,"Scottsdale, AZ",,,,,,,35.0,203.0,6.333333333333333
Mookie Betts,RF,R,R,27,5'9,180 lbs,Los Angeles Dodgers,MLB,"Nashville, TN",,,,,,,50.0,180.0,5.75
Enrique Hernandez,LF,R,R,29,5'11,192 lbs,Los Angeles Dodgers,MLB,"San Juan, Puerto Rico",,,,,,,14.0,192.0,5.916666666666667
Joc Pederson,RF,L,L,28,6'1,220 lbs,Los Angeles Dodgers,MLB,"Palo Alto, CA",,,,,,,31.0,220.0,6.083333333333333
A.J. Pollock,LF,R,R,32,6'1,212 lbs,Los Angeles Dodgers,MLB,"Hebron, CT",,,,,,,11.0,212.0,6.083333333333333
Chris Taylor,LF,R,R,30,6'1,196 lbs,Los Angeles Dodgers,MLB,"Virginia Beach, VA",,,,,,,3.0,196.0,6.083333333333333
Zach Davies,SP,R,R,27,6'0,155 lbs,San Diego Padres,MLB,"Puyallup, WA",,,,,,,17.0,155.0,6.0
Javy Guerra,RP,L,R,24,5'11,155 lbs,San Diego Padres,MLB,"David, Panama",,,,,,,8.0,155.0,5.916666666666667
Tim Hill,RP,R,L,30,6'2,200 lbs,San Diego Padres,MLB,"Sylmar, CA",,,,,,,54.0,200.0,6.166666666666667
Pierce Johnson,RP,R,R,29,6'2,200 lbs,San Diego Padres,MLB,"Denver, CO",,,,,,,36.0,200.0,6.166666666666667
Dinelson Lamet,SP,R,R,28,6'4,187 lbs,San Diego Padres,MLB,"Santiago, Dominican Republic",,,,,,,29.0,187.0,6.333333333333333
Chris Paddack,SP,R,R,24,6'4,195 lbs,San Diego Padres,MLB,"Austin, TX",,,,,,,59.0,195.0,6.333333333333333
Emilio Pagan,RP,L,R,29,6'3,205 lbs,San Diego Padres,MLB,"Simpsonville, SC",,,,,,,14.0,205.0,6.25
Luis Patino,SP,R,R,20,6'0,192 lbs,San Diego Padres,MLB,"Barranquilla, Colombia",,,,,,,62.0,192.0,6.0
Luis Perdomo,RP,R,R,27,6'2,185 lbs,San Diego Padres,MLB,"Santo Domingo, Dominican Republic",,,,,,,61.0,185.0,6.166666666666667
Drew Pomeranz,SP,R,L,31,6'6,240 lbs,San Diego Padres,MLB,"Collierville, TN",,,,,,,15.0,240.0,6.5
Cal Quantrill,SP,L,R,25,6'3,208 lbs,San Diego Padres,MLB,"Port Hope, ON",,,,,,,40.0,208.0,6.25
Garrett Richards,SP,R,R,32,6'3,210 lbs,San Diego Padres,MLB,"Riverside, CA",,,,,,,43.0,210.0,6.25
Trevor Rosenthal,RP,R,R,30,6'2,230 lbs,San Diego Padres,MLB,"Lee's Summit, MO",,,,,,,40.0,230.0,6.166666666666667
Craig Stammen,RP,R,R,36,6'4,230 lbs,San Diego Padres,MLB,"North Star, OH",,,,,,,34.0,230.0,6.333333333333333
Matt Strahm,SP,R,L,28,6'3,185 lbs,San Diego Padres,MLB,"West Fargo, ND",,,,,,,55.0,185.0,6.25
Austin Hedges,C,R,R,28,6'1,206 lbs,San Diego Padres,MLB,"San Juan Capistrano, CA",,,,,,,18.0,206.0,6.083333333333333
Jake Cronenworth,SS,L,R,26,6'1,185 lbs,San Diego Padres,MLB,"Saint Clair, MI",,,,,,,9.0,185.0,6.083333333333333
Greg Garcia,2B,L,R,31,6'0,190 lbs,San Diego Padres,MLB,"El Cajon, CA",,,,,,,5.0,190.0,6.0
Eric Hosmer,1B,L,L,30,6'4,225 lbs,San Diego Padres,MLB,"South Miami, FL",,,,,,,30.0,225.0,6.333333333333333
Manny Machado,3B,R,R,28,6'3,215 lbs,San Diego Padres,MLB,"Miami, FL",,,,,,,13.0,215.0,6.25
Jorge Mateo,SS,R,R,25,6'0,192 lbs,San Diego Padres,MLB,"Santo Domingo, Dominican Republic",,,,,,,3.0,192.0,6.0
Jurickson Profar,2B,B,R,27,6'0,190 lbs,San Diego Padres,MLB,"Willemstad, Curacao",,,,,,,10.0,190.0,6.0
Fernando Tatis Jr.,SS,R,R,21,6'3,185 lbs,San Diego Padres,MLB,"San Pedro de Macoris, Dominican Republic",,,,,,,23.0,185.0,6.25
Trent Grisham,RF,L,L,23,6'0,205 lbs,San Diego Padres,MLB,"Fort Worth, TX",,,,,,,2.0,205.0,6.0
Wil Myers,CF,R,R,29,6'3,205 lbs,San Diego Padres,MLB,"Thomasville, NC",,,,,,,4.0,205.0,6.25
Josh Naylor,LF,L,L,23,5'11,250 lbs,San Diego Padres,MLB,"Mississauga, ON",,,,,,,22.0,250.0,5.916666666666667
Tyler Anderson,SP,L,L,30,6'3,215 lbs,San Francisco Giants,MLB,"Las Vegas, NV",,,,,,,31.0,215.0,6.25
Caleb Baragar,RP,R,L,26,6'3,215 lbs,San Francisco Giants,MLB,"Jenison, MI",,,,,,,73.0,215.0,6.25
Trevor Cahill,SP,R,R,32,6'4,230 lbs,San Francisco Giants,MLB,"Oceanside, CA",,,,,,,53.0,230.0,6.333333333333333
Sam Coonrod,SP,R,R,27,6'2,225 lbs,San Francisco Giants,MLB,"St. Louis, MO",,,,,,,65.0,225.0,6.166666666666667
Johnny Cueto,SP,R,R,34,5'11,229 lbs,San Francisco Giants,MLB,"San Pedro de Macoris, Dominican Republic",,,,,,,47.0,229.0,5.916666666666667
Jarlin Garcia,RP,L,L,27,6'3,215 lbs,San Francisco Giants,MLB,"Santo Domingo, Dominican Republic",,,,,,,97.0,215.0,6.25
Kevin Gausman,SP,L,R,29,6'3,190 lbs,San Francisco Giants,MLB,"Centennial, CO",,,,,,,34.0,190.0,6.25
Trevor Gott,RP,R,R,28,6'0,185 lbs,San Francisco Giants,MLB,"Lexington, KY",,,,,,,58.0,185.0,6.0
Wandy Peralta,RP,L,L,29,6'0,220 lbs,San Francisco Giants,MLB,"San Francisco de Macoris, Dominican Republic",,,,,,,60.0,220.0,6.0
Tyler Rogers,RP,R,R,29,6'5,187 lbs,San Francisco Giants,MLB,"Littleton, CO",,,,,,,71.0,187.0,6.416666666666667
Sam Selman,RP,R,L,29,6'3,195 lbs,San Francisco Giants,MLB,"Austin, TX",,,,,,,67.0,195.0,6.25
Andrew Suarez,SP,L,L,27,6'0,187 lbs,San Francisco Giants,MLB,"Miami, FL",,,,,,,59.0,187.0,6.0
Tony Watson,RP,L,L,35,6'3,218 lbs,San Francisco Giants,MLB,"Sioux City, IA",,,,,,,56.0,218.0,6.25
Logan Webb,SP,R,R,23,6'2,220 lbs,San Francisco Giants,MLB,"Rocklin, CA",,,,,,,62.0,220.0,6.166666666666667
Joey Bart,C,R,R,23,6'3,235 lbs,San Francisco Giants,MLB,"Buford, GA",,,,,,,21.0,235.0,6.25
Chadwick Tromp,C,R,R,25,5'9,205 lbs,San Francisco Giants,MLB,"Oranjestad, Aruba",,,,,,,14.0,205.0,5.75
Brandon Belt,1B,L,L,32,6'4,235 lbs,San Francisco Giants,MLB,"Nacogdoches, TX",,,,,,,9.0,235.0,6.333333333333333
Brandon Crawford,SS,L,R,33,6'2,227 lbs,San Francisco Giants,MLB,"Mountain View, CA",,,,,,,35.0,227.0,6.166666666666667
Mauricio Dubon,SS,R,R,26,6'0,160 lbs,San Francisco Giants,MLB,"San Pedro Sula, CA",,,,,,,1.0,160.0,6.0
Wilmer Flores,2B,R,R,29,6'3,205 lbs,San Francisco Giants,MLB,"Valencia, Venezuela",,,,,,,41.0,205.0,6.25
Evan Longoria,3B,R,R,34,6'1,215 lbs,San Francisco Giants,MLB,"Downey, CA",,,,,,,10.0,215.0,6.083333333333333
Darin Ruf,1B,R,R,34,6'3,250 lbs,San Francisco Giants,MLB,"Omaha, NE",,,,,,,33.0,250.0,6.25
Pablo Sandoval,3B,B,R,34,5'11,268 lbs,San Francisco Giants,MLB,"Puerto Cabello, Venezuela",,,,,,,48.0,268.0,5.916666666666667
Donovan Solano,SS,R,R,32,5'10,205 lbs,San Francisco Giants,MLB,"Barranquilla, Colombia",,,,,,,7.0,205.0,5.833333333333333
Alex Dickerson,LF,L,L,30,6'3,235 lbs,San Francisco Giants,MLB,"Poway, CA",,,,,,,12.0,235.0,6.25
Steven Duggar,CF,L,R,26,6'2,195 lbs,San Francisco Giants,MLB,"Moore, SC",,,,,,,6.0,195.0,6.166666666666667
Joey Rickard,RF,R,L,29,6'1,185 lbs,San Francisco Giants,MLB,"Las Vegas, NV",,,,,,,37.0,185.0,6.083333333333333
Mike Yastrzemski,RF,L,L,30,5'11,180 lbs,San Francisco Giants,MLB,"Andover, MA",,,,,,,5.0,180.0,5.916666666666667
Jaylen Brown,SG,,,23,6'6,223 lbs,Boston Celtics,NBA,,"$6,534,829",California,,,,,7.0,223.0,6.5
Carsen Edwards,PG,,,22,5'11,200 lbs,Boston Celtics,NBA,,"$1,228,026",Purdue,,,,,4.0,200.0,5.916666666666667
Tacko Fall,C,,,24,7'5,311 lbs,Boston Celtics,NBA,,--,UCF,,,,,99.0,311.0,7.416666666666667
Javonte Green,SG,,,27,6'4,205 lbs,Boston Celtics,NBA,,"$898,310",Radford,,,,,43.0,205.0,6.333333333333333
Enes Kanter,C,,,28,6'10,250 lbs,Boston Celtics,NBA,,"$4,767,000",Kentucky,,,,,11.0,250.0,6.833333333333333
Romeo Langford,SG,,,20,6'4,216 lbs,Boston Celtics,NBA,,"$3,458,400",Indiana,,,,,45.0,216.0,6.333333333333333
Semi Ojeleye,PF,,,25,6'6,240 lbs,Boston Celtics,NBA,,"$1,618,520",SMU,,,,,37.0,240.0,6.5
Vincent Poirier,C,,,26,7'0,235 lbs,Boston Celtics,NBA,,"$2,505,793",--,,,,,77.0,235.0,7.0
Marcus Smart,PG,,,26,6'3,220 lbs,Boston Celtics,NBA,,"$12,553,571",Oklahoma State,,,,,36.0,220.0,6.25
Jayson Tatum,PF,,,22,6'8,210 lbs,Boston Celtics,NBA,,"$7,830,000",Duke,,,,,0.0,210.0,6.666666666666667
Daniel Theis,C,,,28,6'8,245 lbs,Boston Celtics,NBA,,"$5,000,000",--,,,,,27.0,245.0,6.666666666666667
Kemba Walker,PG,,,30,6'0,184 lbs,Boston Celtics,NBA,,"$32,742,000",Connecticut,,,,,8.0,184.0,6.0
Brad Wanamaker,PG,,,31,6'3,210 lbs,Boston Celtics,NBA,,"$1,445,697",Pittsburgh,,,,,9.0,210.0,6.25
Tremont Waters,PG,,,22,5'10,175 lbs,Boston Celtics,NBA,,--,LSU,,,,,51.0,175.0,5.833333333333333
Grant Williams,PF,,,21,6'6,236 lbs,Boston Celtics,NBA,,"$2,379,840",Tennessee,,,,,12.0,236.0,6.5
Robert Williams III,C,,,22,6'8,237 lbs,Boston Celtics,NBA,,"$1,937,520",Texas A&M,,,,,44.0,237.0,6.666666666666667
Jarrett Allen,C,,,22,6'11,243 lbs,Brooklyn Nets,NBA,,"$2,376,840",Texas,,,,,31.0,243.0,6.916666666666667
Justin Anderson,SG,,,26,6'5,231 lbs,Brooklyn Nets,NBA,,--,Virginia,,,,,10.0,231.0,6.416666666666667
Wilson Chandler,SF,,,33,6'8,235 lbs,Brooklyn Nets,NBA,,"$1,620,564",DePaul,,,,,21.0,235.0,6.666666666666667
Chris Chiozza,PG,,,24,5'11,176 lbs,Brooklyn Nets,NBA,,--,Florida,,,,,4.0,176.0,5.916666666666667
Nicolas Claxton,PF,,,21,6'11,215 lbs,Brooklyn Nets,NBA,,"$898,310",Georgia,,,,,33.0,215.0,6.916666666666667
Jamal Crawford,SG,,,40,6'5,185 lbs,Brooklyn Nets,NBA,,--,Michigan,,,,,1.0,185.0,6.416666666666667
Spencer Dinwiddie,PG,,,27,6'5,215 lbs,Brooklyn Nets,NBA,,"$10,605,600",Colorado,,,,,26.0,215.0,6.416666666666667
Kevin Durant,SF,,,31,6'10,240 lbs,Brooklyn Nets,NBA,,"$38,199,000",Texas,,,,,7.0,240.0,6.833333333333333
Donta Hall,PF,,,23,6'9,229 lbs,Brooklyn Nets,NBA,,--,Alabama,,,,,45.0,229.0,6.75
Joe Harris,SF,,,28,6'6,220 lbs,Brooklyn Nets,NBA,,"$7,666,667",Virginia,,,,,12.0,220.0,6.5
Kyrie Irving,PG,,,28,6'2,195 lbs,Brooklyn Nets,NBA,,"$31,742,000",Duke,,,,,11.0,195.0,6.166666666666667
Tyler Johnson,SG,,,28,6'4,190 lbs,Brooklyn Nets,NBA,,"$183,115",Fresno State,,,,,8.0,190.0,6.333333333333333
DeAndre Jordan,C,,,32,6'11,265 lbs,Brooklyn Nets,NBA,,"$9,881,598",Texas A&M,,,,,6.0,265.0,6.916666666666667
Rodions Kurucs,SF,,,22,6'9,228 lbs,Brooklyn Nets,NBA,,"$1,699,236",--,,,,,0.0,228.0,6.75
Caris LeVert,SG,,,26,6'6,205 lbs,Brooklyn Nets,NBA,,"$2,625,718",Michigan,,,,,22.0,205.0,6.5
Timothe Luwawu-Cabarrot,SG,,,25,6'7,210 lbs,Brooklyn Nets,NBA,,"$654,469",--,,,,,9.0,210.0,6.583333333333333
Jeremiah Martin,PG,,,24,6'2,185 lbs,Brooklyn Nets,NBA,,--,Memphis,,,,,0.0,185.0,6.166666666666667
Dzanan Musa,SG,,,21,6'9,217 lbs,Brooklyn Nets,NBA,,"$1,911,600",--,,,,,13.0,217.0,6.75
Taurean Prince,PF,,,26,6'7,218 lbs,Brooklyn Nets,NBA,,"$3,481,986",Baylor,,,,,2.0,218.0,6.583333333333333
Garrett Temple,SG,,,34,6'5,195 lbs,Brooklyn Nets,NBA,,"$4,767,000",LSU,,,,,17.0,195.0,6.416666666666667
Lance Thomas,SF,,,32,6'8,235 lbs,Brooklyn Nets,NBA,,"$7,119,650",Duke,,,,,42.0,235.0,6.666666666666667
RJ Barrett,SG,,,20,6'6,214 lbs,New York Knicks,NBA,,"$7,839,960",Duke,,,,,9.0,214.0,6.5
Ignas Brazdeikis,SF,,,21,6'6,221 lbs,New York Knicks,NBA,,"$898,310",Michigan,,,,,17.0,221.0,6.5
Reggie Bullock,SF,,,29,6'6,205 lbs,New York Knicks,NBA,,"$4,000,000",North Carolina,,,,,25.0,205.0,6.5
Damyean Dotson,SG,,,26,6'5,210 lbs,New York Knicks,NBA,,"$1,618,520",Houston,,,,,21.0,210.0,6.416666666666667
Wayne Ellington,SG,,,32,6'4,207 lbs,New York Knicks,NBA,,"$8,000,000",North Carolina,,,,,2.0,207.0,6.333333333333333
Taj Gibson,C,,,35,6'9,232 lbs,New York Knicks,NBA,,"$9,000,000",USC,,,,,67.0,232.0,6.75
Maurice Harkless,SF,,,27,6'7,220 lbs,New York Knicks,NBA,,"$11,011,234",St. John's,,,,,3.0,220.0,6.583333333333333
Jared Harper,PG,,,22,5'11,175 lbs,New York Knicks,NBA,,--,Auburn,,,,,12.0,175.0,5.916666666666667
Kevin Knox II,SF,,,21,6'7,215 lbs,New York Knicks,NBA,,"$4,380,120",Kentucky,,,,,20.0,215.0,6.583333333333333
Frank Ntilikina,PG,,,22,6'4,200 lbs,New York Knicks,NBA,,"$4,855,800",--,,,,,11.0,200.0,6.333333333333333
Elfrid Payton,PG,,,26,6'3,195 lbs,New York Knicks,NBA,,"$8,000,000",Louisiana-Lafayette,,,,,6.0,195.0,6.25
Theo Pinson,SG,,,24,6'5,212 lbs,New York Knicks,NBA,,"$1,445,697",North Carolina,,,,,1.0,212.0,6.416666666666667
Bobby Portis,PF,,,25,6'10,250 lbs,New York Knicks,NBA,,"$15,000,000",Arkansas,,,,,1.0,250.0,6.833333333333333
Julius Randle,PF,,,25,6'8,250 lbs,New York Knicks,NBA,,"$18,000,000",Kentucky,,,,,30.0,250.0,6.666666666666667
Mitchell Robinson,C,,,22,7'0,240 lbs,New York Knicks,NBA,,"$1,599,712",Western Kentucky,,,,,23.0,240.0,7.0
Dennis Smith Jr.,PG,,,22,6'2,205 lbs,New York Knicks,NBA,,"$4,463,640",North Carolina State,,,,,5.0,205.0,6.166666666666667
Kenny Wooten,PF,,,22,6'9,225 lbs,New York Knicks,NBA,,--,Oregon,,,,,45.0,225.0,6.75
Ryan Broekhoff,SG,,,30,6'6,215 lbs,Philadelphia 76ers,NBA,,"$1,416,852",Valparaiso,,,,,45.0,215.0,6.5
Alec Burks,SG,,,29,6'6,214 lbs,Philadelphia 76ers,NBA,,"$1,620,564",Colorado,,,,,20.0,214.0,6.5
Joel Embiid,C,,,26,7'0,280 lbs,Philadelphia 76ers,NBA,,"$27,504,630",Kansas,,,,,21.0,280.0,7.0
Tobias Harris,SF,,,28,6'8,226 lbs,Philadelphia 76ers,NBA,,"$32,742,000",Tennessee,,,,,12.0,226.0,6.666666666666667
Al Horford,PF,,,34,6'9,240 lbs,Philadelphia 76ers,NBA,,"$28,000,000",Florida,,,,,42.0,240.0,6.75
Furkan Korkmaz,SG,,,23,6'7,202 lbs,Philadelphia 76ers,NBA,,"$1,620,564",--,,,,,30.0,202.0,6.583333333333333
Shake Milton,SG,,,23,6'5,205 lbs,Philadelphia 76ers,NBA,,"$1,455,697",SMU,,,,,18.0,205.0,6.416666666666667
Raul Neto,PG,,,28,6'1,180 lbs,Philadelphia 76ers,NBA,,"$1,620,564",--,,,,,19.0,180.0,6.083333333333333
Kyle O'Quinn,C,,,30,6'9,250 lbs,Philadelphia 76ers,NBA,,"$1,620,564",Norfolk State,,,,,9.0,250.0,6.75
Norvel Pelle,SF,,,27,6'10,231 lbs,Philadelphia 76ers,NBA,,"$350,189",--,,,,,14.0,231.0,6.833333333333333
Josh Richardson,SG,,,26,6'5,200 lbs,Philadelphia 76ers,NBA,,"$10,116,576",Tennessee,,,,,0.0,200.0,6.416666666666667
Glenn Robinson III,SF,,,26,6'6,222 lbs,Philadelphia 76ers,NBA,,"$1,620,564",Michigan,,,,,40.0,222.0,6.5
Mike Scott,PF,,,32,6'7,237 lbs,Philadelphia 76ers,NBA,,"$4,767,000",Virginia,,,,,1.0,237.0,6.583333333333333
Marial Shayok,SG,,,25,6'5,198 lbs,Philadelphia 76ers,NBA,,--,Iowa State,,,,,35.0,198.0,6.416666666666667
Ben Simmons,PG,,,24,6'10,240 lbs,Philadelphia 76ers,NBA,,"$8,113,930",LSU,,,,,25.0,240.0,6.833333333333333
Zhaire Smith,SG,,,21,6'3,205 lbs,Philadelphia 76ers,NBA,,"$3,058,800",Texas Tech,,,,,5.0,205.0,6.25
Matisse Thybulle,SG,,,23,6'5,201 lbs,Philadelphia 76ers,NBA,,"$2,582,160",Washington,,,,,22.0,201.0,6.416666666666667
OG Anunoby,SF,,,23,6'7,232 lbs,Toronto Raptors,NBA,,"$2,281,800",Indiana,,,,,3.0,232.0,6.583333333333333
Chris Boucher,PF,,,27,6'9,200 lbs,Toronto Raptors,NBA,,"$1,588,231",Oregon,,,,,25.0,200.0,6.75
Oshae Brissett,SF,,,22,6'7,210 lbs,Toronto Raptors,NBA,,--,Syracuse,,,,,12.0,210.0,6.583333333333333
Terence Davis,SG,,,23,6'4,201 lbs,Toronto Raptors,NBA,,"$898,310",Ole Miss,,,,,0.0,201.0,6.333333333333333
Marc Gasol,C,,,35,6'11,255 lbs,Toronto Raptors,NBA,,"$25,595,700",--,,,,,33.0,255.0,6.916666666666667
Dewan Hernandez,C,,,23,6'10,235 lbs,Toronto Raptors,NBA,,"$898,310",Miami (FL),,,,,20.0,235.0,6.833333333333333
Rondae Hollis-Jefferson,SF,,,25,6'6,217 lbs,Toronto Raptors,NBA,,"$2,500,000",Arizona,,,,,4.0,217.0,6.5
Serge Ibaka,C,,,30,7'0,235 lbs,Toronto Raptors,NBA,,"$23,271,604",--,,,,,9.0,235.0,7.0
Stanley Johnson,SF,,,24,6'6,242 lbs,Toronto Raptors,NBA,,"$3,623,000",Arizona,,,,,5.0,242.0,6.5
Kyle Lowry,PG,,,34,6'0,196 lbs,Toronto Raptors,NBA,,"$34,996,296",Villanova,,,,,7.0,196.0,6.0
Patrick McCaw,SF,,,24,6'7,181 lbs,Toronto Raptors,NBA,,"$4,000,000",UNLV,,,,,22.0,181.0,6.583333333333333
Malcolm Miller,SG,,,27,6'7,210 lbs,Toronto Raptors,NBA,,"$1,588,231",Holy Cross,,,,,13.0,210.0,6.583333333333333
Norman Powell,SG,,,27,6'3,215 lbs,Toronto Raptors,NBA,,"$10,116,576",UCLA,,,,,24.0,215.0,6.25
Pascal Siakam,PF,,,26,6'9,230 lbs,Toronto Raptors,NBA,,"$2,351,839",New Mexico State,,,,,43.0,230.0,6.75
Matt Thomas,SG,,,26,6'4,190 lbs,Toronto Raptors,NBA,,"$898,310",Iowa State,,,,,21.0,190.0,6.333333333333333
Fred VanVleet,SG,,,26,6'1,197 lbs,Toronto Raptors,NBA,,"$9,346,153",Wichita State,,,,,23.0,197.0,6.083333333333333
Paul Watson,SF,,,25,6'6,210 lbs,Toronto Raptors,NBA,,--,Fresno State,,,,,1.0,210.0,6.5
Ryan Arcidiacono,PG,,,26,6'3,195 lbs,Chicago Bulls,NBA,,"$3,000,000",Villanova,,,,,51.0,195.0,6.25
Wendell Carter Jr.,C,,,21,6'9,270 lbs,Chicago Bulls,NBA,,"$5,201,400",Duke,,,,,34.0,270.0,6.75
Kris Dunn,PG,,,26,6'3,205 lbs,Chicago Bulls,NBA,,"$5,348,007",Providence,,,,,32.0,205.0,6.25
Cristiano Felicio,PF,,,28,6'10,270 lbs,Chicago Bulls,NBA,,"$8,156,500",--,,,,,6.0,270.0,6.833333333333333
Daniel Gafford,PF,,,21,6'10,234 lbs,Chicago Bulls,NBA,,"$898,310",Arkansas,,,,,12.0,234.0,6.833333333333333
Shaquille Harrison,PG,,,26,6'7,190 lbs,Chicago Bulls,NBA,,"$1,620,564",Tulsa,,,,,3.0,190.0,6.583333333333333
Chandler Hutchison,SF,,,24,6'7,210 lbs,Chicago Bulls,NBA,,"$2,332,320",Boise State,,,,,15.0,210.0,6.583333333333333
Luke Kornet,C,,,25,7'2,250 lbs,Chicago Bulls,NBA,,"$2,250,000",Vanderbilt,,,,,2.0,250.0,7.166666666666667
Zach LaVine,PG,,,25,6'6,200 lbs,Chicago Bulls,NBA,,"$19,500,000",UCLA,,,,,8.0,200.0,6.5
Lauri Markkanen,PF,,,23,7'0,240 lbs,Chicago Bulls,NBA,,"$5,300,400",Arizona,,,,,24.0,240.0,7.0
Adam Mokoka,SG,,,22,6'5,190 lbs,Chicago Bulls,NBA,,--,--,,,,,20.0,190.0,6.416666666666667
Otto Porter Jr.,SF,,,27,6'8,198 lbs,Chicago Bulls,NBA,,"$27,250,575",Georgetown,,,,,22.0,198.0,6.666666666666667
Tomas Satoransky,SG,,,28,6'7,210 lbs,Chicago Bulls,NBA,,"$10,000,000",--,,,,,31.0,210.0,6.583333333333333
Max Strus,SG,,,24,6'5,215 lbs,Chicago Bulls,NBA,,"$898,310",DePaul,,,,,28.0,215.0,6.416666666666667
Denzel Valentine,SG,,,26,6'4,220 lbs,Chicago Bulls,NBA,,"$3,377,569",Michigan State,,,,,45.0,220.0,6.333333333333333
Coby White,PG,,,20,6'4,195 lbs,Chicago Bulls,NBA,,"$5,307,120",North Carolina,,,,,0.0,195.0,6.333333333333333
Thaddeus Young,PF,,,32,6'8,235 lbs,Chicago Bulls,NBA,,"$12,900,000",Georgia Tech,,,,,21.0,235.0,6.666666666666667
Jordan Bell,PF,,,25,6'8,216 lbs,Cleveland Cavaliers,NBA,,"$1,620,564",Oregon,,,,,5.0,216.0,6.666666666666667
Matthew Dellavedova,PG,,,29,6'3,200 lbs,Cleveland Cavaliers,NBA,,"$9,607,500",Saint Mary's,,,,,18.0,200.0,6.25
Andre Drummond,C,,,27,6'10,279 lbs,Cleveland Cavaliers,NBA,,"$27,093,019",Connecticut,,,,,3.0,279.0,6.833333333333333
Dante Exum,PG,,,25,6'5,214 lbs,Cleveland Cavaliers,NBA,,"$9,600,000",--,,,,,1.0,214.0,6.416666666666667
Darius Garland,PG,,,20,6'1,192 lbs,Cleveland Cavaliers,NBA,,"$6,400,920",Vanderbilt,,,,,10.0,192.0,6.083333333333333
Kevin Love,PF,,,31,6'8,251 lbs,Cleveland Cavaliers,NBA,,"$28,942,830",UCLA,,,,,0.0,251.0,6.666666666666667
Alfonzo McKinnie,SF,,,27,6'7,215 lbs,Cleveland Cavaliers,NBA,,"$1,500,000",Green Bay,,,,,28.0,215.0,6.583333333333333
Matt Mooney,SG,,,25,6'3,200 lbs,Cleveland Cavaliers,NBA,,--,Texas Tech,,,,,31.0,200.0,6.25
Larry Nance Jr.,PF,,,27,6'7,245 lbs,Cleveland Cavaliers,NBA,,"$12,727,273",Wyoming,,,,,22.0,245.0,6.583333333333333
Cedi Osman,SF,,,25,6'7,230 lbs,Cleveland Cavaliers,NBA,,"$2,907,143",--,,,,,16.0,230.0,6.583333333333333
Kevin Porter Jr.,SG,,,20,6'4,203 lbs,Cleveland Cavaliers,NBA,,"$1,290,960",USC,,,,,4.0,203.0,6.333333333333333
Collin Sexton,PG,,,21,6'1,190 lbs,Cleveland Cavaliers,NBA,,"$4,764,960",Alabama,,,,,2.0,190.0,6.083333333333333
Tristan Thompson,C,,,29,6'9,254 lbs,Cleveland Cavaliers,NBA,,"$18,539,130",Texas,,,,,13.0,254.0,6.75
Dean Wade,PF,,,23,6'9,228 lbs,Cleveland Cavaliers,NBA,,--,Kansas State,,,,,32.0,228.0,6.75
Dylan Windler,SG,,,23,6'6,196 lbs,Cleveland Cavaliers,NBA,,"$2,035,800",Belmont,,,,,9.0,196.0,6.5
Ante Zizic,C,,,23,6'10,266 lbs,Cleveland Cavaliers,NBA,,"$2,281,800",--,,,,,41.0,266.0,6.833333333333333
Jordan Bone,PG,,,22,6'3,180 lbs,Detroit Pistons,NBA,,--,Tennessee,,,,,18.0,180.0,6.25
Bruce Brown,SG,,,24,6'4,202 lbs,Detroit Pistons,NBA,,"$1,416,852",Miami (FL),,,,,6.0,202.0,6.333333333333333
Sekou Doumbouya,SF,,,19,6'8,230 lbs,Detroit Pistons,NBA,,"$3,285,120",--,,,,,45.0,230.0,6.666666666666667
Langston Galloway,SG,,,28,6'1,200 lbs,Detroit Pistons,NBA,,"$7,333,333",Saint Joseph's,,,,,9.0,200.0,6.083333333333333
Blake Griffin,PF,,,31,6'9,250 lbs,Detroit Pistons,NBA,,"$34,449,964",Oklahoma,,,,,23.0,250.0,6.75
John Henson,PF,,,29,6'9,219 lbs,Detroit Pistons,NBA,,"$9,732,396",North Carolina,,,,,31.0,219.0,6.75
Luke Kennard,SG,,,24,6'5,206 lbs,Detroit Pistons,NBA,,"$3,827,160",Duke,,,,,5.0,206.0,6.416666666666667
Louis King,SF,,,21,6'7,205 lbs,Detroit Pistons,NBA,,--,Oregon,,,,,14.0,205.0,6.583333333333333
Brandon Knight,PG,,,28,6'2,182 lbs,Detroit Pistons,NBA,,"$15,643,750",Kentucky,,,,,20.0,182.0,6.166666666666667
Thon Maker,C,,,23,7'0,221 lbs,Detroit Pistons,NBA,,"$3,569,643",--,,,,,7.0,221.0,7.0
Jordan McRae,SG,,,29,6'5,179 lbs,Detroit Pistons,NBA,,"$1,645,357",Tennessee,,,,,52.0,179.0,6.416666666666667
Sviatoslav Mykhailiuk,SG,,,23,6'7,205 lbs,Detroit Pistons,NBA,,"$1,416,852",Kansas,,,,,19.0,205.0,6.583333333333333
Justin Patton,C,,,23,6'11,241 lbs,Detroit Pistons,NBA,,"$1,620,564",Creighton,,,,,13.0,241.0,6.916666666666667
Derrick Rose,PG,,,31,6'2,200 lbs,Detroit Pistons,NBA,,"$7,317,073",Memphis,,,,,25.0,200.0,6.166666666666667
Tony Snell,SF,,,28,6'6,213 lbs,Detroit Pistons,NBA,,"$11,392,857",New Mexico,,,,,17.0,213.0,6.5
Khyri Thomas,SG,,,24,6'3,210 lbs,Detroit Pistons,NBA,,"$1,416,852",Creighton,,,,,13.0,210.0,6.25
Christian Wood,PF,,,24,6'10,214 lbs,Detroit Pistons,NBA,,"$1,645,357",UNLV,,,,,35.0,214.0,6.833333333333333
Goga Bitadze,C,,,21,6'11,250 lbs,Indiana Pacers,NBA,,"$2,816,760",--,,,,,88.0,250.0,6.916666666666667
Brian Bowen II,SG,,,21,6'6,190 lbs,Indiana Pacers,NBA,,--,--,,,,,10.0,190.0,6.5
Malcolm Brogdon,PG,,,27,6'5,229 lbs,Indiana Pacers,NBA,,"$20,000,000",Virginia,,,,,7.0,229.0,6.416666666666667
Aaron Holiday,PG,,,23,6'0,185 lbs,Indiana Pacers,NBA,,"$2,329,200",UCLA,,,,,3.0,185.0,6.0
Justin Holiday,SF,,,31,6'6,180 lbs,Indiana Pacers,NBA,,"$4,767,000",Washington,,,,,8.0,180.0,6.5
Alize Johnson,PF,,,24,6'7,212 lbs,Indiana Pacers,NBA,,"$1,416,852",Missouri State,,,,,24.0,212.0,6.583333333333333
Jeremy Lamb,SG,,,28,6'5,180 lbs,Indiana Pacers,NBA,,"$10,500,000",Connecticut,,,,,26.0,180.0,6.416666666666667
T.J. Leaf,PF,,,23,6'10,222 lbs,Indiana Pacers,NBA,,"$2,813,280",UCLA,,,,,22.0,222.0,6.833333333333333
T.J. McConnell,PG,,,28,6'1,190 lbs,Indiana Pacers,NBA,,"$3,500,000",Arizona,,,,,9.0,190.0,6.083333333333333
Doug McDermott,SF,,,28,6'7,225 lbs,Indiana Pacers,NBA,,"$7,333,333",Creighton,,,,,20.0,225.0,6.583333333333333
Naz Mitrou-Long,SG,,,27,6'3,218 lbs,Indiana Pacers,NBA,,--,Iowa State,,,,,15.0,218.0,6.25
Victor Oladipo,SG,,,28,6'4,213 lbs,Indiana Pacers,NBA,,"$21,000,000",Indiana,,,,,4.0,213.0,6.333333333333333
Domantas Sabonis,PF,,,24,6'11,240 lbs,Indiana Pacers,NBA,,"$3,529,555",Gonzaga,,,,,11.0,240.0,6.916666666666667
JaKarr Sampson,SF,,,27,6'7,214 lbs,Indiana Pacers,NBA,,"$1,620,564",St. John's,,,,,14.0,214.0,6.583333333333333
Edmond Sumner,PG,,,24,6'4,196 lbs,Indiana Pacers,NBA,,"$2,000,000",Xavier,,,,,5.0,196.0,6.333333333333333
Myles Turner,C,,,24,6'11,250 lbs,Indiana Pacers,NBA,,"$18,000,000",Texas,,,,,33.0,250.0,6.916666666666667
T.J. Warren,SF,,,26,6'8,220 lbs,Indiana Pacers,NBA,,"$10,810,000",North Carolina State,,,,,1.0,220.0,6.666666666666667
Giannis Antetokounmpo,PF,,,25,6'11,242 lbs,Milwaukee Bucks,NBA,,"$25,842,697",--,,,,,34.0,242.0,6.916666666666667
Thanasis Antetokounmpo,SF,,,28,6'6,219 lbs,Milwaukee Bucks,NBA,,"$1,445,697",--,,,,,43.0,219.0,6.5
Eric Bledsoe,PG,,,30,6'1,214 lbs,Milwaukee Bucks,NBA,,"$15,625,000",Kentucky,,,,,6.0,214.0,6.083333333333333
Sterling Brown,SG,,,25,6'5,219 lbs,Milwaukee Bucks,NBA,,"$1,618,520",SMU,,,,,23.0,219.0,6.416666666666667
Pat Connaughton,SG,,,27,6'5,209 lbs,Milwaukee Bucks,NBA,,"$1,723,050",Notre Dame,,,,,24.0,209.0,6.416666666666667
Donte DiVincenzo,SG,,,23,6'4,203 lbs,Milwaukee Bucks,NBA,,"$2,905,800",Villanova,,,,,0.0,203.0,6.333333333333333
George Hill,PG,,,34,6'3,188 lbs,Milwaukee Bucks,NBA,,"$9,133,907",IUPUI,,,,,3.0,188.0,6.25
Ersan Ilyasova,PF,,,33,6'9,235 lbs,Milwaukee Bucks,NBA,,"$7,000,000",--,,,,,7.0,235.0,6.75
Kyle Korver,SG,,,39,6'7,212 lbs,Milwaukee Bucks,NBA,,"$1,620,564",Creighton,,,,,26.0,212.0,6.583333333333333
Brook Lopez,C,,,32,7'0,282 lbs,Milwaukee Bucks,NBA,,"$12,093,023",Stanford,,,,,11.0,282.0,7.0
Robin Lopez,C,,,32,7'0,281 lbs,Milwaukee Bucks,NBA,,"$4,767,000",Stanford,,,,,42.0,281.0,7.0
Frank Mason III,PG,,,26,5'11,190 lbs,Milwaukee Bucks,NBA,,--,Kansas,,,,,15.0,190.0,5.916666666666667
Wesley Matthews,SG,,,33,6'4,220 lbs,Milwaukee Bucks,NBA,,"$2,564,753",Marquette,,,,,9.0,220.0,6.333333333333333
Khris Middleton,SF,,,29,6'7,222 lbs,Milwaukee Bucks,NBA,,"$30,603,448",Texas A&M,,,,,22.0,222.0,6.583333333333333
Cameron Reynolds,SG,,,25,6'7,225 lbs,Milwaukee Bucks,NBA,,--,Tulane,,,,,13.0,225.0,6.583333333333333
Marvin Williams,PF,,,34,6'8,237 lbs,Milwaukee Bucks,NBA,,"$604,278",North Carolina,,,,,20.0,237.0,6.666666666666667
D.J. Wilson,PF,,,24,6'10,231 lbs,Milwaukee Bucks,NBA,,"$2,961,120",Michigan,,,,,5.0,231.0,6.833333333333333
Will Barton,SF,,,29,6'5,181 lbs,Denver Nuggets,NBA,,"$12,776,786",Memphis,,,,,5.0,181.0,6.416666666666667
Keita Bates-Diop,SF,,,24,6'8,229 lbs,Denver Nuggets,NBA,,"$1,416,852",Ohio State,,,,,6.0,229.0,6.666666666666667
Bol Bol,C,,,20,7'2,220 lbs,Denver Nuggets,NBA,,--,Oregon,,,,,10.0,220.0,7.166666666666667
Vlatko Cancar,SF,,,23,6'8,236 lbs,Denver Nuggets,NBA,,"$898,310",--,,,,,31.0,236.0,6.666666666666667
Tyler Cook,PF,,,22,6'8,255 lbs,Denver Nuggets,NBA,,--,Iowa,,,,,25.0,255.0,6.666666666666667
Torrey Craig,SF,,,29,6'7,221 lbs,Denver Nuggets,NBA,,"$2,000,000",USC Upstate,,,,,3.0,221.0,6.583333333333333
Troy Daniels,SG,,,29,6'4,205 lbs,Denver Nuggets,NBA,,"$384,541",Virginia Commonwealth,,,,,30.0,205.0,6.333333333333333
PJ Dozier,PG,,,23,6'6,205 lbs,Denver Nuggets,NBA,,--,South Carolina,,,,,35.0,205.0,6.5
Jerami Grant,PF,,,26,6'8,210 lbs,Denver Nuggets,NBA,,"$9,346,153",Syracuse,,,,,9.0,210.0,6.666666666666667
Gary Harris,SG,,,25,6'4,210 lbs,Denver Nuggets,NBA,,"$17,839,286",Michigan State,,,,,14.0,210.0,6.333333333333333
Nikola Jokic,C,,,25,7'0,284 lbs,Denver Nuggets,NBA,,"$27,504,630",--,,,,,15.0,284.0,7.0
Paul Millsap,PF,,,35,6'7,257 lbs,Denver Nuggets,NBA,,"$30,350,000",Louisiana Tech,,,,,4.0,257.0,6.583333333333333
Monte Morris,PG,,,25,6'2,183 lbs,Denver Nuggets,NBA,,"$1,588,231",Iowa State,,,,,11.0,183.0,6.166666666666667
Jamal Murray,PG,,,23,6'4,215 lbs,Denver Nuggets,NBA,,"$4,444,746",Kentucky,,,,,27.0,215.0,6.333333333333333
Mason Plumlee,PF,,,30,6'11,254 lbs,Denver Nuggets,NBA,,"$14,041,096",Duke,,,,,7.0,254.0,6.916666666666667
Michael Porter Jr.,PF,,,22,6'10,218 lbs,Denver Nuggets,NBA,,"$3,389,400",Missouri,,,,,1.0,218.0,6.833333333333333
Noah Vonleh,PF,,,25,6'10,257 lbs,Denver Nuggets,NBA,,"$2,000,000",Indiana,,,,,32.0,257.0,6.833333333333333
Malik Beasley,SG,,,23,6'4,187 lbs,Minnesota Timberwolves,NBA,,"$2,731,714",Florida State,,,,,5.0,187.0,6.333333333333333
Jarrett Culver,SG,,,21,6'6,195 lbs,Minnesota Timberwolves,NBA,,"$5,813,640",Texas Tech,,,,,23.0,195.0,6.5
Jacob Evans,SG,,,23,6'4,210 lbs,Minnesota Timberwolves,NBA,,"$1,925,880",Cincinnati,,,,,12.0,210.0,6.333333333333333
Juan Hernangomez,PF,,,24,6'9,214 lbs,Minnesota Timberwolves,NBA,,"$3,321,030",--,,,,,41.0,214.0,6.75
James Johnson,PF,,,33,6'7,240 lbs,Minnesota Timberwolves,NBA,,"$15,349,400",Wake Forest,,,,,16.0,240.0,6.583333333333333
Jake Layman,SF,,,26,6'8,209 lbs,Minnesota Timberwolves,NBA,,"$3,581,986",Maryland,,,,,10.0,209.0,6.666666666666667
Kelan Martin,SF,,,25,6'5,230 lbs,Minnesota Timberwolves,NBA,,--,Butler,,,,,30.0,230.0,6.416666666666667
Jordan McLaughlin,PG,,,24,5'11,185 lbs,Minnesota Timberwolves,NBA,,--,USC,,,,,6.0,185.0,5.916666666666667
Jaylen Nowell,SG,,,21,6'4,201 lbs,Minnesota Timberwolves,NBA,,"$1,400,000",Washington,,,,,4.0,201.0,6.333333333333333
Josh Okogie,SF,,,21,6'4,213 lbs,Minnesota Timberwolves,NBA,,"$2,530,680",Georgia Tech,,,,,20.0,213.0,6.333333333333333
Naz Reid,C,,,21,6'9,264 lbs,Minnesota Timberwolves,NBA,,"$898,310",LSU,,,,,11.0,264.0,6.75
D'Angelo Russell,SG,,,24,6'4,193 lbs,Minnesota Timberwolves,NBA,,"$27,285,000",Ohio State,,,,,0.0,193.0,6.333333333333333
Omari Spellman,PF,,,23,6'8,245 lbs,Minnesota Timberwolves,NBA,,"$1,897,800",Villanova,,,,,14.0,245.0,6.666666666666667
Karl-Anthony Towns,C,,,24,6'11,248 lbs,Minnesota Timberwolves,NBA,,"$27,285,000",Kentucky,,,,,32.0,248.0,6.916666666666667
Evan Turner,SG,,,31,6'6,220 lbs,Minnesota Timberwolves,NBA,,"$18,606,556",Ohio State,,,,,1.0,220.0,6.5
Jarred Vanderbilt,PF,,,21,6'9,214 lbs,Minnesota Timberwolves,NBA,,"$1,416,852",Kentucky,,,,,3.0,214.0,6.75
Steven Adams,C,,,27,6'11,265 lbs,Oklahoma City Thunder,NBA,,"$25,842,697",Pittsburgh,,,,,12.0,265.0,6.916666666666667
Darius Bazley,SF,,,20,6'8,208 lbs,Oklahoma City Thunder,NBA,,"$2,284,800",--,,,,,7.0,208.0,6.666666666666667
Deonte Burton,SG,,,26,6'4,240 lbs,Oklahoma City Thunder,NBA,,"$1,416,852",Iowa State,,,,,30.0,240.0,6.333333333333333
Hamidou Diallo,SG,,,22,6'5,202 lbs,Oklahoma City Thunder,NBA,,"$1,416,852",Kentucky,,,,,6.0,202.0,6.416666666666667
Luguentz Dort,SG,,,21,6'3,215 lbs,Oklahoma City Thunder,NBA,,"$155,647",Arizona State,,,,,5.0,215.0,6.25
Terrance Ferguson,SF,,,22,6'6,190 lbs,Oklahoma City Thunder,NBA,,"$2,475,840",--,,,,,23.0,190.0,6.5
Danilo Gallinari,PF,,,32,6'10,233 lbs,Oklahoma City Thunder,NBA,,"$22,615,559",--,,,,,8.0,233.0,6.833333333333333
Shai Gilgeous-Alexander,SG,,,22,6'5,180 lbs,Oklahoma City Thunder,NBA,,"$3,952,920",Kentucky,,,,,2.0,180.0,6.416666666666667
Devon Hall,SG,,,25,6'2,215 lbs,Oklahoma City Thunder,NBA,,--,Virginia,,,,,14.0,215.0,6.166666666666667
Kevin Hervey,PF,,,24,6'9,230 lbs,Oklahoma City Thunder,NBA,,--,Texas-Arlington,,,,,15.0,230.0,6.75
Mike Muscala,PF,,,29,6'10,240 lbs,Oklahoma City Thunder,NBA,,"$2,028,594",Bucknell,,,,,33.0,240.0,6.833333333333333
Abdel Nader,SF,,,26,6'5,225 lbs,Oklahoma City Thunder,NBA,,"$1,618,520",Iowa State,,,,,11.0,225.0,6.416666666666667
Nerlens Noel,C,,,26,6'10,220 lbs,Oklahoma City Thunder,NBA,,"$1,620,564",Kentucky,,,,,9.0,220.0,6.833333333333333
Chris Paul,PG,,,35,6'1,175 lbs,Oklahoma City Thunder,NBA,,"$38,506,482",Wake Forest,,,,,3.0,175.0,6.083333333333333
Andre Roberson,SG,,,28,6'7,210 lbs,Oklahoma City Thunder,NBA,,"$10,740,740",Colorado,,,,,21.0,210.0,6.583333333333333
Isaiah Roby,SF,,,22,6'8,230 lbs,Oklahoma City Thunder,NBA,,"$1,500,000",Nebraska,,,,,22.0,230.0,6.666666666666667
Dennis Schroder,PG,,,26,6'1,172 lbs,Oklahoma City Thunder,NBA,,"$15,500,000",--,,,,,17.0,172.0,6.083333333333333
Jaylen Adams,PG,,,24,6'2,190 lbs,Portland Trail Blazers,NBA,,--,St. Bonaventure,,,,,10.0,190.0,6.166666666666667
Carmelo Anthony,PF,,,36,6'8,238 lbs,Portland Trail Blazers,NBA,,"$1,364,204",Syracuse,,,,,0.0,238.0,6.666666666666667
Trevor Ariza,SF,,,35,6'8,215 lbs,Portland Trail Blazers,NBA,,"$12,195,122",UCLA,,,,,8.0,215.0,6.666666666666667
Moses Brown,C,,,20,7'2,245 lbs,Portland Trail Blazers,NBA,,--,UCLA,,,,,4.0,245.0,7.166666666666667
Zach Collins,PF,,,22,6'11,250 lbs,Portland Trail Blazers,NBA,,"$4,240,200",Gonzaga,,,,,33.0,250.0,6.916666666666667
Wenyen Gabriel,PF,,,23,6'9,205 lbs,Portland Trail Blazers,NBA,,"$1,445,697",Kentucky,,,,,35.0,205.0,6.75
Mario Hezonja,SF,,,25,6'8,220 lbs,Portland Trail Blazers,NBA,,"$1,737,145",--,,,,,44.0,220.0,6.666666666666667
Jaylen Hoard,SF,,,21,6'8,216 lbs,Portland Trail Blazers,NBA,,--,Wake Forest,,,,,6.0,216.0,6.666666666666667
Rodney Hood,SF,,,27,6'8,208 lbs,Portland Trail Blazers,NBA,,"$5,718,000",Duke,,,,,5.0,208.0,6.666666666666667
Damian Lillard,PG,,,30,6'2,195 lbs,Portland Trail Blazers,NBA,,"$29,802,321",Weber State,,,,,0.0,195.0,6.166666666666667
Nassir Little,SF,,,20,6'5,220 lbs,Portland Trail Blazers,NBA,,"$2,105,520",North Carolina,,,,,9.0,220.0,6.416666666666667
CJ McCollum,SG,,,28,6'3,190 lbs,Portland Trail Blazers,NBA,,"$27,556,959",Lehigh,,,,,3.0,190.0,6.25
Jusuf Nurkic,C,,,26,7'0,290 lbs,Portland Trail Blazers,NBA,,"$13,125,000",--,,,,,27.0,290.0,7.0
Anfernee Simons,SG,,,21,6'3,181 lbs,Portland Trail Blazers,NBA,,"$2,149,560",--,,,,,1.0,181.0,6.25
Caleb Swanigan,PF,,,23,6'9,260 lbs,Portland Trail Blazers,NBA,,"$2,033,160",Purdue,,,,,50.0,260.0,6.75
Gary Trent Jr.,SG,,,21,6'5,209 lbs,Portland Trail Blazers,NBA,,"$1,416,852",Duke,,,,,2.0,209.0,6.416666666666667
Hassan Whiteside,C,,,31,7'0,265 lbs,Portland Trail Blazers,NBA,,"$27,093,017",Marshall,,,,,21.0,265.0,7.0
Bojan Bogdanovic,SF,,,31,6'8,226 lbs,Utah Jazz,NBA,,"$17,000,000",--,,,,,44.0,226.0,6.666666666666667
Tony Bradley,C,,,22,6'10,248 lbs,Utah Jazz,NBA,,"$1,962,360",North Carolina,,,,,13.0,248.0,6.833333333333333
Jarrell Brantley,PF,,,24,6'5,250 lbs,Utah Jazz,NBA,,--,Charleston,,,,,5.0,250.0,6.416666666666667
Jordan Clarkson,PG,,,28,6'4,192 lbs,Utah Jazz,NBA,,"$13,437,500",Missouri,,,,,0.0,192.0,6.333333333333333
Mike Conley,PG,,,32,6'1,175 lbs,Utah Jazz,NBA,,"$32,511,624",Ohio State,,,,,10.0,175.0,6.083333333333333
Ed Davis,C,,,31,6'9,218 lbs,Utah Jazz,NBA,,"$4,767,000",North Carolina,,,,,17.0,218.0,6.75
Rudy Gobert,C,,,28,7'1,258 lbs,Utah Jazz,NBA,,"$23,241,573",--,,,,,27.0,258.0,7.083333333333333
Joe Ingles,SG,,,32,6'7,220 lbs,Utah Jazz,NBA,,"$11,954,546",--,,,,,2.0,220.0,6.583333333333333
Donovan Mitchell,SG,,,23,6'1,215 lbs,Utah Jazz,NBA,,"$3,635,760",Louisville,,,,,45.0,215.0,6.083333333333333
Juwan Morgan,SF,,,23,6'7,232 lbs,Utah Jazz,NBA,,"$746,054",Indiana,,,,,16.0,232.0,6.583333333333333
Emmanuel Mudiay,PG,,,24,6'3,200 lbs,Utah Jazz,NBA,,"$1,620,564",--,,,,,15.0,200.0,6.25
Georges Niang,SF,,,27,6'7,230 lbs,Utah Jazz,NBA,,"$1,645,357",Iowa State,,,,,31.0,230.0,6.583333333333333
Royce O'Neale,SF,,,27,6'4,226 lbs,Utah Jazz,NBA,,"$1,618,520",Baylor,,,,,23.0,226.0,6.333333333333333
Miye Oni,SG,,,23,6'5,206 lbs,Utah Jazz,NBA,,"$898,310",Yale,,,,,81.0,206.0,6.416666666666667
Rayjon Tucker,SG,,,22,6'3,209 lbs,Utah Jazz,NBA,,"$578,573",Arkansas-Little Rock,,,,,6.0,209.0,6.25
Nigel Williams-Goss,PG,,,25,6'2,190 lbs,Utah Jazz,NBA,,"$1,500,000",Gonzaga,,,,,0.0,190.0,6.166666666666667
Justin Wright-Foreman,PG,,,22,6'0,190 lbs,Utah Jazz,NBA,,--,Hofstra,,,,,3.0,190.0,6.0
Ky Bowman,PG,,,23,6'1,187 lbs,Golden State Warriors,NBA,,"$350,189",Boston College,,,,,12.0,187.0,6.083333333333333
Marquese Chriss,C,,,23,6'9,240 lbs,Golden State Warriors,NBA,,"$654,469",Washington,,,,,32.0,240.0,6.75
Stephen Curry,PG,,,32,6'3,185 lbs,Golden State Warriors,NBA,,"$40,231,758",Davidson,,,,,30.0,185.0,6.25
Draymond Green,PF,,,30,6'6,230 lbs,Golden State Warriors,NBA,,"$18,539,130",Michigan State,,,,,23.0,230.0,6.5
Damion Lee,SG,,,27,6'5,210 lbs,Golden State Warriors,NBA,,"$842,327",Louisville,,,,,1.0,210.0,6.416666666666667
Kevon Looney,PF,,,24,6'9,222 lbs,Golden State Warriors,NBA,,"$4,464,226",UCLA,,,,,5.0,222.0,6.75
Mychal Mulder,G,,,26,6'4,184 lbs,Golden State Warriors,NBA,,--,Kentucky,,,,,12.0,184.0,6.333333333333333
Eric Paschall,PF,,,23,6'6,255 lbs,Golden State Warriors,NBA,,"$898,310",Villanova,,,,,7.0,255.0,6.5
Jordan Poole,SG,,,21,6'4,194 lbs,Golden State Warriors,NBA,,"$1,964,760",Michigan,,,,,3.0,194.0,6.333333333333333
Alen Smailagic,PF,,,20,6'10,215 lbs,Golden State Warriors,NBA,,"$898,310",--,,,,,6.0,215.0,6.833333333333333
Klay Thompson,SG,,,30,6'6,215 lbs,Golden State Warriors,NBA,,"$32,742,000",Washington State,,,,,11.0,215.0,6.5
Juan Toscano-Anderson,SF,,,27,6'6,209 lbs,Golden State Warriors,NBA,,"$350,189",Marquette,,,,,95.0,209.0,6.5
Andrew Wiggins,SF,,,25,6'7,197 lbs,Golden State Warriors,NBA,,"$27,504,630",Kansas,,,,,22.0,197.0,6.583333333333333
Patrick Beverley,PG,,,32,6'1,180 lbs,LA Clippers,NBA,,"$12,345,680",Arkansas,,,,,21.0,180.0,6.083333333333333
Amir Coffey,SG,,,23,6'7,210 lbs,LA Clippers,NBA,,--,Minnesota,,,,,7.0,210.0,6.583333333333333
Paul George,SG,,,30,6'8,220 lbs,LA Clippers,NBA,,"$30,560,700",Fresno State,,,,,13.0,220.0,6.666666666666667
JaMychal Green,PF,,,30,6'8,227 lbs,LA Clippers,NBA,,"$4,767,000",Alabama,,,,,4.0,227.0,6.666666666666667
Montrezl Harrell,PF,,,26,6'7,240 lbs,LA Clippers,NBA,,"$6,000,000",Louisville,,,,,5.0,240.0,6.583333333333333
Reggie Jackson,PG,,,30,6'3,208 lbs,LA Clippers,NBA,,"$512,721",Boston College,,,,,1.0,208.0,6.25
Mfiondu Kabengele,PF,,,23,6'9,250 lbs,LA Clippers,NBA,,"$1,977,000",Florida State,,,,,25.0,250.0,6.75
Kawhi Leonard,SF,,,29,6'7,225 lbs,LA Clippers,NBA,,"$32,742,000",San Diego State,,,,,2.0,225.0,6.583333333333333
Terance Mann,SG,,,23,6'5,215 lbs,LA Clippers,NBA,,"$1,000,000",Florida State,,,,,14.0,215.0,6.416666666666667
Rodney McGruder,SG,,,29,6'4,205 lbs,LA Clippers,NBA,,"$4,807,693",Kansas State,,,,,19.0,205.0,6.333333333333333
Marcus Morris Sr.,SF,,,30,6'8,218 lbs,LA Clippers,NBA,,"$15,000,000",Kansas,,,,,31.0,218.0,6.666666666666667
Johnathan Motley,PF,,,25,6'8,230 lbs,LA Clippers,NBA,,--,Baylor,,,,,15.0,230.0,6.666666666666667
Joakim Noah,C,,,35,6'11,230 lbs,LA Clippers,NBA,,--,Florida,,,,,55.0,230.0,6.916666666666667
Patrick Patterson,PF,,,31,6'8,235 lbs,LA Clippers,NBA,,"$1,620,564",Kentucky,,,,,54.0,235.0,6.666666666666667
Landry Shamet,SG,,,23,6'4,190 lbs,LA Clippers,NBA,,"$1,995,120",Wichita State,,,,,20.0,190.0,6.333333333333333
Lou Williams,SG,,,33,6'1,175 lbs,LA Clippers,NBA,,"$8,000,000",--,,,,,23.0,175.0,6.083333333333333
Ivica Zubac,C,,,23,7'0,240 lbs,LA Clippers,NBA,,"$6,481,482",--,,,,,40.0,240.0,7.0
Kostas Antetokounmpo,PF,,,22,6'10,200 lbs,Los Angeles Lakers,NBA,,--,Dayton,,,,,37.0,200.0,6.833333333333333
Avery Bradley,PG,,,29,6'3,180 lbs,Los Angeles Lakers,NBA,,"$4,767,000",Texas,,,,,11.0,180.0,6.25
Devontae Cacok,C,,,23,6'8,240 lbs,Los Angeles Lakers,NBA,,--,North Carolina-Wilmington,,,,,12.0,240.0,6.666666666666667
Kentavious Caldwell-Pope,SG,,,27,6'5,204 lbs,Los Angeles Lakers,NBA,,"$8,089,282",Georgia,,,,,1.0,204.0,6.416666666666667
Alex Caruso,SG,,,26,6'5,186 lbs,Los Angeles Lakers,NBA,,"$2,750,000",Texas A&M,,,,,4.0,186.0,6.416666666666667
Quinn Cook,PG,,,27,6'1,180 lbs,Los Angeles Lakers,NBA,,"$3,000,000",Duke,,,,,28.0,180.0,6.083333333333333
Anthony Davis,PF,,,27,6'10,253 lbs,Los Angeles Lakers,NBA,,"$27,093,018",Kentucky,,,,,3.0,253.0,6.833333333333333
Jared Dudley,SF,,,35,6'6,237 lbs,Los Angeles Lakers,NBA,,"$1,620,564",Boston College,,,,,10.0,237.0,6.5
Danny Green,SG,,,33,6'6,215 lbs,Los Angeles Lakers,NBA,,"$14,634,146",North Carolina,,,,,14.0,215.0,6.5
Talen Horton-Tucker,SG,,,19,6'4,234 lbs,Los Angeles Lakers,NBA,,"$898,310",Iowa State,,,,,5.0,234.0,6.333333333333333
Dwight Howard,C,,,34,6'10,265 lbs,Los Angeles Lakers,NBA,,"$1,620,564",--,,,,,39.0,265.0,6.833333333333333
LeBron James,SF,,,35,6'9,250 lbs,Los Angeles Lakers,NBA,,"$37,436,858",--,,,,,23.0,250.0,6.75
Kyle Kuzma,PF,,,25,6'8,221 lbs,Los Angeles Lakers,NBA,,"$1,974,600",Utah,,,,,0.0,221.0,6.666666666666667
JaVale McGee,C,,,32,7'0,270 lbs,Los Angeles Lakers,NBA,,"$4,000,000",Nevada,,,,,7.0,270.0,7.0
Markieff Morris,PF,,,30,6'8,245 lbs,Los Angeles Lakers,NBA,,"$1,750,000",Kansas,,,,,88.0,245.0,6.666666666666667
Rajon Rondo,PG,,,34,6'1,180 lbs,Los Angeles Lakers,NBA,,"$2,564,753",Kentucky,,,,,9.0,180.0,6.083333333333333
JR Smith,SG,,,34,6'6,225 lbs,Los Angeles Lakers,NBA,,"$15,680,000",--,,,,,21.0,225.0,6.5
Dion Waiters,SG,,,28,6'3,210 lbs,Los Angeles Lakers,NBA,,"$375,385",Syracuse,,,,,18.0,210.0,6.25
Deandre Ayton,C,,,22,6'11,250 lbs,Phoenix Suns,NBA,,"$9,562,920",Arizona,,,,,22.0,250.0,6.916666666666667
Aron Baynes,C,,,33,6'10,260 lbs,Phoenix Suns,NBA,,"$5,453,280",Washington State,,,,,46.0,260.0,6.833333333333333
Devin Booker,SG,,,23,6'5,206 lbs,Phoenix Suns,NBA,,"$27,285,000",Kentucky,,,,,1.0,206.0,6.416666666666667
Mikal Bridges,SF,,,24,6'6,209 lbs,Phoenix Suns,NBA,,"$4,161,000",Villanova,,,,,25.0,209.0,6.5
Jevon Carter,PG,,,24,6'1,200 lbs,Phoenix Suns,NBA,,"$1,416,852",West Virginia,,,,,4.0,200.0,6.083333333333333
Cheick Diallo,PF,,,23,6'8,219 lbs,Phoenix Suns,NBA,,"$1,678,854",Kansas,,,,,14.0,219.0,6.666666666666667
Ty Jerome,SG,,,23,6'5,195 lbs,Phoenix Suns,NBA,,"$2,193,480",Virginia,,,,,10.0,195.0,6.416666666666667
Cameron Johnson,SF,,,24,6'8,210 lbs,Phoenix Suns,NBA,,"$4,033,440",North Carolina,,,,,23.0,210.0,6.666666666666667
Frank Kaminsky,C,,,27,7'0,240 lbs,Phoenix Suns,NBA,,"$4,767,000",Wisconsin,,,,,8.0,240.0,7.0
Jalen Lecque,PG,,,20,6'4,185 lbs,Phoenix Suns,NBA,,"$898,310",--,,,,,0.0,185.0,6.333333333333333
Elie Okobo,SF,,,22,6'3,190 lbs,Phoenix Suns,NBA,,"$1,416,852",--,,,,,2.0,190.0,6.25
Kelly Oubre Jr.,SF,,,24,6'7,203 lbs,Phoenix Suns,NBA,,"$15,625,000",Kansas,,,,,3.0,203.0,6.583333333333333
Tariq Owens,F,,,25,6'10,205 lbs,Phoenix Suns,NBA,,--,Texas Tech,,,,,41.0,205.0,6.833333333333333
Cameron Payne,PG,,,26,6'3,190 lbs,Phoenix Suns,NBA,,"$1,737,145",Murray State,,,,,15.0,190.0,6.25
Ricky Rubio,PG,,,29,6'3,190 lbs,Phoenix Suns,NBA,,"$16,200,000",--,,,,,11.0,190.0,6.25
Dario Saric,PF,,,26,6'10,225 lbs,Phoenix Suns,NBA,,"$3,481,986",--,,,,,20.0,225.0,6.833333333333333
Marvin Bagley III,PF,,,21,6'11,235 lbs,Sacramento Kings,NBA,,"$8,556,120",Duke,,,,,35.0,235.0,6.916666666666667
Harrison Barnes,SF,,,28,6'8,225 lbs,Sacramento Kings,NBA,,"$24,147,727",North Carolina,,,,,40.0,225.0,6.666666666666667
Kent Bazemore,SG,,,31,6'4,195 lbs,Sacramento Kings,NBA,,"$19,269,662",Old Dominion,,,,,26.0,195.0,6.333333333333333
Nemanja Bjelica,PF,,,32,6'10,234 lbs,Sacramento Kings,NBA,,"$6,825,000",--,,,,,88.0,234.0,6.833333333333333
Bogdan Bogdanovic,SG,,,28,6'6,220 lbs,Sacramento Kings,NBA,,"$8,529,386",--,,,,,8.0,220.0,6.5
Corey Brewer,SG,,,34,6'9,186 lbs,Sacramento Kings,NBA,,--,Florida,,,,,13.0,186.0,6.75
Yogi Ferrell,PG,,,27,6'0,178 lbs,Sacramento Kings,NBA,,"$3,150,000",Indiana,,,,,3.0,178.0,6.0
De'Aaron Fox,PG,,,22,6'3,185 lbs,Sacramento Kings,NBA,,"$6,392,760",Kentucky,,,,,5.0,185.0,6.25
Harry Giles III,C,,,22,6'11,240 lbs,Sacramento Kings,NBA,,"$2,578,800",Duke,,,,,20.0,240.0,6.916666666666667
Kyle Guy,SG,,,23,6'1,167 lbs,Sacramento Kings,NBA,,--,Virginia,,,,,7.0,167.0,6.083333333333333
Buddy Hield,SG,,,27,6'4,220 lbs,Sacramento Kings,NBA,,"$4,861,208",Oklahoma,,,,,24.0,220.0,6.333333333333333
Richaun Holmes,C,,,26,6'10,235 lbs,Sacramento Kings,NBA,,"$4,767,000",Bowling Green,,,,,22.0,235.0,6.833333333333333
Justin James,SG,,,23,6'7,190 lbs,Sacramento Kings,NBA,,"$898,310",Wyoming,,,,,10.0,190.0,6.583333333333333
DaQuan Jeffries,SG,,,23,6'5,230 lbs,Sacramento Kings,NBA,,--,Tulsa,,,,,19.0,230.0,6.416666666666667
Cory Joseph,PG,,,29,6'3,200 lbs,Sacramento Kings,NBA,,"$12,000,000",Texas,,,,,9.0,200.0,6.25
Alex Len,C,,,27,7'0,250 lbs,Sacramento Kings,NBA,,"$4,160,000",Maryland,,,,,25.0,250.0,7.0
Jabari Parker,PF,,,25,6'8,245 lbs,Sacramento Kings,NBA,,"$6,500,000",Duke,,,,,33.0,245.0,6.666666666666667
DeAndre' Bembry,SG,,,26,6'5,210 lbs,Atlanta Hawks,NBA,,"$2,603,982",Saint Joseph's,,,,,95.0,210.0,6.416666666666667
Charlie Brown Jr.,SG,,,23,6'6,199 lbs,Atlanta Hawks,NBA,,--,Saint Joseph's,,,,,4.0,199.0,6.5
Clint Capela,C,,,26,6'10,240 lbs,Atlanta Hawks,NBA,,"$14,896,552",--,,,,,17.0,240.0,6.833333333333333
John Collins,PF,,,22,6'9,235 lbs,Atlanta Hawks,NBA,,"$2,686,560",Wake Forest,,,,,20.0,235.0,6.75
Dewayne Dedmon,C,,,31,7'0,245 lbs,Atlanta Hawks,NBA,,"$13,333,333",USC,,,,,14.0,245.0,7.0
Bruno Fernando,C,,,22,6'9,240 lbs,Atlanta Hawks,NBA,,"$1,400,000",Maryland,,,,,24.0,240.0,6.75
Brandon Goodwin,PG,,,24,6'0,180 lbs,Atlanta Hawks,NBA,,"$522,738",Florida Gulf Coast,,,,,0.0,180.0,6.0
Treveon Graham,SG,,,26,6'5,219 lbs,Atlanta Hawks,NBA,,"$1,645,357",Virginia Commonwealth,,,,,2.0,219.0,6.416666666666667
Kevin Huerter,SG,,,22,6'7,190 lbs,Atlanta Hawks,NBA,,"$2,636,280",Maryland,,,,,3.0,190.0,6.583333333333333
De'Andre Hunter,SF,,,22,6'7,225 lbs,Atlanta Hawks,NBA,,"$7,068,360",Virginia,,,,,12.0,225.0,6.583333333333333
Damian Jones,C,,,25,6'11,245 lbs,Atlanta Hawks,NBA,,"$2,305,057",Vanderbilt,,,,,30.0,245.0,6.916666666666667
Skal Labissiere,PF,,,24,6'10,235 lbs,Atlanta Hawks,NBA,,"$2,338,847",Kentucky,,,,,7.0,235.0,6.833333333333333
Cam Reddish,SG,,,20,6'8,218 lbs,Atlanta Hawks,NBA,,"$4,245,720",Duke,,,,,22.0,218.0,6.666666666666667
Jeff Teague,PG,,,32,6'3,195 lbs,Atlanta Hawks,NBA,,"$19,000,000",Wake Forest,,,,,0.0,195.0,6.25
Trae Young,PG,,,21,6'1,180 lbs,Atlanta Hawks,NBA,,"$6,273,000",Oklahoma,,,,,11.0,180.0,6.083333333333333
Dwayne Bacon,SG,,,25,6'6,221 lbs,Charlotte Hornets,NBA,,"$1,618,520",Florida State,,,,,7.0,221.0,6.5
Nicolas Batum,SG,,,31,6'9,230 lbs,Charlotte Hornets,NBA,,"$25,565,217",--,,,,,5.0,230.0,6.75
Bismack Biyombo,C,,,28,6'8,255 lbs,Charlotte Hornets,NBA,,"$17,000,000",--,,,,,8.0,255.0,6.666666666666667
Miles Bridges,SF,,,22,6'6,225 lbs,Charlotte Hornets,NBA,,"$3,755,400",Michigan State,,,,,0.0,225.0,6.5
Devonte' Graham,PG,,,25,6'1,195 lbs,Charlotte Hornets,NBA,,"$1,416,852",Kansas,,,,,4.0,195.0,6.083333333333333
Willy Hernangomez,C,,,26,6'11,250 lbs,Charlotte Hornets,NBA,,"$1,676,735",--,,,,,9.0,250.0,6.916666666666667
Caleb Martin,SF,,,24,6'5,205 lbs,Charlotte Hornets,NBA,,"$898,310",Nevada,,,,,10.0,205.0,6.416666666666667
Cody Martin,SF,,,24,6'5,205 lbs,Charlotte Hornets,NBA,,"$1,173,310",Nevada,,,,,11.0,205.0,6.416666666666667
Jalen McDaniels,PF,,,22,6'10,205 lbs,Charlotte Hornets,NBA,,"$898,310",San Diego State,,,,,6.0,205.0,6.833333333333333
Malik Monk,SG,,,22,6'3,200 lbs,Charlotte Hornets,NBA,,"$4,028,400",Kentucky,,,,,1.0,200.0,6.25
Terry Rozier,PG,,,26,6'1,190 lbs,Charlotte Hornets,NBA,,"$19,894,737",Louisville,,,,,3.0,190.0,6.083333333333333
Kobi Simmons,PG,,,23,6'5,180 lbs,Charlotte Hornets,NBA,,--,Arizona,,,,,23.0,180.0,6.416666666666667
Ray Spalding,PF,,,23,6'10,215 lbs,Charlotte Hornets,NBA,,--,Louisville,,,,,26.0,215.0,6.833333333333333
PJ Washington,PF,,,22,6'7,230 lbs,Charlotte Hornets,NBA,,"$3,831,840",Kentucky,,,,,25.0,230.0,6.583333333333333
Cody Zeller,C,,,27,7'0,240 lbs,Charlotte Hornets,NBA,,"$14,471,910",Indiana,,,,,40.0,240.0,7.0
Bam Adebayo,PF,,,23,6'9,255 lbs,Miami Heat,NBA,,"$3,454,080",Kentucky,,,,,13.0,255.0,6.75
Kyle Alexander,F,,,23,6'11,220 lbs,Miami Heat,NBA,,--,Tennessee,,,,,17.0,220.0,6.916666666666667
Jimmy Butler,SF,,,30,6'7,230 lbs,Miami Heat,NBA,,"$32,742,000",Marquette,,,,,22.0,230.0,6.583333333333333
Jae Crowder,SF,,,30,6'6,235 lbs,Miami Heat,NBA,,"$7,815,533",Marquette,,,,,99.0,235.0,6.5
Goran Dragic,PG,,,34,6'3,190 lbs,Miami Heat,NBA,,"$19,217,900",--,,,,,7.0,190.0,6.25
Udonis Haslem,PF,,,40,6'8,235 lbs,Miami Heat,NBA,,"$1,620,564",Florida,,,,,40.0,235.0,6.666666666666667
Tyler Herro,SG,,,20,6'5,195 lbs,Miami Heat,NBA,,"$3,640,200",Kentucky,,,,,14.0,195.0,6.416666666666667
Solomon Hill,SF,,,29,6'6,226 lbs,Miami Heat,NBA,,"$12,758,781",Arizona,,,,,44.0,226.0,6.5
Andre Iguodala,SG,,,36,6'6,215 lbs,Miami Heat,NBA,,"$17,185,185",Arizona,,,,,28.0,215.0,6.5
Derrick Jones Jr.,SF,,,23,6'6,210 lbs,Miami Heat,NBA,,"$1,645,357",UNLV,,,,,5.0,210.0,6.5
Meyers Leonard,C,,,28,7'0,260 lbs,Miami Heat,NBA,,"$11,286,516",Illinois,,,,,0.0,260.0,7.0
Kendrick Nunn,SG,,,25,6'2,190 lbs,Miami Heat,NBA,,"$1,416,852",Oakland,,,,,25.0,190.0,6.166666666666667
KZ Okpala,SF,,,21,6'8,215 lbs,Miami Heat,NBA,,"$898,310",Stanford,,,,,4.0,215.0,6.666666666666667
Kelly Olynyk,PF,,,29,6'11,240 lbs,Miami Heat,NBA,,"$12,667,885",Gonzaga,,,,,9.0,240.0,6.916666666666667
Duncan Robinson,SG,,,26,6'7,215 lbs,Miami Heat,NBA,,"$1,416,852",Michigan,,,,,55.0,215.0,6.583333333333333
Chris Silva,PF,,,23,6'8,234 lbs,Miami Heat,NBA,,"$466,918",South Carolina,,,,,30.0,234.0,6.666666666666667
Gabe Vincent,PG,,,24,6'3,200 lbs,Miami Heat,NBA,,--,UC Santa Barbara,,,,,2.0,200.0,6.25
Al-Farouq Aminu,PF,,,29,6'8,220 lbs,Orlando Magic,NBA,,"$9,258,000",Wake Forest,,,,,2.0,220.0,6.666666666666667
D.J. Augustin,PG,,,32,5'11,183 lbs,Orlando Magic,NBA,,"$7,250,000",Texas,,,,,14.0,183.0,5.916666666666667
Mo Bamba,C,,,22,7'0,231 lbs,Orlando Magic,NBA,,"$5,697,600",Texas,,,,,5.0,231.0,7.0
Khem Birch,PF,,,27,6'9,233 lbs,Orlando Magic,NBA,,"$3,000,000",UNLV,,,,,24.0,233.0,6.75
Michael Carter-Williams,PG,,,28,6'5,190 lbs,Orlando Magic,NBA,,"$1,620,564",Syracuse,,,,,7.0,190.0,6.416666666666667
Gary Clark,PF,,,25,6'6,225 lbs,Orlando Magic,NBA,,"$555,409",Cincinnati,,,,,12.0,225.0,6.5
James Ennis III,SF,,,30,6'6,215 lbs,Orlando Magic,NBA,,"$1,882,867",Long Beach State,,,,,11.0,215.0,6.5
Evan Fournier,SG,,,27,6'7,205 lbs,Orlando Magic,NBA,,"$17,150,000",--,,,,,10.0,205.0,6.583333333333333
Melvin Frazier Jr.,SG,,,24,6'5,215 lbs,Orlando Magic,NBA,,"$1,416,852",Tulane,,,,,35.0,215.0,6.416666666666667
Markelle Fultz,PG,,,22,6'3,209 lbs,Orlando Magic,NBA,,"$9,745,200",Washington,,,,,20.0,209.0,6.25
Aaron Gordon,PF,,,24,6'8,235 lbs,Orlando Magic,NBA,,"$19,863,636",Arizona,,,,,0.0,235.0,6.666666666666667
Jonathan Isaac,PF,,,22,6'11,230 lbs,Orlando Magic,NBA,,"$5,806,440",Florida State,,,,,1.0,230.0,6.916666666666667
Wes Iwundu,SF,,,25,6'6,195 lbs,Orlando Magic,NBA,,"$1,618,420",Kansas State,,,,,25.0,195.0,6.5
BJ Johnson,SF,,,24,6'7,200 lbs,Orlando Magic,NBA,,--,La Salle,,,,,13.0,200.0,6.583333333333333
Vic Law,F,,,24,6'7,200 lbs,Orlando Magic,NBA,,--,Northwestern,,,,,23.0,200.0,6.583333333333333
Terrence Ross,SG,,,29,6'6,206 lbs,Orlando Magic,NBA,,"$12,500,000",Washington,,,,,31.0,206.0,6.5
Nikola Vucevic,C,,,29,6'11,260 lbs,Orlando Magic,NBA,,"$28,000,000",USC,,,,,9.0,260.0,6.916666666666667
Bradley Beal,SG,,,27,6'3,207 lbs,Washington Wizards,NBA,,"$27,093,019",Florida,,,,,3.0,207.0,6.25
Davis Bertans,SF,,,27,6'10,225 lbs,Washington Wizards,NBA,,"$7,000,000",--,,,,,42.0,225.0,6.833333333333333
Isaac Bonga,SF,,,20,6'8,180 lbs,Washington Wizards,NBA,,"$1,416,842",--,,,,,17.0,180.0,6.666666666666667
Troy Brown Jr.,SF,,,21,6'6,215 lbs,Washington Wizards,NBA,,"$3,219,480",Oregon,,,,,6.0,215.0,6.5
Thomas Bryant,C,,,23,6'10,248 lbs,Washington Wizards,NBA,,"$8,000,000",Indiana,,,,,13.0,248.0,6.833333333333333
Jerian Grant,PG,,,27,6'4,204 lbs,Washington Wizards,NBA,,--,Notre Dame,,,,,22.0,204.0,6.333333333333333
Rui Hachimura,PF,,,22,6'8,230 lbs,Washington Wizards,NBA,,"$4,469,160",Gonzaga,,,,,8.0,230.0,6.666666666666667
Ian Mahinmi,C,,,33,6'11,262 lbs,Washington Wizards,NBA,,"$15,450,051",--,,,,,28.0,262.0,6.916666666666667
Garrison Mathews,SG,,,23,6'5,215 lbs,Washington Wizards,NBA,,--,Lipscomb,,,,,24.0,215.0,6.416666666666667
Shabazz Napier,PG,,,29,6'0,175 lbs,Washington Wizards,NBA,,"$1,845,301",Connecticut,,,,,5.0,175.0,6.0
Anzejs Pasecniks,C,,,24,7'1,220 lbs,Washington Wizards,NBA,,"$482,144",--,,,,,18.0,220.0,7.083333333333333
Gary Payton II,PG,,,27,6'3,195 lbs,Washington Wizards,NBA,,"$1,052,909",Oregon State,,,,,20.0,195.0,6.25
Jerome Robinson,SG,,,23,6'4,190 lbs,Washington Wizards,NBA,,"$3,567,720",Boston College,,,,,12.0,190.0,6.333333333333333
Admiral Schofield,SG,,,23,6'5,241 lbs,Washington Wizards,NBA,,"$1,000,000",Tennessee,,,,,1.0,241.0,6.416666666666667
Ish Smith,PG,,,32,6'0,175 lbs,Washington Wizards,NBA,,"$6,000,000",Wake Forest,,,,,14.0,175.0,6.0
Jarrod Uthoff,SF,,,27,6'9,221 lbs,Washington Wizards,NBA,,--,Iowa,,,,,7.0,221.0,6.75
Moritz Wagner,SF,,,23,6'11,245 lbs,Washington Wizards,NBA,,"$2,063,520",Michigan,,,,,21.0,245.0,6.916666666666667
John Wall,PG,,,29,6'4,210 lbs,Washington Wizards,NBA,,"$38,199,000",Kentucky,,,,,2.0,210.0,6.333333333333333
Johnathan Williams,PF,,,25,6'9,228 lbs,Washington Wizards,NBA,,--,Gonzaga,,,,,19.0,228.0,6.75
J.J. Barea,PG,,,36,5'10,180 lbs,Dallas Mavericks,NBA,,"$1,620,564",Northeastern,,,,,5.0,180.0,5.833333333333333
Jalen Brunson,PG,,,23,6'1,190 lbs,Dallas Mavericks,NBA,,"$1,416,852",Villanova,,,,,13.0,190.0,6.083333333333333
Trey Burke,PG,,,27,6'0,185 lbs,Dallas Mavericks,NBA,,"$1,620,564",Michigan,,,,,32.0,185.0,6.0
Willie Cauley-Stein,C,,,27,7'0,240 lbs,Dallas Mavericks,NBA,,"$2,177,483",Kentucky,,,,,33.0,240.0,7.0
Antonius Cleveland,SG,,,26,6'5,195 lbs,Dallas Mavericks,NBA,,--,Southeast Missouri State,,,,,3.0,195.0,6.416666666666667
Seth Curry,SG,,,30,6'2,185 lbs,Dallas Mavericks,NBA,,"$7,461,380",Duke,,,,,30.0,185.0,6.166666666666667
Luka Doncic,SG,,,21,6'7,230 lbs,Dallas Mavericks,NBA,,"$7,683,360",--,,,,,77.0,230.0,6.583333333333333
Dorian Finney-Smith,SF,,,27,6'7,220 lbs,Dallas Mavericks,NBA,,"$4,000,000",Florida,,,,,10.0,220.0,6.583333333333333
Tim Hardaway Jr.,SG,,,28,6'5,205 lbs,Dallas Mavericks,NBA,,"$20,025,127",Michigan,,,,,11.0,205.0,6.416666666666667
Justin Jackson,SF,,,25,6'7,220 lbs,Dallas Mavericks,NBA,,"$3,280,920",North Carolina,,,,,44.0,220.0,6.583333333333333
Michael Kidd-Gilchrist,SF,,,26,6'6,230 lbs,Dallas Mavericks,NBA,,"$595,122",Kentucky,,,,,9.0,230.0,6.5
Maxi Kleber,PF,,,28,6'10,240 lbs,Dallas Mavericks,NBA,,"$8,000,000",--,,,,,42.0,240.0,6.833333333333333
Courtney Lee,SG,,,34,6'5,215 lbs,Dallas Mavericks,NBA,,"$12,759,670",Western Kentucky,,,,,1.0,215.0,6.416666666666667
Boban Marjanovic,C,,,32,7'4,290 lbs,Dallas Mavericks,NBA,,"$3,500,000",--,,,,,51.0,290.0,7.333333333333333
Kristaps Porzingis,PF,,,25,7'3,240 lbs,Dallas Mavericks,NBA,,"$27,285,000",--,,,,,6.0,240.0,7.25
Dwight Powell,C,,,29,6'10,240 lbs,Dallas Mavericks,NBA,,"$10,259,375",Stanford,,,,,7.0,240.0,6.833333333333333
Josh Reaves,SG,,,23,6'4,214 lbs,Dallas Mavericks,NBA,,--,Penn State,,,,,23.0,214.0,6.333333333333333
Delon Wright,PG,,,28,6'5,185 lbs,Dallas Mavericks,NBA,,"$9,473,684",Utah,,,,,55.0,185.0,6.416666666666667
Bruno Caboclo,SF,,,24,6'9,218 lbs,Houston Rockets,NBA,,"$1,845,301",--,,,,,5.0,218.0,6.75
DeMarre Carroll,SF,,,34,6'6,215 lbs,Houston Rockets,NBA,,"$512,721",Missouri,,,,,9.0,215.0,6.5
Tyson Chandler,C,,,37,7'0,235 lbs,Houston Rockets,NBA,,"$1,620,564",--,,,,,19.0,235.0,7.0
Chris Clemons,PG,,,23,5'9,180 lbs,Houston Rockets,NBA,,"$563,347",Campbell,,,,,3.0,180.0,5.75
Robert Covington,PF,,,29,6'7,209 lbs,Houston Rockets,NBA,,"$11,301,219",Tennessee State,,,,,33.0,209.0,6.583333333333333
Michael Frazier,SG,,,26,6'3,200 lbs,Houston Rockets,NBA,,--,Florida,,,,,21.0,200.0,6.25
Eric Gordon,SG,,,31,6'3,215 lbs,Houston Rockets,NBA,,"$14,057,730",Indiana,,,,,10.0,215.0,6.25
Jeff Green,PF,,,34,6'8,235 lbs,Houston Rockets,NBA,,"$439,475",Georgetown,,,,,32.0,235.0,6.666666666666667
James Harden,SG,,,31,6'5,220 lbs,Houston Rockets,NBA,,"$38,199,000",Arizona State,,,,,13.0,220.0,6.416666666666667
Danuel House Jr.,SF,,,27,6'6,220 lbs,Houston Rockets,NBA,,"$3,540,000",Texas A&M,,,,,4.0,220.0,6.5
William Howard,SG,,,26,6'8,207 lbs,Houston Rockets,NBA,,--,--,,,,,52.0,207.0,6.666666666666667
Luc Mbah a Moute,PF,,,33,6'8,230 lbs,Houston Rockets,NBA,,"$4,320,500",UCLA,,,,,12.0,230.0,6.666666666666667
Ben McLemore,SF,,,27,6'3,195 lbs,Houston Rockets,NBA,,"$2,028,594",Kansas,,,,,16.0,195.0,6.25
David Nwaba,SG,,,27,6'5,219 lbs,Houston Rockets,NBA,,"$903,111",Cal Poly,,,,,0.0,219.0,6.416666666666667
Austin Rivers,PG,,,28,6'3,200 lbs,Houston Rockets,NBA,,"$2,147,317",Duke,,,,,25.0,200.0,6.25
Thabo Sefolosha,SF,,,36,6'6,215 lbs,Houston Rockets,NBA,,"$1,620,564",--,,,,,18.0,215.0,6.5
P.J. Tucker,PF,,,35,6'5,245 lbs,Houston Rockets,NBA,,"$8,349,039",Texas,,,,,17.0,245.0,6.416666666666667
Russell Westbrook,PG,,,31,6'3,200 lbs,Houston Rockets,NBA,,"$38,506,482",UCLA,,,,,0.0,200.0,6.25
Grayson Allen,SG,,,24,6'4,198 lbs,Memphis Grizzlies,NBA,,"$2,429,400",Duke,,,,,3.0,198.0,6.333333333333333
Kyle Anderson,SF,,,26,6'9,230 lbs,Memphis Grizzlies,NBA,,"$9,073,050",UCLA,,,,,1.0,230.0,6.75
Dillon Brooks,SG,,,24,6'7,225 lbs,Memphis Grizzlies,NBA,,"$1,618,520",Oregon,,,,,24.0,225.0,6.583333333333333
Brandon Clarke,SF,,,23,6'8,215 lbs,Memphis Grizzlies,NBA,,"$2,478,840",Gonzaga,,,,,15.0,215.0,6.666666666666667
Gorgui Dieng,C,,,30,6'10,252 lbs,Memphis Grizzlies,NBA,,"$16,229,213",Louisville,,,,,14.0,252.0,6.833333333333333
Marko Guduric,SG,,,25,6'6,201 lbs,Memphis Grizzlies,NBA,,"$2,625,000",--,,,,,23.0,201.0,6.5
Josh Jackson,SG,,,23,6'8,207 lbs,Memphis Grizzlies,NBA,,"$7,059,480",Kansas,,,,,20.0,207.0,6.666666666666667
Jaren Jackson Jr.,PF,,,20,6'11,242 lbs,Memphis Grizzlies,NBA,,"$6,927,480",Michigan State,,,,,13.0,242.0,6.916666666666667
Tyus Jones,PG,,,24,6'0,196 lbs,Memphis Grizzlies,NBA,,"$9,258,000",Duke,,,,,21.0,196.0,6.0
John Konchar,SG,,,24,6'5,210 lbs,Memphis Grizzlies,NBA,,--,--,,,,,46.0,210.0,6.416666666666667
De'Anthony Melton,SG,,,22,6'2,200 lbs,Memphis Grizzlies,NBA,,"$1,416,852",USC,,,,,0.0,200.0,6.166666666666667
Ja Morant,PG,,,21,6'3,174 lbs,Memphis Grizzlies,NBA,,"$8,730,240",Murray State,,,,,12.0,174.0,6.25
Jontay Porter,PF,,,20,6'10,236 lbs,Memphis Grizzlies,NBA,,"$197,933",Missouri,,,,,11.0,236.0,6.833333333333333
Anthony Tolliver,PF,,,35,6'8,240 lbs,Memphis Grizzlies,NBA,,"$183,115",Creighton,,,,,44.0,240.0,6.666666666666667
Jonas Valanciunas,C,,,28,6'11,265 lbs,Memphis Grizzlies,NBA,,"$16,000,000",--,,,,,17.0,265.0,6.916666666666667
Yuta Watanabe,SG,,,25,6'8,215 lbs,Memphis Grizzlies,NBA,,--,George Washington,,,,,18.0,215.0,6.666666666666667
Justise Winslow,SF,,,24,6'6,222 lbs,Memphis Grizzlies,NBA,,"$13,000,000",Duke,,,,,7.0,222.0,6.5
Nickeil Alexander-Walker,SG,,,21,6'5,205 lbs,New Orleans Pelicans,NBA,,"$2,964,840",Virginia Tech,,,,,0.0,205.0,6.416666666666667
Lonzo Ball,PG,,,22,6'6,190 lbs,New Orleans Pelicans,NBA,,"$8,719,320",UCLA,,,,,2.0,190.0,6.5
Zylan Cheatham,SF,,,24,6'5,220 lbs,New Orleans Pelicans,NBA,,--,Arizona State,,,,,45.0,220.0,6.416666666666667
Derrick Favors,C,,,29,6'9,265 lbs,New Orleans Pelicans,NBA,,"$17,650,000",Georgia Tech,,,,,22.0,265.0,6.75
Josh Gray,PG,,,26,6'0,180 lbs,New Orleans Pelicans,NBA,,--,LSU,,,,,5.0,180.0,6.0
Josh Hart,SF,,,25,6'5,215 lbs,New Orleans Pelicans,NBA,,"$1,655,160",Villanova,,,,,3.0,215.0,6.416666666666667
Jaxson Hayes,C,,,20,6'11,220 lbs,New Orleans Pelicans,NBA,,"$4,862,040",Texas,,,,,10.0,220.0,6.916666666666667
Jrue Holiday,SG,,,30,6'3,205 lbs,New Orleans Pelicans,NBA,,"$26,231,111",UCLA,,,,,11.0,205.0,6.25
Brandon Ingram,SF,,,22,6'7,190 lbs,New Orleans Pelicans,NBA,,"$7,265,485",Duke,,,,,14.0,190.0,6.583333333333333
Frank Jackson,PG,,,22,6'3,205 lbs,New Orleans Pelicans,NBA,,"$1,618,520",Duke,,,,,15.0,205.0,6.25
Nicolo Melli,PF,,,29,6'9,236 lbs,New Orleans Pelicans,NBA,,"$4,102,564",--,,,,,20.0,236.0,6.75
Darius Miller,SF,,,30,6'6,225 lbs,New Orleans Pelicans,NBA,,"$7,000,000",Kentucky,,,,,21.0,225.0,6.5
E'Twaun Moore,SG,,,31,6'3,191 lbs,New Orleans Pelicans,NBA,,"$8,664,928",Purdue,,,,,55.0,191.0,6.25
Jahlil Okafor,C,,,24,6'10,270 lbs,New Orleans Pelicans,NBA,,"$1,702,486",Duke,,,,,9.0,270.0,6.833333333333333
JJ Redick,SG,,,36,6'3,200 lbs,New Orleans Pelicans,NBA,,"$13,486,300",Duke,,,,,4.0,200.0,6.25
Sindarius Thornwell,SG,,,25,6'4,215 lbs,New Orleans Pelicans,NBA,,--,South Carolina,,,,,12.0,215.0,6.333333333333333
Kenrich Williams,SF,,,25,6'6,210 lbs,New Orleans Pelicans,NBA,,"$1,416,852",TCU,,,,,34.0,210.0,6.5
Zion Williamson,SF,,,20,6'6,284 lbs,New Orleans Pelicans,NBA,,"$9,757,440",Duke,,,,,1.0,284.0,6.5
LaMarcus Aldridge,PF,,,35,6'11,250 lbs,San Antonio Spurs,NBA,,"$26,000,000",Texas,,,,,12.0,250.0,6.916666666666667
Marco Belinelli,SG,,,34,6'5,220 lbs,San Antonio Spurs,NBA,,"$5,846,154",--,,,,,18.0,220.0,6.416666666666667
DeMar DeRozan,SF,,,31,6'6,220 lbs,San Antonio Spurs,NBA,,"$27,739,975",USC,,,,,10.0,220.0,6.5
Drew Eubanks,PF,,,23,6'9,245 lbs,San Antonio Spurs,NBA,,--,Oregon State,,,,,14.0,245.0,6.75
Bryn Forbes,SG,,,27,6'2,205 lbs,San Antonio Spurs,NBA,,"$2,875,000",Michigan State,,,,,11.0,205.0,6.166666666666667
Rudy Gay,SF,,,34,6'8,250 lbs,San Antonio Spurs,NBA,,"$14,500,000",Connecticut,,,,,22.0,250.0,6.666666666666667
Keldon Johnson,SF,,,20,6'5,220 lbs,San Antonio Spurs,NBA,,"$1,950,600",Kentucky,,,,,3.0,220.0,6.416666666666667
Trey Lyles,C,,,24,6'9,234 lbs,San Antonio Spurs,NBA,,"$5,500,000",Kentucky,,,,,41.0,234.0,6.75
Chimezie Metu,PF,,,23,6'9,225 lbs,San Antonio Spurs,NBA,,"$1,416,852",USC,,,,,7.0,225.0,6.75
Patty Mills,PG,,,32,6'1,180 lbs,San Antonio Spurs,NBA,,"$12,428,571",Saint Mary's,,,,,8.0,180.0,6.083333333333333
Dejounte Murray,PG,,,23,6'4,180 lbs,San Antonio Spurs,NBA,,"$2,321,735",Washington,,,,,5.0,180.0,6.333333333333333
Jakob Poeltl,C,,,24,7'1,245 lbs,San Antonio Spurs,NBA,,"$3,754,886",Utah,,,,,25.0,245.0,7.083333333333333
Luka Samanic,PF,,,20,6'10,227 lbs,San Antonio Spurs,NBA,,"$2,689,920",--,,,,,19.0,227.0,6.833333333333333
Lonnie Walker IV,SG,,,21,6'5,204 lbs,San Antonio Spurs,NBA,,"$2,689,920",Miami (FL),,,,,1.0,204.0,6.416666666666667
Quinndary Weatherspoon,SG,,,23,6'3,205 lbs,San Antonio Spurs,NBA,,--,Mississippi State,,,,,15.0,205.0,6.25
Derrick White,PG,,,26,6'4,190 lbs,San Antonio Spurs,NBA,,"$1,948,080",Colorado,,,,,4.0,190.0,6.333333333333333
Tyler Zeller,C,,,30,7'0,255 lbs,San Antonio Spurs,NBA,,"$245,686",North Carolina,,,,,40.0,255.0,7.0
Josh Allen,QB,,,24,6'5,237 lbs,Buffalo Bills,NFL,,,Wyoming,3,,,,17.0,237.0,6.416666666666667
Matt Barkley,QB,,,29,6'2,234 lbs,Buffalo Bills,NFL,,,USC,8,,,,5.0,234.0,6.166666666666667
Jake Fromm,QB,,,22,6'2,215 lbs,Buffalo Bills,NFL,,,Georgia,R,,,,10.0,215.0,6.166666666666667
Davis Webb,QB,,,25,6'5,225 lbs,Buffalo Bills,NFL,,,California,3,,,,7.0,225.0,6.416666666666667
Reggie Gilliam,RB,,,23,6'0,244 lbs,Buffalo Bills,NFL,,,Toledo,R,,,,,244.0,6.0
Taiwan Jones,RB,,,32,6'0,195 lbs,Buffalo Bills,NFL,,,Eastern Washington,10,,,,25.0,195.0,6.0
Zack Moss,RB,,,22,5'9,205 lbs,Buffalo Bills,NFL,,,Utah,R,,,,20.0,205.0,5.75
Devin Singletary,RB,,,22,5'7,203 lbs,Buffalo Bills,NFL,,,Florida Atlantic,2,,,,26.0,203.0,5.583333333333333
Christian Wade,RB,,,29,5'9,196 lbs,Buffalo Bills,NFL,,,--,1,,,,45.0,196.0,5.75
T.J. Yeldon,RB,,,26,6'1,223 lbs,Buffalo Bills,NFL,,,Alabama,6,,,,22.0,223.0,6.083333333333333
Patrick DiMarco,FB,,,31,6'1,234 lbs,Buffalo Bills,NFL,,,South Carolina,9,,,,42.0,234.0,6.083333333333333
Cole Beasley,WR,,,31,5'8,174 lbs,Buffalo Bills,NFL,,,SMU,9,,,,11.0,174.0,5.666666666666667
John Brown,WR,,,30,5'11,178 lbs,Buffalo Bills,NFL,,,Pittsburg State,7,,,,15.0,178.0,5.916666666666667
Gabriel Davis,WR,,,21,6'2,210 lbs,Buffalo Bills,NFL,,,UCF,R,,,,3.0,210.0,6.166666666666667
Stefon Diggs,WR,,,26,6'0,191 lbs,Buffalo Bills,NFL,,,Maryland,6,,,,14.0,191.0,6.0
Robert Foster,WR,,,26,6'2,196 lbs,Buffalo Bills,NFL,,,Alabama,3,,,,16.0,196.0,6.166666666666667
Isaiah Hodgins,WR,,,21,6'3,201 lbs,Buffalo Bills,NFL,,,Oregon State,R,,,,87.0,201.0,6.25
Isaiah McKenzie,WR,,,25,5'8,173 lbs,Buffalo Bills,NFL,,,Georgia,4,,,,19.0,173.0,5.666666666666667
Andre Roberts,WR,,,32,5'11,195 lbs,Buffalo Bills,NFL,,,Citadel,11,,,,18.0,195.0,5.916666666666667
Duke Williams,WR,,,27,6'3,225 lbs,Buffalo Bills,NFL,,,Auburn,2,,,,82.0,225.0,6.25
Nate Becker,TE,,,24,6'5,264 lbs,Buffalo Bills,NFL,,,Miami (OH),1,,,,84.0,264.0,6.416666666666667
Jason Croom,TE,,,26,6'5,246 lbs,Buffalo Bills,NFL,,,Tennessee,3,,,,80.0,246.0,6.416666666666667
Dawson Knox,TE,,,23,6'4,254 lbs,Buffalo Bills,NFL,,,Ole Miss,2,,,,88.0,254.0,6.333333333333333
Tyler Kroft,TE,,,27,6'6,252 lbs,Buffalo Bills,NFL,,,Rutgers,6,,,,81.0,252.0,6.5
Lee Smith,TE,,,32,6'6,265 lbs,Buffalo Bills,NFL,,,Marshall,10,,,,85.0,265.0,6.5
Tommy Sweeney,TE,,,25,6'5,251 lbs,Buffalo Bills,NFL,,,Boston College,2,,,,89.0,251.0,6.416666666666667
Evan Boehm,C,,,27,6'3,321 lbs,Buffalo Bills,NFL,,,Missouri,5,,,,64.0,321.0,6.25
Mitch Morse,C,,,28,6'6,305 lbs,Buffalo Bills,NFL,,,Missouri,6,,,,60.0,305.0,6.5
Ike Boettger,G,,,25,6'6,313 lbs,Buffalo Bills,NFL,,,Iowa,3,,,,65.0,313.0,6.5
Jon Feliciano,G,,,28,6'4,325 lbs,Buffalo Bills,NFL,,,Miami (FL),6,,,,76.0,325.0,6.333333333333333
Marquel Harrell,G,,,23,6'3,307 lbs,Buffalo Bills,NFL,,,Auburn,R,,,,68.0,307.0,6.25
Quinton Spain,G,,,29,6'4,330 lbs,Buffalo Bills,NFL,,,West Virginia,6,,,,67.0,330.0,6.333333333333333
Brian Winters,G,,,29,6'4,320 lbs,Buffalo Bills,NFL,,,Kent State,8,,,,67.0,320.0,6.333333333333333
Trey Adams,OT,,,23,6'8,311 lbs,Buffalo Bills,NFL,,,Washington,R,,,,72.0,311.0,6.666666666666667
Ryan Bates,OT,,,23,6'4,302 lbs,Buffalo Bills,NFL,,,Penn State,2,,,,71.0,302.0,6.333333333333333
Dion Dawkins,OT,,,26,6'5,320 lbs,Buffalo Bills,NFL,,,Temple,4,,,,73.0,320.0,6.416666666666667
Cody Ford,OT,,,23,6'3,329 lbs,Buffalo Bills,NFL,,,Oklahoma,2,,,,70.0,329.0,6.25
Ty Nsekhe,OT,,,34,6'8,330 lbs,Buffalo Bills,NFL,,,Texas State,6,,,,77.0,330.0,6.666666666666667
Victor Salako,OT,,,26,6'6,322 lbs,Buffalo Bills,NFL,,,Oklahoma State,1,,,,62.0,322.0,6.5
Brandon Walton,OT,,,22,6'4,311 lbs,Buffalo Bills,NFL,,,Florida Atlantic,R,,,,79.0,311.0,6.333333333333333
Daryl Williams,OT,,,27,6'6,330 lbs,Buffalo Bills,NFL,,,Oklahoma,6,,,,75.0,330.0,6.5
Mario Addison,DE,,,32,6'3,260 lbs,Buffalo Bills,NFL,,,Troy,10,,,,97.0,260.0,6.25
Bryan Cox Jr.,DE,,,26,6'3,270 lbs,Buffalo Bills,NFL,,,Florida,4,,,,51.0,270.0,6.25
AJ Epenesa,DE,,,21,6'6,280 lbs,Buffalo Bills,NFL,,,Iowa,R,,,,57.0,280.0,6.5
Jerry Hughes,DE,,,32,6'2,254 lbs,Buffalo Bills,NFL,,,TCU,11,,,,55.0,254.0,6.166666666666667
Darryl Johnson,DE,,,23,6'6,253 lbs,Buffalo Bills,NFL,,,North Carolina A&T,2,,,,92.0,253.0,6.5
Mike Love,DE,,,26,6'3,255 lbs,Buffalo Bills,NFL,,,South Florida,2,,,,56.0,255.0,6.25
Trent Murphy,DE,,,29,6'6,260 lbs,Buffalo Bills,NFL,,,Stanford,7,,,,93.0,260.0,6.5
Vernon Butler,DT,,,26,6'4,330 lbs,Buffalo Bills,NFL,,,Louisiana Tech,5,,,,94.0,330.0,6.333333333333333
Quinton Jefferson,DT,,,27,6'4,291 lbs,Buffalo Bills,NFL,,,Maryland,5,,,,90.0,291.0,6.333333333333333
Ed Oliver,DT,,,22,6'1,287 lbs,Buffalo Bills,NFL,,,Houston,2,,,,91.0,287.0,6.083333333333333
Harrison Phillips,DT,,,24,6'3,307 lbs,Buffalo Bills,NFL,,,Stanford,3,,,,99.0,307.0,6.25
Tanzel Smart,DT,,,25,6'1,295 lbs,Buffalo Bills,NFL,,,Tulane,4,,,,,295.0,6.083333333333333
Justin Zimmer,DT,,,27,6'3,300 lbs,Buffalo Bills,NFL,,,Ferris State,2,,,,,300.0,6.25
Tyrel Dodson,LB,,,22,6'0,237 lbs,Buffalo Bills,NFL,,,Texas A&M,1,,,,53.0,237.0,6.0
Tremaine Edmunds,LB,,,22,6'5,250 lbs,Buffalo Bills,NFL,,,Virginia Tech,3,,,,49.0,250.0,6.416666666666667
Vosean Joseph,LB,,,22,6'1,230 lbs,Buffalo Bills,NFL,,,Florida,2,,,,50.0,230.0,6.083333333333333
A.J. Klein,LB,,,29,6'1,240 lbs,Buffalo Bills,NFL,,,Iowa State,8,,,,54.0,240.0,6.083333333333333
Tyler Matakevich,LB,,,27,6'1,235 lbs,Buffalo Bills,NFL,,,Temple,5,,,,44.0,235.0,6.083333333333333
Matt Milano,LB,,,26,6'0,223 lbs,Buffalo Bills,NFL,,,Boston College,4,,,,58.0,223.0,6.0
Del'Shawn Phillips,LB,,,23,6'2,230 lbs,Buffalo Bills,NFL,,,Illinois,1,,,,43.0,230.0,6.166666666666667
Corey Thompson,LB,,,26,6'1,222 lbs,Buffalo Bills,NFL,,,LSU-Shreveport,3,,,,52.0,222.0,6.083333333333333
Brian Allen,CB,,,26,6'3,215 lbs,Buffalo Bills,NFL,,,Utah,3,,,,40.0,215.0,6.25
Dane Jackson,CB,,,23,5'11,180 lbs,Buffalo Bills,NFL,,,Pittsburgh,R,,,,30.0,180.0,5.916666666666667
Taron Johnson,CB,,,24,5'11,192 lbs,Buffalo Bills,NFL,,,Weber State,3,,,,24.0,192.0,5.916666666666667
Akeem King,CB,,,28,6'1,215 lbs,Buffalo Bills,NFL,,,San Jose State,5,,,,36.0,215.0,6.083333333333333
Cam Lewis,CB,,,23,5'9,183 lbs,Buffalo Bills,NFL,,,Buffalo,1,,,,47.0,183.0,5.75
Josh Norman,CB,,,32,6'0,200 lbs,Buffalo Bills,NFL,,,Coastal Carolina,9,,,,29.0,200.0,6.0
Levi Wallace,CB,,,25,6'0,179 lbs,Buffalo Bills,NFL,,,Alabama,3,,,,39.0,179.0,6.0
Tre'Davious White,CB,,,25,5'11,192 lbs,Buffalo Bills,NFL,,,LSU,4,,,,27.0,192.0,5.916666666666667
Micah Hyde,S,,,29,6'0,197 lbs,Buffalo Bills,NFL,,,Iowa,8,,,,23.0,197.0,6.0
Jaquan Johnson,S,,,24,5'10,191 lbs,Buffalo Bills,NFL,,,Miami (FL),2,,,,46.0,191.0,5.833333333333333
Dean Marlowe,S,,,28,6'1,208 lbs,Buffalo Bills,NFL,,,James Madison,4,,,,31.0,208.0,6.083333333333333
Siran Neal,S,,,26,6'0,206 lbs,Buffalo Bills,NFL,,,Jacksonville State,3,,,,33.0,206.0,6.0
Jordan Poyer,S,,,29,6'0,191 lbs,Buffalo Bills,NFL,,,Oregon State,8,,,,21.0,191.0,6.0
Josh Thomas,S,,,23,6'0,205 lbs,Buffalo Bills,NFL,,,Appalachian State,R,,,,36.0,205.0,6.0
Tyler Bass,PK,,,23,5'10,183 lbs,Buffalo Bills,NFL,,,Georgia Southern,R,,,,2.0,183.0,5.833333333333333
Corey Bojorquez,P,,,23,6'0,208 lbs,Buffalo Bills,NFL,,,New Mexico,3,,,,9.0,208.0,6.0
Reid Ferguson,LS,,,26,6'2,235 lbs,Buffalo Bills,NFL,,,LSU,4,,,,69.0,235.0,6.166666666666667
Ryan Fitzpatrick,QB,,,37,6'2,228 lbs,Miami Dolphins,NFL,,,Harvard,16,,,,14.0,228.0,6.166666666666667
Josh Rosen,QB,,,23,6'4,215 lbs,Miami Dolphins,NFL,,,UCLA,3,,,,3.0,215.0,6.333333333333333
Tua Tagovailoa,QB,,,22,6'0,217 lbs,Miami Dolphins,NFL,,,Alabama,R,,,,1.0,217.0,6.0
Salvon Ahmed,RB,,,21,5'11,196 lbs,Miami Dolphins,NFL,,,Washington,R,,,,35.0,196.0,5.916666666666667
Kalen Ballage,RB,,,24,6'2,231 lbs,Miami Dolphins,NFL,,,Arizona State,3,,,,27.0,231.0,6.166666666666667
Matt Breida,RB,,,25,5'10,195 lbs,Miami Dolphins,NFL,,,Georgia Southern,4,,,,20.0,195.0,5.833333333333333
Myles Gaskin,RB,,,23,5'10,200 lbs,Miami Dolphins,NFL,,,Washington,2,,,,37.0,200.0,5.833333333333333
Jordan Howard,RB,,,25,6'0,224 lbs,Miami Dolphins,NFL,,,Indiana,5,,,,34.0,224.0,6.0
Patrick Laird,RB,,,25,6'0,205 lbs,Miami Dolphins,NFL,,,California,2,,,,32.0,205.0,6.0
Malcolm Perry,RB,,,23,5'10,181 lbs,Miami Dolphins,NFL,,,Navy,R,,,,10.0,181.0,5.833333333333333
Chandler Cox,FB,,,24,6'1,240 lbs,Miami Dolphins,NFL,,,Auburn,2,,,,38.0,240.0,6.083333333333333
Matthew Cole,WR,,,23,5'10,197 lbs,Miami Dolphins,NFL,,,McKendree,R,,,,82.0,197.0,5.833333333333333
Isaiah Ford,WR,,,24,6'2,194 lbs,Miami Dolphins,NFL,,,Virginia Tech,3,,,,84.0,194.0,6.166666666666667
Jakeem Grant,WR,,,27,5'7,171 lbs,Miami Dolphins,NFL,,,Texas Tech,5,,,,19.0,171.0,5.583333333333333
Mack Hollins,WR,,,26,6'4,221 lbs,Miami Dolphins,NFL,,,North Carolina,4,,,,86.0,221.0,6.333333333333333
Gary Jennings,WR,,,23,6'1,216 lbs,Miami Dolphins,NFL,,,West Virginia,2,,,,16.0,216.0,6.083333333333333
Ricardo Louis,WR,,,26,6'2,215 lbs,Miami Dolphins,NFL,,,Auburn,5,,,,80.0,215.0,6.166666666666667
Kirk Merritt,WR,,,23,6'0,208 lbs,Miami Dolphins,NFL,,,Arkansas State,R,,,,83.0,208.0,6.0
DeVante Parker,WR,,,27,6'3,216 lbs,Miami Dolphins,NFL,,,Louisville,6,,,,11.0,216.0,6.25
Chester Rogers,WR,,,26,6'0,184 lbs,Miami Dolphins,NFL,,,Grambling State,5,,,,80.0,184.0,6.0
Preston Williams,WR,,,23,6'5,218 lbs,Miami Dolphins,NFL,,,Colorado State,2,,,,18.0,218.0,6.416666666666667
Mike Gesicki,TE,,,24,6'6,250 lbs,Miami Dolphins,NFL,,,Penn State,3,,,,88.0,250.0,6.5
Chris Myarick,TE,,,24,6'5,255 lbs,Miami Dolphins,NFL,,,Temple,1,,,,85.0,255.0,6.416666666666667
Adam Shaheen,TE,,,25,6'6,257 lbs,Miami Dolphins,NFL,,,Ashland,3,,,,,257.0,6.5
Durham Smythe,TE,,,25,6'6,260 lbs,Miami Dolphins,NFL,,,Notre Dame,3,,,,81.0,260.0,6.5
Nate Wieting,TE,,,23,6'4,250 lbs,Miami Dolphins,NFL,,,Iowa,R,,,,,250.0,6.333333333333333
Ted Karras,C,,,27,6'4,305 lbs,Miami Dolphins,NFL,,,Illinois,5,,,,67.0,305.0,6.333333333333333
Keaton Sutherland,C,,,23,6'5,316 lbs,Miami Dolphins,NFL,,,Texas A&M,2,,,,74.0,316.0,6.416666666666667
Shaq Calhoun,G,,,24,6'3,310 lbs,Miami Dolphins,NFL,,,Mississippi State,2,,,,62.0,310.0,6.25
Michael Deiter,G,,,23,6'6,310 lbs,Miami Dolphins,NFL,,,Wisconsin,2,,,,63.0,310.0,6.5
Danny Isidora,G,,,26,6'3,306 lbs,Miami Dolphins,NFL,,,Miami (FL),4,,,,65.0,306.0,6.25
Solomon Kindley,G,,,23,6'4,339 lbs,Miami Dolphins,NFL,,,Georgia,R,,,,66.0,339.0,6.333333333333333
Julie'n Davenport,OT,,,25,6'7,325 lbs,Miami Dolphins,NFL,,,Bucknell,4,,,,70.0,325.0,6.583333333333333
Jesse Davis,OT,,,28,6'6,325 lbs,Miami Dolphins,NFL,,,Idaho,4,,,,77.0,325.0,6.5
Jonathan Hubbard,OT,,,23,6'5,274 lbs,Miami Dolphins,NFL,,,Northwestern (IA),R,,,,71.0,274.0,6.416666666666667
Robert Hunt,OT,,,24,6'6,323 lbs,Miami Dolphins,NFL,,,Louisiana-Lafayette,R,,,,68.0,323.0,6.5
Austin Jackson,OT,,,21,6'5,317 lbs,Miami Dolphins,NFL,,,USC,R,,,,73.0,317.0,6.416666666666667
Adam Pankey,OT,,,26,6'5,313 lbs,Miami Dolphins,NFL,,,West Virginia,3,,,,78.0,313.0,6.416666666666667
Shaq Lawson,DE,,,26,6'3,267 lbs,Miami Dolphins,NFL,,,Clemson,5,,,,90.0,267.0,6.25
Avery Moss,DE,,,25,6'3,266 lbs,Miami Dolphins,NFL,,,Youngstown State,3,,,,93.0,266.0,6.25
Emmanuel Ogbah,DE,,,26,6'4,275 lbs,Miami Dolphins,NFL,,,Oklahoma State,5,,,,91.0,275.0,6.333333333333333
Tyshun Render,DE,,,23,6'4,248 lbs,Miami Dolphins,NFL,,,Middle Tennessee,R,,,,64.0,248.0,6.333333333333333
Jason Strowbridge,DE,,,23,6'5,273 lbs,Miami Dolphins,NFL,,,North Carolina,R,,,,58.0,273.0,6.416666666666667
Brandin Bryant,DT,,,26,6'2,289 lbs,Miami Dolphins,NFL,,,Florida Atlantic,1,,,,,289.0,6.166666666666667
Davon Godchaux,DT,,,25,6'3,311 lbs,Miami Dolphins,NFL,,,LSU,4,,,,56.0,311.0,6.25
Benito Jones,DT,,,22,6'1,316 lbs,Miami Dolphins,NFL,,,Ole Miss,R,,,,95.0,316.0,6.083333333333333
Durval Queiroz Neto,DT,,,28,6'4,330 lbs,Miami Dolphins,NFL,,,--,1,,,,69.0,330.0,6.333333333333333
Zach Sieler,DT,,,24,6'6,290 lbs,Miami Dolphins,NFL,,,Ferris State,3,,,,92.0,290.0,6.5
Christian Wilkins,DT,,,24,6'4,315 lbs,Miami Dolphins,NFL,,,Clemson,2,,,,94.0,315.0,6.333333333333333
Jerome Baker,LB,,,23,6'2,225 lbs,Miami Dolphins,NFL,,,Ohio State,3,,,,55.0,225.0,6.166666666666667
James Crawford,LB,,,25,6'2,239 lbs,Miami Dolphins,NFL,,,Illinois,3,,,,57.0,239.0,6.166666666666667
Sam Eguavoen,LB,,,27,6'0,236 lbs,Miami Dolphins,NFL,,,Texas Tech,2,,,,49.0,236.0,6.0
Kamu Grugier-Hill,LB,,,26,6'2,230 lbs,Miami Dolphins,NFL,,,Eastern Illinois,5,,,,51.0,230.0,6.166666666666667
Trent Harris,LB,,,24,6'2,255 lbs,Miami Dolphins,NFL,,,Miami (FL),2,,,,97.0,255.0,6.166666666666667
Kylan Johnson,LB,,,23,6'2,230 lbs,Miami Dolphins,NFL,,,Pittsburgh,R,,,,59.0,230.0,6.166666666666667
Calvin Munson,LB,,,25,6'0,245 lbs,Miami Dolphins,NFL,,,San Diego State,2,,,,48.0,245.0,6.0
Elandon Roberts,LB,,,26,6'0,238 lbs,Miami Dolphins,NFL,,,Houston,5,,,,44.0,238.0,6.0
Andrew Van Ginkel,LB,,,25,6'4,242 lbs,Miami Dolphins,NFL,,,Wisconsin,2,,,,43.0,242.0,6.333333333333333
Kyle Van Noy,LB,,,29,6'3,250 lbs,Miami Dolphins,NFL,,,BYU,7,,,,53.0,250.0,6.25
Breon Borders,CB,,,25,6'0,189 lbs,Miami Dolphins,NFL,,,Duke,2,,,,24.0,189.0,6.0
Nate Brooks,CB,,,23,6'0,192 lbs,Miami Dolphins,NFL,,,North Texas,1,,,,30.0,192.0,6.0
Tae Hayes,CB,,,23,5'9,188 lbs,Miami Dolphins,NFL,,,Appalachian State,2,,,,22.0,188.0,5.75
Xavien Howard,CB,,,27,6'1,198 lbs,Miami Dolphins,NFL,,,Baylor,5,,,,25.0,198.0,6.083333333333333
Noah Igbinoghene,CB,,,20,5'11,197 lbs,Miami Dolphins,NFL,,,Auburn,R,,,,46.0,197.0,5.916666666666667
Byron Jones,CB,,,27,6'0,205 lbs,Miami Dolphins,NFL,,,Connecticut,6,,,,24.0,205.0,6.0
Nik Needham,CB,,,23,6'0,193 lbs,Miami Dolphins,NFL,,,UTEP,2,,,,40.0,193.0,6.0
Deatrick Nichols,CB,,,26,5'10,189 lbs,Miami Dolphins,NFL,,,South Florida,2,,,,,189.0,5.833333333333333
Jamal Perry,CB,,,25,5'10,180 lbs,Miami Dolphins,NFL,,,Iowa State,2,,,,33.0,180.0,5.833333333333333
Eric Rowe,CB,,,27,6'1,205 lbs,Miami Dolphins,NFL,,,Utah,6,,,,21.0,205.0,6.083333333333333
Ken Webster,CB,,,24,5'11,202 lbs,Miami Dolphins,NFL,,,Ole Miss,2,,,,31.0,202.0,5.916666666666667
Clayton Fejedelem,S,,,27,6'0,205 lbs,Miami Dolphins,NFL,,,Illinois,5,,,,42.0,205.0,6.0
Kavon Frazier,S,,,26,6'0,223 lbs,Miami Dolphins,NFL,,,Central Michigan,5,,,,35.0,223.0,6.0
Nate Holley,S,,,25,6'0,209 lbs,Miami Dolphins,NFL,,,Kent State,1,,,,42.0,209.0,6.0
Brandon Jones,S,,,22,6'0,191 lbs,Miami Dolphins,NFL,,,Texas,R,,,,45.0,191.0,6.0
Bobby McCain,S,,,27,5'11,192 lbs,Miami Dolphins,NFL,,,Memphis,6,,,,28.0,192.0,5.916666666666667
Jason Sanders,PK,,,24,5'11,186 lbs,Miami Dolphins,NFL,,,New Mexico,3,,,,7.0,186.0,5.916666666666667
Matt Haack,P,,,26,6'0,205 lbs,Miami Dolphins,NFL,,,Arizona State,4,,,,2.0,205.0,6.0
Blake Ferguson,LS,,,23,6'3,227 lbs,Miami Dolphins,NFL,,,LSU,R,,,,50.0,227.0,6.25
Rex Sunahara,LS,,,--,6'6,242 lbs,Miami Dolphins,NFL,,,West Virginia,R,,,,64.0,242.0,6.5
Brian Hoyer,QB,,,34,6'2,216 lbs,New England Patriots,NFL,,,Michigan State,12,,,,2.0,216.0,6.166666666666667
Brian Lewerke,QB,,,23,6'3,216 lbs,New England Patriots,NFL,,,Michigan State,R,,,,,216.0,6.25
Cam Newton,QB,,,31,6'5,245 lbs,New England Patriots,NFL,,,Auburn,10,,,,1.0,245.0,6.416666666666667
Jarrett Stidham,QB,,,24,6'3,215 lbs,New England Patriots,NFL,,,Auburn,2,,,,4.0,215.0,6.25
Rex Burkhead,RB,,,30,5'10,215 lbs,New England Patriots,NFL,,,Nebraska,8,,,,34.0,215.0,5.833333333333333
Damien Harris,RB,,,23,5'11,213 lbs,New England Patriots,NFL,,,Alabama,2,,,,37.0,213.0,5.916666666666667
Sony Michel,RB,,,25,5'11,215 lbs,New England Patriots,NFL,,,Georgia,3,,,,26.0,215.0,5.916666666666667
Lamar Miller,RB,,,29,5'10,221 lbs,New England Patriots,NFL,,,Miami (FL),9,,,,35.0,221.0,5.833333333333333
J.J. Taylor,RB,,,22,5'6,185 lbs,New England Patriots,NFL,,,Arizona,R,,,,,185.0,5.5
James White,RB,,,28,5'10,205 lbs,New England Patriots,NFL,,,Wisconsin,7,,,,28.0,205.0,5.833333333333333
Jakob Johnson,FB,,,25,6'3,255 lbs,New England Patriots,NFL,,,Tennessee,2,,,,47.0,255.0,6.25
Andre Baccellia,WR,,,23,5'10,175 lbs,New England Patriots,NFL,,,Washington,R,,,,,175.0,5.833333333333333
Damiere Byrd,WR,,,27,5'9,180 lbs,New England Patriots,NFL,,,South Carolina,5,,,,10.0,180.0,5.75
Julian Edelman,WR,,,34,5'10,198 lbs,New England Patriots,NFL,,,Kent State,12,,,,11.0,198.0,5.833333333333333
N'Keal Harry,WR,,,22,6'4,225 lbs,New England Patriots,NFL,,,Arizona State,2,,,,15.0,225.0,6.333333333333333
Jakobi Meyers,WR,,,23,6'2,200 lbs,New England Patriots,NFL,,,North Carolina State,2,,,,16.0,200.0,6.166666666666667
Gunner Olszewski,WR,,,23,6'0,190 lbs,New England Patriots,NFL,,,Bemidji State,2,,,,80.0,190.0,6.0
Devin Ross,WR,,,25,5'9,192 lbs,New England Patriots,NFL,,,Colorado,1,,,,17.0,192.0,5.75
Mohamed Sanu Sr.,WR,,,31,6'2,210 lbs,New England Patriots,NFL,,,Rutgers,9,,,,14.0,210.0,6.166666666666667
Matthew Slater,WR,,,34,6'0,205 lbs,New England Patriots,NFL,,,UCLA,13,,,,18.0,205.0,6.0
Jeff Thomas,WR,,,22,5'10,174 lbs,New England Patriots,NFL,,,Miami (FL),R,,,,,174.0,5.833333333333333
Isaiah Zuber,WR,,,23,6'0,190 lbs,New England Patriots,NFL,,,Mississippi State,R,,,,,190.0,6.0
Devin Asiasi,TE,,,23,6'3,257 lbs,New England Patriots,NFL,,,UCLA,R,,,,86.0,257.0,6.25
Rashod Berry,TE,,,23,6'4,255 lbs,New England Patriots,NFL,,,Ohio State,R,,,,,255.0,6.333333333333333
Jake Burt,TE,,,24,6'3,260 lbs,New England Patriots,NFL,,,Boston College,R,,,,,260.0,6.25
Paul Butler,TE,,,27,6'6,250 lbs,New England Patriots,NFL,,,California (PA),1,,,,,250.0,6.5
Ryan Izzo,TE,,,24,6'5,255 lbs,New England Patriots,NFL,,,Florida State,3,,,,85.0,255.0,6.416666666666667
Dalton Keene,TE,,,21,6'4,251 lbs,New England Patriots,NFL,,,Virginia Tech,R,,,,29.0,251.0,6.333333333333333
Matt LaCosse,TE,,,27,6'6,255 lbs,New England Patriots,NFL,,,Illinois,5,,,,83.0,255.0,6.5
Paul Quessenberry,TE,,,--,6'2,251 lbs,New England Patriots,NFL,,,Navy,R,,,,45.0,251.0,6.166666666666667
David Andrews,C,,,28,6'3,300 lbs,New England Patriots,NFL,,,Georgia,6,,,,60.0,300.0,6.25
Tyler Gauthier,C,,,23,6'5,300 lbs,New England Patriots,NFL,,,Miami (FL),1,,,,67.0,300.0,6.416666666666667
Dustin Woodard,C,,,22,6'2,291 lbs,New England Patriots,NFL,,,Memphis,R,,,,53.0,291.0,6.166666666666667
Ben Braden,G,,,26,6'6,329 lbs,New England Patriots,NFL,,,Michigan,2,,,,,329.0,6.5
Jermaine Eluemunor,G,,,25,6'4,335 lbs,New England Patriots,NFL,,,Texas A&M,4,,,,65.0,335.0,6.333333333333333
Hjalte Froholdt,G,,,24,6'5,310 lbs,New England Patriots,NFL,,,Arkansas,2,,,,64.0,310.0,6.416666666666667
Shaq Mason,G,,,27,6'1,310 lbs,New England Patriots,NFL,,,Georgia Tech,6,,,,69.0,310.0,6.083333333333333
Michael Onwenu,G,,,22,6'3,350 lbs,New England Patriots,NFL,,,Michigan,R,,,,50.0,350.0,6.25
Joe Thuney,G,,,27,6'5,308 lbs,New England Patriots,NFL,,,North Carolina State,5,,,,62.0,308.0,6.416666666666667
Yodny Cajuste,OT,,,24,6'5,310 lbs,New England Patriots,NFL,,,West Virginia,1,,,,63.0,310.0,6.416666666666667
Korey Cunningham,OT,,,25,6'6,311 lbs,New England Patriots,NFL,,,Cincinnati,3,,,,74.0,311.0,6.5
Justin Herron,OT,,,24,6'5,305 lbs,New England Patriots,NFL,,,Wake Forest,R,,,,75.0,305.0,6.416666666666667
Isaiah Wynn,OT,,,24,6'2,310 lbs,New England Patriots,NFL,,,Georgia,3,,,,76.0,310.0,6.166666666666667
Tashawn Bower,DE,,,25,6'5,250 lbs,New England Patriots,NFL,,,LSU,3,,,,96.0,250.0,6.416666666666667
Lawrence Guy,DE,,,30,6'4,315 lbs,New England Patriots,NFL,,,Arizona State,10,,,,93.0,315.0,6.333333333333333
Derek Rivers,DE,,,26,6'5,250 lbs,New England Patriots,NFL,,,Youngstown State,4,,,,95.0,250.0,6.416666666666667
John Simon,DE,,,29,6'2,260 lbs,New England Patriots,NFL,,,Ohio State,8,,,,55.0,260.0,6.166666666666667
Nick Thurman,DE,,,25,6'4,305 lbs,New England Patriots,NFL,,,Houston,1,,,,92.0,305.0,6.333333333333333
Chase Winovich,DE,,,25,6'3,250 lbs,New England Patriots,NFL,,,Michigan,2,,,,50.0,250.0,6.25
Deatrich Wise Jr.,DE,,,26,6'5,275 lbs,New England Patriots,NFL,,,Arkansas,4,,,,91.0,275.0,6.416666666666667
Beau Allen,DT,,,28,6'3,327 lbs,New England Patriots,NFL,,,Wisconsin,7,,,,94.0,327.0,6.25
Michael Barnett,DT,,,--,6'4,304 lbs,New England Patriots,NFL,,,Georgia,R,,,,94.0,304.0,6.333333333333333
Adam Butler,DT,,,26,6'5,300 lbs,New England Patriots,NFL,,,Vanderbilt,4,,,,70.0,300.0,6.416666666666667
Byron Cowart,DT,,,24,6'3,300 lbs,New England Patriots,NFL,,,Maryland,2,,,,99.0,300.0,6.25
Bill Murray,DT,,,23,6'4,265 lbs,New England Patriots,NFL,,,William & Mary,R,,,,,265.0,6.333333333333333
Xavier Williams,DT,,,28,6'2,309 lbs,New England Patriots,NFL,,,Northern Iowa,6,,,,98.0,309.0,6.166666666666667
Ja'Whaun Bentley,LB,,,24,6'2,255 lbs,New England Patriots,NFL,,,Purdue,3,,,,51.0,255.0,6.166666666666667
Shilique Calhoun,LB,,,28,6'4,260 lbs,New England Patriots,NFL,,,Michigan State,5,,,,90.0,260.0,6.333333333333333
Brandon Copeland,LB,,,29,6'3,263 lbs,New England Patriots,NFL,,,Pennsylvania,6,,,,52.0,263.0,6.25
Terez Hall,LB,,,23,6'2,235 lbs,New England Patriots,NFL,,,Missouri,1,,,,59.0,235.0,6.166666666666667
De'Jon Harris,LB,,,22,5'11,234 lbs,New England Patriots,NFL,,,Arkansas,R,,,,,234.0,5.916666666666667
Anfernee Jennings,LB,,,23,6'3,259 lbs,New England Patriots,NFL,,,Alabama,R,,,,33.0,259.0,6.25
Cassh Maluia,LB,,,21,6'0,248 lbs,New England Patriots,NFL,,,Wyoming,R,,,,46.0,248.0,6.0
Josh Uche,LB,,,21,6'3,226 lbs,New England Patriots,NFL,,,Michigan,R,,,,6.0,226.0,6.25
Justin Bethel,CB,,,30,6'0,200 lbs,New England Patriots,NFL,,,Presbyterian,9,,,,29.0,200.0,6.0
Myles Bryant,CB,,,22,5'9,185 lbs,New England Patriots,NFL,,,Washington,R,,,,,185.0,5.75
Stephon Gilmore,CB,,,29,6'1,202 lbs,New England Patriots,NFL,,,South Carolina,9,,,,24.0,202.0,6.083333333333333
J.C. Jackson,CB,,,24,6'1,198 lbs,New England Patriots,NFL,,,Maryland,3,,,,27.0,198.0,6.083333333333333
Michael Jackson,CB,,,23,6'1,210 lbs,New England Patriots,NFL,,,Miami (FL),2,,,,28.0,210.0,6.083333333333333
Jonathan Jones,CB,,,26,5'10,190 lbs,New England Patriots,NFL,,,Auburn,5,,,,31.0,190.0,5.833333333333333
Jason McCourty,CB,,,33,5'11,195 lbs,New England Patriots,NFL,,,Rutgers,12,,,,30.0,195.0,5.916666666666667
D'Angelo Ross,CB,,,23,5'9,190 lbs,New England Patriots,NFL,,,New Mexico,2,,,,39.0,190.0,5.75
Joejuan Williams,CB,,,22,6'3,212 lbs,New England Patriots,NFL,,,Vanderbilt,2,,,,33.0,212.0,6.25
Terrence Brooks,S,,,28,5'11,205 lbs,New England Patriots,NFL,,,Florida State,7,,,,25.0,205.0,5.916666666666667
Cody Davis,S,,,31,6'2,203 lbs,New England Patriots,NFL,,,Texas Tech,8,,,,22.0,203.0,6.166666666666667
Kyle Dugger,S,,,24,6'2,220 lbs,New England Patriots,NFL,,,Lenoir-Rhyne,R,,,,2.0,220.0,6.166666666666667
Devin McCourty,S,,,33,5'10,195 lbs,New England Patriots,NFL,,,Rutgers,11,,,,32.0,195.0,5.833333333333333
Adrian Phillips,S,,,28,5'11,210 lbs,New England Patriots,NFL,,,Texas,6,,,,21.0,210.0,5.916666666666667
Nick Folk,PK,,,35,6'1,222 lbs,New England Patriots,NFL,,,Arizona,13,,,,2.0,222.0,6.083333333333333
Justin Rohrwasser,PK,,,23,6'3,230 lbs,New England Patriots,NFL,,,Marshall,R,,,,16.0,230.0,6.25
Jake Bailey,P,,,23,6'2,205 lbs,New England Patriots,NFL,,,Stanford,2,,,,7.0,205.0,6.166666666666667
Joe Cardona,LS,,,28,6'3,245 lbs,New England Patriots,NFL,,,Navy,6,,,,49.0,245.0,6.25
Sam Darnold,QB,,,23,6'3,225 lbs,New York Jets,NFL,,,USC,3,,,,14.0,225.0,6.25
David Fales,QB,,,29,6'2,213 lbs,New York Jets,NFL,,,San Jose State,6,,,,3.0,213.0,6.166666666666667
Joe Flacco,QB,,,35,6'6,245 lbs,New York Jets,NFL,,,Delaware,13,,,,5.0,245.0,6.5
James Morgan,QB,,,23,6'4,229 lbs,New York Jets,NFL,,,Florida International,R,,,,4.0,229.0,6.333333333333333
Mike White,QB,,,25,6'5,218 lbs,New York Jets,NFL,,,Western Kentucky,2,,,,8.0,218.0,6.416666666666667
Josh Adams,RB,,,23,6'2,225 lbs,New York Jets,NFL,,,Notre Dame,3,,,,36.0,225.0,6.166666666666667
Le'Veon Bell,RB,,,28,6'1,225 lbs,New York Jets,NFL,,,Michigan State,7,,,,26.0,225.0,6.083333333333333
Trenton Cannon,RB,,,26,5'11,185 lbs,New York Jets,NFL,,,Virginia State,3,,,,25.0,185.0,5.916666666666667
Frank Gore,RB,,,37,5'9,212 lbs,New York Jets,NFL,,,Miami (FL),16,,,,20.0,212.0,5.75
Pete Guerriero,RB,,,--,5'10,190 lbs,New York Jets,NFL,,,Monmouth,R,,,,,190.0,5.833333333333333
La'Mical Perine,RB,,,22,5'11,216 lbs,New York Jets,NFL,,,Florida,R,,,,22.0,216.0,5.916666666666667
Braxton Berrios,WR,,,24,5'9,190 lbs,New York Jets,NFL,,,Miami (FL),3,,,,10.0,190.0,5.75
Lawrence Cager,WR,,,23,6'5,220 lbs,New York Jets,NFL,,,Georgia,R,,,,1.0,220.0,6.416666666666667
George Campbell,WR,,,23,6'4,183 lbs,New York Jets,NFL,,,West Virginia,R,,,,6.0,183.0,6.333333333333333
Jehu Chesson,WR,,,26,6'2,204 lbs,New York Jets,NFL,,,Michigan,3,,,,16.0,204.0,6.166666666666667
Jamison Crowder,WR,,,27,5'9,177 lbs,New York Jets,NFL,,,Duke,6,,,,82.0,177.0,5.75
Chris Hogan,WR,,,32,6'1,210 lbs,New York Jets,NFL,,,Monmouth,8,,,,15.0,210.0,6.083333333333333
Josh Malone,WR,,,24,6'3,205 lbs,New York Jets,NFL,,,Tennessee,3,,,,83.0,205.0,6.25
Denzel Mims,WR,,,22,6'3,207 lbs,New York Jets,NFL,,,Baylor,R,,,,11.0,207.0,6.25
D.J. Montgomery,WR,,,23,6'1,201 lbs,New York Jets,NFL,,,Austin Peay,2,,,,,201.0,6.083333333333333
Breshad Perriman,WR,,,26,6'2,215 lbs,New York Jets,NFL,,,UCF,6,,,,19.0,215.0,6.166666666666667
Jeff Smith,WR,,,23,6'1,195 lbs,New York Jets,NFL,,,Boston College,1,,,,16.0,195.0,6.083333333333333
Vyncint Smith,WR,,,24,6'3,202 lbs,New York Jets,NFL,,,Limestone,3,,,,17.0,202.0,6.25
Ryan Griffin,TE,,,30,6'6,255 lbs,New York Jets,NFL,,,Connecticut,8,,,,84.0,255.0,6.5
Chris Herndon,TE,,,24,6'4,253 lbs,New York Jets,NFL,,,Miami (FL),3,,,,89.0,253.0,6.333333333333333
Ross Travis,TE,,,27,6'6,248 lbs,New York Jets,NFL,,,Penn State,4,,,,43.0,248.0,6.5
Trevon Wesco,TE,,,24,6'3,267 lbs,New York Jets,NFL,,,West Virginia,2,,,,85.0,267.0,6.25
Josh Andrews,C,,,29,6'2,298 lbs,New York Jets,NFL,,,Oregon State,5,,,,68.0,298.0,6.166666666666667
Jonotthan Harrison,C,,,29,6'4,300 lbs,New York Jets,NFL,,,Florida,7,,,,78.0,300.0,6.333333333333333
Brad Lundblade,C,,,24,6'3,305 lbs,New York Jets,NFL,,,Oklahoma State,1,,,,64.0,305.0,6.25
Connor McGovern,C,,,27,6'4,306 lbs,New York Jets,NFL,,,Missouri,5,,,,60.0,306.0,6.333333333333333
James Murray,C,,,25,6'5,304 lbs,New York Jets,NFL,,,Holy Cross,2,,,,61.0,304.0,6.416666666666667
Alex Lewis,G,,,28,6'6,305 lbs,New York Jets,NFL,,,Nebraska,5,,,,71.0,305.0,6.5
Greg Van Roten,G,,,30,6'3,305 lbs,New York Jets,NFL,,,Pennsylvania,6,,,,62.0,305.0,6.25
Mekhi Becton,OT,,,21,6'7,364 lbs,New York Jets,NFL,,,Louisville,R,,,,77.0,364.0,6.583333333333333
Chuma Edoga,OT,,,23,6'3,308 lbs,New York Jets,NFL,,,USC,2,,,,75.0,308.0,6.25
George Fant,OT,,,28,6'5,322 lbs,New York Jets,NFL,,,Western Kentucky,5,,,,76.0,322.0,6.416666666666667
Jared Hilbers,OT,,,23,6'6,310 lbs,New York Jets,NFL,,,Washington,R,,,,79.0,310.0,6.5
Corbin Kaufusi,OT,,,27,6'9,275 lbs,New York Jets,NFL,,,BYU,1,,,,65.0,275.0,6.75
Conor McDermott,OT,,,27,6'8,305 lbs,New York Jets,NFL,,,UCLA,4,,,,69.0,305.0,6.666666666666667
Henry Anderson,DE,,,29,6'6,301 lbs,New York Jets,NFL,,,Stanford,6,,,,96.0,301.0,6.5
John Franklin-Myers,DE,,,23,6'4,288 lbs,New York Jets,NFL,,,Stephen F. Austin,3,,,,56.0,288.0,6.333333333333333
Bronson Kaufusi,DE,,,29,6'6,275 lbs,New York Jets,NFL,,,BYU,3,,,,91.0,275.0,6.5
Kyle Phillips,DE,,,23,6'4,277 lbs,New York Jets,NFL,,,Tennessee,2,,,,98.0,277.0,6.333333333333333
Jordan Willis,DE,,,25,6'4,270 lbs,New York Jets,NFL,,,Kansas State,4,,,,55.0,270.0,6.333333333333333
Jabari Zuniga,DE,,,23,6'3,264 lbs,New York Jets,NFL,,,Florida,R,,,,92.0,264.0,6.25
Folorunso Fatukasi,DT,,,25,6'4,318 lbs,New York Jets,NFL,,,Connecticut,3,,,,94.0,318.0,6.333333333333333
Sterling Johnson,DT,,,23,6'4,285 lbs,New York Jets,NFL,,,Coastal Carolina,R,,,,66.0,285.0,6.333333333333333
Steve McLendon,DT,,,34,6'3,310 lbs,New York Jets,NFL,,,Troy,11,,,,99.0,310.0,6.25
Nathan Shepherd,DT,,,26,6'4,315 lbs,New York Jets,NFL,,,Fort Hays State,3,,,,97.0,315.0,6.333333333333333
Quinnen Williams,DT,,,22,6'3,303 lbs,New York Jets,NFL,,,Alabama,2,,,,95.0,303.0,6.25
Tarell Basham,LB,,,26,6'4,266 lbs,New York Jets,NFL,,,Ohio,4,,,,93.0,266.0,6.333333333333333
B.J. Bello,LB,,,25,6'3,229 lbs,New York Jets,NFL,,,Illinois State,3,,,,49.0,229.0,6.25
James Burgess,LB,,,26,6'0,230 lbs,New York Jets,NFL,,,Louisville,4,,,,58.0,230.0,6.0
Blake Cashman,LB,,,24,6'1,237 lbs,New York Jets,NFL,,,Minnesota,2,,,,53.0,237.0,6.083333333333333
Neville Hewitt,LB,,,27,6'2,234 lbs,New York Jets,NFL,,,Marshall,6,,,,46.0,234.0,6.166666666666667
Bryce Huff,LB,,,22,6'1,254 lbs,New York Jets,NFL,,,Memphis,R,,,,47.0,254.0,6.083333333333333
Jordan Jenkins,LB,,,26,6'3,259 lbs,New York Jets,NFL,,,Georgia,5,,,,48.0,259.0,6.25
Harvey Langi,LB,,,27,6'2,250 lbs,New York Jets,NFL,,,BYU,3,,,,44.0,250.0,6.166666666666667
Frankie Luvu,LB,,,23,6'3,236 lbs,New York Jets,NFL,,,Washington State,3,,,,50.0,236.0,6.25
Patrick Onwuasor,LB,,,28,6'0,227 lbs,New York Jets,NFL,,,Portland State,5,,,,51.0,227.0,6.0
Avery Williamson,LB,,,28,6'1,246 lbs,New York Jets,NFL,,,Kentucky,7,,,,54.0,246.0,6.083333333333333
Blessuan Austin,CB,,,24,6'1,198 lbs,New York Jets,NFL,,,Rutgers,2,,,,31.0,198.0,6.083333333333333
Pierre Desir,CB,,,29,6'1,192 lbs,New York Jets,NFL,,,Lindenwood,7,,,,35.0,192.0,6.083333333333333
Javelin Guidry,CB,,,22,5'9,191 lbs,New York Jets,NFL,,,Utah,R,,,,,191.0,5.75
Nate Hairston,CB,,,26,6'0,185 lbs,New York Jets,NFL,,,Temple,4,,,,21.0,185.0,6.0
Lamar Jackson,CB,,,22,6'2,208 lbs,New York Jets,NFL,,,Nebraska,R,,,,,208.0,6.166666666666667
Arthur Maulet,CB,,,27,5'10,190 lbs,New York Jets,NFL,,,Memphis,4,,,,23.0,190.0,5.833333333333333
Brian Poole,CB,,,27,5'10,213 lbs,New York Jets,NFL,,,Florida,5,,,,34.0,213.0,5.833333333333333
Quincy Wilson,CB,,,24,6'2,193 lbs,New York Jets,NFL,,,Florida,4,,,,31.0,193.0,6.166666666666667
Ashtyn Davis,S,,,23,6'1,202 lbs,New York Jets,NFL,,,California,R,,,,32.0,202.0,6.083333333333333
Matthias Farley,S,,,28,5'11,204 lbs,New York Jets,NFL,,,Notre Dame,5,,,,41.0,204.0,5.916666666666667
Bennett Jackson,S,,,28,6'0,192 lbs,New York Jets,NFL,,,Notre Dame,3,,,,39.0,192.0,6.0
Marcus Maye,S,,,27,6'0,207 lbs,New York Jets,NFL,,,Florida,4,,,,20.0,207.0,6.0
Bradley McDougald,S,,,29,6'1,215 lbs,New York Jets,NFL,,,Kansas,8,,,,,215.0,6.083333333333333
Sam Ficken,PK,,,27,6'1,192 lbs,New York Jets,NFL,,,Penn State,2,,,,9.0,192.0,6.083333333333333
Brett Maher,PK,,,30,6'0,190 lbs,New York Jets,NFL,,,Nebraska,3,,,,2.0,190.0,6.0
Braden Mann,P,,,22,5'11,198 lbs,New York Jets,NFL,,,Texas A&M,R,,,,7.0,198.0,5.916666666666667
Thomas Hennessy,LS,,,26,6'2,246 lbs,New York Jets,NFL,,,Duke,4,,,,42.0,246.0,6.166666666666667
Robert Griffin III,QB,,,30,6'2,213 lbs,Baltimore Ravens,NFL,,,Baylor,8,,,,3.0,213.0,6.166666666666667
Tyler Huntley,QB,,,22,6'1,205 lbs,Baltimore Ravens,NFL,,,Utah,R,,,,2.0,205.0,6.083333333333333
Lamar Jackson,QB,,,23,6'2,212 lbs,Baltimore Ravens,NFL,,,Louisville,3,,,,8.0,212.0,6.166666666666667
Trace McSorley,QB,,,25,6'0,202 lbs,Baltimore Ravens,NFL,,,Penn State,2,,,,7.0,202.0,6.0
Kenjon Barner,RB,,,31,5'9,195 lbs,Baltimore Ravens,NFL,,,Oregon,7,,,,38.0,195.0,5.75
J.K. Dobbins,RB,,,21,5'10,212 lbs,Baltimore Ravens,NFL,,,Ohio State,R,,,,27.0,212.0,5.833333333333333
Gus Edwards,RB,,,25,6'1,238 lbs,Baltimore Ravens,NFL,,,Rutgers,3,,,,35.0,238.0,6.083333333333333
Justice Hill,RB,,,22,5'10,200 lbs,Baltimore Ravens,NFL,,,Oklahoma State,2,,,,43.0,200.0,5.833333333333333
Mark Ingram II,RB,,,30,5'9,215 lbs,Baltimore Ravens,NFL,,,Alabama,10,,,,21.0,215.0,5.75
Patrick Ricard,FB,,,26,6'3,311 lbs,Baltimore Ravens,NFL,,,Maine,4,,,,42.0,311.0,6.25
Miles Boykin,WR,,,23,6'4,220 lbs,Baltimore Ravens,NFL,,,Notre Dame,2,,,,80.0,220.0,6.333333333333333
Marquise Brown,WR,,,23,5'9,170 lbs,Baltimore Ravens,NFL,,,Oklahoma,2,,,,15.0,170.0,5.75
Michael Dereus,WR,,,23,5'11,207 lbs,Baltimore Ravens,NFL,,,Georgetown,R,,,,82.0,207.0,5.916666666666667
Devin Duvernay,WR,,,22,5'11,210 lbs,Baltimore Ravens,NFL,,,Texas,R,,,,13.0,210.0,5.916666666666667
Chris Moore,WR,,,27,6'1,200 lbs,Baltimore Ravens,NFL,,,Cincinnati,5,,,,10.0,200.0,6.083333333333333
Jaylon Moore,WR,,,23,5'11,191 lbs,Baltimore Ravens,NFL,,,Tennessee-Martin,R,,,,81.0,191.0,5.916666666666667
James Proche,WR,,,23,5'11,193 lbs,Baltimore Ravens,NFL,,,SMU,R,,,,11.0,193.0,5.916666666666667
Jaleel Scott,WR,,,25,6'5,210 lbs,Baltimore Ravens,NFL,,,New Mexico State,3,,,,12.0,210.0,6.416666666666667
Willie Snead IV,WR,,,27,5'11,205 lbs,Baltimore Ravens,NFL,,,Ball State,6,,,,83.0,205.0,5.916666666666667
DeAndrew White,WR,,,28,6'0,195 lbs,Baltimore Ravens,NFL,,,Alabama,3,,,,,195.0,6.0
Jerell Adams,TE,,,27,6'5,254 lbs,Baltimore Ravens,NFL,,,South Carolina,3,,,,89.0,254.0,6.416666666666667
Mark Andrews,TE,,,24,6'5,256 lbs,Baltimore Ravens,NFL,,,Oklahoma,3,,,,89.0,256.0,6.416666666666667
Nick Boyle,TE,,,27,6'4,270 lbs,Baltimore Ravens,NFL,,,Delaware,6,,,,86.0,270.0,6.333333333333333
Jacob Breeland,TE,,,23,6'6,252 lbs,Baltimore Ravens,NFL,,,Oregon,R,,,,88.0,252.0,6.5
Charles Scarff,TE,,,24,6'5,249 lbs,Baltimore Ravens,NFL,,,Delaware,1,,,,85.0,249.0,6.416666666666667
Eli Wolf,TE,,,23,6'4,238 lbs,Baltimore Ravens,NFL,,,Georgia,R,,,,87.0,238.0,6.333333333333333
Trystan Colon-Castillo,C,,,22,6'3,313 lbs,Baltimore Ravens,NFL,,,Missouri,R,,,,63.0,313.0,6.25
Sean Pollard,C,,,22,6'5,322 lbs,Baltimore Ravens,NFL,,,Clemson,R,,,,69.0,322.0,6.416666666666667
Matt Skura,C,,,27,6'3,313 lbs,Baltimore Ravens,NFL,,,Duke,4,,,,68.0,313.0,6.25
Bradley Bozeman,G,,,25,6'3,317 lbs,Baltimore Ravens,NFL,,,Alabama,3,,,,77.0,317.0,6.25
Ben Bredeson,G,,,22,6'5,316 lbs,Baltimore Ravens,NFL,,,Michigan,R,,,,67.0,316.0,6.416666666666667
Parker Ehinger,G,,,27,6'6,310 lbs,Baltimore Ravens,NFL,,,Cincinnati,4,,,,70.0,310.0,6.5
D.J. Fluker,G,,,29,6'5,342 lbs,Baltimore Ravens,NFL,,,Alabama,8,,,,70.0,342.0,6.416666666666667
Will Holden,G,,,26,6'7,330 lbs,Baltimore Ravens,NFL,,,Vanderbilt,2,,,,66.0,330.0,6.583333333333333
Patrick Mekari,G,,,23,6'4,308 lbs,Baltimore Ravens,NFL,,,California,2,,,,65.0,308.0,6.333333333333333
Tyre Phillips,G,,,23,6'5,345 lbs,Baltimore Ravens,NFL,,,Mississippi State,R,,,,74.0,345.0,6.416666666666667
Ben Powers,G,,,23,6'4,310 lbs,Baltimore Ravens,NFL,,,Oklahoma,2,,,,72.0,310.0,6.333333333333333
Orlando Brown Jr.,OT,,,24,6'8,345 lbs,Baltimore Ravens,NFL,,,Oklahoma,3,,,,78.0,345.0,6.666666666666667
Ronnie Stanley,OT,,,26,6'6,315 lbs,Baltimore Ravens,NFL,,,Notre Dame,5,,,,79.0,315.0,6.5
Calais Campbell,DE,,,33,6'8,300 lbs,Baltimore Ravens,NFL,,,Miami (FL),13,,,,93.0,300.0,6.666666666666667
Jihad Ward,DE,,,26,6'5,287 lbs,Baltimore Ravens,NFL,,,Illinois,5,,,,53.0,287.0,6.416666666666667
Derek Wolfe,DE,,,30,6'5,285 lbs,Baltimore Ravens,NFL,,,Cincinnati,9,,,,95.0,285.0,6.416666666666667
Aaron Crawford,DT,,,22,6'1,315 lbs,Baltimore Ravens,NFL,,,North Carolina,R,,,,69.0,315.0,6.083333333333333
Justin Ellis,DT,,,29,6'2,350 lbs,Baltimore Ravens,NFL,,,Louisiana Tech,7,,,,71.0,350.0,6.166666666666667
Justin Madubuike,DT,,,22,6'3,293 lbs,Baltimore Ravens,NFL,,,Texas A&M,R,,,,92.0,293.0,6.25
Broderick Washington,DT,,,23,6'3,305 lbs,Baltimore Ravens,NFL,,,Texas Tech,R,,,,96.0,305.0,6.25
Brandon Williams,DT,,,31,6'1,336 lbs,Baltimore Ravens,NFL,,,Missouri Southern State,8,,,,98.0,336.0,6.083333333333333
Aaron Adeoye,LB,,,27,6'6,250 lbs,Baltimore Ravens,NFL,,,Southeast Missouri State,1,,,,51.0,250.0,6.5
Otaro Alaka,LB,,,24,6'3,239 lbs,Baltimore Ravens,NFL,,,Texas A&M,2,,,,50.0,239.0,6.25
Chris Board,LB,,,25,6'2,229 lbs,Baltimore Ravens,NFL,,,North Dakota State,3,,,,49.0,229.0,6.166666666666667
Tyus Bowser,LB,,,25,6'3,242 lbs,Baltimore Ravens,NFL,,,Houston,4,,,,54.0,242.0,6.25
John Daka,LB,,,22,6'2,240 lbs,Baltimore Ravens,NFL,,,James Madison,R,,,,56.0,240.0,6.166666666666667
Jaylon Ferguson,LB,,,24,6'5,275 lbs,Baltimore Ravens,NFL,,,Louisiana Tech,2,,,,45.0,275.0,6.416666666666667
L.J. Fort,LB,,,30,6'0,232 lbs,Baltimore Ravens,NFL,,,Northern Iowa,6,,,,58.0,232.0,6.0
Malik Harrison,LB,,,22,6'3,247 lbs,Baltimore Ravens,NFL,,,Ohio State,R,,,,40.0,247.0,6.25
Matthew Judon,LB,,,28,6'3,261 lbs,Baltimore Ravens,NFL,,,Grand Valley State,5,,,,99.0,261.0,6.25
Pernell McPhee,LB,,,31,6'3,265 lbs,Baltimore Ravens,NFL,,,Mississippi State,10,,,,90.0,265.0,6.25
Patrick Queen,LB,,,21,6'1,227 lbs,Baltimore Ravens,NFL,,,LSU,R,,,,48.0,227.0,6.083333333333333
Chauncey Rivers,LB,,,23,6'2,262 lbs,Baltimore Ravens,NFL,,,Mississippi State,R,,,,97.0,262.0,6.166666666666667
Kristian Welch,LB,,,22,6'3,239 lbs,Baltimore Ravens,NFL,,,Iowa,R,,,,57.0,239.0,6.25
Marcus Willoughby,LB,,,22,6'3,252 lbs,Baltimore Ravens,NFL,,,Elon,R,,,,91.0,252.0,6.25
Anthony Averett,CB,,,25,5'11,178 lbs,Baltimore Ravens,NFL,,,Alabama,3,,,,23.0,178.0,5.916666666666667
Terrell Bonds,CB,,,24,5'8,182 lbs,Baltimore Ravens,NFL,,,Tennessee State,1,,,,38.0,182.0,5.666666666666667
Khalil Dorsey,CB,,,22,5'9,181 lbs,Baltimore Ravens,NFL,,,Northern Arizona,R,,,,31.0,181.0,5.75
Marlon Humphrey,CB,,,24,6'0,197 lbs,Baltimore Ravens,NFL,,,Alabama,4,,,,44.0,197.0,6.0
Josh Nurse,CB,,,24,6'3,197 lbs,Baltimore Ravens,NFL,,,Utah,R,,,,33.0,197.0,6.25
Marcus Peters,CB,,,27,6'0,195 lbs,Baltimore Ravens,NFL,,,Washington,6,,,,24.0,195.0,6.0
Jimmy Smith,CB,,,32,6'2,210 lbs,Baltimore Ravens,NFL,,,Colorado,10,,,,22.0,210.0,6.166666666666667
Tavon Young,CB,,,26,5'9,185 lbs,Baltimore Ravens,NFL,,,Temple,5,,,,25.0,185.0,5.75
Chuck Clark,S,,,25,6'0,205 lbs,Baltimore Ravens,NFL,,,Virginia Tech,4,,,,36.0,205.0,6.0
DeShon Elliott,S,,,23,6'1,210 lbs,Baltimore Ravens,NFL,,,Texas,3,,,,32.0,210.0,6.083333333333333
Anthony Levine Sr.,S,,,33,5'11,207 lbs,Baltimore Ravens,NFL,,,Tennessee State,9,,,,41.0,207.0,5.916666666666667
Jordan Richards,S,,,27,5'11,210 lbs,Baltimore Ravens,NFL,,,Stanford,6,,,,28.0,210.0,5.916666666666667
Geno Stone,S,,,21,5'10,210 lbs,Baltimore Ravens,NFL,,,Iowa,R,,,,26.0,210.0,5.833333333333333
Justin Tucker,PK,,,30,6'1,183 lbs,Baltimore Ravens,NFL,,,Texas,9,,,,9.0,183.0,6.083333333333333
Sam Koch,P,,,38,6'1,222 lbs,Baltimore Ravens,NFL,,,Nebraska,15,,,,4.0,222.0,6.083333333333333
Johnny Townsend,P,,,25,6'1,205 lbs,Baltimore Ravens,NFL,,,Florida,2,,,,,205.0,6.083333333333333
Morgan Cox,LS,,,34,6'4,235 lbs,Baltimore Ravens,NFL,,,Tennessee,11,,,,46.0,235.0,6.333333333333333
Nick Moore,LS,,,27,6'2,248 lbs,Baltimore Ravens,NFL,,,Georgia,1,,,,60.0,248.0,6.166666666666667
Brandon Allen,QB,,,27,6'2,209 lbs,Cincinnati Bengals,NFL,,,Arkansas,4,,,,2.0,209.0,6.166666666666667
Joe Burrow,QB,,,23,6'4,221 lbs,Cincinnati Bengals,NFL,,,LSU,R,,,,9.0,221.0,6.333333333333333
Jake Dolegala,QB,,,23,6'7,242 lbs,Cincinnati Bengals,NFL,,,Central Connecticut State,2,,,,7.0,242.0,6.583333333333333
Ryan Finley,QB,,,25,6'4,207 lbs,Cincinnati Bengals,NFL,,,North Carolina State,2,,,,5.0,207.0,6.333333333333333
Giovani Bernard,RB,,,28,5'9,205 lbs,Cincinnati Bengals,NFL,,,North Carolina,8,,,,25.0,205.0,5.75
Joe Mixon,RB,,,24,6'1,220 lbs,Cincinnati Bengals,NFL,,,Oklahoma,4,,,,28.0,220.0,6.083333333333333
Jacques Patrick,RB,,,23,6'2,231 lbs,Cincinnati Bengals,NFL,,,Florida State,1,,,,31.0,231.0,6.166666666666667
Samaje Perine,RB,,,24,5'11,240 lbs,Cincinnati Bengals,NFL,,,Oklahoma,4,,,,34.0,240.0,5.916666666666667
Trayveon Williams,RB,,,22,5'8,206 lbs,Cincinnati Bengals,NFL,,,Texas A&M,2,,,,32.0,206.0,5.666666666666667
Tyler Boyd,WR,,,25,6'2,203 lbs,Cincinnati Bengals,NFL,,,Pittsburgh,5,,,,83.0,203.0,6.166666666666667
Alex Erickson,WR,,,27,6'0,195 lbs,Cincinnati Bengals,NFL,,,Wisconsin,5,,,,12.0,195.0,6.0
A.J. Green,WR,,,32,6'4,210 lbs,Cincinnati Bengals,NFL,,,Georgia,10,,,,18.0,210.0,6.333333333333333
Tee Higgins,WR,,,21,6'4,215 lbs,Cincinnati Bengals,NFL,,,Clemson,R,,,,85.0,215.0,6.333333333333333
Trenton Irwin,WR,,,24,6'2,207 lbs,Cincinnati Bengals,NFL,,,Stanford,1,,,,16.0,207.0,6.166666666666667
DaMarkus Lodge,WR,,,23,6'2,202 lbs,Cincinnati Bengals,NFL,,,Ole Miss,1,,,,81.0,202.0,6.166666666666667
Stanley Morgan,WR,,,23,6'0,205 lbs,Cincinnati Bengals,NFL,,,Nebraska,2,,,,17.0,205.0,6.0
John Ross III,WR,,,24,5'11,194 lbs,Cincinnati Bengals,NFL,,,Washington,4,,,,11.0,194.0,5.916666666666667
Auden Tate,WR,,,23,6'5,228 lbs,Cincinnati Bengals,NFL,,,Florida State,3,,,,19.0,228.0,6.416666666666667
Mike Thomas,WR,,,26,6'1,189 lbs,Cincinnati Bengals,NFL,,,Southern Miss,5,,,,80.0,189.0,6.083333333333333
Scotty Washington,WR,,,23,6'5,217 lbs,Cincinnati Bengals,NFL,,,Wake Forest,R,,,,14.0,217.0,6.416666666666667
Cethan Carter,TE,,,24,6'3,248 lbs,Cincinnati Bengals,NFL,,,Nebraska,4,,,,82.0,248.0,6.25
Jordan Franks,TE,,,24,6'4,240 lbs,Cincinnati Bengals,NFL,,,UCF,2,,,,88.0,240.0,6.333333333333333
Drew Sample,TE,,,24,6'4,258 lbs,Cincinnati Bengals,NFL,,,Washington,2,,,,89.0,258.0,6.333333333333333
Mason Schreck,TE,,,26,6'5,252 lbs,Cincinnati Bengals,NFL,,,Buffalo,3,,,,86.0,252.0,6.416666666666667
Bryce Sterk,TE,,,23,6'5,261 lbs,Cincinnati Bengals,NFL,,,Montana State,R,,,,87.0,261.0,6.416666666666667
C.J. Uzomah,TE,,,27,6'6,260 lbs,Cincinnati Bengals,NFL,,,Auburn,6,,,,87.0,260.0,6.5
Mitchell Wilcox,TE,,,23,6'4,247 lbs,Cincinnati Bengals,NFL,,,South Florida,R,,,,84.0,247.0,6.333333333333333
Frederick Mauigoa,C,,,22,6'4,310 lbs,Cincinnati Bengals,NFL,,,Washington State,R,,,,70.0,310.0,6.333333333333333
Billy Price,C,,,25,6'4,310 lbs,Cincinnati Bengals,NFL,,,Ohio State,3,,,,53.0,310.0,6.333333333333333
Hakeem Adeniji,G,,,22,6'4,302 lbs,Cincinnati Bengals,NFL,,,Kansas,R,,,,77.0,302.0,6.333333333333333
Trey Hopkins,G,,,28,6'3,316 lbs,Cincinnati Bengals,NFL,,,Texas,5,,,,66.0,316.0,6.25
Fred Johnson,G,,,23,6'7,326 lbs,Cincinnati Bengals,NFL,,,Florida,2,,,,74.0,326.0,6.583333333333333
Michael Jordan,G,,,22,6'6,315 lbs,Cincinnati Bengals,NFL,,,Ohio State,2,,,,60.0,315.0,6.5
Alex Redmond,G,,,25,6'5,320 lbs,Cincinnati Bengals,NFL,,,UCLA,4,,,,62.0,320.0,6.416666666666667
Xavier Su'a-Filo,G,,,29,6'4,312 lbs,Cincinnati Bengals,NFL,,,UCLA,7,,,,76.0,312.0,6.333333333333333
O'Shea Dugas,OT,,,23,6'4,335 lbs,Cincinnati Bengals,NFL,,,Louisiana Tech,2,,,,70.0,335.0,6.333333333333333
Bobby Hart,OT,,,26,6'5,310 lbs,Cincinnati Bengals,NFL,,,Florida State,6,,,,68.0,310.0,6.416666666666667
Josh Knipfel,OT,,,22,6'5,305 lbs,Cincinnati Bengals,NFL,,,Iowa State,R,,,,75.0,305.0,6.416666666666667
Jonah Williams,OT,,,22,6'4,305 lbs,Cincinnati Bengals,NFL,,,Alabama,2,,,,73.0,305.0,6.333333333333333
Amani Bledsoe,DE,,,22,6'4,280 lbs,Cincinnati Bengals,NFL,,,Oklahoma,1,,,,,280.0,6.333333333333333
Andrew Brown,DE,,,24,6'3,290 lbs,Cincinnati Bengals,NFL,,,Virginia,2,,,,93.0,290.0,6.25
Carlos Dunlap,DE,,,31,6'6,285 lbs,Cincinnati Bengals,NFL,,,Florida,11,,,,96.0,285.0,6.5
Sam Hubbard,DE,,,25,6'5,265 lbs,Cincinnati Bengals,NFL,,,Ohio State,3,,,,94.0,265.0,6.416666666666667
Khalid Kareem,DE,,,22,6'4,268 lbs,Cincinnati Bengals,NFL,,,Notre Dame,R,,,,90.0,268.0,6.333333333333333
Carl Lawson,DE,,,25,6'2,265 lbs,Cincinnati Bengals,NFL,,,Auburn,4,,,,58.0,265.0,6.166666666666667
D.J. Reader,DE,,,26,6'3,347 lbs,Cincinnati Bengals,NFL,,,Clemson,5,,,,98.0,347.0,6.25
Freedom Akinmoladun,DT,,,24,6'3,286 lbs,Cincinnati Bengals,NFL,,,Nebraska,1,,,,92.0,286.0,6.25
Geno Atkins,DT,,,32,6'1,300 lbs,Cincinnati Bengals,NFL,,,Georgia,11,,,,97.0,300.0,6.083333333333333
Mike Daniels,DT,,,31,6'0,310 lbs,Cincinnati Bengals,NFL,,,Iowa,10,,,,,310.0,6.0
Trey Dishon,DT,,,23,6'2,311 lbs,Cincinnati Bengals,NFL,,,Kansas State,R,,,,99.0,311.0,6.166666666666667
Kahlil McKenzie,DT,,,23,6'3,314 lbs,Cincinnati Bengals,NFL,,,Tennessee,2,,,,62.0,314.0,6.25
Markus Bailey,LB,,,23,6'0,235 lbs,Cincinnati Bengals,NFL,,,Purdue,R,,,,51.0,235.0,6.0
Josh Bynes,LB,,,31,6'1,235 lbs,Cincinnati Bengals,NFL,,,Auburn,10,,,,56.0,235.0,6.083333333333333
Austin Calitro,LB,,,26,6'0,240 lbs,Cincinnati Bengals,NFL,,,Villanova,3,,,,47.0,240.0,6.0
Akeem Davis-Gaither,LB,,,22,6'2,215 lbs,Cincinnati Bengals,NFL,,,Appalachian State,R,,,,59.0,215.0,6.166666666666667
Jordan Evans,LB,,,25,6'3,242 lbs,Cincinnati Bengals,NFL,,,Oklahoma,4,,,,50.0,242.0,6.25
Germaine Pratt,LB,,,24,6'2,245 lbs,Cincinnati Bengals,NFL,,,North Carolina State,2,,,,57.0,245.0,6.166666666666667
Brady Sheldon,LB,,,27,6'5,231 lbs,Cincinnati Bengals,NFL,,,Ferris State,1,,,,45.0,231.0,6.416666666666667
Marcel Spears Jr.,LB,,,23,6'0,221 lbs,Cincinnati Bengals,NFL,,,Iowa State,R,,,,52.0,221.0,6.0
Logan Wilson,LB,,,24,6'2,241 lbs,Cincinnati Bengals,NFL,,,Wyoming,R,,,,55.0,241.0,6.166666666666667
Mackensie Alexander,CB,,,26,5'10,192 lbs,Cincinnati Bengals,NFL,,,Clemson,5,,,,21.0,192.0,5.833333333333333
Tony Brown,CB,,,25,6'0,199 lbs,Cincinnati Bengals,NFL,,,Alabama,3,,,,27.0,199.0,6.0
William Jackson III,CB,,,27,6'0,196 lbs,Cincinnati Bengals,NFL,,,Houston,5,,,,22.0,196.0,6.0
Greg Mabin,CB,,,26,6'2,195 lbs,Cincinnati Bengals,NFL,,,Iowa,4,,,,29.0,195.0,6.166666666666667
Torry McTyer,CB,,,25,5'11,188 lbs,Cincinnati Bengals,NFL,,,UNLV,4,,,,20.0,188.0,5.916666666666667
Darius Phillips,CB,,,25,5'10,190 lbs,Cincinnati Bengals,NFL,,,Western Michigan,3,,,,23.0,190.0,5.833333333333333
Winston Rose,CB,,,26,6'0,180 lbs,Cincinnati Bengals,NFL,,,New Mexico State,1,,,,39.0,180.0,6.0
LeShaun Sims,CB,,,26,6'0,203 lbs,Cincinnati Bengals,NFL,,,Southern Utah,5,,,,38.0,203.0,6.0
Trae Waynes,CB,,,28,6'0,190 lbs,Cincinnati Bengals,NFL,,,Michigan State,6,,,,26.0,190.0,6.0
Jessie Bates III,S,,,23,6'1,200 lbs,Cincinnati Bengals,NFL,,,Wake Forest,3,,,,30.0,200.0,6.083333333333333
Vonn Bell,S,,,25,5'11,205 lbs,Cincinnati Bengals,NFL,,,Ohio State,5,,,,24.0,205.0,5.916666666666667
Trayvon Henderson,S,,,25,6'0,205 lbs,Cincinnati Bengals,NFL,,,Hawai'i',2,,,,41.0,205.0,6.0
Maurice Smith,S,,,25,6'0,194 lbs,Cincinnati Bengals,NFL,,,Georgia,3,,,,,194.0,6.0
Shawn Williams,S,,,29,6'0,212 lbs,Cincinnati Bengals,NFL,,,Georgia,8,,,,36.0,212.0,6.0
Brandon Wilson,S,,,26,5'10,200 lbs,Cincinnati Bengals,NFL,,,Houston,4,,,,40.0,200.0,5.833333333333333
Randy Bullock,PK,,,30,5'9,210 lbs,Cincinnati Bengals,NFL,,,Texas A&M,9,,,,4.0,210.0,5.75
Kevin Huber,P,,,35,6'1,210 lbs,Cincinnati Bengals,NFL,,,Cincinnati,12,,,,10.0,210.0,6.083333333333333
Dan Godsil,LS,,,24,6'3,240 lbs,Cincinnati Bengals,NFL,,,Indiana,1,,,,48.0,240.0,6.25
Clark Harris,LS,,,36,6'5,250 lbs,Cincinnati Bengals,NFL,,,Rutgers,12,,,,46.0,250.0,6.416666666666667
Kevin Davidson,QB,,,23,6'4,225 lbs,Cleveland Browns,NFL,,,Princeton,R,,,,9.0,225.0,6.333333333333333
Garrett Gilbert,QB,,,29,6'4,230 lbs,Cleveland Browns,NFL,,,SMU,3,,,,3.0,230.0,6.333333333333333
Case Keenum,QB,,,32,6'1,215 lbs,Cleveland Browns,NFL,,,Houston,8,,,,5.0,215.0,6.083333333333333
Baker Mayfield,QB,,,25,6'1,215 lbs,Cleveland Browns,NFL,,,Oklahoma,3,,,,6.0,215.0,6.083333333333333
Nick Chubb,RB,,,24,5'11,227 lbs,Cleveland Browns,NFL,,,Georgia,3,,,,24.0,227.0,5.916666666666667
Dontrell Hilliard,RB,,,25,5'11,202 lbs,Cleveland Browns,NFL,,,Tulane,3,,,,25.0,202.0,5.916666666666667
Kareem Hunt,RB,,,25,5'11,216 lbs,Cleveland Browns,NFL,,,Toledo,4,,,,27.0,216.0,5.916666666666667
D'Ernest Johnson,RB,,,24,5'10,208 lbs,Cleveland Browns,NFL,,,South Florida,2,,,,30.0,208.0,5.833333333333333
Benny LeMay,RB,,,22,5'8,220 lbs,Cleveland Browns,NFL,,,Charlotte,R,,,,36.0,220.0,5.666666666666667
Andy Janovich,FB,,,27,6'1,238 lbs,Cleveland Browns,NFL,,,Nebraska,5,,,,31.0,238.0,6.083333333333333
Johnny Stanton,FB,,,25,6'2,240 lbs,Cleveland Browns,NFL,,,UNLV,2,,,,43.0,240.0,6.166666666666667
Odell Beckham Jr.,WR,,,27,5'11,198 lbs,Cleveland Browns,NFL,,,LSU,7,,,,13.0,198.0,5.916666666666667
Ja'Marcus Bradley,WR,,,23,6'0,198 lbs,Cleveland Browns,NFL,,,Louisiana-Lafayette,R,,,,84.0,198.0,6.0
Rashard Higgins,WR,,,25,6'1,198 lbs,Cleveland Browns,NFL,,,Colorado State,5,,,,82.0,198.0,6.083333333333333
KhaDarel Hodge,WR,,,25,6'2,205 lbs,Cleveland Browns,NFL,,,Prairie View A&M,3,,,,12.0,205.0,6.166666666666667
Jarvis Landry,WR,,,27,5'11,196 lbs,Cleveland Browns,NFL,,,LSU,7,,,,80.0,196.0,5.916666666666667
J'Mon Moore,WR,,,25,6'3,205 lbs,Cleveland Browns,NFL,,,Missouri,2,,,,16.0,205.0,6.25
JoJo Natson,WR,,,26,5'7,153 lbs,Cleveland Browns,NFL,,,Akron,4,,,,19.0,153.0,5.583333333333333
Donovan Peoples-Jones,WR,,,21,6'2,212 lbs,Cleveland Browns,NFL,,,Michigan,R,,,,11.0,212.0,6.166666666666667
Damion Ratley,WR,,,25,6'2,200 lbs,Cleveland Browns,NFL,,,Texas A&M,3,,,,18.0,200.0,6.166666666666667
Taywan Taylor,WR,,,25,5'11,205 lbs,Cleveland Browns,NFL,,,Western Kentucky,4,,,,10.0,205.0,5.916666666666667
Pharaoh Brown,TE,,,26,6'6,258 lbs,Cleveland Browns,NFL,,,Oregon,3,,,,86.0,258.0,6.5
Harrison Bryant,TE,,,22,6'5,243 lbs,Cleveland Browns,NFL,,,Florida Atlantic,R,,,,88.0,243.0,6.416666666666667
Stephen Carlson,TE,,,23,6'4,240 lbs,Cleveland Browns,NFL,,,Princeton,2,,,,89.0,240.0,6.333333333333333
Austin Hooper,TE,,,25,6'4,254 lbs,Cleveland Browns,NFL,,,Stanford,5,,,,81.0,254.0,6.333333333333333
David Njoku,TE,,,24,6'4,246 lbs,Cleveland Browns,NFL,,,Miami (FL),4,,,,85.0,246.0,6.333333333333333
Evan Brown,C,,,23,6'2,302 lbs,Cleveland Browns,NFL,,,SMU,2,,,,63.0,302.0,6.166666666666667
Nick Harris,C,,,21,6'1,302 lbs,Cleveland Browns,NFL,,,Washington,R,,,,53.0,302.0,6.083333333333333
Jon Toth,C,,,26,6'5,310 lbs,Cleveland Browns,NFL,,,Kentucky,2,,,,64.0,310.0,6.416666666666667
JC Tretter,C,,,29,6'4,307 lbs,Cleveland Browns,NFL,,,Cornell,8,,,,64.0,307.0,6.333333333333333
Willie Wright,C,,,24,6'3,300 lbs,Cleveland Browns,NFL,,,Tulsa,1,,,,66.0,300.0,6.25
Joel Bitonio,G,,,28,6'4,320 lbs,Cleveland Browns,NFL,,,Nevada,7,,,,75.0,320.0,6.333333333333333
Michael Dunn,G,,,26,6'5,300 lbs,Cleveland Browns,NFL,,,Maryland,1,,,,,300.0,6.416666666666667
Wyatt Teller,G,,,25,6'4,315 lbs,Cleveland Browns,NFL,,,Virginia Tech,3,,,,77.0,315.0,6.333333333333333
Jack Conklin,OT,,,26,6'6,308 lbs,Cleveland Browns,NFL,,,Michigan State,5,,,,78.0,308.0,6.5
Chris Hubbard,OT,,,29,6'4,295 lbs,Cleveland Browns,NFL,,,UAB,7,,,,74.0,295.0,6.333333333333333
Kendall Lamm,OT,,,28,6'5,310 lbs,Cleveland Browns,NFL,,,Appalachian State,6,,,,70.0,310.0,6.416666666666667
Alex Taylor,OT,,,23,6'8,301 lbs,Cleveland Browns,NFL,,,South Carolina State,R,,,,67.0,301.0,6.666666666666667
Jedrick Wills Jr.,OT,,,21,6'4,312 lbs,Cleveland Browns,NFL,,,Alabama,R,,,,71.0,312.0,6.333333333333333
Adrian Clayborn,DE,,,32,6'3,280 lbs,Cleveland Browns,NFL,,,Iowa,10,,,,94.0,280.0,6.25
Myles Garrett,DE,,,24,6'4,272 lbs,Cleveland Browns,NFL,,,Texas A&M,4,,,,95.0,272.0,6.333333333333333
Porter Gustin,DE,,,23,6'5,257 lbs,Cleveland Browns,NFL,,,USC,2,,,,97.0,257.0,6.416666666666667
Robert McCray,DE,,,24,6'1,273 lbs,Cleveland Browns,NFL,,,Indiana,1,,,,52.0,273.0,6.083333333333333
Chad Thomas,DE,,,24,6'5,278 lbs,Cleveland Browns,NFL,,,Miami (FL),3,,,,92.0,278.0,6.416666666666667
Olivier Vernon,DE,,,29,6'2,262 lbs,Cleveland Browns,NFL,,,Miami (FL),9,,,,54.0,262.0,6.166666666666667
Eli Ankou,DT,,,26,6'3,325 lbs,Cleveland Browns,NFL,,,UCLA,4,,,,91.0,325.0,6.25
Andrew Billings,DT,,,25,6'1,328 lbs,Cleveland Browns,NFL,,,Baylor,5,,,,99.0,328.0,6.083333333333333
Daniel Ekuale,DT,,,26,6'3,300 lbs,Cleveland Browns,NFL,,,Washington State,2,,,,96.0,300.0,6.25
Jordan Elliott,DT,,,22,6'4,302 lbs,Cleveland Browns,NFL,,,Missouri,R,,,,61.0,302.0,6.333333333333333
Larry Ogunjobi,DT,,,26,6'3,305 lbs,Cleveland Browns,NFL,,,Charlotte,4,,,,65.0,305.0,6.25
Sheldon Richardson,DT,,,29,6'3,294 lbs,Cleveland Browns,NFL,,,Missouri,8,,,,98.0,294.0,6.25
Ricky Walker,DT,,,24,6'2,304 lbs,Cleveland Browns,NFL,,,Virginia Tech,1,,,,97.0,304.0,6.166666666666667
Solomon Ajayi,LB,,,23,6'0,222 lbs,Cleveland Browns,NFL,,,Liberty,R,,,,58.0,222.0,6.0
Tae Davis,LB,,,24,6'1,224 lbs,Cleveland Browns,NFL,,,Chattanooga,3,,,,55.0,224.0,6.083333333333333
B.J. Goodson,LB,,,27,6'1,242 lbs,Cleveland Browns,NFL,,,Clemson,5,,,,93.0,242.0,6.083333333333333
Willie Harvey,LB,,,24,5'11,230 lbs,Cleveland Browns,NFL,,,Iowa State,2,,,,56.0,230.0,5.916666666666667
Montrel Meander,LB,,,25,6'2,215 lbs,Cleveland Browns,NFL,,,Grambling State,1,,,,41.0,215.0,6.166666666666667
Jacob Phillips,LB,,,21,6'3,229 lbs,Cleveland Browns,NFL,,,LSU,R,,,,50.0,229.0,6.25
Malcolm Smith,LB,,,31,6'0,229 lbs,Cleveland Browns,NFL,,,USC,9,,,,,229.0,6.0
Sione Takitaki,LB,,,25,6'1,238 lbs,Cleveland Browns,NFL,,,BYU,2,,,,44.0,238.0,6.083333333333333
Mack Wilson,LB,,,22,6'1,233 lbs,Cleveland Browns,NFL,,,Alabama,2,,,,51.0,233.0,6.083333333333333
A.J. Green,CB,,,22,6'2,198 lbs,Cleveland Browns,NFL,,,Oklahoma State,R,,,,38.0,198.0,6.166666666666667
Robert Jackson,CB,,,26,6'2,207 lbs,Cleveland Browns,NFL,,,UNLV,2,,,,34.0,207.0,6.166666666666667
Kevin Johnson,CB,,,28,6'0,185 lbs,Cleveland Browns,NFL,,,Wake Forest,6,,,,28.0,185.0,6.0
Donnie Lewis Jr.,CB,,,24,6'0,190 lbs,Cleveland Browns,NFL,,,Tulane,1,,,,37.0,190.0,6.0
Terrance Mitchell,CB,,,28,5'11,191 lbs,Cleveland Browns,NFL,,,Oregon,7,,,,39.0,191.0,5.916666666666667
Donovan Olumba,CB,,,24,6'2,205 lbs,Cleveland Browns,NFL,,,Portland State,1,,,,33.0,205.0,6.166666666666667
M.J. Stewart,CB,,,24,5'11,200 lbs,Cleveland Browns,NFL,,,North Carolina,3,,,,36.0,200.0,5.916666666666667
Tavierre Thomas,CB,,,24,5'10,205 lbs,Cleveland Browns,NFL,,,Ferris State,3,,,,20.0,205.0,5.833333333333333
Denzel Ward,CB,,,23,5'11,190 lbs,Cleveland Browns,NFL,,,Ohio State,3,,,,21.0,190.0,5.916666666666667
Greedy Williams,CB,,,22,6'2,185 lbs,Cleveland Browns,NFL,,,LSU,2,,,,26.0,185.0,6.166666666666667
Elijah Benton,S,,,23,6'1,205 lbs,Cleveland Browns,NFL,,,Liberty,R,,,,43.0,205.0,6.083333333333333
J.T. Hassell,S,,,25,5'11,200 lbs,Cleveland Browns,NFL,,,Florida Tech,2,,,,49.0,200.0,5.916666666666667
Karl Joseph,S,,,26,5'10,200 lbs,Cleveland Browns,NFL,,,West Virginia,5,,,,42.0,200.0,5.833333333333333
Jovante Moffatt,S,,,23,5'11,213 lbs,Cleveland Browns,NFL,,,Middle Tennessee,R,,,,36.0,213.0,5.916666666666667
Sheldrick Redwine,S,,,23,6'0,196 lbs,Cleveland Browns,NFL,,,Miami (FL),2,,,,29.0,196.0,6.0
Andrew Sendejo,S,,,32,6'1,210 lbs,Cleveland Browns,NFL,,,Rice,10,,,,23.0,210.0,6.083333333333333
Austin Seibert,PK,,,23,5'9,211 lbs,Cleveland Browns,NFL,,,Oklahoma,2,,,,4.0,211.0,5.75
Jamie Gillan,P,,,23,6'1,207 lbs,Cleveland Browns,NFL,,,Arkansas-Pine Bluff,2,,,,7.0,207.0,6.083333333333333
Charley Hughlett,LS,,,30,6'4,248 lbs,Cleveland Browns,NFL,,,UCF,6,,,,47.0,248.0,6.333333333333333
Devlin Hodges,QB,,,24,6'1,210 lbs,Pittsburgh Steelers,NFL,,,Samford,2,,,,6.0,210.0,6.083333333333333
Paxton Lynch,QB,,,26,6'7,244 lbs,Pittsburgh Steelers,NFL,,,Memphis,4,,,,5.0,244.0,6.583333333333333
Ben Roethlisberger,QB,,,38,6'5,240 lbs,Pittsburgh Steelers,NFL,,,Miami (OH),17,,,,7.0,240.0,6.416666666666667
Mason Rudolph,QB,,,25,6'5,235 lbs,Pittsburgh Steelers,NFL,,,Oklahoma State,3,,,,2.0,235.0,6.416666666666667
James Conner,RB,,,25,6'1,233 lbs,Pittsburgh Steelers,NFL,,,Pittsburgh,4,,,,30.0,233.0,6.083333333333333
Trey Edmunds,RB,,,25,6'2,223 lbs,Pittsburgh Steelers,NFL,,,Maryland,3,,,,33.0,223.0,6.166666666666667
Anthony McFarland Jr.,RB,,,21,5'8,193 lbs,Pittsburgh Steelers,NFL,,,Maryland,R,,,,26.0,193.0,5.666666666666667
Jaylen Samuels,RB,,,24,6'0,225 lbs,Pittsburgh Steelers,NFL,,,North Carolina State,3,,,,38.0,225.0,6.0
Wendell Smallwood,RB,,,26,5'10,208 lbs,Pittsburgh Steelers,NFL,,,West Virginia,4,,,,34.0,208.0,5.833333333333333
Benny Snell Jr.,RB,,,22,5'10,224 lbs,Pittsburgh Steelers,NFL,,,Kentucky,2,,,,24.0,224.0,5.833333333333333
Kerrith Whyte,RB,,,23,5'10,204 lbs,Pittsburgh Steelers,NFL,,,Florida Atlantic,2,,,,40.0,204.0,5.833333333333333
Derek Watt,FB,,,27,6'2,234 lbs,Pittsburgh Steelers,NFL,,,Wisconsin,5,,,,44.0,234.0,6.166666666666667
Deon Cain,WR,,,24,6'2,202 lbs,Pittsburgh Steelers,NFL,,,Clemson,3,,,,17.0,202.0,6.166666666666667
Chase Claypool,WR,,,22,6'4,238 lbs,Pittsburgh Steelers,NFL,,,Notre Dame,R,,,,11.0,238.0,6.333333333333333
Amara Darboh,WR,,,26,6'2,215 lbs,Pittsburgh Steelers,NFL,,,Michigan,3,,,,82.0,215.0,6.166666666666667
Diontae Johnson,WR,,,24,5'10,183 lbs,Pittsburgh Steelers,NFL,,,Toledo,2,,,,18.0,183.0,5.833333333333333
Ray-Ray McCloud III,WR,,,23,5'9,190 lbs,Pittsburgh Steelers,NFL,,,Clemson,3,,,,,190.0,5.75
JuJu Smith-Schuster,WR,,,23,6'1,215 lbs,Pittsburgh Steelers,NFL,,,USC,4,,,,19.0,215.0,6.083333333333333
Ryan Switzer,WR,,,25,5'8,185 lbs,Pittsburgh Steelers,NFL,,,North Carolina,4,,,,10.0,185.0,5.666666666666667
DeAndre Thompkins,WR,,,24,5'11,188 lbs,Pittsburgh Steelers,NFL,,,Penn State,R,,,,,188.0,5.916666666666667
James Washington,WR,,,24,5'11,213 lbs,Pittsburgh Steelers,NFL,,,Oklahoma State,3,,,,13.0,213.0,5.916666666666667
Eric Ebron,TE,,,27,6'4,253 lbs,Pittsburgh Steelers,NFL,,,North Carolina,7,,,,85.0,253.0,6.333333333333333
Zach Gentry,TE,,,23,6'8,265 lbs,Pittsburgh Steelers,NFL,,,Michigan,2,,,,81.0,265.0,6.666666666666667
Kyle Markway,TE,,,23,6'4,250 lbs,Pittsburgh Steelers,NFL,,,South Carolina,R,,,,49.0,250.0,6.333333333333333
Vance McDonald,TE,,,30,6'4,267 lbs,Pittsburgh Steelers,NFL,,,Rice,8,,,,89.0,267.0,6.333333333333333
Kevin Rader,TE,,,25,6'4,250 lbs,Pittsburgh Steelers,NFL,,,Youngstown State,1,,,,87.0,250.0,6.333333333333333
J.C. Hassenauer,C,,,25,6'2,295 lbs,Pittsburgh Steelers,NFL,,,Alabama,1,,,,60.0,295.0,6.166666666666667
John Keenoy,C,,,23,6'3,300 lbs,Pittsburgh Steelers,NFL,,,Western Michigan,1,,,,64.0,300.0,6.25
Maurkice Pouncey,C,,,31,6'4,304 lbs,Pittsburgh Steelers,NFL,,,Florida,11,,,,53.0,304.0,6.333333333333333
David DeCastro,G,,,30,6'5,316 lbs,Pittsburgh Steelers,NFL,,,Stanford,9,,,,66.0,316.0,6.416666666666667
Kevin Dotson,G,,,23,6'4,321 lbs,Pittsburgh Steelers,NFL,,,Louisiana-Lafayette,R,,,,69.0,321.0,6.333333333333333
Stefen Wisniewski,G,,,31,6'3,305 lbs,Pittsburgh Steelers,NFL,,,Penn State,10,,,,61.0,305.0,6.25
Zach Banner,OT,,,26,6'8,360 lbs,Pittsburgh Steelers,NFL,,,USC,4,,,,72.0,360.0,6.666666666666667
Anthony Coyle,OT,,,23,6'4,298 lbs,Pittsburgh Steelers,NFL,,,Fordham,1,,,,68.0,298.0,6.333333333333333
Christian DiLauro,OT,,,25,6'6,300 lbs,Pittsburgh Steelers,NFL,,,Illinois,1,,,,74.0,300.0,6.5
Matt Feiler,OT,,,28,6'6,330 lbs,Pittsburgh Steelers,NFL,,,Bloomsburg,4,,,,71.0,330.0,6.5
Derwin Gray,OT,,,25,6'4,320 lbs,Pittsburgh Steelers,NFL,,,Maryland,1,,,,77.0,320.0,6.333333333333333
Jarron Jones,OT,,,26,6'6,320 lbs,Pittsburgh Steelers,NFL,,,Notre Dame,1,,,,79.0,320.0,6.5
Chukwuma Okorafor,OT,,,23,6'6,320 lbs,Pittsburgh Steelers,NFL,,,Western Michigan,3,,,,76.0,320.0,6.5
Alejandro Villanueva,OT,,,31,6'9,320 lbs,Pittsburgh Steelers,NFL,,,Army,6,,,,78.0,320.0,6.75
Chris Wormley,NT,,,26,6'5,300 lbs,Pittsburgh Steelers,NFL,,,Michigan,4,,,,95.0,300.0,6.416666666666667
Tyson Alualu,DE,,,33,6'3,304 lbs,Pittsburgh Steelers,NFL,,,California,11,,,,94.0,304.0,6.25
Isaiah Buggs,DE,,,24,6'3,295 lbs,Pittsburgh Steelers,NFL,,,Alabama,2,,,,96.0,295.0,6.25
Henry Mondeaux,DE,,,24,6'4,280 lbs,Pittsburgh Steelers,NFL,,,Oregon,1,,,,99.0,280.0,6.333333333333333
Calvin Taylor Jr.,DE,,,22,6'9,310 lbs,Pittsburgh Steelers,NFL,,,Kentucky,R,,,,67.0,310.0,6.75
Stephon Tuitt,DE,,,27,6'6,303 lbs,Pittsburgh Steelers,NFL,,,Notre Dame,7,,,,91.0,303.0,6.5
Carlos Davis,DT,,,24,6'2,320 lbs,Pittsburgh Steelers,NFL,,,Nebraska,R,,,,73.0,320.0,6.166666666666667
Cameron Heyward,DT,,,31,6'5,295 lbs,Pittsburgh Steelers,NFL,,,Ohio State,10,,,,97.0,295.0,6.416666666666667
Dan McCullers,DT,,,28,6'7,352 lbs,Pittsburgh Steelers,NFL,,,Tennessee,7,,,,93.0,352.0,6.583333333333333
Cavon Walker,DT,,,26,6'2,278 lbs,Pittsburgh Steelers,NFL,,,Maryland,1,,,,79.0,278.0,6.166666666666667
Olasunkanmi Adeniyi,LB,,,22,6'1,248 lbs,Pittsburgh Steelers,NFL,,,Toledo,3,,,,92.0,248.0,6.083333333333333
Devin Bush,LB,,,22,5'11,234 lbs,Pittsburgh Steelers,NFL,,,Michigan,2,,,,55.0,234.0,5.916666666666667
Bud Dupree,LB,,,27,6'4,269 lbs,Pittsburgh Steelers,NFL,,,Kentucky,6,,,,48.0,269.0,6.333333333333333
Jayrone Elliott,LB,,,28,6'3,240 lbs,Pittsburgh Steelers,NFL,,,Toledo,5,,,,51.0,240.0,6.25
Ulysees Gilbert III,LB,,,23,6'0,230 lbs,Pittsburgh Steelers,NFL,,,Akron,2,,,,54.0,230.0,6.0
Alex Highsmith,LB,,,23,6'4,242 lbs,Pittsburgh Steelers,NFL,,,Charlotte,R,,,,56.0,242.0,6.333333333333333
Leo Lewis,LB,,,23,6'2,245 lbs,Pittsburgh Steelers,NFL,,,Mississippi State,R,,,,42.0,245.0,6.166666666666667
James Lockhart,LB,,,23,6'2,263 lbs,Pittsburgh Steelers,NFL,,,Baylor,R,,,,49.0,263.0,6.166666666666667
Tuzar Skipper,LB,,,25,6'3,246 lbs,Pittsburgh Steelers,NFL,,,Toledo,2,,,,51.0,246.0,6.25
Robert Spillane,LB,,,24,6'1,229 lbs,Pittsburgh Steelers,NFL,,,Western Michigan,2,,,,41.0,229.0,6.083333333333333
T.J. Watt,LB,,,25,6'4,252 lbs,Pittsburgh Steelers,NFL,,,Wisconsin,4,,,,90.0,252.0,6.333333333333333
Vince Williams,LB,,,30,6'1,233 lbs,Pittsburgh Steelers,NFL,,,Florida State,8,,,,98.0,233.0,6.083333333333333
Trajan Bandy,CB,,,21,5'9,186 lbs,Pittsburgh Steelers,NFL,,,Miami (FL),R,,,,38.0,186.0,5.75
Joe Haden,CB,,,31,5'11,195 lbs,Pittsburgh Steelers,NFL,,,Florida,11,,,,23.0,195.0,5.916666666666667
Mike Hilton,CB,,,26,5'9,184 lbs,Pittsburgh Steelers,NFL,,,Ole Miss,4,,,,28.0,184.0,5.75
Steven Nelson,CB,,,27,5'11,194 lbs,Pittsburgh Steelers,NFL,,,Oregon State,6,,,,22.0,194.0,5.916666666666667
James Pierre,CB,,,23,6'2,185 lbs,Pittsburgh Steelers,NFL,,,Florida Atlantic,R,,,,26.0,185.0,6.166666666666667
Cameron Sutton,CB,,,25,5'11,188 lbs,Pittsburgh Steelers,NFL,,,Tennessee,4,,,,20.0,188.0,5.916666666666667
Marcus Allen,S,,,24,6'2,215 lbs,Pittsburgh Steelers,NFL,,,Penn State,2,,,,27.0,215.0,6.166666666666667
John Battle,S,,,25,6'0,201 lbs,Pittsburgh Steelers,NFL,,,LSU,1,,,,21.0,201.0,6.0
Antoine Brooks Jr.,S,,,22,5'11,210 lbs,Pittsburgh Steelers,NFL,,,Maryland,R,,,,25.0,210.0,5.916666666666667
Jordan Dangerfield,S,,,29,5'11,199 lbs,Pittsburgh Steelers,NFL,,,Towson,4,,,,37.0,199.0,5.916666666666667
Terrell Edmunds,S,,,23,6'1,217 lbs,Pittsburgh Steelers,NFL,,,Virginia Tech,3,,,,34.0,217.0,6.083333333333333
Minkah Fitzpatrick,S,,,23,6'1,207 lbs,Pittsburgh Steelers,NFL,,,Alabama,3,,,,39.0,207.0,6.083333333333333
Curtis Riley,S,,,28,6'0,190 lbs,Pittsburgh Steelers,NFL,,,Fresno State,6,,,,35.0,190.0,6.0
Chris Boswell,PK,,,29,6'2,185 lbs,Pittsburgh Steelers,NFL,,,Rice,6,,,,9.0,185.0,6.166666666666667
Jordan Berry,P,,,29,6'5,195 lbs,Pittsburgh Steelers,NFL,,,Eastern Kentucky,6,,,,4.0,195.0,6.416666666666667
Corliss Waitman,P,,,25,6'2,210 lbs,Pittsburgh Steelers,NFL,,,South Alabama,R,,,,8.0,210.0,6.166666666666667
Kameron Canaday,LS,,,28,6'4,245 lbs,Pittsburgh Steelers,NFL,,,Portland State,4,,,,57.0,245.0,6.333333333333333
Liam McCullough,LS,,,23,6'2,237 lbs,Pittsburgh Steelers,NFL,,,Ohio State,R,,,,48.0,237.0,6.166666666666667
AJ McCarron,QB,,,29,6'3,215 lbs,Houston Texans,NFL,,,Alabama,6,,,,2.0,215.0,6.25
Alex McGough,QB,,,24,6'3,214 lbs,Houston Texans,NFL,,,Florida International,1,,,,3.0,214.0,6.25
Deshaun Watson,QB,,,24,6'2,220 lbs,Houston Texans,NFL,,,Clemson,4,,,,4.0,220.0,6.166666666666667
Karan Higdon,RB,,,23,5'10,202 lbs,Houston Texans,NFL,,,Michigan,1,,,,24.0,202.0,5.833333333333333
Buddy Howell,RB,,,24,6'1,218 lbs,Houston Texans,NFL,,,Florida Atlantic,3,,,,38.0,218.0,6.083333333333333
David Johnson,RB,,,28,6'1,224 lbs,Houston Texans,NFL,,,Northern Iowa,6,,,,31.0,224.0,6.083333333333333
Duke Johnson,RB,,,26,5'9,210 lbs,Houston Texans,NFL,,,Miami (FL),6,,,,25.0,210.0,5.75
Scottie Phillips,RB,,,22,5'8,209 lbs,Houston Texans,NFL,,,Ole Miss,R,,,,40.0,209.0,5.666666666666667
Cullen Gillaspia,FB,,,25,6'2,235 lbs,Houston Texans,NFL,,,Texas A&M,2,,,,44.0,235.0,6.166666666666667
DeAndre Carter,WR,,,27,5'8,190 lbs,Houston Texans,NFL,,,Sacramento State,3,,,,14.0,190.0,5.666666666666667
Randall Cobb,WR,,,30,5'10,195 lbs,Houston Texans,NFL,,,Kentucky,10,,,,18.0,195.0,5.833333333333333
Brandin Cooks,WR,,,26,5'10,183 lbs,Houston Texans,NFL,,,Oregon State,6,,,,13.0,183.0,5.833333333333333
Isaiah Coulter,WR,,,21,6'3,190 lbs,Houston Texans,NFL,,,Rhode Island,R,,,,82.0,190.0,6.25
Keke Coutee,WR,,,23,5'11,180 lbs,Houston Texans,NFL,,,Texas Tech,3,,,,16.0,180.0,5.916666666666667
Will Fuller V,WR,,,26,6'0,184 lbs,Houston Texans,NFL,,,Notre Dame,5,,,,15.0,184.0,6.0
Chad Hansen,WR,,,25,6'2,202 lbs,Houston Texans,NFL,,,California,2,,,,17.0,202.0,6.166666666666667
Steven Mitchell Jr.,WR,,,26,5'10,186 lbs,Houston Texans,NFL,,,USC,2,,,,11.0,186.0,5.833333333333333
Tyler Simmons,WR,,,22,6'0,201 lbs,Houston Texans,NFL,,,Georgia,R,,,,86.0,201.0,6.0
Kenny Stills,WR,,,28,6'1,202 lbs,Houston Texans,NFL,,,Oklahoma,8,,,,12.0,202.0,6.083333333333333
Isaac Whitney,WR,,,26,6'2,204 lbs,Houston Texans,NFL,,,USC,2,,,,19.0,204.0,6.166666666666667
Jordan Akins,TE,,,28,6'4,243 lbs,Houston Texans,NFL,,,UCF,3,,,,88.0,243.0,6.333333333333333
Darren Fells,TE,,,34,6'7,270 lbs,Houston Texans,NFL,,,UC Irvine,7,,,,87.0,270.0,6.583333333333333
Dylan Stapleton,TE,,,22,6'5,242 lbs,Houston Texans,NFL,,,James Madison,R,,,,84.0,242.0,6.416666666666667
Jordan Thomas,TE,,,24,6'5,277 lbs,Houston Texans,NFL,,,Mississippi State,3,,,,83.0,277.0,6.416666666666667
Kahale Warring,TE,,,23,6'5,250 lbs,Houston Texans,NFL,,,San Diego State,2,,,,81.0,250.0,6.416666666666667
Greg Mancz,C,,,28,6'4,302 lbs,Houston Texans,NFL,,,Toledo,6,,,,65.0,302.0,6.333333333333333
Nick Martin,C,,,27,6'4,295 lbs,Houston Texans,NFL,,,Notre Dame,5,,,,66.0,295.0,6.333333333333333
Zach Fulton,G,,,28,6'5,321 lbs,Houston Texans,NFL,,,Tennessee,7,,,,73.0,321.0,6.416666666666667
Cordel Iwuagwu,G,,,23,6'3,309 lbs,Houston Texans,NFL,,,TCU,R,,,,70.0,309.0,6.25
Senio Kelemete,G,,,30,6'3,301 lbs,Houston Texans,NFL,,,Washington,8,,,,64.0,301.0,6.25
Jerald Hawkins,OT,,,26,6'6,305 lbs,Houston Texans,NFL,,,LSU,5,,,,70.0,305.0,6.5
Charlie Heck,OT,,,23,6'8,315 lbs,Houston Texans,NFL,,,North Carolina,R,,,,67.0,315.0,6.666666666666667
Tytus Howard,OT,,,24,6'5,322 lbs,Houston Texans,NFL,,,Alabama State,2,,,,71.0,322.0,6.416666666666667
Roderick Johnson,OT,,,24,6'6,306 lbs,Houston Texans,NFL,,,Florida State,4,,,,63.0,306.0,6.5
Rick Leonard,OT,,,23,6'7,311 lbs,Houston Texans,NFL,,,Florida State,1,,,,72.0,311.0,6.583333333333333
Kyle Murphy,OT,,,26,6'6,305 lbs,Houston Texans,NFL,,,Stanford,4,,,,68.0,305.0,6.5
Elijah Nkansah,OT,,,25,6'5,315 lbs,Houston Texans,NFL,,,Toledo,1,,,,75.0,315.0,6.416666666666667
Brent Qvale,OT,,,29,6'7,315 lbs,Houston Texans,NFL,,,Nebraska,6,,,,76.0,315.0,6.583333333333333
Max Scharping,OT,,,24,6'6,327 lbs,Houston Texans,NFL,,,Northern Illinois,2,,,,74.0,327.0,6.5
Laremy Tunsil,OT,,,26,6'5,313 lbs,Houston Texans,NFL,,,Ole Miss,5,,,,78.0,313.0,6.416666666666667
Auzoyah Alufohai,NT,,,23,6'4,320 lbs,Houston Texans,NFL,,,West Georgia,R,,,,98.0,320.0,6.333333333333333
Brandon Dunn,NT,,,27,6'2,310 lbs,Houston Texans,NFL,,,Louisville,5,,,,92.0,310.0,6.166666666666667
Angelo Blackson,DE,,,27,6'4,319 lbs,Houston Texans,NFL,,,Auburn,6,,,,97.0,319.0,6.333333333333333
Jonathan Greenard,DE,,,23,6'4,263 lbs,Houston Texans,NFL,,,Florida,R,,,,52.0,263.0,6.333333333333333
Charles Omenihu,DE,,,23,6'5,280 lbs,Houston Texans,NFL,,,Texas,2,,,,94.0,280.0,6.416666666666667
Carlos Watkins,DE,,,26,6'3,297 lbs,Houston Texans,NFL,,,Clemson,4,,,,91.0,297.0,6.25
J.J. Watt,DE,,,31,6'5,288 lbs,Houston Texans,NFL,,,Wisconsin,10,,,,99.0,288.0,6.416666666666667
Ross Blacklock,DT,,,22,6'3,290 lbs,Houston Texans,NFL,,,TCU,R,,,,90.0,290.0,6.25
P.J. Hall,DT,,,25,6'0,305 lbs,Houston Texans,NFL,,,Sam Houston State,3,,,,,305.0,6.0
Albert Huggins,DT,,,23,6'3,305 lbs,Houston Texans,NFL,,,Clemson,1,,,,,305.0,6.25
Tyrell Adams,LB,,,28,6'2,230 lbs,Houston Texans,NFL,,,West Georgia,4,,,,50.0,230.0,6.166666666666667
Daren Bates,LB,,,29,5'11,225 lbs,Houston Texans,NFL,,,Auburn,8,,,,53.0,225.0,5.916666666666667
Davin Bellamy,LB,,,25,6'5,259 lbs,Houston Texans,NFL,,,Georgia,1,,,,49.0,259.0,6.416666666666667
Dylan Cole,LB,,,26,6'0,237 lbs,Houston Texans,NFL,,,Missouri State,4,,,,51.0,237.0,6.0
Zach Cunningham,LB,,,25,6'3,238 lbs,Houston Texans,NFL,,,Vanderbilt,4,,,,41.0,238.0,6.25
Nate Hall,LB,,,24,6'2,235 lbs,Houston Texans,NFL,,,Northwestern,1,,,,48.0,235.0,6.166666666666667
Peter Kalambayi,LB,,,25,6'3,254 lbs,Houston Texans,NFL,,,Stanford,3,,,,58.0,254.0,6.25
Jacob Martin,LB,,,24,6'2,242 lbs,Houston Texans,NFL,,,Temple,3,,,,54.0,242.0,6.166666666666667
Benardrick McKinney,LB,,,27,6'4,257 lbs,Houston Texans,NFL,,,Mississippi State,6,,,,55.0,257.0,6.333333333333333
Whitney Mercilus,LB,,,30,6'4,258 lbs,Houston Texans,NFL,,,Illinois,9,,,,59.0,258.0,6.333333333333333
Brennan Scarlett,LB,,,27,6'4,263 lbs,Houston Texans,NFL,,,Stanford,5,,,,57.0,263.0,6.333333333333333
Cornell Armstrong,CB,,,24,6'0,185 lbs,Houston Texans,NFL,,,Southern Miss,3,,,,30.0,185.0,6.0
Anthony Chesley,CB,,,25,6'0,190 lbs,Houston Texans,NFL,,,Coastal Carolina,1,,,,43.0,190.0,6.0
Gareon Conley,CB,,,25,6'0,190 lbs,Houston Texans,NFL,,,Ohio State,4,,,,22.0,190.0,6.0
Keion Crossen,CB,,,24,5'10,185 lbs,Houston Texans,NFL,,,Western Carolina,3,,,,35.0,185.0,5.833333333333333
Phillip Gaines,CB,,,29,6'0,193 lbs,Houston Texans,NFL,,,Rice,7,,,,29.0,193.0,6.0
Vernon Hargreaves III,CB,,,25,5'10,204 lbs,Houston Texans,NFL,,,Florida,5,,,,28.0,204.0,5.833333333333333
Lonnie Johnson Jr.,CB,,,24,6'2,213 lbs,Houston Texans,NFL,,,Kentucky,2,,,,32.0,213.0,6.166666666666667
John Reid,CB,,,24,5'10,184 lbs,Houston Texans,NFL,,,Penn State,R,,,,34.0,184.0,5.833333333333333
Bradley Roby,CB,,,28,5'11,194 lbs,Houston Texans,NFL,,,Ohio State,7,,,,21.0,194.0,5.916666666666667
A.J. Moore Jr.,S,,,24,5'11,200 lbs,Houston Texans,NFL,,,Ole Miss,3,,,,33.0,200.0,5.916666666666667
Eric Murray,S,,,26,5'11,199 lbs,Houston Texans,NFL,,,Minnesota,5,,,,23.0,199.0,5.916666666666667
Jonathan Owens,S,,,25,5'11,210 lbs,Houston Texans,NFL,,,Missouri Western,2,,,,36.0,210.0,5.916666666666667
Justin Reid,S,,,23,6'1,203 lbs,Houston Texans,NFL,,,Stanford,3,,,,20.0,203.0,6.083333333333333
Michael Thomas,S,,,30,5'10,195 lbs,Houston Texans,NFL,,,Stanford,7,,,,28.0,195.0,5.833333333333333
Jaylen Watkins,S,,,28,5'11,194 lbs,Houston Texans,NFL,,,Florida,6,,,,27.0,194.0,5.916666666666667
Ka'imi Fairbairn,PK,,,26,6'0,183 lbs,Houston Texans,NFL,,,UCLA,5,,,,7.0,183.0,6.0
Bryan Anger,P,,,31,6'3,205 lbs,Houston Texans,NFL,,,California,9,,,,9.0,205.0,6.25
Anthony Kukwa,LS,,,27,6'3,221 lbs,Houston Texans,NFL,,,--,1,,,,45.0,221.0,6.25
Jon Weeks,LS,,,34,5'10,242 lbs,Houston Texans,NFL,,,Baylor,11,,,,46.0,242.0,5.833333333333333
Jacoby Brissett,QB,,,27,6'4,238 lbs,Indianapolis Colts,NFL,,,North Carolina State,5,,,,7.0,238.0,6.333333333333333
Jacob Eason,QB,,,22,6'6,231 lbs,Indianapolis Colts,NFL,,,Washington,R,,,,9.0,231.0,6.5
Chad Kelly,QB,,,26,6'2,216 lbs,Indianapolis Colts,NFL,,,Ole Miss,3,,,,6.0,216.0,6.166666666666667
Philip Rivers,QB,,,38,6'5,228 lbs,Indianapolis Colts,NFL,,,North Carolina State,17,,,,17.0,228.0,6.416666666666667
Nyheim Hines,RB,,,23,5'9,196 lbs,Indianapolis Colts,NFL,,,North Carolina State,3,,,,21.0,196.0,5.75
Marlon Mack,RB,,,24,6'0,210 lbs,Indianapolis Colts,NFL,,,South Florida,4,,,,25.0,210.0,6.0
Jonathan Taylor,RB,,,21,5'10,226 lbs,Indianapolis Colts,NFL,,,Wisconsin,R,,,,28.0,226.0,5.833333333333333
Jordan Wilkins,RB,,,26,6'1,216 lbs,Indianapolis Colts,NFL,,,Ole Miss,3,,,,20.0,216.0,6.083333333333333
Roosevelt Nix,FB,,,28,5'11,248 lbs,Indianapolis Colts,NFL,,,Kent State,7,,,,33.0,248.0,5.916666666666667
Parris Campbell,WR,,,23,6'0,205 lbs,Indianapolis Colts,NFL,,,Ohio State,2,,,,15.0,205.0,6.0
Ashton Dulin,WR,,,23,6'1,215 lbs,Indianapolis Colts,NFL,,,Malone University,2,,,,16.0,215.0,6.083333333333333
Daurice Fountain,WR,,,24,6'2,210 lbs,Indianapolis Colts,NFL,,,Northern Iowa,2,,,,10.0,210.0,6.166666666666667
De'Michael Harris,WR,,,22,5'8,178 lbs,Indianapolis Colts,NFL,,,Southern Miss,R,,,,5.0,178.0,5.666666666666667
T.Y. Hilton,WR,,,30,5'10,183 lbs,Indianapolis Colts,NFL,,,Florida International,9,,,,13.0,183.0,5.833333333333333
Marcus Johnson,WR,,,26,6'1,207 lbs,Indianapolis Colts,NFL,,,Texas,4,,,,83.0,207.0,6.083333333333333
Zach Pascal,WR,,,25,6'2,214 lbs,Indianapolis Colts,NFL,,,Old Dominion,3,,,,14.0,214.0,6.166666666666667
Dezmon Patmon,WR,,,22,6'4,225 lbs,Indianapolis Colts,NFL,,,Washington State,R,,,,85.0,225.0,6.333333333333333
Michael Pittman Jr.,WR,,,22,6'4,223 lbs,Indianapolis Colts,NFL,,,USC,R,,,,86.0,223.0,6.333333333333333
Artavis Scott,WR,,,25,5'11,195 lbs,Indianapolis Colts,NFL,,,Clemson,2,,,,1.0,195.0,5.916666666666667
Mo Alie-Cox,TE,,,26,6'5,267 lbs,Indianapolis Colts,NFL,,,Virginia Commonwealth,3,,,,81.0,267.0,6.416666666666667
Trey Burton,TE,,,28,6'2,238 lbs,Indianapolis Colts,NFL,,,Florida,7,,,,80.0,238.0,6.166666666666667
Dominique Dafney,TE,,,23,6'3,235 lbs,Indianapolis Colts,NFL,,,Indiana State,R,,,,,235.0,6.25
Jack Doyle,TE,,,30,6'6,262 lbs,Indianapolis Colts,NFL,,,Western Kentucky,8,,,,84.0,262.0,6.5
Farrod Green,TE,,,23,6'3,245 lbs,Indianapolis Colts,NFL,,,Mississippi State,R,,,,41.0,245.0,6.25
Xavier Grimble,TE,,,27,6'4,261 lbs,Indianapolis Colts,NFL,,,USC,4,,,,85.0,261.0,6.333333333333333
Andrew Vollert,TE,,,25,6'5,245 lbs,Indianapolis Colts,NFL,,,Weber State,2,,,,,245.0,6.416666666666667
Joey Hunt,C,,,26,6'2,299 lbs,Indianapolis Colts,NFL,,,TCU,4,,,,53.0,299.0,6.166666666666667
Ryan Kelly,C,,,27,6'4,307 lbs,Indianapolis Colts,NFL,,,Alabama,5,,,,78.0,307.0,6.333333333333333
Javon Patterson,C,,,23,6'3,307 lbs,Indianapolis Colts,NFL,,,Ole Miss,2,,,,65.0,307.0,6.25
Jake Eldrenkamp,G,,,26,6'5,300 lbs,Indianapolis Colts,NFL,,,Washington,1,,,,60.0,300.0,6.416666666666667
Mark Glowinski,G,,,28,6'4,310 lbs,Indianapolis Colts,NFL,,,West Virginia,6,,,,64.0,310.0,6.333333333333333
Chaz Green,G,,,28,6'5,318 lbs,Indianapolis Colts,NFL,,,Florida,4,,,,69.0,318.0,6.416666666666667
Quenton Nelson,G,,,24,6'5,330 lbs,Indianapolis Colts,NFL,,,Notre Dame,3,,,,56.0,330.0,6.416666666666667
Danny Pinter,G,,,24,6'4,306 lbs,Indianapolis Colts,NFL,,,Ball State,R,,,,63.0,306.0,6.333333333333333
Braden Smith,G,,,24,6'6,315 lbs,Indianapolis Colts,NFL,,,Auburn,3,,,,72.0,315.0,6.5
Anthony Castonzo,OT,,,32,6'7,307 lbs,Indianapolis Colts,NFL,,,Boston College,10,,,,74.0,307.0,6.583333333333333
Le'Raven Clark,OT,,,27,6'5,311 lbs,Indianapolis Colts,NFL,,,Texas Tech,5,,,,62.0,311.0,6.416666666666667
Brandon Hitner,OT,,,25,6'6,300 lbs,Indianapolis Colts,NFL,,,Villanova,1,,,,75.0,300.0,6.5
Carter O'Donnell,OT,,,21,6'5,313 lbs,Indianapolis Colts,NFL,,,Alberta,R,,,,61.0,313.0,6.416666666666667
Denico Autry,DE,,,30,6'5,285 lbs,Indianapolis Colts,NFL,,,Mississippi State,7,,,,96.0,285.0,6.416666666666667
Ben Banogu,DE,,,24,6'3,252 lbs,Indianapolis Colts,NFL,,,TCU,2,,,,52.0,252.0,6.25
Gerri Green,DE,,,24,6'4,250 lbs,Indianapolis Colts,NFL,,,Mississippi State,1,,,,95.0,250.0,6.333333333333333
Justin Houston,DE,,,31,6'3,270 lbs,Indianapolis Colts,NFL,,,Georgia,10,,,,50.0,270.0,6.25
Tyquan Lewis,DE,,,25,6'3,277 lbs,Indianapolis Colts,NFL,,,Ohio State,3,,,,94.0,277.0,6.25
Al-Quadin Muhammad,DE,,,25,6'4,250 lbs,Indianapolis Colts,NFL,,,Miami (FL),4,,,,97.0,250.0,6.333333333333333
Kemoko Turay,DE,,,25,6'5,248 lbs,Indianapolis Colts,NFL,,,Rutgers,3,,,,57.0,248.0,6.416666666666667
DeForest Buckner,DT,,,26,6'7,295 lbs,Indianapolis Colts,NFL,,,Oregon,5,,,,99.0,295.0,6.583333333333333
Kameron Cline,DT,,,22,6'4,283 lbs,Indianapolis Colts,NFL,,,South Dakota,R,,,,92.0,283.0,6.333333333333333
Sheldon Day,DT,,,26,6'1,285 lbs,Indianapolis Colts,NFL,,,Notre Dame,5,,,,91.0,285.0,6.083333333333333
Taylor Stallworth,DT,,,25,6'2,305 lbs,Indianapolis Colts,NFL,,,South Carolina,2,,,,,305.0,6.166666666666667
Grover Stewart,DT,,,26,6'4,315 lbs,Indianapolis Colts,NFL,,,Albany State (GA),4,,,,90.0,315.0,6.333333333333333
Chris Williams,DT,,,22,6'2,302 lbs,Indianapolis Colts,NFL,,,Wagner,R,,,,66.0,302.0,6.166666666666667
Robert Windsor,DT,,,23,6'4,290 lbs,Indianapolis Colts,NFL,,,Penn State,R,,,,93.0,290.0,6.333333333333333
Matthew Adams,LB,,,24,6'0,229 lbs,Indianapolis Colts,NFL,,,Houston,3,,,,49.0,229.0,6.0
Zaire Franklin,LB,,,24,6'0,235 lbs,Indianapolis Colts,NFL,,,Syracuse,3,,,,44.0,235.0,6.0
Jordan Glasgow,LB,,,24,6'1,226 lbs,Indianapolis Colts,NFL,,,Michigan,R,,,,59.0,226.0,6.083333333333333
Darius Leonard,LB,,,25,6'2,230 lbs,Indianapolis Colts,NFL,,,South Carolina State,3,,,,53.0,230.0,6.166666666666667
Skai Moore,LB,,,25,6'2,225 lbs,Indianapolis Colts,NFL,,,South Carolina,2,,,,55.0,225.0,6.166666666666667
Bobby Okereke,LB,,,24,6'1,235 lbs,Indianapolis Colts,NFL,,,Stanford,2,,,,58.0,235.0,6.083333333333333
E.J. Speed,LB,,,25,6'4,230 lbs,Indianapolis Colts,NFL,,,Tarleton State,2,,,,45.0,230.0,6.333333333333333
Anthony Walker,LB,,,25,6'1,230 lbs,Indianapolis Colts,NFL,,,Northwestern,4,,,,54.0,230.0,6.083333333333333
T.J. Carrie,CB,,,30,6'0,204 lbs,Indianapolis Colts,NFL,,,Ohio,7,,,,38.0,204.0,6.0
Andre Chachere,CB,,,24,6'0,200 lbs,Indianapolis Colts,NFL,,,San Jose State,1,,,,,200.0,6.0
Kenny Moore II,CB,,,25,5'9,190 lbs,Indianapolis Colts,NFL,,,Valdosta State,4,,,,23.0,190.0,5.75
Lafayette Pitts,CB,,,27,5'11,195 lbs,Indianapolis Colts,NFL,,,Pittsburgh,3,,,,40.0,195.0,5.916666666666667
Travis Reed,CB,,,23,6'1,168 lbs,Indianapolis Colts,NFL,,,South Alabama,R,,,,48.0,168.0,6.083333333333333
Xavier Rhodes,CB,,,30,6'1,218 lbs,Indianapolis Colts,NFL,,,Florida State,8,,,,27.0,218.0,6.083333333333333
Isaiah Rodgers,CB,,,22,5'10,170 lbs,Indianapolis Colts,NFL,,,Massachusetts,R,,,,34.0,170.0,5.833333333333333
Tremon Smith,CB,,,24,5'11,190 lbs,Indianapolis Colts,NFL,,,Central Arkansas,3,,,,,190.0,5.916666666666667
Marvell Tell III,CB,,,24,6'2,198 lbs,Indianapolis Colts,NFL,,,USC,2,,,,39.0,198.0,6.166666666666667
Rock Ya-Sin,CB,,,24,6'0,192 lbs,Indianapolis Colts,NFL,,,Temple,2,,,,26.0,192.0,6.0
Malik Hooker,S,,,24,6'1,214 lbs,Indianapolis Colts,NFL,,,Ohio State,4,,,,29.0,214.0,6.083333333333333
Rolan Milligan,S,,,26,5'10,200 lbs,Indianapolis Colts,NFL,,,Toledo,2,,,,42.0,200.0,5.833333333333333
George Odum,S,,,26,6'1,202 lbs,Indianapolis Colts,NFL,,,Central Arkansas,3,,,,30.0,202.0,6.083333333333333
Donald Rutledge Jr.,S,,,23,6'1,215 lbs,Indianapolis Colts,NFL,,,Georgia Southern,R,,,,47.0,215.0,6.083333333333333
Khari Willis,S,,,24,5'11,213 lbs,Indianapolis Colts,NFL,,,Michigan State,2,,,,37.0,213.0,5.916666666666667
Rodrigo Blankenship,PK,,,23,6'1,184 lbs,Indianapolis Colts,NFL,,,Georgia,R,,,,3.0,184.0,6.083333333333333
Chase McLaughlin,PK,,,24,6'1,175 lbs,Indianapolis Colts,NFL,,,Illinois,2,,,,5.0,175.0,6.083333333333333
Rigoberto Sanchez,P,,,25,6'0,195 lbs,Indianapolis Colts,NFL,,,Hawai'i',4,,,,8.0,195.0,6.0
Luke Rhodes,LS,,,27,6'2,238 lbs,Indianapolis Colts,NFL,,,William & Mary,4,,,,46.0,238.0,6.166666666666667
Joshua Dobbs,QB,,,25,6'3,216 lbs,Jacksonville Jaguars,NFL,,,Tennessee,4,,,,11.0,216.0,6.25
Mike Glennon,QB,,,30,6'7,225 lbs,Jacksonville Jaguars,NFL,,,North Carolina State,8,,,,2.0,225.0,6.583333333333333
Jake Luton,QB,,,24,6'6,224 lbs,Jacksonville Jaguars,NFL,,,Oregon State,R,,,,6.0,224.0,6.5
Gardner Minshew II,QB,,,24,6'1,225 lbs,Jacksonville Jaguars,NFL,,,Washington State,2,,,,15.0,225.0,6.083333333333333
Ryquell Armstead,RB,,,23,5'11,220 lbs,Jacksonville Jaguars,NFL,,,Temple,2,,,,23.0,220.0,5.916666666666667
Nathan Cottrell,RB,,,24,5'11,193 lbs,Jacksonville Jaguars,NFL,,,Georgia Tech,R,,,,31.0,193.0,5.916666666666667
Leonard Fournette,RB,,,25,6'0,228 lbs,Jacksonville Jaguars,NFL,,,LSU,4,,,,27.0,228.0,6.0
Devine Ozigbo,RB,,,23,6'2,225 lbs,Jacksonville Jaguars,NFL,,,Nebraska,2,,,,33.0,225.0,6.166666666666667
James Robinson,RB,,,22,5'9,219 lbs,Jacksonville Jaguars,NFL,,,Illinois State,R,,,,38.0,219.0,5.75
Chris Thompson,RB,,,29,5'8,195 lbs,Jacksonville Jaguars,NFL,,,Florida State,7,,,,34.0,195.0,5.666666666666667
Bruce Miller,FB,,,33,6'2,248 lbs,Jacksonville Jaguars,NFL,,,UCF,6,,,,43.0,248.0,6.166666666666667
DJ Chark Jr.,WR,,,23,6'4,198 lbs,Jacksonville Jaguars,NFL,,,LSU,3,,,,17.0,198.0,6.333333333333333
Keelan Cole,WR,,,27,6'1,194 lbs,Jacksonville Jaguars,NFL,,,Kentucky Wesleyan,4,,,,84.0,194.0,6.083333333333333
Chris Conley,WR,,,27,6'3,205 lbs,Jacksonville Jaguars,NFL,,,Georgia,6,,,,18.0,205.0,6.25
Terry Godwin,WR,,,23,5'11,185 lbs,Jacksonville Jaguars,NFL,,,Georgia,1,,,,14.0,185.0,5.916666666666667
Josh Hammond,WR,,,22,6'0,194 lbs,Jacksonville Jaguars,NFL,,,Florida,R,,,,81.0,194.0,6.0
Collin Johnson,WR,,,22,6'6,222 lbs,Jacksonville Jaguars,NFL,,,Texas,R,,,,19.0,222.0,6.5
Marvelle Ross,WR,,,24,5'9,180 lbs,Jacksonville Jaguars,NFL,,,Notre Dame of Ohio,R,,,,83.0,180.0,5.75
Laviska Shenault Jr.,WR,,,21,6'1,227 lbs,Jacksonville Jaguars,NFL,,,Colorado,R,,,,10.0,227.0,6.083333333333333
Michael Walker,WR,,,23,5'11,194 lbs,Jacksonville Jaguars,NFL,,,Boston College,2,,,,13.0,194.0,5.916666666666667
Dede Westbrook,WR,,,26,6'0,178 lbs,Jacksonville Jaguars,NFL,,,Oklahoma,4,,,,12.0,178.0,6.0
Tyler Davis,TE,,,23,6'4,252 lbs,Jacksonville Jaguars,NFL,,,Georgia Tech,R,,,,87.0,252.0,6.333333333333333
Tyler Eifert,TE,,,29,6'6,255 lbs,Jacksonville Jaguars,NFL,,,Notre Dame,8,,,,88.0,255.0,6.5
Ben Ellefson,TE,,,23,6'3,250 lbs,Jacksonville Jaguars,NFL,,,North Dakota State,R,,,,86.0,250.0,6.25
Matt Flanagan,TE,,,25,6'6,265 lbs,Jacksonville Jaguars,NFL,,,Pittsburgh,1,,,,41.0,265.0,6.5
James O'Shaughnessy,TE,,,28,6'4,245 lbs,Jacksonville Jaguars,NFL,,,Illinois State,6,,,,80.0,245.0,6.333333333333333
Brandon Linder,C,,,28,6'6,315 lbs,Jacksonville Jaguars,NFL,,,Miami (FL),7,,,,65.0,315.0,6.5
Tyler Shatley,C,,,29,6'3,310 lbs,Jacksonville Jaguars,NFL,,,Clemson,7,,,,69.0,310.0,6.25
A.J. Cann,G,,,28,6'3,315 lbs,Jacksonville Jaguars,NFL,,,South Carolina,6,,,,60.0,315.0,6.25
Garrett McGhin,G,,,25,6'6,302 lbs,Jacksonville Jaguars,NFL,,,East Carolina,1,,,,63.0,302.0,6.5
Andrew Norwell,G,,,28,6'6,325 lbs,Jacksonville Jaguars,NFL,,,Ohio State,7,,,,68.0,325.0,6.5
Tre'Vour Wallace-Simms,G,,,22,6'5,330 lbs,Jacksonville Jaguars,NFL,,,Missouri,R,,,,77.0,330.0,6.416666666666667
Ben Bartch,OT,,,22,6'6,309 lbs,Jacksonville Jaguars,NFL,,,--,R,,,,78.0,309.0,6.5
Blake Hance,OT,,,24,6'5,310 lbs,Jacksonville Jaguars,NFL,,,Northwestern,1,,,,72.0,310.0,6.416666666666667
KC McDermott,OT,,,24,6'5,311 lbs,Jacksonville Jaguars,NFL,,,Miami (FL),2,,,,62.0,311.0,6.416666666666667
Austen Pleasants,OT,,,23,6'7,328 lbs,Jacksonville Jaguars,NFL,,,Ohio,R,,,,64.0,328.0,6.583333333333333
Will Richardson Jr.,OT,,,24,6'6,306 lbs,Jacksonville Jaguars,NFL,,,North Carolina State,3,,,,76.0,306.0,6.5
Cam Robinson,OT,,,24,6'6,320 lbs,Jacksonville Jaguars,NFL,,,Alabama,4,,,,74.0,320.0,6.5
Jawaan Taylor,OT,,,22,6'5,312 lbs,Jacksonville Jaguars,NFL,,,Florida,2,,,,75.0,312.0,6.416666666666667
Adam Gotsis,DE,,,27,6'4,287 lbs,Jacksonville Jaguars,NFL,,,Georgia Tech,5,,,,99.0,287.0,6.333333333333333
Aaron Lynch,DE,,,27,6'5,285 lbs,Jacksonville Jaguars,NFL,,,South Florida,6,,,,59.0,285.0,6.416666666666667
Cassius Marsh Sr.,DE,,,28,6'4,254 lbs,Jacksonville Jaguars,NFL,,,UCLA,7,,,,54.0,254.0,6.333333333333333
Dawuane Smoot,DE,,,25,6'3,264 lbs,Jacksonville Jaguars,NFL,,,Illinois,4,,,,94.0,264.0,6.25
Taven Bryan,DT,,,24,6'5,291 lbs,Jacksonville Jaguars,NFL,,,Florida,3,,,,90.0,291.0,6.416666666666667
Doug Costin,DT,,,22,6'2,295 lbs,Jacksonville Jaguars,NFL,,,Miami (OH),R,,,,58.0,295.0,6.166666666666667
Carl Davis,DT,,,28,6'5,320 lbs,Jacksonville Jaguars,NFL,,,Iowa,6,,,,79.0,320.0,6.416666666666667
Davon Hamilton,DT,,,23,6'4,320 lbs,Jacksonville Jaguars,NFL,,,Ohio State,R,,,,52.0,320.0,6.333333333333333
Tim Jernigan,DT,,,27,6'2,295 lbs,Jacksonville Jaguars,NFL,,,Florida State,7,,,,93.0,295.0,6.166666666666667
Abry Jones,DT,,,28,6'4,318 lbs,Jacksonville Jaguars,NFL,,,Georgia,8,,,,95.0,318.0,6.333333333333333
Caraun Reid,DT,,,28,6'2,292 lbs,Jacksonville Jaguars,NFL,,,Princeton,6,,,,,292.0,6.166666666666667
Dakota Allen,LB,,,24,6'1,232 lbs,Jacksonville Jaguars,NFL,,,Texas Tech,2,,,,53.0,232.0,6.083333333333333
Josh Allen,LB,,,23,6'5,262 lbs,Jacksonville Jaguars,NFL,,,Kentucky,2,,,,41.0,262.0,6.416666666666667
K'Lavon Chaisson,LB,,,21,6'3,254 lbs,Jacksonville Jaguars,NFL,,,LSU,R,,,,45.0,254.0,6.25
Nate Evans,LB,,,22,6'1,241 lbs,Jacksonville Jaguars,NFL,,,UCF,R,,,,57.0,241.0,6.083333333333333
Joe Giles-Harris,LB,,,23,6'2,234 lbs,Jacksonville Jaguars,NFL,,,Duke,1,,,,43.0,234.0,6.166666666666667
Myles Jack,LB,,,24,6'1,244 lbs,Jacksonville Jaguars,NFL,,,UCLA,5,,,,44.0,244.0,6.083333333333333
Leon Jacobs,LB,,,24,6'2,246 lbs,Jacksonville Jaguars,NFL,,,Wisconsin,3,,,,48.0,246.0,6.166666666666667
Shaquille Quarterman,LB,,,22,6'0,234 lbs,Jacksonville Jaguars,NFL,,,Miami (FL),R,,,,50.0,234.0,6.0
Joe Schobert,LB,,,26,6'1,245 lbs,Jacksonville Jaguars,NFL,,,Wisconsin,5,,,,47.0,245.0,6.083333333333333
Quincy Williams,LB,,,24,5'11,225 lbs,Jacksonville Jaguars,NFL,,,Murray State,2,,,,56.0,225.0,5.916666666666667
Luq Barcoo,CB,,,22,6'1,175 lbs,Jacksonville Jaguars,NFL,,,San Diego State,R,,,,3.0,175.0,6.083333333333333
Tramaine Brock Sr.,CB,,,32,6'0,188 lbs,Jacksonville Jaguars,NFL,,,Belhaven College,10,,,,,188.0,6.0
Chris Claybrooks,CB,,,22,5'9,179 lbs,Jacksonville Jaguars,NFL,,,Memphis,R,,,,7.0,179.0,5.75
Amari Henderson,CB,,,22,6'1,180 lbs,Jacksonville Jaguars,NFL,,,Wake Forest,R,,,,38.0,180.0,6.083333333333333
CJ Henderson,CB,,,21,6'1,204 lbs,Jacksonville Jaguars,NFL,,,Florida,R,,,,21.0,204.0,6.083333333333333
Tre Herndon,CB,,,24,5'11,185 lbs,Jacksonville Jaguars,NFL,,,Vanderbilt,3,,,,37.0,185.0,5.916666666666667
Parry Nickerson,CB,,,25,5'10,182 lbs,Jacksonville Jaguars,NFL,,,Tulane,3,,,,35.0,182.0,5.833333333333333
Brandon Watson,CB,,,25,5'11,198 lbs,Jacksonville Jaguars,NFL,,,Michigan,2,,,,40.0,198.0,5.916666666666667
Ronnie Harrison,S,,,23,6'3,207 lbs,Jacksonville Jaguars,NFL,,,Alabama,3,,,,36.0,207.0,6.25
Josh Jones,S,,,25,6'2,220 lbs,Jacksonville Jaguars,NFL,,,North Carolina State,4,,,,29.0,220.0,6.166666666666667
J.R. Reed,S,,,24,6'1,202 lbs,Jacksonville Jaguars,NFL,,,Georgia,R,,,,30.0,202.0,6.083333333333333
Daniel Thomas,S,,,22,5'10,215 lbs,Jacksonville Jaguars,NFL,,,Auburn,R,,,,20.0,215.0,5.833333333333333
Jarrod Wilson,S,,,26,6'2,210 lbs,Jacksonville Jaguars,NFL,,,Michigan,5,,,,26.0,210.0,6.166666666666667
Andrew Wingard,S,,,23,6'0,209 lbs,Jacksonville Jaguars,NFL,,,Wyoming,2,,,,42.0,209.0,6.0
Josh Lambo,PK,,,29,6'0,215 lbs,Jacksonville Jaguars,NFL,,,Texas A&M,6,,,,4.0,215.0,6.0
Logan Cooke,P,,,25,6'5,230 lbs,Jacksonville Jaguars,NFL,,,Mississippi State,3,,,,9.0,230.0,6.416666666666667
Ross Matiscik,LS,,,23,6'0,235 lbs,Jacksonville Jaguars,NFL,,,Baylor,R,,,,49.0,235.0,6.0
Matthew Orzech,LS,,,25,6'3,245 lbs,Jacksonville Jaguars,NFL,,,Azusa Pacific,2,,,,46.0,245.0,6.25
Trevor Siemian,QB,,,28,6'3,220 lbs,Tennessee Titans,NFL,,,Northwestern,6,,,,,220.0,6.25
Ryan Tannehill,QB,,,32,6'4,217 lbs,Tennessee Titans,NFL,,,Texas A&M,9,,,,17.0,217.0,6.333333333333333
Logan Woodside,QB,,,25,6'1,213 lbs,Tennessee Titans,NFL,,,Toledo,1,,,,5.0,213.0,6.083333333333333
Khari Blasingame,RB,,,24,6'0,233 lbs,Tennessee Titans,NFL,,,Vanderbilt,2,,,,41.0,233.0,6.0
Darrynton Evans,RB,,,22,5'10,203 lbs,Tennessee Titans,NFL,,,Appalachian State,R,,,,32.0,203.0,5.833333333333333
Derrick Henry,RB,,,26,6'3,247 lbs,Tennessee Titans,NFL,,,Alabama,5,,,,22.0,247.0,6.25
Marcus Marshall,RB,,,23,5'10,200 lbs,Tennessee Titans,NFL,,,James Madison,1,,,,,200.0,5.833333333333333
Jeremy McNichols,RB,,,24,5'9,205 lbs,Tennessee Titans,NFL,,,Boise State,1,,,,30.0,205.0,5.75
Senorise Perry,RB,,,28,6'0,210 lbs,Tennessee Titans,NFL,,,Louisville,6,,,,20.0,210.0,6.0
Cameron Batson,WR,,,24,5'8,175 lbs,Tennessee Titans,NFL,,,Texas Tech,3,,,,13.0,175.0,5.666666666666667
A.J. Brown,WR,,,23,6'0,226 lbs,Tennessee Titans,NFL,,,Ole Miss,2,,,,11.0,226.0,6.0
Corey Davis,WR,,,25,6'3,209 lbs,Tennessee Titans,NFL,,,Western Michigan,4,,,,84.0,209.0,6.25
Rashard Davis,WR,,,24,5'9,175 lbs,Tennessee Titans,NFL,,,James Madison,1,,,,12.0,175.0,5.75
Krishawn Hogan,WR,,,25,6'3,217 lbs,Tennessee Titans,NFL,,,Marian,3,,,,,217.0,6.25
Cody Hollister,WR,,,26,6'4,209 lbs,Tennessee Titans,NFL,,,Arkansas,2,,,,16.0,209.0,6.333333333333333
Adam Humphries,WR,,,27,5'11,195 lbs,Tennessee Titans,NFL,,,Clemson,6,,,,10.0,195.0,5.916666666666667
Mason Kinsey,WR,,,22,5'10,198 lbs,Tennessee Titans,NFL,,,Berry College,R,,,,,198.0,5.833333333333333
Kalif Raymond,WR,,,26,5'8,182 lbs,Tennessee Titans,NFL,,,Holy Cross,4,,,,14.0,182.0,5.666666666666667
Nick Westbrook,WR,,,23,6'2,211 lbs,Tennessee Titans,NFL,,,Indiana,R,,,,15.0,211.0,6.166666666666667
Kristian Wilkerson,WR,,,23,6'1,214 lbs,Tennessee Titans,NFL,,,Southeast Missouri State,R,,,,18.0,214.0,6.083333333333333
Anthony Firkser,TE,,,25,6'2,246 lbs,Tennessee Titans,NFL,,,Harvard,3,,,,86.0,246.0,6.166666666666667
Tommy Hudson,TE,,,23,6'5,255 lbs,Tennessee Titans,NFL,,,Arizona State,R,,,,89.0,255.0,6.416666666666667
MyCole Pruitt,TE,,,28,6'2,245 lbs,Tennessee Titans,NFL,,,Southern Illinois,5,,,,85.0,245.0,6.166666666666667
Jonnu Smith,TE,,,25,6'3,248 lbs,Tennessee Titans,NFL,,,Florida International,4,,,,81.0,248.0,6.25
Geoff Swaim,TE,,,26,6'4,260 lbs,Tennessee Titans,NFL,,,Texas,6,,,,87.0,260.0,6.333333333333333
Aaron Brewer,C,,,22,6'1,274 lbs,Tennessee Titans,NFL,,,Texas State,R,,,,62.0,274.0,6.083333333333333
Ben Jones,C,,,31,6'3,308 lbs,Tennessee Titans,NFL,,,Georgia,9,,,,60.0,308.0,6.25
Daniel Munyer,C,,,28,6'1,305 lbs,Tennessee Titans,NFL,,,Colorado,3,,,,52.0,305.0,6.083333333333333
Nate Davis,G,,,23,6'3,316 lbs,Tennessee Titans,NFL,,,Charlotte,2,,,,64.0,316.0,6.25
Jamil Douglas,G,,,28,6'4,309 lbs,Tennessee Titans,NFL,,,Arizona State,3,,,,75.0,309.0,6.333333333333333
Avery Gennesy,G,,,26,6'3,318 lbs,Tennessee Titans,NFL,,,Texas A&M,1,,,,67.0,318.0,6.25
Zac Kerin,G,,,29,6'5,305 lbs,Tennessee Titans,NFL,,,Toledo,5,,,,69.0,305.0,6.416666666666667
David Quessenberry,G,,,30,6'5,310 lbs,Tennessee Titans,NFL,,,San Jose State,2,,,,72.0,310.0,6.416666666666667
Rodger Saffold III,G,,,32,6'5,325 lbs,Tennessee Titans,NFL,,,Indiana,11,,,,76.0,325.0,6.416666666666667
Dennis Kelly,OT,,,30,6'8,321 lbs,Tennessee Titans,NFL,,,Purdue,9,,,,71.0,321.0,6.666666666666667
Brandon Kemp,OT,,,23,6'6,317 lbs,Tennessee Titans,NFL,,,Valdosta State,R,,,,66.0,317.0,6.5
Taylor Lewan,OT,,,29,6'7,309 lbs,Tennessee Titans,NFL,,,Michigan,7,,,,77.0,309.0,6.583333333333333
Ty Sambrailo,OT,,,28,6'5,311 lbs,Tennessee Titans,NFL,,,Colorado State,6,,,,70.0,311.0,6.416666666666667
Isaiah Wilson,OT,,,21,6'6,350 lbs,Tennessee Titans,NFL,,,Georgia,R,,,,79.0,350.0,6.5
Matt Dickerson,DE,,,24,6'5,292 lbs,Tennessee Titans,NFL,,,UCLA,3,,,,92.0,292.0,6.416666666666667
Wyatt Ray,DE,,,23,6'3,250 lbs,Tennessee Titans,NFL,,,Boston College,1,,,,,250.0,6.25
Jack Crawford,DT,,,31,6'5,274 lbs,Tennessee Titans,NFL,,,Penn State,9,,,,94.0,274.0,6.416666666666667
Joey Ivie,DT,,,25,6'3,301 lbs,Tennessee Titans,NFL,,,Florida,2,,,,96.0,301.0,6.25
DaQuan Jones,DT,,,28,6'4,322 lbs,Tennessee Titans,NFL,,,Penn State,7,,,,90.0,322.0,6.333333333333333
Isaiah Mack,DT,,,24,6'1,299 lbs,Tennessee Titans,NFL,,,Chattanooga,2,,,,97.0,299.0,6.083333333333333
Larrell Murchison,DT,,,23,6'2,297 lbs,Tennessee Titans,NFL,,,North Carolina State,R,,,,91.0,297.0,6.166666666666667
Jeffery Simmons,DT,,,23,6'4,305 lbs,Tennessee Titans,NFL,,,Mississippi State,2,,,,98.0,305.0,6.333333333333333
Kobe Smith,DT,,,22,6'2,312 lbs,Tennessee Titans,NFL,,,South Carolina,R,,,,,312.0,6.166666666666667
Teair Tart,DT,,,23,6'2,304 lbs,Tennessee Titans,NFL,,,Florida International,R,,,,78.0,304.0,6.166666666666667
Vic Beasley Jr.,LB,,,28,6'3,246 lbs,Tennessee Titans,NFL,,,Clemson,6,,,,44.0,246.0,6.25
Jayon Brown,LB,,,25,6'0,226 lbs,Tennessee Titans,NFL,,,UCLA,4,,,,55.0,226.0,6.0
Will Compton,LB,,,30,6'1,235 lbs,Tennessee Titans,NFL,,,Nebraska,7,,,,51.0,235.0,6.083333333333333
Kamalei Correa,LB,,,26,6'3,241 lbs,Tennessee Titans,NFL,,,Boise State,5,,,,40.0,241.0,6.25
Jamal Davis II,LB,,,25,6'4,240 lbs,Tennessee Titans,NFL,,,Akron,1,,,,,240.0,6.333333333333333
Nick Dzubnar,LB,,,29,6'1,240 lbs,Tennessee Titans,NFL,,,Cal Poly,6,,,,49.0,240.0,6.083333333333333
Rashaan Evans,LB,,,24,6'2,232 lbs,Tennessee Titans,NFL,,,Alabama,3,,,,54.0,232.0,6.166666666666667
Cale Garrett,LB,,,22,6'1,234 lbs,Tennessee Titans,NFL,,,Missouri,R,,,,47.0,234.0,6.083333333333333
Harold Landry III,LB,,,24,6'2,252 lbs,Tennessee Titans,NFL,,,Boston College,3,,,,58.0,252.0,6.166666666666667
David Long,LB,,,23,5'11,227 lbs,Tennessee Titans,NFL,,,West Virginia,2,,,,51.0,227.0,5.916666666666667
Derick Roberson,LB,,,24,6'3,250 lbs,Tennessee Titans,NFL,,,Sam Houston State,2,,,,50.0,250.0,6.25
D'Andre Walker,LB,,,23,6'2,251 lbs,Tennessee Titans,NFL,,,Georgia,2,,,,42.0,251.0,6.166666666666667
Malcolm Butler,CB,,,30,5'11,190 lbs,Tennessee Titans,NFL,,,West Alabama,7,,,,21.0,190.0,5.916666666666667
Dane Cruikshank,CB,,,25,6'1,209 lbs,Tennessee Titans,NFL,,,Arizona,3,,,,29.0,209.0,6.083333333333333
Kenneth Durden,CB,,,28,6'1,180 lbs,Tennessee Titans,NFL,,,Youngstown State,2,,,,38.0,180.0,6.083333333333333
Kristian Fulton,CB,,,21,5'11,197 lbs,Tennessee Titans,NFL,,,LSU,R,,,,26.0,197.0,5.916666666666667
Adoree' Jackson,CB,,,24,5'11,185 lbs,Tennessee Titans,NFL,,,USC,4,,,,25.0,185.0,5.916666666666667
Chris Jackson,CB,,,22,5'10,193 lbs,Tennessee Titans,NFL,,,Marshall,R,,,,35.0,193.0,5.833333333333333
Johnathan Joseph,CB,,,36,5'11,186 lbs,Tennessee Titans,NFL,,,South Carolina,15,,,,33.0,186.0,5.916666666666667
Joshua Kalu,CB,,,25,6'0,203 lbs,Tennessee Titans,NFL,,,Nebraska,2,,,,46.0,203.0,6.0
Chris Milton,CB,,,27,5'11,190 lbs,Tennessee Titans,NFL,,,Georgia Tech,5,,,,30.0,190.0,5.916666666666667
Kareem Orr,CB,,,23,5'11,195 lbs,Tennessee Titans,NFL,,,Chattanooga,1,,,,20.0,195.0,5.916666666666667
Tye Smith,CB,,,27,6'0,195 lbs,Tennessee Titans,NFL,,,Towson,5,,,,23.0,195.0,6.0
Kevin Byard,S,,,27,5'11,212 lbs,Tennessee Titans,NFL,,,Middle Tennessee,5,,,,31.0,212.0,5.916666666666667
Ibraheim Campbell,S,,,28,5'11,210 lbs,Tennessee Titans,NFL,,,Northwestern,6,,,,36.0,210.0,5.916666666666667
Amani Hooker,S,,,22,5'11,210 lbs,Tennessee Titans,NFL,,,Iowa,2,,,,37.0,210.0,5.916666666666667
Kenny Vaccaro,S,,,29,6'0,214 lbs,Tennessee Titans,NFL,,,Texas,8,,,,24.0,214.0,6.0
Greg Joseph,PK,,,26,6'0,210 lbs,Tennessee Titans,NFL,,,Florida Atlantic,2,,,,7.0,210.0,6.0
Tucker McCann,PK,,,22,6'0,218 lbs,Tennessee Titans,NFL,,,Missouri,R,,,,3.0,218.0,6.0
Brett Kern,P,,,34,6'2,214 lbs,Tennessee Titans,NFL,,,Toledo,13,,,,6.0,214.0,6.166666666666667
Beau Brinkley,LS,,,30,6'4,260 lbs,Tennessee Titans,NFL,,,Missouri,9,,,,48.0,260.0,6.333333333333333
Jeff Driskel,QB,,,27,6'4,235 lbs,Denver Broncos,NFL,,,Louisiana Tech,5,,,,9.0,235.0,6.333333333333333
Drew Lock,QB,,,23,6'4,228 lbs,Denver Broncos,NFL,,,Missouri,2,,,,3.0,228.0,6.333333333333333
Brett Rypien,QB,,,24,6'2,202 lbs,Denver Broncos,NFL,,,Boise State,1,,,,4.0,202.0,6.166666666666667
LeVante Bellamy,RB,,,23,5'10,190 lbs,Denver Broncos,NFL,,,Western Michigan,R,,,,32.0,190.0,5.833333333333333
Jeremy Cox,RB,,,24,6'0,226 lbs,Denver Broncos,NFL,,,Old Dominion,1,,,,39.0,226.0,6.0
Royce Freeman,RB,,,24,6'0,238 lbs,Denver Broncos,NFL,,,Oregon,3,,,,28.0,238.0,6.0
Melvin Gordon,RB,,,27,6'1,215 lbs,Denver Broncos,NFL,,,Wisconsin,6,,,,25.0,215.0,6.083333333333333
Phillip Lindsay,RB,,,26,5'8,190 lbs,Denver Broncos,NFL,,,Colorado,3,,,,30.0,190.0,5.666666666666667
Trinity Benson,WR,,,23,6'0,180 lbs,Denver Broncos,NFL,,,East Central,1,,,,12.0,180.0,6.0
Fred Brown,WR,,,26,6'1,195 lbs,Denver Broncos,NFL,,,Mississippi State,2,,,,19.0,195.0,6.083333333333333
Tyrie Cleveland,WR,,,22,6'2,209 lbs,Denver Broncos,NFL,,,Florida,R,,,,86.0,209.0,6.166666666666667
DaeSean Hamilton,WR,,,25,6'1,206 lbs,Denver Broncos,NFL,,,Penn State,3,,,,17.0,206.0,6.083333333333333
KJ Hamler,WR,,,21,5'9,178 lbs,Denver Broncos,NFL,,,Penn State,R,,,,13.0,178.0,5.75
Kendall Hinton,WR,,,23,6'0,195 lbs,Denver Broncos,NFL,,,Wake Forest,R,,,,2.0,195.0,6.0
Jerry Jeudy,WR,,,21,6'1,193 lbs,Denver Broncos,NFL,,,Alabama,R,,,,10.0,193.0,6.083333333333333
Tim Patrick,WR,,,26,6'4,212 lbs,Denver Broncos,NFL,,,Utah,3,,,,81.0,212.0,6.333333333333333
Diontae Spencer,WR,,,28,5'8,170 lbs,Denver Broncos,NFL,,,McNeese State,2,,,,11.0,170.0,5.666666666666667
Courtland Sutton,WR,,,24,6'4,216 lbs,Denver Broncos,NFL,,,SMU,3,,,,14.0,216.0,6.333333333333333
Cody White,WR,,,21,6'3,215 lbs,Denver Broncos,NFL,,,Michigan State,R,,,,,215.0,6.25
Juwann Winfree,WR,,,23,6'3,215 lbs,Denver Broncos,NFL,,,Colorado,2,,,,15.0,215.0,6.25
Andrew Beck,TE,,,24,6'3,255 lbs,Denver Broncos,NFL,,,Texas,2,,,,83.0,255.0,6.25
Jake Butt,TE,,,25,6'6,250 lbs,Denver Broncos,NFL,,,Michigan,3,,,,80.0,250.0,6.5
Noah Fant,TE,,,22,6'4,249 lbs,Denver Broncos,NFL,,,Iowa,2,,,,87.0,249.0,6.333333333333333
Austin Fort,TE,,,25,6'4,244 lbs,Denver Broncos,NFL,,,Wyoming,2,,,,89.0,244.0,6.333333333333333
Troy Fumagalli,TE,,,25,6'6,248 lbs,Denver Broncos,NFL,,,Wisconsin,3,,,,84.0,248.0,6.5
Albert Okwuegbunam,TE,,,22,6'5,258 lbs,Denver Broncos,NFL,,,Missouri,R,,,,85.0,258.0,6.416666666666667
Nick Vannett,TE,,,27,6'6,261 lbs,Denver Broncos,NFL,,,Ohio State,5,,,,88.0,261.0,6.5
Lloyd Cushenberry III,C,,,22,6'3,312 lbs,Denver Broncos,NFL,,,LSU,R,,,,79.0,312.0,6.25
Graham Glasgow,C,,,28,6'6,310 lbs,Denver Broncos,NFL,,,Michigan,5,,,,61.0,310.0,6.5
Patrick Morris,C,,,25,6'3,300 lbs,Denver Broncos,NFL,,,TCU,2,,,,50.0,300.0,6.25
Netane Muti,G,,,21,6'3,315 lbs,Denver Broncos,NFL,,,Fresno State,R,,,,73.0,315.0,6.25
Dalton Risner,G,,,25,6'5,312 lbs,Denver Broncos,NFL,,,Kansas State,2,,,,66.0,312.0,6.416666666666667
Austin Schlottmann,G,,,24,6'6,300 lbs,Denver Broncos,NFL,,,TCU,2,,,,71.0,300.0,6.5
Calvin Anderson,OT,,,24,6'5,300 lbs,Denver Broncos,NFL,,,Texas,2,,,,76.0,300.0,6.416666666666667
Quinn Bailey,OT,,,24,6'6,323 lbs,Denver Broncos,NFL,,,Arizona State,1,,,,75.0,323.0,6.5
Garett Bolles,OT,,,28,6'5,300 lbs,Denver Broncos,NFL,,,Utah,4,,,,72.0,300.0,6.416666666666667
Demar Dotson,OT,,,34,6'9,315 lbs,Denver Broncos,NFL,,,Southern Miss,12,,,,69.0,315.0,6.75
Tyler Jones,OT,,,24,6'3,306 lbs,Denver Broncos,NFL,,,North Carolina State,1,,,,63.0,306.0,6.25
Darrin Paulo,OT,,,23,6'5,315 lbs,Denver Broncos,NFL,,,Utah,R,,,,,315.0,6.416666666666667
Jake Rodgers,OT,,,28,6'6,320 lbs,Denver Broncos,NFL,,,Eastern Washington,2,,,,69.0,320.0,6.5
Hunter Watts,OT,,,23,6'8,320 lbs,Denver Broncos,NFL,,,Central Arkansas,R,,,,77.0,320.0,6.666666666666667
Elijah Wilkinson,OT,,,25,6'6,329 lbs,Denver Broncos,NFL,,,Massachusetts,4,,,,68.0,329.0,6.5
Mike Purcell,NT,,,29,6'3,328 lbs,Denver Broncos,NFL,,,Wyoming,5,,,,98.0,328.0,6.25
Christian Covington,DE,,,26,6'2,300 lbs,Denver Broncos,NFL,,,Rice,6,,,,56.0,300.0,6.166666666666667
Shelby Harris,DE,,,29,6'2,290 lbs,Denver Broncos,NFL,,,Illinois State,6,,,,96.0,290.0,6.166666666666667
Dre'Mont Jones,DE,,,23,6'3,281 lbs,Denver Broncos,NFL,,,Ohio State,2,,,,93.0,281.0,6.25
DeMarcus Walker,DE,,,25,6'4,280 lbs,Denver Broncos,NFL,,,Florida State,4,,,,57.0,280.0,6.333333333333333
McTelvin Agim,DT,,,22,6'3,309 lbs,Denver Broncos,NFL,,,Arkansas,R,,,,94.0,309.0,6.25
Jurrell Casey,DT,,,30,6'1,305 lbs,Denver Broncos,NFL,,,USC,10,,,,99.0,305.0,6.083333333333333
DeShawn Williams,DT,,,27,6'1,292 lbs,Denver Broncos,NFL,,,Clemson,2,,,,97.0,292.0,6.083333333333333
Jeremiah Attaochu,LB,,,27,6'3,252 lbs,Denver Broncos,NFL,,,Georgia Tech,7,,,,97.0,252.0,6.25
Mark Barron,LB,,,30,6'2,230 lbs,Denver Broncos,NFL,,,Alabama,9,,,,26.0,230.0,6.166666666666667
Malik Carney,LB,,,24,6'3,231 lbs,Denver Broncos,NFL,,,North Carolina,1,,,,53.0,231.0,6.25
Bradley Chubb,LB,,,24,6'4,275 lbs,Denver Broncos,NFL,,,North Carolina State,3,,,,55.0,275.0,6.333333333333333
Todd Davis,LB,,,28,6'1,230 lbs,Denver Broncos,NFL,,,Sacramento State,7,,,,51.0,230.0,6.083333333333333
Justin Hollins,LB,,,24,6'5,248 lbs,Denver Broncos,NFL,,,Oregon,2,,,,52.0,248.0,6.416666666666667
Josey Jewell,LB,,,25,6'1,236 lbs,Denver Broncos,NFL,,,Iowa,3,,,,47.0,236.0,6.083333333333333
Alexander Johnson,LB,,,28,6'2,255 lbs,Denver Broncos,NFL,,,Tennessee,3,,,,45.0,255.0,6.166666666666667
Joe Jones,LB,,,26,6'0,231 lbs,Denver Broncos,NFL,,,Northwestern,4,,,,43.0,231.0,6.0
Von Miller,LB,,,31,6'3,250 lbs,Denver Broncos,NFL,,,Texas A&M,10,,,,58.0,250.0,6.25
Malik Reed,LB,,,24,6'2,235 lbs,Denver Broncos,NFL,,,Nevada,2,,,,59.0,235.0,6.166666666666667
Justin Strnad,LB,,,24,6'3,238 lbs,Denver Broncos,NFL,,,Wake Forest,R,,,,40.0,238.0,6.25
Derrek Tuszka,LB,,,23,6'4,251 lbs,Denver Broncos,NFL,,,North Dakota State,R,,,,48.0,251.0,6.333333333333333
Josh Watson,LB,,,24,6'2,240 lbs,Denver Broncos,NFL,,,Colorado State,2,,,,54.0,240.0,6.166666666666667
Essang Bassey,CB,,,22,5'10,190 lbs,Denver Broncos,NFL,,,Wake Forest,R,,,,34.0,190.0,5.833333333333333
De'Vante Bausby,CB,,,27,6'2,190 lbs,Denver Broncos,NFL,,,Pittsburg State,4,,,,41.0,190.0,6.166666666666667
A.J. Bouye,CB,,,29,6'0,191 lbs,Denver Broncos,NFL,,,UCF,8,,,,21.0,191.0,6.0
Bryce Callahan,CB,,,28,5'9,188 lbs,Denver Broncos,NFL,,,Rice,6,,,,29.0,188.0,5.75
Duke Dawson Jr.,CB,,,24,5'10,198 lbs,Denver Broncos,NFL,,,Florida,3,,,,20.0,198.0,5.833333333333333
Davontae Harris,CB,,,25,5'11,200 lbs,Denver Broncos,NFL,,,Illinois State,3,,,,27.0,200.0,5.916666666666667
Michael Ojemudia,CB,,,22,6'1,200 lbs,Denver Broncos,NFL,,,Iowa,R,,,,23.0,200.0,6.083333333333333
Isaac Yiadom,CB,,,24,6'1,190 lbs,Denver Broncos,NFL,,,Boston College,3,,,,26.0,190.0,6.083333333333333
Douglas Coleman III,S,,,22,6'1,200 lbs,Denver Broncos,NFL,,,Texas Tech,R,,,,35.0,200.0,6.083333333333333
Alijah Holder,S,,,24,6'2,188 lbs,Denver Broncos,NFL,,,Stanford,1,,,,49.0,188.0,6.166666666666667
Kareem Jackson,S,,,32,5'10,183 lbs,Denver Broncos,NFL,,,Alabama,11,,,,22.0,183.0,5.833333333333333
P.J. Locke,S,,,23,5'10,202 lbs,Denver Broncos,NFL,,,Texas,1,,,,37.0,202.0,5.833333333333333
Trey Marshall,S,,,24,6'0,207 lbs,Denver Broncos,NFL,,,Florida State,2,,,,36.0,207.0,6.0
Justin Simmons,S,,,26,6'2,202 lbs,Denver Broncos,NFL,,,Boston College,5,,,,31.0,202.0,6.166666666666667
Brandon McManus,PK,,,29,6'3,201 lbs,Denver Broncos,NFL,,,Temple,7,,,,8.0,201.0,6.25
Sam Martin,P,,,30,6'1,211 lbs,Denver Broncos,NFL,,,Appalachian State,8,,,,6.0,211.0,6.083333333333333
Jacob Bobenmoyer,LS,,,23,6'2,235 lbs,Denver Broncos,NFL,,,Northern Colorado,R,,,,46.0,235.0,6.166666666666667
Chad Henne,QB,,,35,6'3,222 lbs,Kansas City Chiefs,NFL,,,Michigan,13,,,,4.0,222.0,6.25
Patrick Mahomes,QB,,,24,6'3,230 lbs,Kansas City Chiefs,NFL,,,Texas Tech,4,,,,15.0,230.0,6.25
Matt Moore,QB,,,36,6'3,219 lbs,Kansas City Chiefs,NFL,,,Oregon State,13,,,,8.0,219.0,6.25
Jordan Ta'amu,QB,,,22,6'3,214 lbs,Kansas City Chiefs,NFL,,,Ole Miss,1,,,,8.0,214.0,6.25
Clyde Edwards-Helaire,RB,,,21,5'7,207 lbs,Kansas City Chiefs,NFL,,,LSU,R,,,,25.0,207.0,5.583333333333333
Elijah McGuire,RB,,,26,5'10,214 lbs,Kansas City Chiefs,NFL,,,Louisiana-Lafayette,3,,,,30.0,214.0,5.833333333333333
Darwin Thompson,RB,,,23,5'8,200 lbs,Kansas City Chiefs,NFL,,,Utah State,2,,,,34.0,200.0,5.666666666666667
DeAndre Washington,RB,,,27,5'8,210 lbs,Kansas City Chiefs,NFL,,,Texas Tech,5,,,,24.0,210.0,5.666666666666667
Darrel Williams,RB,,,25,5'11,224 lbs,Kansas City Chiefs,NFL,,,LSU,3,,,,31.0,224.0,5.916666666666667
Anthony Sherman,FB,,,31,5'10,242 lbs,Kansas City Chiefs,NFL,,,Connecticut,10,,,,42.0,242.0,5.833333333333333
Gehrig Dieter,WR,,,27,6'3,208 lbs,Kansas City Chiefs,NFL,,,Alabama,2,,,,12.0,208.0,6.25
Maurice Ffrench,WR,,,22,5'11,200 lbs,Kansas City Chiefs,NFL,,,Pittsburgh,R,,,,,200.0,5.916666666666667
Jody Fortson,WR,,,24,6'6,230 lbs,Kansas City Chiefs,NFL,,,Valdosta State,1,,,,1.0,230.0,6.5
Mecole Hardman,WR,,,22,5'10,187 lbs,Kansas City Chiefs,NFL,,,Georgia,2,,,,17.0,187.0,5.833333333333333
Tyreek Hill,WR,,,26,5'10,185 lbs,Kansas City Chiefs,NFL,,,West Alabama,5,,,,10.0,185.0,5.833333333333333
Marcus Kemp,WR,,,25,6'4,210 lbs,Kansas City Chiefs,NFL,,,Hawai'i',3,,,,19.0,210.0,6.333333333333333
Kalija Lipscomb,WR,,,22,6'0,207 lbs,Kansas City Chiefs,NFL,,,Vanderbilt,R,,,,,207.0,6.0
Byron Pringle,WR,,,26,6'1,203 lbs,Kansas City Chiefs,NFL,,,Kansas State,3,,,,13.0,203.0,6.083333333333333
Demarcus Robinson,WR,,,25,6'1,203 lbs,Kansas City Chiefs,NFL,,,Florida,5,,,,11.0,203.0,6.083333333333333
Justice Shelton-Mosley,WR,,,23,5'10,196 lbs,Kansas City Chiefs,NFL,,,Vanderbilt,R,,,,,196.0,5.833333333333333
Sammy Watkins,WR,,,27,6'1,211 lbs,Kansas City Chiefs,NFL,,,Clemson,7,,,,14.0,211.0,6.083333333333333
Daniel Helm,TE,,,25,6'4,255 lbs,Kansas City Chiefs,NFL,,,Duke,1,,,,,255.0,6.333333333333333
Nick Keizer,TE,,,25,6'4,251 lbs,Kansas City Chiefs,NFL,,,Grand Valley State,1,,,,48.0,251.0,6.333333333333333
Travis Kelce,TE,,,30,6'5,260 lbs,Kansas City Chiefs,NFL,,,Cincinnati,8,,,,87.0,260.0,6.416666666666667
Ricky Seals-Jones,TE,,,25,6'5,243 lbs,Kansas City Chiefs,NFL,,,Texas A&M,4,,,,83.0,243.0,6.416666666666667
Deon Yelder,TE,,,25,6'4,255 lbs,Kansas City Chiefs,NFL,,,Western Kentucky,3,,,,82.0,255.0,6.333333333333333
Daniel Kilgore,C,,,32,6'3,291 lbs,Kansas City Chiefs,NFL,,,Appalachian State,10,,,,67.0,291.0,6.25
Austin Reiter,C,,,28,6'3,300 lbs,Kansas City Chiefs,NFL,,,South Florida,5,,,,62.0,300.0,6.25
Darryl Williams,C,,,23,6'2,304 lbs,Kansas City Chiefs,NFL,,,Mississippi State,R,,,,73.0,304.0,6.166666666666667
Nick Allegretti,G,,,24,6'4,320 lbs,Kansas City Chiefs,NFL,,,Illinois,2,,,,73.0,320.0,6.333333333333333
Ryan Hunter,G,,,25,6'3,316 lbs,Kansas City Chiefs,NFL,,,Bowling Green,1,,,,60.0,316.0,6.25
Kelechi Osemele,G,,,31,6'5,330 lbs,Kansas City Chiefs,NFL,,,Iowa State,9,,,,,330.0,6.416666666666667
Andrew Wylie,G,,,26,6'6,309 lbs,Kansas City Chiefs,NFL,,,Eastern Michigan,3,,,,77.0,309.0,6.5
Jackson Barton,OT,,,25,6'7,302 lbs,Kansas City Chiefs,NFL,,,Utah,2,,,,68.0,302.0,6.583333333333333
Yasir Durant,OT,,,22,6'6,330 lbs,Kansas City Chiefs,NFL,,,Missouri,R,,,,,330.0,6.5
Eric Fisher,OT,,,29,6'7,315 lbs,Kansas City Chiefs,NFL,,,Central Michigan,8,,,,72.0,315.0,6.583333333333333
Martinas Rankin,OT,,,25,6'5,311 lbs,Kansas City Chiefs,NFL,,,Mississippi State,3,,,,74.0,311.0,6.416666666666667
Mike Remmers,OT,,,31,6'5,308 lbs,Kansas City Chiefs,NFL,,,Oregon State,8,,,,75.0,308.0,6.416666666666667
Mitchell Schwartz,OT,,,31,6'5,320 lbs,Kansas City Chiefs,NFL,,,California,9,,,,71.0,320.0,6.416666666666667
Greg Senat,OT,,,25,6'6,305 lbs,Kansas City Chiefs,NFL,,,Wagner,3,,,,70.0,305.0,6.5
Taco Charlton,DE,,,25,6'6,270 lbs,Kansas City Chiefs,NFL,,,Michigan,4,,,,96.0,270.0,6.5
Frank Clark,DE,,,27,6'3,260 lbs,Kansas City Chiefs,NFL,,,Michigan,6,,,,55.0,260.0,6.25
Mike Danna,DE,,,22,6'2,261 lbs,Kansas City Chiefs,NFL,,,Michigan,R,,,,51.0,261.0,6.166666666666667
Demone Harris,DE,,,24,6'4,272 lbs,Kansas City Chiefs,NFL,,,Buffalo,2,,,,52.0,272.0,6.333333333333333
Tanoh Kpassagnon,DE,,,26,6'7,289 lbs,Kansas City Chiefs,NFL,,,Villanova,4,,,,92.0,289.0,6.583333333333333
Alex Okafor,DE,,,29,6'4,261 lbs,Kansas City Chiefs,NFL,,,Texas,8,,,,97.0,261.0,6.333333333333333
Breeland Speaks,DE,,,24,6'3,285 lbs,Kansas City Chiefs,NFL,,,Ole Miss,3,,,,57.0,285.0,6.25
Tim Ward,DE,,,23,6'6,255 lbs,Kansas City Chiefs,NFL,,,Old Dominion,1,,,,79.0,255.0,6.5
Braxton Hoyett,DT,,,24,6'2,302 lbs,Kansas City Chiefs,NFL,,,Mississippi State,1,,,,96.0,302.0,6.166666666666667
Chris Jones,DT,,,26,6'6,310 lbs,Kansas City Chiefs,NFL,,,Mississippi State,5,,,,95.0,310.0,6.5
Devaroe Lawrence,DT,,,27,6'2,295 lbs,Kansas City Chiefs,NFL,,,Auburn,2,,,,93.0,295.0,6.166666666666667
Derrick Nnadi,DT,,,24,6'1,312 lbs,Kansas City Chiefs,NFL,,,Florida State,3,,,,91.0,312.0,6.083333333333333
Mike Pennel,DT,,,29,6'4,332 lbs,Kansas City Chiefs,NFL,,,Colorado State-Pueblo,7,,,,64.0,332.0,6.333333333333333
Khalen Saunders,DT,,,24,6'0,324 lbs,Kansas City Chiefs,NFL,,,Western Illinois,2,,,,99.0,324.0,6.0
Tershawn Wharton,DT,,,22,6'4,255 lbs,Kansas City Chiefs,NFL,,,Missouri S & T,R,,,,,255.0,6.333333333333333
Omari Cobb,LB,,,23,6'4,223 lbs,Kansas City Chiefs,NFL,,,Marshall,R,,,,,223.0,6.333333333333333
Willie Gay Jr.,LB,,,22,6'1,243 lbs,Kansas City Chiefs,NFL,,,Mississippi State,R,,,,50.0,243.0,6.083333333333333
Darius Harris,LB,,,24,6'2,238 lbs,Kansas City Chiefs,NFL,,,Middle Tennessee,1,,,,47.0,238.0,6.166666666666667
Anthony Hitchens,LB,,,28,6'0,235 lbs,Kansas City Chiefs,NFL,,,Iowa,7,,,,53.0,235.0,6.0
Ben Niemann,LB,,,25,6'2,235 lbs,Kansas City Chiefs,NFL,,,Iowa,3,,,,56.0,235.0,6.166666666666667
Dorian O'Daniel,LB,,,25,6'1,220 lbs,Kansas City Chiefs,NFL,,,Clemson,3,,,,44.0,220.0,6.083333333333333
Damien Wilson,LB,,,27,6'0,245 lbs,Kansas City Chiefs,NFL,,,Minnesota,6,,,,54.0,245.0,6.0
Bashaud Breeland,CB,,,28,5'11,195 lbs,Kansas City Chiefs,NFL,,,Clemson,7,,,,21.0,195.0,5.916666666666667
Alex Brown,CB,,,24,5'11,170 lbs,Kansas City Chiefs,NFL,,,South Carolina State,1,,,,30.0,170.0,5.916666666666667
Rashad Fenton,CB,,,23,5'11,188 lbs,Kansas City Chiefs,NFL,,,South Carolina,2,,,,27.0,188.0,5.916666666666667
Antonio Hamilton,CB,,,27,6'0,195 lbs,Kansas City Chiefs,NFL,,,South Carolina State,5,,,,20.0,195.0,6.0
Lavert Hill,CB,,,21,5'10,190 lbs,Kansas City Chiefs,NFL,,,Michigan,R,,,,,190.0,5.833333333333333
Chris Lammons,CB,,,24,5'10,190 lbs,Kansas City Chiefs,NFL,,,South Carolina,2,,,,38.0,190.0,5.833333333333333
Charvarius Ward,CB,,,24,6'1,198 lbs,Kansas City Chiefs,NFL,,,Middle Tennessee,3,,,,35.0,198.0,6.083333333333333
Rodney Clemons,S,,,23,6'0,209 lbs,Kansas City Chiefs,NFL,,,SMU,R,,,,,209.0,6.0
Adrian Colbert,S,,,26,6'2,205 lbs,Kansas City Chiefs,NFL,,,Miami (FL),4,,,,36.0,205.0,6.166666666666667
Tyrann Mathieu,S,,,28,5'9,190 lbs,Kansas City Chiefs,NFL,,,LSU,8,,,,32.0,190.0,5.75
L'Jarius Sneed,S,,,23,6'0,192 lbs,Kansas City Chiefs,NFL,,,Louisiana Tech,R,,,,38.0,192.0,6.0
Daniel Sorensen,S,,,30,6'2,208 lbs,Kansas City Chiefs,NFL,,,BYU,7,,,,49.0,208.0,6.166666666666667
Tedric Thompson,S,,,25,6'0,204 lbs,Kansas City Chiefs,NFL,,,Colorado,4,,,,33.0,204.0,6.0
Juan Thornhill,S,,,24,6'0,205 lbs,Kansas City Chiefs,NFL,,,Virginia,2,,,,22.0,205.0,6.0
Armani Watts,S,,,24,5'11,205 lbs,Kansas City Chiefs,NFL,,,Texas A&M,3,,,,23.0,205.0,5.916666666666667
Harrison Butker,PK,,,25,6'4,205 lbs,Kansas City Chiefs,NFL,,,Georgia Tech,4,,,,7.0,205.0,6.333333333333333
Tommy Townsend,P,,,23,6'1,191 lbs,Kansas City Chiefs,NFL,,,Florida,R,,,,,191.0,6.083333333333333
James Winchester,LS,,,31,6'3,240 lbs,Kansas City Chiefs,NFL,,,Oklahoma,6,,,,41.0,240.0,6.25
Derek Carr,QB,,,29,6'3,210 lbs,Las Vegas Raiders,NFL,,,Fresno State,7,,,,4.0,210.0,6.25
Marcus Mariota,QB,,,26,6'4,222 lbs,Las Vegas Raiders,NFL,,,Oregon,6,,,,8.0,222.0,6.333333333333333
Nathan Peterman,QB,,,26,6'2,225 lbs,Las Vegas Raiders,NFL,,,Pittsburgh,4,,,,3.0,225.0,6.166666666666667
Lynn Bowden Jr.,RB,,,22,5'11,204 lbs,Las Vegas Raiders,NFL,,,Kentucky,R,,,,33.0,204.0,5.916666666666667
Josh Jacobs,RB,,,22,5'10,220 lbs,Las Vegas Raiders,NFL,,,Alabama,2,,,,28.0,220.0,5.833333333333333
Jalen Richard,RB,,,26,5'8,205 lbs,Las Vegas Raiders,NFL,,,Southern Miss,5,,,,30.0,205.0,5.666666666666667
Theo Riddick,RB,,,29,5'9,201 lbs,Las Vegas Raiders,NFL,,,Notre Dame,8,,,,25.0,201.0,5.75
Alec Ingold,FB,,,24,6'1,240 lbs,Las Vegas Raiders,NFL,,,Wisconsin,2,,,,45.0,240.0,6.083333333333333
Nelson Agholor,WR,,,27,6'0,198 lbs,Las Vegas Raiders,NFL,,,USC,6,,,,15.0,198.0,6.0
Marcell Ateman,WR,,,25,6'4,216 lbs,Las Vegas Raiders,NFL,,,Oklahoma State,3,,,,88.0,216.0,6.333333333333333
Keelan Doss,WR,,,24,6'3,215 lbs,Las Vegas Raiders,NFL,,,UC Davis,2,,,,18.0,215.0,6.25
Bryan Edwards,WR,,,21,6'3,212 lbs,Las Vegas Raiders,NFL,,,South Carolina,R,,,,89.0,212.0,6.25
Rico Gafford,WR,,,24,5'10,184 lbs,Las Vegas Raiders,NFL,,,Wyoming,1,,,,10.0,184.0,5.833333333333333
Zay Jones,WR,,,25,6'2,200 lbs,Las Vegas Raiders,NFL,,,East Carolina,4,,,,12.0,200.0,6.166666666666667
De'Mornay Pierson-El,WR,,,24,5'9,195 lbs,Las Vegas Raiders,NFL,,,Nebraska,1,,,,17.0,195.0,5.75
Anthony Ratliff-Williams,WR,,,23,6'1,205 lbs,Las Vegas Raiders,NFL,,,North Carolina,R,,,,19.0,205.0,6.083333333333333
Hunter Renfrow,WR,,,24,5'10,185 lbs,Las Vegas Raiders,NFL,,,Clemson,2,,,,13.0,185.0,5.833333333333333
Henry Ruggs III,WR,,,21,6'0,190 lbs,Las Vegas Raiders,NFL,,,Alabama,R,,,,11.0,190.0,6.0
Tyrell Williams,WR,,,28,6'4,205 lbs,Las Vegas Raiders,NFL,,,Western Oregon,6,,,,16.0,205.0,6.333333333333333
Nick Bowers,TE,,,24,6'4,265 lbs,Las Vegas Raiders,NFL,,,Penn State,R,,,,49.0,265.0,6.333333333333333
Derek Carrier,TE,,,30,6'3,240 lbs,Las Vegas Raiders,NFL,,,Beloit College,8,,,,85.0,240.0,6.25
Foster Moreau,TE,,,23,6'4,250 lbs,Las Vegas Raiders,NFL,,,LSU,2,,,,87.0,250.0,6.333333333333333
Darren Waller,TE,,,27,6'6,255 lbs,Las Vegas Raiders,NFL,,,Georgia Tech,4,,,,83.0,255.0,6.5
Jason Witten,TE,,,38,6'6,263 lbs,Las Vegas Raiders,NFL,,,Tennessee,17,,,,82.0,263.0,6.5
Rodney Hudson,C,,,31,6'2,315 lbs,Las Vegas Raiders,NFL,,,Florida State,10,,,,61.0,315.0,6.166666666666667
Lester Cotton Sr.,G,,,24,6'4,335 lbs,Las Vegas Raiders,NFL,,,Alabama,1,,,,67.0,335.0,6.333333333333333
Jordan Devey,G,,,32,6'6,320 lbs,Las Vegas Raiders,NFL,,,Memphis,7,,,,65.0,320.0,6.5
Richie Incognito,G,,,37,6'3,325 lbs,Las Vegas Raiders,NFL,,,Nebraska,13,,,,64.0,325.0,6.25
Gabe Jackson,G,,,29,6'3,335 lbs,Las Vegas Raiders,NFL,,,Mississippi State,7,,,,66.0,335.0,6.25
Eric Kush,G,,,30,6'4,317 lbs,Las Vegas Raiders,NFL,,,California (PA),8,,,,69.0,317.0,6.333333333333333
Jordan Roos,G,,,27,6'3,302 lbs,Las Vegas Raiders,NFL,,,Purdue,3,,,,,302.0,6.25
John Simpson,G,,,23,6'4,321 lbs,Las Vegas Raiders,NFL,,,Clemson,R,,,,76.0,321.0,6.333333333333333
Trent Brown,OT,,,27,6'8,380 lbs,Las Vegas Raiders,NFL,,,Florida,6,,,,77.0,380.0,6.666666666666667
Denzelle Good,OT,,,29,6'5,340 lbs,Las Vegas Raiders,NFL,,,Mars Hill,6,,,,71.0,340.0,6.416666666666667
Andre James,OT,,,23,6'4,300 lbs,Las Vegas Raiders,NFL,,,UCLA,2,,,,68.0,300.0,6.333333333333333
Kolton Miller,OT,,,24,6'8,325 lbs,Las Vegas Raiders,NFL,,,UCLA,3,,,,74.0,325.0,6.666666666666667
Brandon Parker,OT,,,24,6'8,320 lbs,Las Vegas Raiders,NFL,,,North Carolina A&T,3,,,,75.0,320.0,6.666666666666667
Kamaal Seymour,OT,,,24,6'6,319 lbs,Las Vegas Raiders,NFL,,,Rutgers,R,,,,,319.0,6.5
David Sharpe,OT,,,24,6'6,330 lbs,Las Vegas Raiders,NFL,,,Florida,4,,,,72.0,330.0,6.5
Sam Young,OT,,,33,6'8,302 lbs,Las Vegas Raiders,NFL,,,Notre Dame,11,,,,70.0,302.0,6.666666666666667
Clelin Ferrell,DE,,,23,6'4,265 lbs,Las Vegas Raiders,NFL,,,Clemson,2,,,,96.0,265.0,6.333333333333333
Datone Jones,DE,,,30,6'4,285 lbs,Las Vegas Raiders,NFL,,,UCLA,7,,,,96.0,285.0,6.333333333333333
Arden Key,DE,,,24,6'5,240 lbs,Las Vegas Raiders,NFL,,,LSU,3,,,,99.0,240.0,6.416666666666667
Carl Nassib,DE,,,27,6'7,275 lbs,Las Vegas Raiders,NFL,,,Penn State,5,,,,94.0,275.0,6.583333333333333
Chris Smith,DE,,,28,6'1,266 lbs,Las Vegas Raiders,NFL,,,Arkansas,6,,,,50.0,266.0,6.083333333333333
Jeremiah Valoaga,DE,,,25,6'6,275 lbs,Las Vegas Raiders,NFL,,,UNLV,2,,,,95.0,275.0,6.5
Kendal Vickers,DE,,,25,6'3,295 lbs,Las Vegas Raiders,NFL,,,Tennessee,1,,,,78.0,295.0,6.25
Maliek Collins,DT,,,25,6'2,310 lbs,Las Vegas Raiders,NFL,,,Nebraska,5,,,,97.0,310.0,6.166666666666667
Johnathan Hankins,DT,,,28,6'3,340 lbs,Las Vegas Raiders,NFL,,,Ohio State,8,,,,90.0,340.0,6.25
Maurice Hurst,DT,,,25,6'2,291 lbs,Las Vegas Raiders,NFL,,,Michigan,3,,,,73.0,291.0,6.166666666666667
Mike Panasiuk,DT,,,22,6'3,294 lbs,Las Vegas Raiders,NFL,,,Michigan State,R,,,,91.0,294.0,6.25
Daniel Ross,DT,,,27,6'4,300 lbs,Las Vegas Raiders,NFL,,,--,4,,,,93.0,300.0,6.333333333333333
Ukeme Eligwe,LB,,,26,6'2,239 lbs,Las Vegas Raiders,NFL,,,Georgia Southern,3,,,,54.0,239.0,6.166666666666667
Kyle Emanuel,LB,,,29,6'3,250 lbs,Las Vegas Raiders,NFL,,,North Dakota State,5,,,,51.0,250.0,6.25
Sharif Finch,LB,,,24,6'4,250 lbs,Las Vegas Raiders,NFL,,,Temple,3,,,,,250.0,6.333333333333333
Nick Kwiatkoski,LB,,,27,6'2,242 lbs,Las Vegas Raiders,NFL,,,West Virginia,5,,,,44.0,242.0,6.166666666666667
Marquel Lee,LB,,,24,6'3,235 lbs,Las Vegas Raiders,NFL,,,Wake Forest,3,,,,52.0,235.0,6.25
Cory Littleton,LB,,,26,6'3,228 lbs,Las Vegas Raiders,NFL,,,Washington,5,,,,42.0,228.0,6.25
Raekwon McMillan,LB,,,24,6'2,242 lbs,Las Vegas Raiders,NFL,,,Ohio State,4,,,,,242.0,6.166666666666667
Nicholas Morrow,LB,,,25,6'0,225 lbs,Las Vegas Raiders,NFL,,,--,4,,,,50.0,225.0,6.0
Tanner Muse,LB,,,23,6'2,227 lbs,Las Vegas Raiders,NFL,,,Clemson,R,,,,55.0,227.0,6.166666666666667
Justin Phillips,LB,,,24,6'0,235 lbs,Las Vegas Raiders,NFL,,,Oklahoma State,1,,,,,235.0,6.0
Javin White,LB,,,23,6'2,211 lbs,Las Vegas Raiders,NFL,,,UNLV,R,,,,53.0,211.0,6.166666666666667
Kyle Wilber,LB,,,31,6'4,240 lbs,Las Vegas Raiders,NFL,,,Wake Forest,9,,,,58.0,240.0,6.333333333333333
Prince Amukamara,CB,,,31,6'0,204 lbs,Las Vegas Raiders,NFL,,,Nebraska,10,,,,21.0,204.0,6.0
Damon Arnette,CB,,,23,6'0,195 lbs,Las Vegas Raiders,NFL,,,Ohio State,R,,,,20.0,195.0,6.0
Madre Harper,CB,,,22,6'1,196 lbs,Las Vegas Raiders,NFL,,,Southern Illinois,R,,,,43.0,196.0,6.083333333333333
Isaiah Johnson,CB,,,24,6'2,210 lbs,Las Vegas Raiders,NFL,,,Houston,2,,,,31.0,210.0,6.166666666666667
D.J. Killings,CB,,,25,5'10,195 lbs,Las Vegas Raiders,NFL,,,UCF,2,,,,34.0,195.0,5.833333333333333
Nevin Lawson,CB,,,29,5'9,190 lbs,Las Vegas Raiders,NFL,,,Utah State,7,,,,26.0,190.0,5.75
Dylan Mabin,CB,,,22,6'1,195 lbs,Las Vegas Raiders,NFL,,,Fordham,1,,,,37.0,195.0,6.083333333333333
Trayvon Mullen,CB,,,22,6'2,200 lbs,Las Vegas Raiders,NFL,,,Clemson,2,,,,27.0,200.0,6.166666666666667
Keisean Nixon,CB,,,23,5'10,200 lbs,Las Vegas Raiders,NFL,,,South Carolina,2,,,,22.0,200.0,5.833333333333333
Amik Robertson,CB,,,22,5'8,187 lbs,Las Vegas Raiders,NFL,,,Louisiana Tech,R,,,,41.0,187.0,5.666666666666667
Johnathan Abram,S,,,23,6'0,205 lbs,Las Vegas Raiders,NFL,,,Mississippi State,2,,,,24.0,205.0,6.0
Erik Harris,S,,,30,6'2,220 lbs,Las Vegas Raiders,NFL,,,California (PA),5,,,,25.0,220.0,6.166666666666667
Jeff Heath,S,,,29,6'1,212 lbs,Las Vegas Raiders,NFL,,,Saginaw Valley,8,,,,38.0,212.0,6.083333333333333
Lamarcus Joyner,S,,,29,5'8,185 lbs,Las Vegas Raiders,NFL,,,Florida State,7,,,,29.0,185.0,5.666666666666667
Dallin Leavitt,S,,,26,5'10,195 lbs,Las Vegas Raiders,NFL,,,Utah State,2,,,,32.0,195.0,5.833333333333333
Damarious Randall,S,,,28,5'11,196 lbs,Las Vegas Raiders,NFL,,,Arizona State,6,,,,23.0,196.0,5.916666666666667
Daniel Carlson,PK,,,25,6'5,215 lbs,Las Vegas Raiders,NFL,,,Auburn,3,,,,2.0,215.0,6.416666666666667
Dominik Eberle,PK,,,24,6'1,186 lbs,Las Vegas Raiders,NFL,,,Utah State,R,,,,,186.0,6.083333333333333
AJ Cole,P,,,24,6'4,220 lbs,Las Vegas Raiders,NFL,,,North Carolina State,2,,,,6.0,220.0,6.333333333333333
Trent Sieg,LS,,,25,6'3,240 lbs,Las Vegas Raiders,NFL,,,Colorado State,3,,,,47.0,240.0,6.25
Justin Herbert,QB,,,22,6'6,236 lbs,Los Angeles Chargers,NFL,,,Oregon,R,,,,10.0,236.0,6.5
Easton Stick,QB,,,24,6'1,217 lbs,Los Angeles Chargers,NFL,,,North Dakota State,2,,,,2.0,217.0,6.083333333333333
Tyrod Taylor,QB,,,31,6'1,217 lbs,Los Angeles Chargers,NFL,,,Virginia Tech,10,,,,5.0,217.0,6.083333333333333
Darius Bradwell,RB,,,23,6'0,235 lbs,Los Angeles Chargers,NFL,,,Tulane,R,,,,34.0,235.0,6.0
Austin Ekeler,RB,,,25,5'10,200 lbs,Los Angeles Chargers,NFL,,,Western State,4,,,,30.0,200.0,5.833333333333333
Derrick Gore,RB,,,25,5'10,212 lbs,Los Angeles Chargers,NFL,,,Louisiana-Monroe,1,,,,35.0,212.0,5.833333333333333
Justin Jackson,RB,,,24,6'0,199 lbs,Los Angeles Chargers,NFL,,,Northwestern,3,,,,22.0,199.0,6.0
Joshua Kelley,RB,,,22,5'11,212 lbs,Los Angeles Chargers,NFL,,,UCLA,R,,,,27.0,212.0,5.916666666666667
Bobby Holly,FB,,,23,5'11,240 lbs,Los Angeles Chargers,NFL,,,Louisiana Tech,R,,,,,240.0,5.916666666666667
Gabe Nabers,FB,,,22,6'3,235 lbs,Los Angeles Chargers,NFL,,,Florida State,R,,,,47.0,235.0,6.25
Keenan Allen,WR,,,28,6'2,211 lbs,Los Angeles Chargers,NFL,,,California,8,,,,13.0,211.0,6.166666666666667
Jeff Cotton,WR,,,23,6'2,206 lbs,Los Angeles Chargers,NFL,,,Idaho,R,,,,8.0,206.0,6.166666666666667
Jalen Guyton,WR,,,23,6'1,212 lbs,Los Angeles Chargers,NFL,,,North Texas,1,,,,15.0,212.0,6.083333333333333
K.J. Hill,WR,,,22,6'0,195 lbs,Los Angeles Chargers,NFL,,,Ohio State,R,,,,84.0,195.0,6.0
Darius Jennings,WR,,,28,5'10,180 lbs,Los Angeles Chargers,NFL,,,Virginia,4,,,,11.0,180.0,5.833333333333333
Tyron Johnson,WR,,,24,6'1,193 lbs,Los Angeles Chargers,NFL,,,Oklahoma State,1,,,,83.0,193.0,6.083333333333333
Jason Moore,WR,,,25,6'2,213 lbs,Los Angeles Chargers,NFL,,,Findlay,2,,,,89.0,213.0,6.166666666666667
Joe Reed,WR,,,22,6'0,224 lbs,Los Angeles Chargers,NFL,,,Virginia,R,,,,12.0,224.0,6.0
Dalton Schoen,WR,,,23,6'1,206 lbs,Los Angeles Chargers,NFL,,,Kansas State,R,,,,6.0,206.0,6.083333333333333
Mike Williams,WR,,,25,6'4,220 lbs,Los Angeles Chargers,NFL,,,Clemson,4,,,,81.0,220.0,6.333333333333333
Stephen Anderson,TE,,,27,6'3,230 lbs,Los Angeles Chargers,NFL,,,California,3,,,,82.0,230.0,6.25
Virgil Green,TE,,,32,6'5,255 lbs,Los Angeles Chargers,NFL,,,Nevada,10,,,,88.0,255.0,6.416666666666667
Hunter Henry,TE,,,25,6'5,250 lbs,Los Angeles Chargers,NFL,,,Arkansas,5,,,,86.0,250.0,6.416666666666667
Donald Parham,TE,,,23,6'8,240 lbs,Los Angeles Chargers,NFL,,,Stetson,1,,,,48.0,240.0,6.666666666666667
Mike Pouncey,C,,,31,6'5,298 lbs,Los Angeles Chargers,NFL,,,Florida,10,,,,53.0,298.0,6.416666666666667
Scott Quessenberry,C,,,25,6'4,310 lbs,Los Angeles Chargers,NFL,,,UCLA,3,,,,61.0,310.0,6.333333333333333
Cole Toner,C,,,26,6'5,310 lbs,Los Angeles Chargers,NFL,,,Harvard,3,,,,64.0,310.0,6.416666666666667
Josh Dunlop,G,,,23,6'7,315 lbs,Los Angeles Chargers,NFL,,,UTSA,R,,,,62.0,315.0,6.583333333333333
Dan Feeney,G,,,26,6'4,310 lbs,Los Angeles Chargers,NFL,,,Indiana,4,,,,66.0,310.0,6.333333333333333
Nathan Gilliam,G,,,23,6'4,310 lbs,Los Angeles Chargers,NFL,,,Wake Forest,R,,,,63.0,310.0,6.333333333333333
Ryan Groy,G,,,29,6'5,320 lbs,Los Angeles Chargers,NFL,,,Wisconsin,7,,,,72.0,320.0,6.416666666666667
Forrest Lamp,G,,,26,6'4,310 lbs,Los Angeles Chargers,NFL,,,Western Kentucky,4,,,,76.0,310.0,6.333333333333333
Trai Turner,G,,,27,6'3,315 lbs,Los Angeles Chargers,NFL,,,LSU,7,,,,70.0,315.0,6.25
Bryan Bulaga,OT,,,31,6'5,314 lbs,Los Angeles Chargers,NFL,,,Iowa,11,,,,75.0,314.0,6.416666666666667
Storm Norton,OT,,,26,6'7,317 lbs,Los Angeles Chargers,NFL,,,Toledo,1,,,,74.0,317.0,6.583333333333333
Trey Pipkins,OT,,,23,6'6,304 lbs,Los Angeles Chargers,NFL,,,Sioux Falls,2,,,,79.0,304.0,6.5
Ryan Roberts,OT,,,23,6'6,305 lbs,Los Angeles Chargers,NFL,,,Florida State,R,,,,67.0,305.0,6.5
Trent Scott,OT,,,26,6'5,320 lbs,Los Angeles Chargers,NFL,,,Grambling State,3,,,,78.0,320.0,6.416666666666667
Tyree St. Louis,OT,,,23,6'5,315 lbs,Los Angeles Chargers,NFL,,,Miami (FL),1,,,,73.0,315.0,6.416666666666667
Sam Tevi,OT,,,25,6'5,315 lbs,Los Angeles Chargers,NFL,,,Utah,4,,,,69.0,315.0,6.416666666666667
Breiden Fehoko,NT,,,23,6'3,300 lbs,Los Angeles Chargers,NFL,,,LSU,R,,,,68.0,300.0,6.25
Joey Bosa,DE,,,25,6'5,280 lbs,Los Angeles Chargers,NFL,,,Ohio State,5,,,,97.0,280.0,6.416666666666667
Joe Gaziano,DE,,,23,6'4,280 lbs,Los Angeles Chargers,NFL,,,Northwestern,R,,,,92.0,280.0,6.333333333333333
Melvin Ingram III,DE,,,31,6'2,247 lbs,Los Angeles Chargers,NFL,,,South Carolina,9,,,,54.0,247.0,6.166666666666667
Jessie Lemonier,DE,,,23,6'2,240 lbs,Los Angeles Chargers,NFL,,,Liberty,R,,,,90.0,240.0,6.166666666666667
Isaac Rochell,DE,,,25,6'4,280 lbs,Los Angeles Chargers,NFL,,,Notre Dame,3,,,,98.0,280.0,6.333333333333333
Cortez Broughton,DT,,,23,6'2,291 lbs,Los Angeles Chargers,NFL,,,Cincinnati,2,,,,91.0,291.0,6.166666666666667
Justin Jones,DT,,,24,6'3,309 lbs,Los Angeles Chargers,NFL,,,North Carolina State,3,,,,93.0,309.0,6.25
Linval Joseph,DT,,,31,6'4,329 lbs,Los Angeles Chargers,NFL,,,East Carolina,11,,,,95.0,329.0,6.333333333333333
T.J. Smith,DT,,,23,6'3,300 lbs,Los Angeles Chargers,NFL,,,Arkansas,R,,,,77.0,300.0,6.25
Jerry Tillery,DT,,,23,6'6,295 lbs,Los Angeles Chargers,NFL,,,Notre Dame,2,,,,99.0,295.0,6.5
Asmar Bilal,LB,,,23,6'2,230 lbs,Los Angeles Chargers,NFL,,,Notre Dame,R,,,,57.0,230.0,6.166666666666667
Cole Christiansen,LB,,,23,6'1,230 lbs,Los Angeles Chargers,NFL,,,Army,R,,,,50.0,230.0,6.083333333333333
Emeke Egbule,LB,,,23,6'2,245 lbs,Los Angeles Chargers,NFL,,,Houston,2,,,,51.0,245.0,6.166666666666667
Romeo Finley,LB,,,22,6'0,225 lbs,Los Angeles Chargers,NFL,,,Miami (FL),R,,,,47.0,225.0,6.0
Malik Jefferson,LB,,,23,6'2,240 lbs,Los Angeles Chargers,NFL,,,Texas,3,,,,46.0,240.0,6.166666666666667
Kenneth Murray,LB,,,21,6'2,241 lbs,Los Angeles Chargers,NFL,,,Oklahoma,R,,,,56.0,241.0,6.166666666666667
Uchenna Nwosu,LB,,,23,6'2,251 lbs,Los Angeles Chargers,NFL,,,USC,3,,,,42.0,251.0,6.166666666666667
Denzel Perryman,LB,,,27,5'11,240 lbs,Los Angeles Chargers,NFL,,,Miami (FL),6,,,,52.0,240.0,5.916666666666667
Drue Tranquill,LB,,,25,6'2,228 lbs,Los Angeles Chargers,NFL,,,Notre Dame,2,,,,49.0,228.0,6.166666666666667
Nick Vigil,LB,,,27,6'2,235 lbs,Los Angeles Chargers,NFL,,,Utah State,5,,,,59.0,235.0,6.166666666666667
Kyzir White,LB,,,24,6'2,218 lbs,Los Angeles Chargers,NFL,,,West Virginia,3,,,,44.0,218.0,6.166666666666667
John Brannon III,CB,,,22,6'0,190 lbs,Los Angeles Chargers,NFL,,,Western Carolina,R,,,,38.0,190.0,6.0
Tevaughn Campbell,CB,,,27,6'0,200 lbs,Los Angeles Chargers,NFL,,,U Regina ca,1,,,,37.0,200.0,6.0
Michael Davis,CB,,,25,6'2,195 lbs,Los Angeles Chargers,NFL,,,BYU,4,,,,43.0,195.0,6.166666666666667
Brandon Facyson,CB,,,25,6'2,197 lbs,Los Angeles Chargers,NFL,,,Virginia Tech,3,,,,28.0,197.0,6.166666666666667
Chris Harris Jr.,CB,,,31,5'10,199 lbs,Los Angeles Chargers,NFL,,,Kansas,10,,,,25.0,199.0,5.833333333333333
Casey Hayward Jr.,CB,,,30,5'11,192 lbs,Los Angeles Chargers,NFL,,,Vanderbilt,9,,,,26.0,192.0,5.916666666666667
Desmond King II,CB,,,25,5'10,200 lbs,Los Angeles Chargers,NFL,,,Iowa,4,,,,20.0,200.0,5.833333333333333
Kevin McGill,CB,,,22,6'0,200 lbs,Los Angeles Chargers,NFL,,,Eastern Michigan,R,,,,31.0,200.0,6.0
Quenton Meeks,CB,,,24,6'1,209 lbs,Los Angeles Chargers,NFL,,,Stanford,2,,,,29.0,209.0,6.083333333333333
Donte Vaughn,CB,,,22,6'2,210 lbs,Los Angeles Chargers,NFL,,,Notre Dame,R,,,,39.0,210.0,6.166666666666667
Nasir Adderley,S,,,23,6'0,195 lbs,Los Angeles Chargers,NFL,,,Delaware,2,,,,24.0,195.0,6.0
Alohi Gilman,S,,,22,5'10,201 lbs,Los Angeles Chargers,NFL,,,Notre Dame,R,,,,32.0,201.0,5.833333333333333
Derwin James,S,,,24,6'2,215 lbs,Los Angeles Chargers,NFL,,,Florida State,3,,,,33.0,215.0,6.166666666666667
Rayshawn Jenkins,S,,,26,6'2,220 lbs,Los Angeles Chargers,NFL,,,Miami (FL),4,,,,23.0,220.0,6.166666666666667
Michael Badgley,PK,,,25,5'10,183 lbs,Los Angeles Chargers,NFL,,,Miami (FL),3,,,,4.0,183.0,5.833333333333333
Ty Long,P,,,27,6'2,205 lbs,Los Angeles Chargers,NFL,,,UAB,2,,,,1.0,205.0,6.166666666666667
Cole Mazza,LS,,,25,6'2,235 lbs,Los Angeles Chargers,NFL,,,Alabama,2,,,,45.0,235.0,6.166666666666667
Andy Dalton,QB,,,32,6'2,220 lbs,Dallas Cowboys,NFL,,,TCU,10,,,,14.0,220.0,6.166666666666667
Ben DiNucci,QB,,,23,6'3,209 lbs,Dallas Cowboys,NFL,,,James Madison,R,,,,1.0,209.0,6.25
Dak Prescott,QB,,,27,6'2,238 lbs,Dallas Cowboys,NFL,,,Mississippi State,5,,,,4.0,238.0,6.166666666666667
Clayton Thorson,QB,,,25,6'4,222 lbs,Dallas Cowboys,NFL,,,Northwestern,1,,,,5.0,222.0,6.333333333333333
Darius Anderson,RB,,,22,5'11,195 lbs,Dallas Cowboys,NFL,,,TCU,R,,,,40.0,195.0,5.916666666666667
Rico Dowdle,RB,,,22,6'0,215 lbs,Dallas Cowboys,NFL,,,South Carolina,R,,,,42.0,215.0,6.0
Ezekiel Elliott,RB,,,25,6'0,228 lbs,Dallas Cowboys,NFL,,,Ohio State,5,,,,21.0,228.0,6.0
Tony Pollard,RB,,,23,6'0,209 lbs,Dallas Cowboys,NFL,,,Memphis,2,,,,20.0,209.0,6.0
Sewo Olonilua,FB,,,22,6'3,240 lbs,Dallas Cowboys,NFL,,,TCU,R,,,,45.0,240.0,6.25
Noah Brown,WR,,,24,6'2,225 lbs,Dallas Cowboys,NFL,,,Ohio State,4,,,,85.0,225.0,6.166666666666667
Ventell Bryant,WR,,,24,6'3,205 lbs,Dallas Cowboys,NFL,,,Temple,2,,,,83.0,205.0,6.25
Amari Cooper,WR,,,26,6'1,210 lbs,Dallas Cowboys,NFL,,,Alabama,6,,,,19.0,210.0,6.083333333333333
Michael Gallup,WR,,,24,6'1,198 lbs,Dallas Cowboys,NFL,,,Colorado State,3,,,,13.0,198.0,6.083333333333333
Jon'Vea Johnson,WR,,,24,6'0,192 lbs,Dallas Cowboys,NFL,,,Toledo,2,,,,81.0,192.0,6.0
Tevin Jones,WR,,,27,6'2,225 lbs,Dallas Cowboys,NFL,,,Memphis,1,,,,14.0,225.0,6.166666666666667
CeeDee Lamb,WR,,,21,6'2,189 lbs,Dallas Cowboys,NFL,,,Oklahoma,R,,,,88.0,189.0,6.166666666666667
Aaron Parker,WR,,,22,6'3,208 lbs,Dallas Cowboys,NFL,,,Rhode Island,R,,,,18.0,208.0,6.25
Devin Smith,WR,,,28,6'1,199 lbs,Dallas Cowboys,NFL,,,Ohio State,5,,,,15.0,199.0,6.083333333333333
Cedrick Wilson,WR,,,25,6'2,200 lbs,Dallas Cowboys,NFL,,,Boise State,3,,,,11.0,200.0,6.166666666666667
Blake Bell,TE,,,29,6'6,252 lbs,Dallas Cowboys,NFL,,,Oklahoma,6,,,,80.0,252.0,6.5
Cole Hikutini,TE,,,26,6'4,240 lbs,Dallas Cowboys,NFL,,,Louisville,2,,,,87.0,240.0,6.333333333333333
Blake Jarwin,TE,,,26,6'5,260 lbs,Dallas Cowboys,NFL,,,Oklahoma State,4,,,,89.0,260.0,6.416666666666667
Sean McKeon,TE,,,22,6'5,238 lbs,Dallas Cowboys,NFL,,,Michigan,R,,,,84.0,238.0,6.416666666666667
Dalton Schultz,TE,,,24,6'5,244 lbs,Dallas Cowboys,NFL,,,Stanford,3,,,,86.0,244.0,6.416666666666667
Charlie Taumoepeau,TE,,,22,6'2,245 lbs,Dallas Cowboys,NFL,,,Portland State,R,,,,46.0,245.0,6.166666666666667
Tyler Biadasz,C,,,22,6'3,316 lbs,Dallas Cowboys,NFL,,,Wisconsin,R,,,,63.0,316.0,6.25
Marcus Henry,C,,,27,6'2,303 lbs,Dallas Cowboys,NFL,,,Boise State,1,,,,62.0,303.0,6.166666666666667
Joe Looney,C,,,29,6'3,315 lbs,Dallas Cowboys,NFL,,,Wake Forest,9,,,,73.0,315.0,6.25
Adam Redmond,C,,,27,6'6,300 lbs,Dallas Cowboys,NFL,,,Harvard,3,,,,61.0,300.0,6.5
Zack Martin,G,,,29,6'4,315 lbs,Dallas Cowboys,NFL,,,Notre Dame,7,,,,70.0,315.0,6.333333333333333
Connor McGovern,G,,,22,6'5,308 lbs,Dallas Cowboys,NFL,,,Penn State,2,,,,66.0,308.0,6.416666666666667
Cody Wichmann,G,,,28,6'5,325 lbs,Dallas Cowboys,NFL,,,Fresno State,4,,,,78.0,325.0,6.416666666666667
Connor Williams,G,,,23,6'5,298 lbs,Dallas Cowboys,NFL,,,Texas,3,,,,52.0,298.0,6.416666666666667
Isaac Alarcon,OT,,,--,6'6,320 lbs,Dallas Cowboys,NFL,,,--,R,,,,,320.0,6.5
La'el Collins,OT,,,27,6'4,320 lbs,Dallas Cowboys,NFL,,,LSU,6,,,,71.0,320.0,6.333333333333333
Cam Erving,OT,,,28,6'5,313 lbs,Dallas Cowboys,NFL,,,Florida State,6,,,,,313.0,6.416666666666667
Mitch Hyatt,OT,,,23,6'5,306 lbs,Dallas Cowboys,NFL,,,Clemson,1,,,,65.0,306.0,6.416666666666667
Brandon Knight,OT,,,23,6'4,314 lbs,Dallas Cowboys,NFL,,,Indiana,2,,,,69.0,314.0,6.333333333333333
Wyatt Miller,OT,,,24,6'5,298 lbs,Dallas Cowboys,NFL,,,UCF,1,,,,67.0,298.0,6.416666666666667
Tyron Smith,OT,,,29,6'5,320 lbs,Dallas Cowboys,NFL,,,USC,10,,,,77.0,320.0,6.416666666666667
Terence Steele,OT,,,23,6'6,310 lbs,Dallas Cowboys,NFL,,,Texas Tech,R,,,,74.0,310.0,6.5
Bradlee Anae,DE,,,22,6'3,257 lbs,Dallas Cowboys,NFL,,,Utah,R,,,,51.0,257.0,6.25
Dorance Armstrong,DE,,,23,6'4,255 lbs,Dallas Cowboys,NFL,,,Kansas,3,,,,92.0,255.0,6.333333333333333
Ron'Dell Carter,DE,,,23,6'3,269 lbs,Dallas Cowboys,NFL,,,James Madison,R,,,,68.0,269.0,6.25
Tyrone Crawford,DE,,,30,6'4,290 lbs,Dallas Cowboys,NFL,,,Boise State,9,,,,98.0,290.0,6.333333333333333
Everson Griffen,DE,,,32,6'3,273 lbs,Dallas Cowboys,NFL,,,USC,11,,,,,273.0,6.25
LaDarius Hamilton,DE,,,22,6'3,260 lbs,Dallas Cowboys,NFL,,,North Texas,R,,,,76.0,260.0,6.25
Joe Jackson,DE,,,23,6'4,275 lbs,Dallas Cowboys,NFL,,,Miami (FL),2,,,,56.0,275.0,6.333333333333333
DeMarcus Lawrence,DE,,,28,6'3,265 lbs,Dallas Cowboys,NFL,,,Boise State,7,,,,90.0,265.0,6.25
Aldon Smith,DE,,,30,6'4,265 lbs,Dallas Cowboys,NFL,,,Missouri,7,,,,99.0,265.0,6.333333333333333
Neville Gallimore,DT,,,23,6'2,302 lbs,Dallas Cowboys,NFL,,,Oklahoma,R,,,,75.0,302.0,6.166666666666667
Justin Hamilton,DT,,,27,6'2,315 lbs,Dallas Cowboys,NFL,,,Louisiana-Lafayette,4,,,,79.0,315.0,6.166666666666667
Trysten Hill,DT,,,22,6'3,308 lbs,Dallas Cowboys,NFL,,,UCF,2,,,,97.0,308.0,6.25
Dontari Poe,DT,,,30,6'3,346 lbs,Dallas Cowboys,NFL,,,Memphis,9,,,,95.0,346.0,6.25
Antwaun Woods,DT,,,27,6'1,318 lbs,Dallas Cowboys,NFL,,,USC,3,,,,99.0,318.0,6.083333333333333
Francis Bernard,LB,,,25,6'1,230 lbs,Dallas Cowboys,NFL,,,Utah,R,,,,44.0,230.0,6.083333333333333
Luke Gifford,LB,,,25,6'3,245 lbs,Dallas Cowboys,NFL,,,Nebraska,2,,,,57.0,245.0,6.25
Sean Lee,LB,,,34,6'2,245 lbs,Dallas Cowboys,NFL,,,Penn State,11,,,,50.0,245.0,6.166666666666667
Justin March,LB,,,27,6'0,222 lbs,Dallas Cowboys,NFL,,,Akron,6,,,,53.0,222.0,6.0
Jaylon Smith,LB,,,25,6'2,245 lbs,Dallas Cowboys,NFL,,,Notre Dame,4,,,,54.0,245.0,6.166666666666667
Joe Thomas,LB,,,29,6'1,233 lbs,Dallas Cowboys,NFL,,,South Carolina State,6,,,,48.0,233.0,6.083333333333333
Leighton Vander Esch,LB,,,24,6'4,255 lbs,Dallas Cowboys,NFL,,,Boise State,3,,,,55.0,255.0,6.333333333333333
Chidobe Awuzie,CB,,,25,6'0,203 lbs,Dallas Cowboys,NFL,,,Colorado,4,,,,24.0,203.0,6.0
Anthony Brown,CB,,,26,5'11,196 lbs,Dallas Cowboys,NFL,,,Purdue,5,,,,30.0,196.0,5.916666666666667
Deante Burton,CB,,,26,6'2,205 lbs,Dallas Cowboys,NFL,,,Kansas State,3,,,,33.0,205.0,6.166666666666667
Trevon Diggs,CB,,,22,6'2,195 lbs,Dallas Cowboys,NFL,,,Alabama,R,,,,31.0,195.0,6.166666666666667
C.J. Goodwin,CB,,,30,6'3,190 lbs,Dallas Cowboys,NFL,,,California (PA),5,,,,29.0,190.0,6.25
Jourdan Lewis,CB,,,24,5'10,195 lbs,Dallas Cowboys,NFL,,,Michigan,4,,,,26.0,195.0,5.833333333333333
Reggie Robinson II,CB,,,23,6'1,190 lbs,Dallas Cowboys,NFL,,,Tulsa,R,,,,41.0,190.0,6.083333333333333
Saivion Smith,CB,,,22,6'1,200 lbs,Dallas Cowboys,NFL,,,Alabama,1,,,,26.0,200.0,6.083333333333333
Chris Westry,CB,,,23,6'4,199 lbs,Dallas Cowboys,NFL,,,Kentucky,2,,,,39.0,199.0,6.333333333333333
Daryl Worley,CB,,,25,6'1,215 lbs,Dallas Cowboys,NFL,,,West Virginia,5,,,,20.0,215.0,6.083333333333333
Ha Ha Clinton-Dix,S,,,27,6'1,211 lbs,Dallas Cowboys,NFL,,,Alabama,7,,,,27.0,211.0,6.083333333333333
Luther Kirk,S,,,23,6'2,195 lbs,Dallas Cowboys,NFL,,,Illinois State,R,,,,,195.0,6.166666666666667
Darian Thompson,S,,,26,6'2,211 lbs,Dallas Cowboys,NFL,,,Boise State,5,,,,23.0,211.0,6.166666666666667
Donovan Wilson,S,,,25,6'0,204 lbs,Dallas Cowboys,NFL,,,Texas A&M,2,,,,37.0,204.0,6.0
Xavier Woods,S,,,25,5'11,202 lbs,Dallas Cowboys,NFL,,,Louisiana Tech,4,,,,25.0,202.0,5.916666666666667
Greg Zuerlein,PK,,,32,6'0,191 lbs,Dallas Cowboys,NFL,,,Missouri Western,9,,,,2.0,191.0,6.0
Chris Jones,P,,,31,6'0,205 lbs,Dallas Cowboys,NFL,,,Carson-Newman,9,,,,6.0,205.0,6.0
L.P. Ladouceur,LS,,,39,6'5,256 lbs,Dallas Cowboys,NFL,,,California,16,,,,91.0,256.0,6.416666666666667
Daniel Jones,QB,,,23,6'5,220 lbs,New York Giants,NFL,,,Duke,2,,,,8.0,220.0,6.416666666666667
Colt McCoy,QB,,,33,6'1,212 lbs,New York Giants,NFL,,,Texas,11,,,,12.0,212.0,6.083333333333333
Cooper Rush,QB,,,26,6'3,225 lbs,New York Giants,NFL,,,Central Michigan,4,,,,13.0,225.0,6.25
Alex Tanney,QB,,,32,6'4,220 lbs,New York Giants,NFL,,,Monmouth (IL),5,,,,3.0,220.0,6.333333333333333
Saquon Barkley,RB,,,23,6'0,233 lbs,New York Giants,NFL,,,Penn State,3,,,,26.0,233.0,6.0
Tavien Feaster,RB,,,22,6'0,221 lbs,New York Giants,NFL,,,South Carolina,R,,,,,221.0,6.0
Wayne Gallman,RB,,,25,6'0,210 lbs,New York Giants,NFL,,,Clemson,4,,,,22.0,210.0,6.0
Dion Lewis,RB,,,29,5'8,195 lbs,New York Giants,NFL,,,Pittsburgh,9,,,,33.0,195.0,5.666666666666667
Elijhaa Penny,RB,,,27,6'2,234 lbs,New York Giants,NFL,,,Idaho,4,,,,39.0,234.0,6.166666666666667
Sandro Platzgummer,RB,,,23,6'0,198 lbs,New York Giants,NFL,,,--,1,,,,34.0,198.0,6.0
Alex Bachman,WR,,,24,6'0,190 lbs,New York Giants,NFL,,,Wake Forest,1,,,,80.0,190.0,6.0
C.J. Board,WR,,,26,6'1,181 lbs,New York Giants,NFL,,,Chattanooga,2,,,,,181.0,6.083333333333333
Corey Coleman,WR,,,26,5'11,185 lbs,New York Giants,NFL,,,Baylor,5,,,,19.0,185.0,5.916666666666667
Derrick Dillon,WR,,,24,5'11,185 lbs,New York Giants,NFL,,,LSU-Shreveport,R,,,,6.0,185.0,5.916666666666667
Austin Mack,WR,,,22,6'2,215 lbs,New York Giants,NFL,,,Ohio State,R,,,,81.0,215.0,6.166666666666667
Sterling Shepard,WR,,,27,5'10,201 lbs,New York Giants,NFL,,,Oklahoma,5,,,,87.0,201.0,5.833333333333333
Darius Slayton,WR,,,23,6'1,190 lbs,New York Giants,NFL,,,Auburn,2,,,,86.0,190.0,6.083333333333333
Golden Tate,WR,,,32,5'10,197 lbs,New York Giants,NFL,,,Notre Dame,11,,,,15.0,197.0,5.833333333333333
Binjimen Victor,WR,,,23,6'4,199 lbs,New York Giants,NFL,,,Ohio State,R,,,,9.0,199.0,6.333333333333333
Garrett Dickerson,TE,,,24,6'3,248 lbs,New York Giants,NFL,,,Northwestern,3,,,,89.0,248.0,6.25
Evan Engram,TE,,,25,6'3,240 lbs,New York Giants,NFL,,,Ole Miss,4,,,,88.0,240.0,6.25
Rysen John,TE,,,22,6'7,220 lbs,New York Giants,NFL,,,Simon Fraser,R,,,,47.0,220.0,6.583333333333333
Kaden Smith,TE,,,23,6'5,249 lbs,New York Giants,NFL,,,Stanford,2,,,,82.0,249.0,6.416666666666667
Levine Toilolo,TE,,,29,6'8,268 lbs,New York Giants,NFL,,,Stanford,8,,,,85.0,268.0,6.666666666666667
Eric Tomlinson,TE,,,28,6'6,263 lbs,New York Giants,NFL,,,UTEP,5,,,,83.0,263.0,6.5
Spencer Pulley,C,,,27,6'4,308 lbs,New York Giants,NFL,,,Vanderbilt,5,,,,77.0,308.0,6.333333333333333
Nick Gates,G,,,24,6'5,307 lbs,New York Giants,NFL,,,Nebraska,3,,,,65.0,307.0,6.416666666666667
Will Hernandez,G,,,24,6'2,327 lbs,New York Giants,NFL,,,UTEP,3,,,,71.0,327.0,6.166666666666667
Shane Lemieux,G,,,23,6'4,316 lbs,New York Giants,NFL,,,Oregon,R,,,,66.0,316.0,6.333333333333333
Kyle Murphy,G,,,22,6'4,302 lbs,New York Giants,NFL,,,Rhode Island,R,,,,60.0,302.0,6.333333333333333
Chad Slade,G,,,28,6'5,315 lbs,New York Giants,NFL,,,Auburn,3,,,,62.0,315.0,6.416666666666667
Kevin Zeitler,G,,,30,6'4,315 lbs,New York Giants,NFL,,,Wisconsin,9,,,,70.0,315.0,6.333333333333333
Cameron Fleming,OT,,,27,6'5,320 lbs,New York Giants,NFL,,,Stanford,7,,,,75.0,320.0,6.416666666666667
Tyler Haycraft,OT,,,23,6'3,293 lbs,New York Giants,NFL,,,Louisville,R,,,,61.0,293.0,6.25
Matt Peart,OT,,,23,6'5,310 lbs,New York Giants,NFL,,,Connecticut,R,,,,74.0,310.0,6.416666666666667
Eric Smith,OT,,,24,6'4,308 lbs,New York Giants,NFL,,,Virginia,3,,,,79.0,308.0,6.333333333333333
Andrew Thomas,OT,,,21,6'5,315 lbs,New York Giants,NFL,,,Georgia,R,,,,78.0,315.0,6.416666666666667
Austin Johnson,NT,,,26,6'4,314 lbs,New York Giants,NFL,,,Penn State,5,,,,98.0,314.0,6.333333333333333
Niko Lalos,DE,,,23,6'5,269 lbs,New York Giants,NFL,,,Dartmouth,R,,,,79.0,269.0,6.416666666666667
Leonard Williams,DE,,,26,6'5,302 lbs,New York Giants,NFL,,,USC,6,,,,99.0,302.0,6.416666666666667
B.J. Hill,DT,,,25,6'3,311 lbs,New York Giants,NFL,,,North Carolina State,3,,,,95.0,311.0,6.25
Dexter Lawrence,DT,,,22,6'4,342 lbs,New York Giants,NFL,,,Clemson,2,,,,97.0,342.0,6.333333333333333
Daylon Mack,DT,,,23,6'1,340 lbs,New York Giants,NFL,,,Texas A&M,2,,,,,340.0,6.083333333333333
RJ McIntosh,DT,,,24,6'4,283 lbs,New York Giants,NFL,,,Miami (FL),3,,,,90.0,283.0,6.333333333333333
Chris Slayton,DT,,,24,6'4,307 lbs,New York Giants,NFL,,,Syracuse,1,,,,91.0,307.0,6.333333333333333
Dalvin Tomlinson,DT,,,26,6'3,318 lbs,New York Giants,NFL,,,Alabama,4,,,,94.0,318.0,6.25
Cam Brown,LB,,,22,6'5,233 lbs,New York Giants,NFL,,,Penn State,R,,,,47.0,233.0,6.416666666666667
T.J. Brunson,LB,,,22,6'1,229 lbs,New York Giants,NFL,,,South Carolina,R,,,,35.0,229.0,6.083333333333333
Lorenzo Carter,LB,,,24,6'5,250 lbs,New York Giants,NFL,,,Georgia,3,,,,59.0,250.0,6.416666666666667
Ryan Connelly,LB,,,24,6'2,242 lbs,New York Giants,NFL,,,Wisconsin,2,,,,57.0,242.0,6.166666666666667
Carter Coughlin,LB,,,23,6'3,236 lbs,New York Giants,NFL,,,Minnesota,R,,,,49.0,236.0,6.25
Tae Crowder,LB,,,23,6'1,235 lbs,New York Giants,NFL,,,Georgia,R,,,,37.0,235.0,6.083333333333333
Devante Downs,LB,,,24,6'2,252 lbs,New York Giants,NFL,,,California,3,,,,52.0,252.0,6.166666666666667
Kyler Fackrell,LB,,,28,6'5,245 lbs,New York Giants,NFL,,,Utah State,5,,,,51.0,245.0,6.416666666666667
Blake Martinez,LB,,,26,6'2,237 lbs,New York Giants,NFL,,,Stanford,5,,,,54.0,237.0,6.166666666666667
David Mayo,LB,,,27,6'2,240 lbs,New York Giants,NFL,,,Texas State,6,,,,55.0,240.0,6.166666666666667
Josiah Tauaefa,LB,,,23,6'1,232 lbs,New York Giants,NFL,,,UTSA,2,,,,48.0,232.0,6.083333333333333
Oshane Ximines,LB,,,23,6'4,252 lbs,New York Giants,NFL,,,Old Dominion,2,,,,53.0,252.0,6.333333333333333
Corey Ballentine,CB,,,24,5'11,196 lbs,New York Giants,NFL,,,Washburn,2,,,,25.0,196.0,5.916666666666667
James Bradberry,CB,,,27,6'1,212 lbs,New York Giants,NFL,,,Samford,5,,,,24.0,212.0,6.083333333333333
Grant Haley,CB,,,24,5'9,190 lbs,New York Giants,NFL,,,Penn State,3,,,,34.0,190.0,5.75
Montre Hartage,CB,,,23,6'0,190 lbs,New York Giants,NFL,,,Northwestern,1,,,,18.0,190.0,6.0
Darnay Holmes,CB,,,22,5'10,195 lbs,New York Giants,NFL,,,UCLA,R,,,,30.0,195.0,5.833333333333333
Julian Love,CB,,,22,5'11,195 lbs,New York Giants,NFL,,,Notre Dame,2,,,,20.0,195.0,5.916666666666667
KeiVarae Russell,CB,,,26,5'11,196 lbs,New York Giants,NFL,,,Notre Dame,4,,,,,196.0,5.916666666666667
Brandon Williams,CB,,,27,6'0,200 lbs,New York Giants,NFL,,,Texas A&M,5,,,,,200.0,6.0
Jarren Williams,CB,,,23,5'10,187 lbs,New York Giants,NFL,,,Albany,R,,,,36.0,187.0,5.833333333333333
Chris Williamson,CB,,,23,6'0,205 lbs,New York Giants,NFL,,,Minnesota,R,,,,31.0,205.0,6.0
Dravon Askew-Henry,S,,,24,6'0,202 lbs,New York Giants,NFL,,,West Virginia,1,,,,22.0,202.0,6.0
Sean Chandler,S,,,24,5'10,205 lbs,New York Giants,NFL,,,Temple,3,,,,36.0,205.0,5.833333333333333
Nate Ebner,S,,,31,6'0,215 lbs,New York Giants,NFL,,,Ohio State,9,,,,43.0,215.0,6.0
Jaquarius Landrews,S,,,23,6'0,200 lbs,New York Giants,NFL,,,Mississippi State,R,,,,19.0,200.0,6.0
Xavier McKinney,S,,,22,6'0,201 lbs,New York Giants,NFL,,,Alabama,R,,,,29.0,201.0,6.0
Jabrill Peppers,S,,,24,5'11,215 lbs,New York Giants,NFL,,,Michigan,4,,,,21.0,215.0,5.916666666666667
Graham Gano,PK,,,33,6'2,202 lbs,New York Giants,NFL,,,Florida State,11,,,,,202.0,6.166666666666667
Riley Dixon,P,,,27,6'4,221 lbs,New York Giants,NFL,,,Syracuse,5,,,,9.0,221.0,6.333333333333333
Casey Kreiter,LS,,,30,6'1,250 lbs,New York Giants,NFL,,,Iowa,5,,,,58.0,250.0,6.083333333333333
Jalen Hurts,QB,,,22,6'1,223 lbs,Philadelphia Eagles,NFL,,,Oklahoma,R,,,,2.0,223.0,6.083333333333333
Nate Sudfeld,QB,,,26,6'6,227 lbs,Philadelphia Eagles,NFL,,,Indiana,5,,,,7.0,227.0,6.5
Carson Wentz,QB,,,27,6'5,237 lbs,Philadelphia Eagles,NFL,,,North Dakota State,5,,,,11.0,237.0,6.416666666666667
Corey Clement,RB,,,25,5'10,220 lbs,Philadelphia Eagles,NFL,,,Wisconsin,4,,,,30.0,220.0,5.833333333333333
Elijah Holyfield,RB,,,22,5'10,215 lbs,Philadelphia Eagles,NFL,,,Georgia,1,,,,33.0,215.0,5.833333333333333
Adrian Killins Jr.,RB,,,22,5'8,177 lbs,Philadelphia Eagles,NFL,,,UCF,R,,,,9.0,177.0,5.666666666666667
Miles Sanders,RB,,,23,5'11,211 lbs,Philadelphia Eagles,NFL,,,Penn State,2,,,,26.0,211.0,5.916666666666667
Boston Scott,RB,,,25,5'6,203 lbs,Philadelphia Eagles,NFL,,,Louisiana Tech,2,,,,35.0,203.0,5.5
Mike Warren,RB,,,21,5'9,218 lbs,Philadelphia Eagles,NFL,,,Cincinnati,R,,,,3.0,218.0,5.75
J.J. Arcega-Whiteside,WR,,,23,6'2,225 lbs,Philadelphia Eagles,NFL,,,Stanford,2,,,,19.0,225.0,6.166666666666667
Manasseh Bailey,WR,,,23,5'11,195 lbs,Philadelphia Eagles,NFL,,,Morgan State,R,,,,13.0,195.0,5.916666666666667
Deontay Burnett,WR,,,22,6'0,186 lbs,Philadelphia Eagles,NFL,,,USC,2,,,,16.0,186.0,6.0
Travis Fulgham,WR,,,24,6'2,215 lbs,Philadelphia Eagles,NFL,,,Old Dominion,2,,,,14.0,215.0,6.166666666666667
Marcus Green,WR,,,24,5'8,191 lbs,Philadelphia Eagles,NFL,,,Louisiana-Monroe,1,,,,89.0,191.0,5.666666666666667
John Hightower,WR,,,24,6'2,190 lbs,Philadelphia Eagles,NFL,,,Boise State,R,,,,82.0,190.0,6.166666666666667
DeSean Jackson,WR,,,33,5'10,175 lbs,Philadelphia Eagles,NFL,,,California,13,,,,10.0,175.0,5.833333333333333
Alshon Jeffery,WR,,,30,6'3,218 lbs,Philadelphia Eagles,NFL,,,South Carolina,9,,,,17.0,218.0,6.25
Jalen Reagor,WR,,,21,5'11,197 lbs,Philadelphia Eagles,NFL,,,TCU,R,,,,18.0,197.0,5.916666666666667
Greg Ward,WR,,,25,5'11,190 lbs,Philadelphia Eagles,NFL,,,Houston,2,,,,84.0,190.0,5.916666666666667
Zach Ertz,TE,,,29,6'5,250 lbs,Philadelphia Eagles,NFL,,,Stanford,8,,,,86.0,250.0,6.416666666666667
Dallas Goedert,TE,,,25,6'5,256 lbs,Philadelphia Eagles,NFL,,,South Dakota State,3,,,,88.0,256.0,6.416666666666667
Josh Perkins,TE,,,27,6'3,223 lbs,Philadelphia Eagles,NFL,,,Washington,3,,,,81.0,223.0,6.25
Tyrone Swoopes,TE,,,25,6'4,254 lbs,Philadelphia Eagles,NFL,,,Texas,2,,,,,254.0,6.333333333333333
Noah Togiai,TE,,,23,6'4,246 lbs,Philadelphia Eagles,NFL,,,Oregon State,R,,,,81.0,246.0,6.333333333333333
Luke Juriga,C,,,23,6'4,301 lbs,Philadelphia Eagles,NFL,,,Western Michigan,R,,,,59.0,301.0,6.333333333333333
Jason Kelce,C,,,32,6'3,295 lbs,Philadelphia Eagles,NFL,,,Cincinnati,10,,,,62.0,295.0,6.25
Brandon Brooks,G,,,31,6'5,335 lbs,Philadelphia Eagles,NFL,,,Miami (OH),9,,,,79.0,335.0,6.416666666666667
Julian Good-Jones,G,,,23,6'5,313 lbs,Philadelphia Eagles,NFL,,,Iowa State,R,,,,51.0,313.0,6.416666666666667
Nate Herbig,G,,,22,6'4,334 lbs,Philadelphia Eagles,NFL,,,Stanford,2,,,,67.0,334.0,6.333333333333333
Sua Opeta,G,,,24,6'4,305 lbs,Philadelphia Eagles,NFL,,,Weber State,1,,,,78.0,305.0,6.333333333333333
Jason Peters,G,,,38,6'4,328 lbs,Philadelphia Eagles,NFL,,,Arkansas,17,,,,71.0,328.0,6.333333333333333
Isaac Seumalo,G,,,26,6'4,303 lbs,Philadelphia Eagles,NFL,,,Oregon State,5,,,,73.0,303.0,6.333333333333333
Andre Dillard,OT,,,24,6'5,315 lbs,Philadelphia Eagles,NFL,,,Washington State,2,,,,77.0,315.0,6.416666666666667
Jack Driscoll,OT,,,23,6'5,312 lbs,Philadelphia Eagles,NFL,,,Auburn,R,,,,63.0,312.0,6.416666666666667
Matt Pryor,OT,,,25,6'7,332 lbs,Philadelphia Eagles,NFL,,,TCU,3,,,,69.0,332.0,6.583333333333333
Prince Tega Wanogho,OT,,,22,6'5,309 lbs,Philadelphia Eagles,NFL,,,Auburn,R,,,,72.0,309.0,6.416666666666667
Genard Avery,DE,,,25,6'0,250 lbs,Philadelphia Eagles,NFL,,,Memphis,3,,,,58.0,250.0,6.0
Derek Barnett,DE,,,24,6'3,259 lbs,Philadelphia Eagles,NFL,,,Tennessee,4,,,,96.0,259.0,6.25
Vinny Curry,DE,,,32,6'3,279 lbs,Philadelphia Eagles,NFL,,,Marshall,9,,,,75.0,279.0,6.25
Brandon Graham,DE,,,32,6'2,265 lbs,Philadelphia Eagles,NFL,,,Michigan,11,,,,55.0,265.0,6.166666666666667
Matt Leo,DE,,,28,6'8,280 lbs,Philadelphia Eagles,NFL,,,Iowa State,R,,,,,280.0,6.666666666666667
Shareef Miller,DE,,,23,6'4,254 lbs,Philadelphia Eagles,NFL,,,Penn State,2,,,,51.0,254.0,6.333333333333333
Joe Ostman,DE,,,25,6'3,259 lbs,Philadelphia Eagles,NFL,,,Central Michigan,2,,,,95.0,259.0,6.25
Josh Sweat,DE,,,23,6'5,251 lbs,Philadelphia Eagles,NFL,,,Florida State,3,,,,94.0,251.0,6.416666666666667
Casey Toohill,DE,,,24,6'5,254 lbs,Philadelphia Eagles,NFL,,,Stanford,R,,,,56.0,254.0,6.416666666666667
Fletcher Cox,DT,,,29,6'4,310 lbs,Philadelphia Eagles,NFL,,,Mississippi State,9,,,,91.0,310.0,6.333333333333333
Javon Hargrave,DT,,,27,6'2,305 lbs,Philadelphia Eagles,NFL,,,South Carolina State,5,,,,93.0,305.0,6.166666666666667
Malik Jackson,DT,,,30,6'5,290 lbs,Philadelphia Eagles,NFL,,,Tennessee,9,,,,97.0,290.0,6.416666666666667
T.Y. McGill,DT,,,27,6'0,299 lbs,Philadelphia Eagles,NFL,,,North Carolina State,6,,,,,299.0,6.0
Hassan Ridgeway,DT,,,25,6'3,305 lbs,Philadelphia Eagles,NFL,,,Texas,5,,,,98.0,305.0,6.25
Anthony Rush,DT,,,23,6'5,350 lbs,Philadelphia Eagles,NFL,,,UAB,2,,,,66.0,350.0,6.416666666666667
Raequan Williams,DT,,,23,6'4,305 lbs,Philadelphia Eagles,NFL,,,Michigan State,R,,,,99.0,305.0,6.333333333333333
Shaun Bradley,LB,,,23,6'1,240 lbs,Philadelphia Eagles,NFL,,,Temple,R,,,,54.0,240.0,6.083333333333333
T.J. Edwards,LB,,,24,6'1,242 lbs,Philadelphia Eagles,NFL,,,Wisconsin,2,,,,57.0,242.0,6.083333333333333
Duke Riley,LB,,,26,6'1,218 lbs,Philadelphia Eagles,NFL,,,LSU,4,,,,50.0,218.0,6.083333333333333
Alex Singleton,LB,,,26,6'2,240 lbs,Philadelphia Eagles,NFL,,,Montana State,2,,,,49.0,240.0,6.166666666666667
Davion Taylor,LB,,,22,6'1,230 lbs,Philadelphia Eagles,NFL,,,Colorado,R,,,,52.0,230.0,6.083333333333333
Grayland Arnold,CB,,,22,5'10,187 lbs,Philadelphia Eagles,NFL,,,Baylor,R,,,,1.0,187.0,5.833333333333333
Rasul Douglas,CB,,,25,6'2,209 lbs,Philadelphia Eagles,NFL,,,West Virginia,4,,,,32.0,209.0,6.166666666666667
Michael Jacquet,CB,,,23,6'1,203 lbs,Philadelphia Eagles,NFL,,,Louisiana-Lafayette,R,,,,11.0,203.0,6.083333333333333
Craig James,CB,,,24,5'10,195 lbs,Philadelphia Eagles,NFL,,,Southern Illinois,2,,,,39.0,195.0,5.833333333333333
Sidney Jones,CB,,,24,6'0,181 lbs,Philadelphia Eagles,NFL,,,Washington,3,,,,22.0,181.0,6.0
Cre'Von LeBlanc,CB,,,26,5'10,190 lbs,Philadelphia Eagles,NFL,,,Florida Atlantic,5,,,,34.0,190.0,5.833333333333333
Avonte Maddox,CB,,,24,5'9,184 lbs,Philadelphia Eagles,NFL,,,Pittsburgh,3,,,,29.0,184.0,5.75
Elijah Riley,CB,,,22,5'11,214 lbs,Philadelphia Eagles,NFL,,,Army,R,,,,23.0,214.0,5.916666666666667
Nickell Robey-Coleman,CB,,,28,5'8,180 lbs,Philadelphia Eagles,NFL,,,USC,8,,,,31.0,180.0,5.666666666666667
Darius Slay,CB,,,29,6'0,190 lbs,Philadelphia Eagles,NFL,,,Mississippi State,8,,,,24.0,190.0,6.0
Trevor Williams,CB,,,26,5'11,191 lbs,Philadelphia Eagles,NFL,,,Penn State,5,,,,41.0,191.0,5.916666666666667
Marcus Epps,S,,,24,6'0,198 lbs,Philadelphia Eagles,NFL,,,Wyoming,2,,,,37.0,198.0,6.0
Rudy Ford,S,,,25,6'0,204 lbs,Philadelphia Eagles,NFL,,,Auburn,4,,,,36.0,204.0,6.0
Rodney McLeod,S,,,30,5'10,195 lbs,Philadelphia Eagles,NFL,,,Virginia,9,,,,23.0,195.0,5.833333333333333
Jalen Mills,S,,,26,6'0,191 lbs,Philadelphia Eagles,NFL,,,LSU,5,,,,21.0,191.0,6.0
Will Parks,S,,,26,6'1,194 lbs,Philadelphia Eagles,NFL,,,Arizona,5,,,,28.0,194.0,6.083333333333333
K'Von Wallace,S,,,23,5'11,205 lbs,Philadelphia Eagles,NFL,,,Clemson,R,,,,42.0,205.0,5.916666666666667
Jake Elliott,PK,,,25,5'9,167 lbs,Philadelphia Eagles,NFL,,,Memphis,4,,,,4.0,167.0,5.75
Cameron Johnston,P,,,28,5'11,194 lbs,Philadelphia Eagles,NFL,,,Ohio State,3,,,,1.0,194.0,5.916666666666667
Rick Lovato,LS,,,27,6'2,249 lbs,Philadelphia Eagles,NFL,,,Old Dominion,4,,,,45.0,249.0,6.166666666666667
Kyle Allen,QB,,,24,6'3,210 lbs,Washington,NFL,,,Houston,2,,,,8.0,210.0,6.25
Dwayne Haskins Jr.,QB,,,23,6'4,231 lbs,Washington,NFL,,,Ohio State,2,,,,7.0,231.0,6.333333333333333
Steven Montez,QB,,,23,6'5,235 lbs,Washington,NFL,,,Colorado,R,,,,6.0,235.0,6.416666666666667
Alex Smith,QB,,,36,6'4,213 lbs,Washington,NFL,,,Utah,16,,,,11.0,213.0,6.333333333333333
Peyton Barber,RB,,,26,5'11,225 lbs,Washington,NFL,,,Auburn,5,,,,25.0,225.0,5.916666666666667
Antonio Gibson,RB,,,22,6'0,228 lbs,Washington,NFL,,,Memphis,R,,,,24.0,228.0,6.0
Bryce Love,RB,,,23,5'9,205 lbs,Washington,NFL,,,Stanford,1,,,,35.0,205.0,5.75
J.D. McKissic,RB,,,27,5'10,195 lbs,Washington,NFL,,,Arkansas State,4,,,,41.0,195.0,5.833333333333333
Adrian Peterson,RB,,,35,6'1,220 lbs,Washington,NFL,,,Oklahoma,13,,,,26.0,220.0,6.083333333333333
Antonio Gandy-Golden,WR,,,22,6'4,223 lbs,Washington,NFL,,,Liberty,R,,,,10.0,223.0,6.333333333333333
Kelvin Harmon,WR,,,23,6'2,215 lbs,Washington,NFL,,,North Carolina State,2,,,,13.0,215.0,6.166666666666667
Dontrelle Inman,WR,,,31,6'3,205 lbs,Washington,NFL,,,Virginia,7,,,,86.0,205.0,6.25
Johnathon Johnson,WR,,,23,5'10,180 lbs,Washington,NFL,,,Missouri,R,,,,16.0,180.0,5.833333333333333
Darvin Kidsy,WR,,,25,6'0,180 lbs,Washington,NFL,,,Texas Southern,1,,,,84.0,180.0,6.0
Terry McLaurin,WR,,,24,6'0,210 lbs,Washington,NFL,,,Ohio State,2,,,,17.0,210.0,6.0
Trey Quinn,WR,,,24,6'0,200 lbs,Washington,NFL,,,SMU,3,,,,18.0,200.0,6.0
Cam Sims,WR,,,24,6'5,215 lbs,Washington,NFL,,,Alabama,3,,,,89.0,215.0,6.416666666666667
Steven Sims Jr.,WR,,,23,5'10,176 lbs,Washington,NFL,,,Kansas,2,,,,15.0,176.0,5.833333333333333
Jordan Veasy,WR,,,25,6'3,221 lbs,Washington,NFL,,,California,1,,,,14.0,221.0,6.25
Jester Weah,WR,,,25,6'3,209 lbs,Washington,NFL,,,Pittsburgh,1,,,,19.0,209.0,6.25
Isaiah Wright,WR,,,23,6'2,220 lbs,Washington,NFL,,,Temple,R,,,,83.0,220.0,6.166666666666667
Marcus Baugh,TE,,,25,6'4,245 lbs,Washington,NFL,,,Ohio State,2,,,,85.0,245.0,6.333333333333333
Hale Hentges,TE,,,24,6'4,245 lbs,Washington,NFL,,,Alabama,2,,,,88.0,245.0,6.333333333333333
Richard Rodgers,TE,,,28,6'4,257 lbs,Washington,NFL,,,California,6,,,,86.0,257.0,6.333333333333333
Jeremy Sprinkle,TE,,,26,6'5,255 lbs,Washington,NFL,,,Arkansas,4,,,,87.0,255.0,6.416666666666667
Logan Thomas,TE,,,29,6'6,250 lbs,Washington,NFL,,,Virginia Tech,6,,,,82.0,250.0,6.5
Keith Ismael,C,,,22,6'3,309 lbs,Washington,NFL,,,San Diego State,R,,,,60.0,309.0,6.25
Ross Pierschbacher,C,,,25,6'4,315 lbs,Washington,NFL,,,Alabama,2,,,,64.0,315.0,6.333333333333333
Chase Roullier,C,,,27,6'4,312 lbs,Washington,NFL,,,Wyoming,4,,,,73.0,312.0,6.333333333333333
Joshua Garnett,G,,,26,6'5,305 lbs,Washington,NFL,,,Stanford,4,,,,,305.0,6.416666666666667
Michael Liedtke,G,,,28,6'3,305 lbs,Washington,NFL,,,Illinois State,3,,,,69.0,305.0,6.25
Wes Martin,G,,,24,6'3,315 lbs,Washington,NFL,,,Indiana,2,,,,67.0,315.0,6.25
Brandon Scherff,G,,,28,6'5,315 lbs,Washington,NFL,,,Iowa,6,,,,75.0,315.0,6.416666666666667
Wes Schweitzer,G,,,26,6'4,300 lbs,Washington,NFL,,,San Jose State,5,,,,71.0,300.0,6.333333333333333
Paul Adams,OT,,,25,6'6,315 lbs,Washington,NFL,,,Missouri,1,,,,79.0,315.0,6.5
Saahdiq Charles,OT,,,21,6'4,321 lbs,Washington,NFL,,,LSU,R,,,,77.0,321.0,6.333333333333333
Geron Christian Sr.,OT,,,23,6'6,315 lbs,Washington,NFL,,,Louisville,3,,,,74.0,315.0,6.5
Cornelius Lucas III,OT,,,29,6'8,328 lbs,Washington,NFL,,,Kansas State,6,,,,78.0,328.0,6.666666666666667
Morgan Moses,OT,,,29,6'6,330 lbs,Washington,NFL,,,Virginia,7,,,,76.0,330.0,6.5
Timon Parris,OT,,,24,6'6,315 lbs,Washington,NFL,,,Stony Brook,1,,,,61.0,315.0,6.5
David Steinmetz,OT,,,25,6'8,321 lbs,Washington,NFL,,,Purdue,2,,,,,321.0,6.666666666666667
David Bada,DE,,,--,6'5,287 lbs,Washington,NFL,,,--,1,,,,64.0,287.0,6.416666666666667
Ryan Bee,DE,,,24,6'7,280 lbs,Washington,NFL,,,Marshall,1,,,,92.0,280.0,6.583333333333333
Jordan Brailford,DE,,,24,6'3,252 lbs,Washington,NFL,,,Oklahoma State,2,,,,95.0,252.0,6.25
Ryan Kerrigan,DE,,,32,6'4,265 lbs,Washington,NFL,,,Purdue,10,,,,91.0,265.0,6.333333333333333
Nate Orchard,DE,,,27,6'3,251 lbs,Washington,NFL,,,Utah,5,,,,54.0,251.0,6.25
James Smith-Williams,DE,,,23,6'4,265 lbs,Washington,NFL,,,North Carolina State,R,,,,72.0,265.0,6.333333333333333
Montez Sweat,DE,,,23,6'6,262 lbs,Washington,NFL,,,Mississippi State,2,,,,90.0,262.0,6.5
Chase Young,DE,,,21,6'5,264 lbs,Washington,NFL,,,Ohio State,R,,,,99.0,264.0,6.416666666666667
Jonathan Allen,DT,,,25,6'3,300 lbs,Washington,NFL,,,Alabama,4,,,,93.0,300.0,6.25
Matt Ioannidis,DT,,,26,6'3,310 lbs,Washington,NFL,,,Temple,5,,,,98.0,310.0,6.25
Daron Payne,DT,,,23,6'3,320 lbs,Washington,NFL,,,Alabama,3,,,,94.0,320.0,6.25
Tim Settle,DT,,,23,6'3,308 lbs,Washington,NFL,,,Virginia Tech,3,,,,97.0,308.0,6.25
Ryan Anderson,LB,,,26,6'2,255 lbs,Washington,NFL,,,Alabama,4,,,,52.0,255.0,6.166666666666667
Jon Bostic,LB,,,29,6'1,245 lbs,Washington,NFL,,,Florida,8,,,,53.0,245.0,6.083333333333333
Thomas Davis Sr.,LB,,,37,6'1,235 lbs,Washington,NFL,,,Georgia,16,,,,58.0,235.0,6.083333333333333
Reuben Foster,LB,,,26,6'1,228 lbs,Washington,NFL,,,Alabama,4,,,,56.0,228.0,6.083333333333333
Shaun Dion Hamilton,LB,,,24,6'0,235 lbs,Washington,NFL,,,Alabama,3,,,,51.0,235.0,6.0
Cole Holcomb,LB,,,24,6'1,240 lbs,Washington,NFL,,,North Carolina,2,,,,55.0,240.0,6.083333333333333
Khaleke Hudson,LB,,,22,5'11,224 lbs,Washington,NFL,,,Michigan,R,,,,47.0,224.0,5.916666666666667
Jared Norris,LB,,,27,6'1,238 lbs,Washington,NFL,,,Utah,4,,,,50.0,238.0,6.083333333333333
Donald Payne,LB,,,26,5'11,217 lbs,Washington,NFL,,,Stetson,4,,,,,217.0,5.916666666666667
Kevin Pierre-Louis,LB,,,28,6'0,230 lbs,Washington,NFL,,,Boston College,7,,,,48.0,230.0,6.0
Aaron Colvin,CB,,,28,6'0,191 lbs,Washington,NFL,,,Oklahoma,7,,,,34.0,191.0,6.0
Ronald Darby,CB,,,26,5'11,193 lbs,Washington,NFL,,,Florida State,6,,,,35.0,193.0,5.916666666666667
Kendall Fuller,CB,,,25,5'11,198 lbs,Washington,NFL,,,Virginia Tech,5,,,,23.0,198.0,5.916666666666667
Danny Johnson,CB,,,24,5'9,190 lbs,Washington,NFL,,,Southern University,3,,,,41.0,190.0,5.75
Ryan Lewis,CB,,,26,6'0,195 lbs,Washington,NFL,,,Pittsburgh,3,,,,,195.0,6.0
Fabian Moreau,CB,,,26,6'0,204 lbs,Washington,NFL,,,UCLA,4,,,,25.0,204.0,6.0
Jimmy Moreland,CB,,,25,5'11,182 lbs,Washington,NFL,,,James Madison,2,,,,32.0,182.0,5.916666666666667
Greg Stroman,CB,,,24,6'0,182 lbs,Washington,NFL,,,Virginia Tech,3,,,,37.0,182.0,6.0
Troy Apke,S,,,25,6'1,205 lbs,Washington,NFL,,,Penn State,3,,,,30.0,205.0,6.083333333333333
Landon Collins,S,,,26,6'0,218 lbs,Washington,NFL,,,Alabama,6,,,,20.0,218.0,6.0
Kamren Curl,S,,,21,6'1,206 lbs,Washington,NFL,,,Arkansas,R,,,,31.0,206.0,6.083333333333333
Sean Davis,S,,,26,6'1,202 lbs,Washington,NFL,,,Maryland,5,,,,36.0,202.0,6.083333333333333
Deshazor Everett,S,,,28,6'0,203 lbs,Washington,NFL,,,Texas A&M,6,,,,22.0,203.0,6.0
Jeremy Reaves,S,,,24,5'11,205 lbs,Washington,NFL,,,South Alabama,2,,,,39.0,205.0,5.916666666666667
Dustin Hopkins,PK,,,29,6'2,205 lbs,Washington,NFL,,,Florida State,7,,,,3.0,205.0,6.166666666666667
Tress Way,P,,,30,6'1,220 lbs,Washington,NFL,,,Oklahoma,7,,,,5.0,220.0,6.083333333333333
Nick Sundberg,LS,,,33,6'1,254 lbs,Washington,NFL,,,California,11,,,,57.0,254.0,6.083333333333333
Tyler Bray,QB,,,28,6'6,223 lbs,Chicago Bears,NFL,,,Tennessee,6,,,,8.0,223.0,6.5
Nick Foles,QB,,,31,6'6,243 lbs,Chicago Bears,NFL,,,Arizona,9,,,,9.0,243.0,6.5
Mitchell Trubisky,QB,,,26,6'2,215 lbs,Chicago Bears,NFL,,,North Carolina,4,,,,10.0,215.0,6.166666666666667
Tarik Cohen,RB,,,25,5'6,191 lbs,Chicago Bears,NFL,,,North Carolina A&T,4,,,,29.0,191.0,5.5
David Montgomery,RB,,,23,5'10,222 lbs,Chicago Bears,NFL,,,Iowa State,2,,,,32.0,222.0,5.833333333333333
Ryan Nall,RB,,,24,6'2,239 lbs,Chicago Bears,NFL,,,Oregon State,2,,,,35.0,239.0,6.166666666666667
Artavis Pierce,RB,,,24,5'11,208 lbs,Chicago Bears,NFL,,,Oregon State,R,,,,37.0,208.0,5.916666666666667
Rodney Adams,WR,,,25,6'1,189 lbs,Chicago Bears,NFL,,,South Florida,2,,,,2.0,189.0,6.083333333333333
Reggie Davis,WR,,,24,5'11,185 lbs,Chicago Bears,NFL,,,Georgia,1,,,,18.0,185.0,5.916666666666667
Ted Ginn Jr.,WR,,,35,5'11,180 lbs,Chicago Bears,NFL,,,Ohio State,14,,,,19.0,180.0,5.916666666666667
Thomas Ives,WR,,,24,6'4,218 lbs,Chicago Bears,NFL,,,Colgate,1,,,,14.0,218.0,6.333333333333333
Anthony Miller,WR,,,25,5'11,199 lbs,Chicago Bears,NFL,,,Memphis,3,,,,17.0,199.0,5.916666666666667
Darnell Mooney,WR,,,22,5'11,174 lbs,Chicago Bears,NFL,,,Tulane,R,,,,11.0,174.0,5.916666666666667
Cordarrelle Patterson,WR,,,29,6'2,238 lbs,Chicago Bears,NFL,,,Tennessee,8,,,,84.0,238.0,6.166666666666667
Riley Ridley,WR,,,24,6'1,200 lbs,Chicago Bears,NFL,,,Georgia,2,,,,88.0,200.0,6.083333333333333
Allen Robinson II,WR,,,27,6'2,220 lbs,Chicago Bears,NFL,,,Penn State,7,,,,12.0,220.0,6.166666666666667
Ahmad Wagner,WR,,,23,6'5,234 lbs,Chicago Bears,NFL,,,Kentucky,R,,,,2.0,234.0,6.416666666666667
Alex Wesley,WR,,,24,6'0,190 lbs,Chicago Bears,NFL,,,Northern Colorado,1,,,,13.0,190.0,6.0
Javon Wims,WR,,,25,6'2,221 lbs,Chicago Bears,NFL,,,Georgia,3,,,,83.0,221.0,6.166666666666667
Jimmy Graham,TE,,,33,6'7,265 lbs,Chicago Bears,NFL,,,Miami (FL),11,,,,80.0,265.0,6.583333333333333
Demetrius Harris,TE,,,29,6'7,230 lbs,Chicago Bears,NFL,,,Milwaukee,7,,,,86.0,230.0,6.583333333333333
J.P. Holtz,TE,,,27,6'3,255 lbs,Chicago Bears,NFL,,,Pittsburgh,2,,,,81.0,255.0,6.25
Jesper Horsted,TE,,,23,6'3,237 lbs,Chicago Bears,NFL,,,Princeton,2,,,,49.0,237.0,6.25
Cole Kmet,TE,,,21,6'6,262 lbs,Chicago Bears,NFL,,,Notre Dame,R,,,,85.0,262.0,6.5
Eric Saubert,TE,,,26,6'5,253 lbs,Chicago Bears,NFL,,,Drake,3,,,,43.0,253.0,6.416666666666667
James Daniels,C,,,22,6'3,305 lbs,Chicago Bears,NFL,,,Iowa,3,,,,68.0,305.0,6.25
Sam Mustipher,C,,,24,6'2,311 lbs,Chicago Bears,NFL,,,Notre Dame,1,,,,67.0,311.0,6.166666666666667
Cody Whitehair,C,,,28,6'3,310 lbs,Chicago Bears,NFL,,,Kansas State,5,,,,65.0,310.0,6.25
Alex Bars,G,,,24,6'5,314 lbs,Chicago Bears,NFL,,,Notre Dame,2,,,,64.0,314.0,6.416666666666667
Dieter Eiselen,G,,,24,6'4,310 lbs,Chicago Bears,NFL,,,Yale,R,,,,60.0,310.0,6.333333333333333
Corey Levin,G,,,26,6'4,307 lbs,Chicago Bears,NFL,,,Chattanooga,3,,,,62.0,307.0,6.333333333333333
Rashaad Coward,OT,,,25,6'5,326 lbs,Chicago Bears,NFL,,,Old Dominion,3,,,,69.0,326.0,6.416666666666667
Arlington Hambright,OT,,,24,6'5,300 lbs,Chicago Bears,NFL,,,Colorado,R,,,,71.0,300.0,6.416666666666667
Germain Ifedi,OT,,,26,6'5,325 lbs,Chicago Bears,NFL,,,Texas A&M,5,,,,74.0,325.0,6.416666666666667
Charles Leno Jr.,OT,,,28,6'3,306 lbs,Chicago Bears,NFL,,,Boise State,7,,,,72.0,306.0,6.25
Bobby Massie,OT,,,31,6'6,325 lbs,Chicago Bears,NFL,,,Ole Miss,9,,,,70.0,325.0,6.5
Lachavious Simmons,OT,,,23,6'5,315 lbs,Chicago Bears,NFL,,,Tennessee State,R,,,,73.0,315.0,6.416666666666667
Jason Spriggs,OT,,,26,6'6,301 lbs,Chicago Bears,NFL,,,Indiana,5,,,,78.0,301.0,6.5
Badara Traore,OT,,,23,6'7,320 lbs,Chicago Bears,NFL,,,LSU,R,,,,76.0,320.0,6.583333333333333
Roy Robertson-Harris,DE,,,27,6'5,292 lbs,Chicago Bears,NFL,,,UTEP,4,,,,95.0,292.0,6.416666666666667
Brent Urban,DE,,,29,6'7,300 lbs,Chicago Bears,NFL,,,Virginia,7,,,,92.0,300.0,6.583333333333333
Abdullah Anderson,DT,,,24,6'3,297 lbs,Chicago Bears,NFL,,,Bucknell,2,,,,76.0,297.0,6.25
Lee Autry,DT,,,24,6'2,305 lbs,Chicago Bears,NFL,,,Mississippi State,R,,,,63.0,305.0,6.166666666666667
Akiem Hicks,DT,,,30,6'4,352 lbs,Chicago Bears,NFL,,,U Regina ca,9,,,,96.0,352.0,6.333333333333333
John Jenkins,DT,,,31,6'3,327 lbs,Chicago Bears,NFL,,,Georgia,8,,,,90.0,327.0,6.25
Trevon McSwain,DT,,,23,6'6,285 lbs,Chicago Bears,NFL,,,Duke,R,,,,75.0,285.0,6.5
Bilal Nichols,DT,,,23,6'3,313 lbs,Chicago Bears,NFL,,,Delaware,3,,,,98.0,313.0,6.25
Trevis Gipson,LB,,,23,6'4,253 lbs,Chicago Bears,NFL,,,Tulsa,R,,,,99.0,253.0,6.333333333333333
Isaiah Irving,LB,,,26,6'3,254 lbs,Chicago Bears,NFL,,,San Jose State,4,,,,47.0,254.0,6.25
Joel Iyiegbuniwe,LB,,,24,6'1,226 lbs,Chicago Bears,NFL,,,Western Kentucky,3,,,,45.0,226.0,6.083333333333333
Keandre Jones,LB,,,22,6'3,220 lbs,Chicago Bears,NFL,,,Maryland,R,,,,49.0,220.0,6.25
LaCale London,LB,,,23,6'5,280 lbs,Chicago Bears,NFL,,,Western Illinois,R,,,,97.0,280.0,6.416666666666667
Khalil Mack,LB,,,29,6'3,269 lbs,Chicago Bears,NFL,,,Buffalo,7,,,,52.0,269.0,6.25
Ledarius Mack,LB,,,23,6'1,240 lbs,Chicago Bears,NFL,,,Buffalo,R,,,,57.0,240.0,6.083333333333333
Barkevious Mingo,LB,,,29,6'5,235 lbs,Chicago Bears,NFL,,,LSU,8,,,,50.0,235.0,6.416666666666667
Robert Quinn,LB,,,30,6'4,260 lbs,Chicago Bears,NFL,,,North Carolina,10,,,,94.0,260.0,6.333333333333333
Rashad Smith,LB,,,23,6'1,220 lbs,Chicago Bears,NFL,,,Florida Atlantic,R,,,,44.0,220.0,6.083333333333333
Roquan Smith,LB,,,23,6'0,230 lbs,Chicago Bears,NFL,,,Georgia,3,,,,58.0,230.0,6.0
Danny Trevathan,LB,,,30,6'0,237 lbs,Chicago Bears,NFL,,,Kentucky,9,,,,59.0,237.0,6.0
James Vaughters,LB,,,27,6'1,256 lbs,Chicago Bears,NFL,,,Stanford,1,,,,93.0,256.0,6.083333333333333
Josh Woods,LB,,,24,6'1,236 lbs,Chicago Bears,NFL,,,Maryland,2,,,,55.0,236.0,6.083333333333333
Xavier Crawford,CB,,,24,5'11,187 lbs,Chicago Bears,NFL,,,Central Michigan,2,,,,35.0,187.0,5.916666666666667
Stephen Denmark,CB,,,24,6'2,217 lbs,Chicago Bears,NFL,,,Valdosta State,1,,,,37.0,217.0,6.166666666666667
Kyle Fuller,CB,,,28,5'11,194 lbs,Chicago Bears,NFL,,,Virginia Tech,7,,,,23.0,194.0,5.916666666666667
Jaylon Johnson,CB,,,21,6'0,195 lbs,Chicago Bears,NFL,,,Utah,R,,,,33.0,195.0,6.0
Michael Joseph,CB,,,25,6'0,194 lbs,Chicago Bears,NFL,,,University of Dubuqu,1,,,,30.0,194.0,6.0
Sherrick McManis,CB,,,32,5'11,203 lbs,Chicago Bears,NFL,,,Northwestern,11,,,,27.0,203.0,5.916666666666667
Duke Shelley,CB,,,23,5'8,183 lbs,Chicago Bears,NFL,,,Kansas State,2,,,,20.0,183.0,5.666666666666667
Buster Skrine,CB,,,31,5'9,187 lbs,Chicago Bears,NFL,,,Chattanooga,10,,,,24.0,187.0,5.75
Kevin Toliver II,CB,,,24,6'2,199 lbs,Chicago Bears,NFL,,,LSU,3,,,,22.0,199.0,6.166666666666667
Kindle Vildor,CB,,,22,5'11,190 lbs,Chicago Bears,NFL,,,Georgia Southern,R,,,,46.0,190.0,5.916666666666667
Deon Bush,S,,,27,6'0,200 lbs,Chicago Bears,NFL,,,Miami (FL),5,,,,26.0,200.0,6.0
Marqui Christian,S,,,25,5'11,207 lbs,Chicago Bears,NFL,,,Midwestern State,5,,,,26.0,207.0,5.916666666666667
Tashaun Gipson Sr.,S,,,30,6'1,212 lbs,Chicago Bears,NFL,,,Wyoming,9,,,,38.0,212.0,6.083333333333333
DeAndre Houston-Carson,S,,,27,6'0,202 lbs,Chicago Bears,NFL,,,William & Mary,5,,,,36.0,202.0,6.0
Eddie Jackson,S,,,26,6'0,204 lbs,Chicago Bears,NFL,,,Alabama,4,,,,39.0,204.0,6.0
Eddy Pineiro,PK,,,24,5'11,177 lbs,Chicago Bears,NFL,,,Florida,3,,,,15.0,177.0,5.916666666666667
Cairo Santos,PK,,,28,5'8,160 lbs,Chicago Bears,NFL,,,Tulane,6,,,,7.0,160.0,5.666666666666667
Pat O'Donnell,P,,,29,6'4,212 lbs,Chicago Bears,NFL,,,Miami (FL),7,,,,16.0,212.0,6.333333333333333
Patrick Scales,LS,,,32,6'3,228 lbs,Chicago Bears,NFL,,,Utah State,5,,,,48.0,228.0,6.25
David Blough,QB,,,25,6'1,205 lbs,Detroit Lions,NFL,,,Purdue,2,,,,10.0,205.0,6.083333333333333
Chase Daniel,QB,,,33,6'0,229 lbs,Detroit Lions,NFL,,,Missouri,12,,,,4.0,229.0,6.0
Matthew Stafford,QB,,,32,6'3,220 lbs,Detroit Lions,NFL,,,Georgia,12,,,,9.0,220.0,6.25
Wes Hills,RB,,,25,6'0,218 lbs,Detroit Lions,NFL,,,Slippery Rock,1,,,,36.0,218.0,6.0
Jason Huntley,RB,,,22,5'9,193 lbs,Detroit Lions,NFL,,,New Mexico State,R,,,,41.0,193.0,5.75
Kerryon Johnson,RB,,,23,5'11,211 lbs,Detroit Lions,NFL,,,Auburn,3,,,,33.0,211.0,5.916666666666667
Ty Johnson,RB,,,22,5'10,210 lbs,Detroit Lions,NFL,,,Maryland,2,,,,31.0,210.0,5.833333333333333
Bo Scarbrough,RB,,,23,6'1,235 lbs,Detroit Lions,NFL,,,Alabama,2,,,,43.0,235.0,6.083333333333333
D'Andre Swift,RB,,,21,5'9,215 lbs,Detroit Lions,NFL,,,Georgia,R,,,,6.0,215.0,5.75
Jonathan Williams,RB,,,26,6'0,217 lbs,Detroit Lions,NFL,,,Arkansas,5,,,,33.0,217.0,6.0
Nick Bawden,FB,,,24,6'2,245 lbs,Detroit Lions,NFL,,,San Diego State,3,,,,46.0,245.0,6.166666666666667
Danny Amendola,WR,,,34,5'11,185 lbs,Detroit Lions,NFL,,,Texas Tech,12,,,,80.0,185.0,5.916666666666667
Victor Bolden Jr.,WR,,,25,5'8,178 lbs,Detroit Lions,NFL,,,Oregon State,3,,,,13.0,178.0,5.666666666666667
Quintez Cephus,WR,,,22,6'1,207 lbs,Detroit Lions,NFL,,,Wisconsin,R,,,,87.0,207.0,6.083333333333333
Geremy Davis,WR,,,28,6'3,211 lbs,Detroit Lions,NFL,,,Connecticut,6,,,,12.0,211.0,6.25
Kenny Golladay,WR,,,26,6'4,214 lbs,Detroit Lions,NFL,,,Northern Illinois,4,,,,19.0,214.0,6.333333333333333
Marvin Hall,WR,,,27,5'10,190 lbs,Detroit Lions,NFL,,,Washington,4,,,,17.0,190.0,5.833333333333333
Marvin Jones Jr.,WR,,,30,6'2,198 lbs,Detroit Lions,NFL,,,California,9,,,,11.0,198.0,6.166666666666667
Tom Kennedy,WR,,,24,5'10,190 lbs,Detroit Lions,NFL,,,Bryant University,1,,,,85.0,190.0,5.833333333333333
Chris Lacy,WR,,,24,6'3,205 lbs,Detroit Lions,NFL,,,Oklahoma State,2,,,,15.0,205.0,6.25
Hunter Bryant,TE,,,22,6'2,239 lbs,Detroit Lions,NFL,,,Washington,R,,,,86.0,239.0,6.166666666666667
T.J. Hockenson,TE,,,23,6'5,247 lbs,Detroit Lions,NFL,,,Iowa,2,,,,88.0,247.0,6.416666666666667
Jesse James,TE,,,26,6'7,250 lbs,Detroit Lions,NFL,,,Penn State,6,,,,83.0,250.0,6.583333333333333
Isaac Nauta,TE,,,23,6'3,244 lbs,Detroit Lions,NFL,,,Georgia,2,,,,89.0,244.0,6.25
Matt Sokol,TE,,,24,6'5,249 lbs,Detroit Lions,NFL,,,Michigan State,1,,,,84.0,249.0,6.416666666666667
Frank Ragnow,C,,,24,6'5,311 lbs,Detroit Lions,NFL,,,Arkansas,3,,,,77.0,311.0,6.416666666666667
Oday Aboushi,G,,,29,6'5,315 lbs,Detroit Lions,NFL,,,Virginia,8,,,,76.0,315.0,6.416666666666667
Beau Benzschawel,G,,,24,6'6,300 lbs,Detroit Lions,NFL,,,Wisconsin,2,,,,63.0,300.0,6.5
Joe Dahl,G,,,27,6'4,310 lbs,Detroit Lions,NFL,,,Washington State,5,,,,66.0,310.0,6.333333333333333
Jonah Jackson,G,,,23,6'4,310 lbs,Detroit Lions,NFL,,,Ohio State,R,,,,73.0,310.0,6.333333333333333
Logan Stenberg,G,,,23,6'6,317 lbs,Detroit Lions,NFL,,,Kentucky,R,,,,61.0,317.0,6.5
Kenny Wiggins,G,,,32,6'6,315 lbs,Detroit Lions,NFL,,,Fresno State,7,,,,79.0,315.0,6.5
Tyrell Crosby,OT,,,24,6'4,310 lbs,Detroit Lions,NFL,,,Oregon,3,,,,65.0,310.0,6.333333333333333
Taylor Decker,OT,,,27,6'7,318 lbs,Detroit Lions,NFL,,,Ohio State,5,,,,68.0,318.0,6.583333333333333
Matt Nelson,OT,,,24,6'8,299 lbs,Detroit Lions,NFL,,,Iowa,1,,,,67.0,299.0,6.666666666666667
Dan Skipper,OT,,,25,6'9,325 lbs,Detroit Lions,NFL,,,Arkansas,2,,,,70.0,325.0,6.75
Halapoulivaati Vaitai,OT,,,27,6'6,320 lbs,Detroit Lions,NFL,,,TCU,5,,,,72.0,320.0,6.5
Austin Bryant,DE,,,23,6'6,261 lbs,Detroit Lions,NFL,,,Clemson,2,,,,94.0,261.0,6.5
Will Clarke,DE,,,29,6'6,275 lbs,Detroit Lions,NFL,,,West Virginia,5,,,,,275.0,6.5
Trey Flowers,DE,,,27,6'2,265 lbs,Detroit Lions,NFL,,,Arkansas,6,,,,90.0,265.0,6.166666666666667
Da'Shawn Hand,DE,,,24,6'3,297 lbs,Detroit Lions,NFL,,,Alabama,3,,,,93.0,297.0,6.25
Frank Herron,DE,,,26,6'5,276 lbs,Detroit Lions,NFL,,,LSU,1,,,,75.0,276.0,6.416666666666667
Julian Okwara,DE,,,22,6'4,248 lbs,Detroit Lions,NFL,,,Notre Dame,R,,,,45.0,248.0,6.333333333333333
Romeo Okwara,DE,,,25,6'4,263 lbs,Detroit Lions,NFL,,,Notre Dame,5,,,,95.0,263.0,6.333333333333333
Kevin Wilkins,DE,,,25,6'2,304 lbs,Detroit Lions,NFL,,,Rutgers,1,,,,98.0,304.0,6.166666666666667
John Penisini,DT,,,23,6'2,333 lbs,Detroit Lions,NFL,,,Utah,R,,,,91.0,333.0,6.166666666666667
Danny Shelton,DT,,,27,6'2,345 lbs,Detroit Lions,NFL,,,Washington,6,,,,71.0,345.0,6.166666666666667
Kevin Strong,DT,,,24,6'4,285 lbs,Detroit Lions,NFL,,,UTSA,2,,,,92.0,285.0,6.333333333333333
Nick Williams,DT,,,30,6'4,310 lbs,Detroit Lions,NFL,,,Samford,6,,,,97.0,310.0,6.333333333333333
Jason Cabinda,LB,,,24,6'1,235 lbs,Detroit Lions,NFL,,,Penn State,2,,,,53.0,235.0,6.083333333333333
Jamie Collins Sr.,LB,,,30,6'3,255 lbs,Detroit Lions,NFL,,,Southern Miss,8,,,,58.0,255.0,6.25
Jarrad Davis,LB,,,25,6'1,245 lbs,Detroit Lions,NFL,,,Florida,4,,,,40.0,245.0,6.083333333333333
Christian Jones,LB,,,29,6'3,250 lbs,Detroit Lions,NFL,,,Florida State,7,,,,52.0,250.0,6.25
Elijah Lee,LB,,,24,6'2,230 lbs,Detroit Lions,NFL,,,Kansas State,4,,,,55.0,230.0,6.166666666666667
Anthony Pittman,LB,,,23,6'3,240 lbs,Detroit Lions,NFL,,,Wayne State (MI),1,,,,57.0,240.0,6.25
Reggie Ragland,LB,,,26,6'2,252 lbs,Detroit Lions,NFL,,,Alabama,5,,,,59.0,252.0,6.166666666666667
Jalen Reeves-Maybin,LB,,,25,6'0,233 lbs,Detroit Lions,NFL,,,Tennessee,4,,,,44.0,233.0,6.0
Jahlani Tavai,LB,,,23,6'2,250 lbs,Detroit Lions,NFL,,,Hawai'i',2,,,,51.0,250.0,6.166666666666667
Jamal Agnew,CB,,,25,5'10,190 lbs,Detroit Lions,NFL,,,San Diego,4,,,,39.0,190.0,5.833333333333333
Justin Coleman,CB,,,27,5'11,190 lbs,Detroit Lions,NFL,,,Tennessee,6,,,,27.0,190.0,5.916666666666667
Mike Ford,CB,,,25,6'0,198 lbs,Detroit Lions,NFL,,,Southeast Missouri State,3,,,,38.0,198.0,6.0
Tony McRae,CB,,,27,5'10,185 lbs,Detroit Lions,NFL,,,North Carolina A&T,4,,,,34.0,185.0,5.833333333333333
Jeff Okudah,CB,,,21,6'1,200 lbs,Detroit Lions,NFL,,,Ohio State,R,,,,1.0,200.0,6.083333333333333
Amani Oruwariye,CB,,,24,6'2,205 lbs,Detroit Lions,NFL,,,Penn State,2,,,,24.0,205.0,6.166666666666667
Darryl Roberts,CB,,,29,6'0,182 lbs,Detroit Lions,NFL,,,Marshall,6,,,,29.0,182.0,6.0
Desmond Trufant,CB,,,29,6'0,190 lbs,Detroit Lions,NFL,,,Washington,8,,,,23.0,190.0,6.0
Dee Virgin,CB,,,26,5'9,195 lbs,Detroit Lions,NFL,,,West Alabama,3,,,,30.0,195.0,5.75
Jalen Elliott,S,,,22,6'1,205 lbs,Detroit Lions,NFL,,,Notre Dame,R,,,,42.0,205.0,6.083333333333333
Duron Harmon,S,,,29,6'1,205 lbs,Detroit Lions,NFL,,,Rutgers,8,,,,26.0,205.0,6.083333333333333
Will Harris,S,,,24,6'1,207 lbs,Detroit Lions,NFL,,,Boston College,2,,,,25.0,207.0,6.083333333333333
Jayron Kearse,S,,,26,6'4,215 lbs,Detroit Lions,NFL,,,Clemson,5,,,,32.0,215.0,6.333333333333333
Miles Killebrew,S,,,27,6'2,222 lbs,Detroit Lions,NFL,,,Southern Utah,5,,,,35.0,222.0,6.166666666666667
C.J. Moore,S,,,24,5'11,195 lbs,Detroit Lions,NFL,,,Ole Miss,2,,,,49.0,195.0,5.916666666666667
Bobby Price,S,,,22,6'4,205 lbs,Detroit Lions,NFL,,,Norfolk State,R,,,,47.0,205.0,6.333333333333333
Tracy Walker,S,,,25,6'1,210 lbs,Detroit Lions,NFL,,,Louisiana-Lafayette,3,,,,21.0,210.0,6.083333333333333
Matt Prater,PK,,,36,5'10,201 lbs,Detroit Lions,NFL,,,UCF,14,,,,5.0,201.0,5.833333333333333
Jack Fox,P,,,23,6'2,224 lbs,Detroit Lions,NFL,,,Rice,1,,,,3.0,224.0,6.166666666666667
Arryn Siposs,P,,,27,6'2,212 lbs,Detroit Lions,NFL,,,Auburn,R,,,,2.0,212.0,6.166666666666667
Don Muhlbach,LS,,,39,6'4,258 lbs,Detroit Lions,NFL,,,Texas A&M,17,,,,48.0,258.0,6.333333333333333
Steven Wirtel,LS,,,22,6'4,227 lbs,Detroit Lions,NFL,,,Iowa State,R,,,,49.0,227.0,6.333333333333333
Tim Boyle,QB,,,25,6'4,232 lbs,Green Bay Packers,NFL,,,Eastern Kentucky,3,,,,8.0,232.0,6.333333333333333
Jordan Love,QB,,,21,6'4,219 lbs,Green Bay Packers,NFL,,,Utah State,R,,,,10.0,219.0,6.333333333333333
Aaron Rodgers,QB,,,36,6'2,225 lbs,Green Bay Packers,NFL,,,California,16,,,,12.0,225.0,6.166666666666667
Damarea Crockett,RB,,,22,5'11,225 lbs,Green Bay Packers,NFL,,,Missouri,1,,,,34.0,225.0,5.916666666666667
AJ Dillon,RB,,,22,6'0,247 lbs,Green Bay Packers,NFL,,,Boston College,R,,,,28.0,247.0,6.0
Tyler Ervin,RB,,,26,5'10,192 lbs,Green Bay Packers,NFL,,,San Jose State,5,,,,32.0,192.0,5.833333333333333
Aaron Jones,RB,,,25,5'9,208 lbs,Green Bay Packers,NFL,,,UTEP,4,,,,33.0,208.0,5.75
Patrick Taylor Jr.,RB,,,22,6'2,217 lbs,Green Bay Packers,NFL,,,Memphis,R,,,,27.0,217.0,6.166666666666667
Dexter Williams,RB,,,23,5'11,212 lbs,Green Bay Packers,NFL,,,Notre Dame,2,,,,22.0,212.0,5.916666666666667
Jamaal Williams,RB,,,25,6'0,213 lbs,Green Bay Packers,NFL,,,BYU,4,,,,30.0,213.0,6.0
John Lovett,FB,,,24,6'3,225 lbs,Green Bay Packers,NFL,,,Princeton,2,,,,,225.0,6.25
Davante Adams,WR,,,27,6'1,215 lbs,Green Bay Packers,NFL,,,Fresno State,7,,,,17.0,215.0,6.083333333333333
Reggie Begelton,WR,,,26,6'0,200 lbs,Green Bay Packers,NFL,,,Lamar,1,,,,84.0,200.0,6.0
Jake Kumerow,WR,,,28,6'4,209 lbs,Green Bay Packers,NFL,,,Wisc. Whitewater,3,,,,16.0,209.0,6.333333333333333
Allen Lazard,WR,,,24,6'5,227 lbs,Green Bay Packers,NFL,,,Iowa State,2,,,,13.0,227.0,6.416666666666667
Darrius Shepherd,WR,,,24,5'11,186 lbs,Green Bay Packers,NFL,,,North Dakota State,2,,,,9.0,186.0,5.916666666666667
Equanimeous St. Brown,WR,,,23,6'5,214 lbs,Green Bay Packers,NFL,,,Notre Dame,3,,,,19.0,214.0,6.416666666666667
Malik Taylor,WR,,,24,6'2,216 lbs,Green Bay Packers,NFL,,,Ferris State,1,,,,86.0,216.0,6.166666666666667
Malik Turner,WR,,,24,6'2,202 lbs,Green Bay Packers,NFL,,,Illinois,3,,,,,202.0,6.166666666666667
Marquez Valdes-Scantling,WR,,,25,6'4,206 lbs,Green Bay Packers,NFL,,,South Florida,3,,,,83.0,206.0,6.333333333333333
Evan Baylis,TE,,,26,6'5,250 lbs,Green Bay Packers,NFL,,,Oregon,1,,,,88.0,250.0,6.416666666666667
Josiah Deguara,TE,,,23,6'2,238 lbs,Green Bay Packers,NFL,,,Cincinnati,R,,,,81.0,238.0,6.166666666666667
Marcedes Lewis,TE,,,36,6'6,267 lbs,Green Bay Packers,NFL,,,UCLA,15,,,,89.0,267.0,6.5
Jace Sternberger,TE,,,24,6'4,251 lbs,Green Bay Packers,NFL,,,Texas A&M,2,,,,87.0,251.0,6.333333333333333
Robert Tonyan,TE,,,26,6'5,237 lbs,Green Bay Packers,NFL,,,Indiana State,3,,,,85.0,237.0,6.416666666666667
Jake Hanson,C,,,23,6'4,296 lbs,Green Bay Packers,NFL,,,Oregon,R,,,,67.0,296.0,6.333333333333333
Corey Linsley,C,,,29,6'3,301 lbs,Green Bay Packers,NFL,,,Ohio State,7,,,,63.0,301.0,6.25
Elgton Jenkins,G,,,24,6'5,311 lbs,Green Bay Packers,NFL,,,Mississippi State,2,,,,74.0,311.0,6.416666666666667
Zack Johnson,G,,,26,6'6,301 lbs,Green Bay Packers,NFL,,,North Dakota State,R,,,,68.0,301.0,6.5
Alex Light,G,,,24,6'5,309 lbs,Green Bay Packers,NFL,,,Richmond,3,,,,70.0,309.0,6.416666666666667
Lucas Patrick,G,,,27,6'3,313 lbs,Green Bay Packers,NFL,,,Duke,4,,,,62.0,313.0,6.25
Jon Runyan,G,,,23,6'4,307 lbs,Green Bay Packers,NFL,,,Michigan,R,,,,76.0,307.0,6.333333333333333
Simon Stepaniak,G,,,23,6'4,316 lbs,Green Bay Packers,NFL,,,Indiana,R,,,,72.0,316.0,6.333333333333333
Lane Taylor,G,,,30,6'3,324 lbs,Green Bay Packers,NFL,,,Oklahoma State,8,,,,65.0,324.0,6.25
Billy Turner,G,,,28,6'5,310 lbs,Green Bay Packers,NFL,,,North Dakota State,7,,,,77.0,310.0,6.416666666666667
David Bakhtiari,OT,,,28,6'4,310 lbs,Green Bay Packers,NFL,,,Colorado,8,,,,69.0,310.0,6.333333333333333
Cody Conway,OT,,,24,6'6,307 lbs,Green Bay Packers,NFL,,,Syracuse,1,,,,64.0,307.0,6.5
John Leglue,OT,,,24,6'6,301 lbs,Green Bay Packers,NFL,,,Tulane,1,,,,79.0,301.0,6.5
Yosh Nijman,OT,,,24,6'7,314 lbs,Green Bay Packers,NFL,,,Virginia Tech,1,,,,73.0,314.0,6.583333333333333
Rick Wagner,OT,,,30,6'6,315 lbs,Green Bay Packers,NFL,,,Wisconsin,8,,,,71.0,315.0,6.5
Dean Lowry,DE,,,26,6'6,296 lbs,Green Bay Packers,NFL,,,Northwestern,5,,,,94.0,296.0,6.5
Willington Previlon,DE,,,23,6'5,287 lbs,Green Bay Packers,NFL,,,Rutgers,R,,,,99.0,287.0,6.416666666666667
Montravius Adams,DT,,,25,6'4,304 lbs,Green Bay Packers,NFL,,,Auburn,4,,,,90.0,304.0,6.333333333333333
Kenny Clark,DT,,,24,6'3,314 lbs,Green Bay Packers,NFL,,,UCLA,5,,,,97.0,314.0,6.25
Treyvon Hester,DT,,,27,6'2,304 lbs,Green Bay Packers,NFL,,,Toledo,4,,,,93.0,304.0,6.166666666666667
Kingsley Keke,DT,,,23,6'3,288 lbs,Green Bay Packers,NFL,,,Texas A&M,2,,,,96.0,288.0,6.25
Tyler Lancaster,DT,,,25,6'3,313 lbs,Green Bay Packers,NFL,,,Northwestern,3,,,,95.0,313.0,6.25
Krys Barnes,LB,,,22,6'2,229 lbs,Green Bay Packers,NFL,,,UCLA,R,,,,51.0,229.0,6.166666666666667
Curtis Bolton,LB,,,24,6'0,228 lbs,Green Bay Packers,NFL,,,Oklahoma,2,,,,40.0,228.0,6.0
Oren Burks,LB,,,25,6'3,233 lbs,Green Bay Packers,NFL,,,Vanderbilt,3,,,,42.0,233.0,6.25
Tipa Galeai,LB,,,23,6'5,229 lbs,Green Bay Packers,NFL,,,Utah State,R,,,,50.0,229.0,6.416666666666667
Jonathan Garvin,LB,,,21,6'4,257 lbs,Green Bay Packers,NFL,,,Miami (FL),R,,,,53.0,257.0,6.333333333333333
Rashan Gary,LB,,,22,6'5,277 lbs,Green Bay Packers,NFL,,,Michigan,2,,,,52.0,277.0,6.416666666666667
Christian Kirksey,LB,,,27,6'2,235 lbs,Green Bay Packers,NFL,,,Iowa,7,,,,58.0,235.0,6.166666666666667
Kamal Martin,LB,,,22,6'3,240 lbs,Green Bay Packers,NFL,,,Minnesota,R,,,,54.0,240.0,6.25
Randy Ramsey,LB,,,24,6'3,238 lbs,Green Bay Packers,NFL,,,Arkansas,1,,,,56.0,238.0,6.25
Greg Roberts,LB,,,24,6'5,258 lbs,Green Bay Packers,NFL,,,Baylor,2,,,,57.0,258.0,6.416666666666667
Delontae Scott,LB,,,23,6'5,246 lbs,Green Bay Packers,NFL,,,SMU,R,,,,45.0,246.0,6.416666666666667
Preston Smith,LB,,,27,6'5,265 lbs,Green Bay Packers,NFL,,,Mississippi State,6,,,,91.0,265.0,6.416666666666667
Za'Darius Smith,LB,,,27,6'4,272 lbs,Green Bay Packers,NFL,,,Kentucky,6,,,,55.0,272.0,6.333333333333333
Ty Summers,LB,,,24,6'1,241 lbs,Green Bay Packers,NFL,,,TCU,2,,,,44.0,241.0,6.083333333333333
Tim Williams,LB,,,26,6'3,244 lbs,Green Bay Packers,NFL,,,Alabama,4,,,,47.0,244.0,6.25
Jaire Alexander,CB,,,23,5'10,196 lbs,Green Bay Packers,NFL,,,Louisville,3,,,,23.0,196.0,5.833333333333333
DaShaun Amos,CB,,,25,6'0,190 lbs,Green Bay Packers,NFL,,,East Carolina,1,,,,41.0,190.0,6.0
Kabion Ento,CB,,,24,6'1,187 lbs,Green Bay Packers,NFL,,,Colorado,1,,,,48.0,187.0,6.083333333333333
Ka'dar Hollman,CB,,,25,6'0,196 lbs,Green Bay Packers,NFL,,,Toledo,2,,,,29.0,196.0,6.0
Josh Jackson,CB,,,24,6'0,196 lbs,Green Bay Packers,NFL,,,Iowa,3,,,,37.0,196.0,6.0
Kevin King,CB,,,25,6'3,200 lbs,Green Bay Packers,NFL,,,Washington,4,,,,20.0,200.0,6.25
Stanford Samuels III,CB,,,21,6'1,187 lbs,Green Bay Packers,NFL,,,Florida State,R,,,,34.0,187.0,6.083333333333333
Chandon Sullivan,CB,,,24,5'11,189 lbs,Green Bay Packers,NFL,,,Georgia State,3,,,,39.0,189.0,5.916666666666667
Will Sunderland,CB,,,23,6'2,196 lbs,Green Bay Packers,NFL,,,Troy,R,,,,49.0,196.0,6.166666666666667
Adrian Amos,S,,,27,6'0,214 lbs,Green Bay Packers,NFL,,,Penn State,6,,,,31.0,214.0,6.0
Henry Black,S,,,23,6'0,204 lbs,Green Bay Packers,NFL,,,Baylor,R,,,,27.0,204.0,6.0
Raven Greene,S,,,25,5'11,197 lbs,Green Bay Packers,NFL,,,James Madison,3,,,,24.0,197.0,5.916666666666667
Will Redmond,S,,,26,5'11,186 lbs,Green Bay Packers,NFL,,,Mississippi State,5,,,,25.0,186.0,5.916666666666667
Darnell Savage,S,,,23,5'11,198 lbs,Green Bay Packers,NFL,,,Maryland,2,,,,26.0,198.0,5.916666666666667
Vernon Scott,S,,,22,6'2,202 lbs,Green Bay Packers,NFL,,,TCU,R,,,,36.0,202.0,6.166666666666667
JK Scott,P,,,24,6'6,208 lbs,Green Bay Packers,NFL,,,Alabama,3,,,,6.0,208.0,6.5
Hunter Bradley,LS,,,26,6'3,241 lbs,Green Bay Packers,NFL,,,Mississippi State,3,,,,43.0,241.0,6.25
Jake Browning,QB,,,24,6'2,210 lbs,Minnesota Vikings,NFL,,,Washington,1,,,,3.0,210.0,6.166666666666667
Kirk Cousins,QB,,,32,6'3,202 lbs,Minnesota Vikings,NFL,,,Michigan State,9,,,,8.0,202.0,6.25
Sean Mannion,QB,,,28,6'6,230 lbs,Minnesota Vikings,NFL,,,Oregon State,6,,,,4.0,230.0,6.5
Nate Stanley,QB,,,23,6'4,235 lbs,Minnesota Vikings,NFL,,,Iowa,R,,,,7.0,235.0,6.333333333333333
Ameer Abdullah,RB,,,27,5'9,203 lbs,Minnesota Vikings,NFL,,,Nebraska,6,,,,31.0,203.0,5.75
Mike Boone,RB,,,25,5'10,206 lbs,Minnesota Vikings,NFL,,,Cincinnati,3,,,,23.0,206.0,5.833333333333333
Tony Brooks-James,RB,,,25,5'9,190 lbs,Minnesota Vikings,NFL,,,Oregon,1,,,,35.0,190.0,5.75
Dalvin Cook,RB,,,25,5'10,210 lbs,Minnesota Vikings,NFL,,,Florida State,4,,,,33.0,210.0,5.833333333333333
Alexander Mattison,RB,,,22,5'11,220 lbs,Minnesota Vikings,NFL,,,Boise State,2,,,,25.0,220.0,5.916666666666667
Jake Bargas,FB,,,23,6'2,250 lbs,Minnesota Vikings,NFL,,,North Carolina,R,,,,40.0,250.0,6.166666666666667
C.J. Ham,FB,,,27,5'11,235 lbs,Minnesota Vikings,NFL,,,Augustana (SD),4,,,,30.0,235.0,5.916666666666667
Chad Beebe,WR,,,26,5'10,183 lbs,Minnesota Vikings,NFL,,,Northern Illinois,3,,,,12.0,183.0,5.833333333333333
Dan Chisena,WR,,,23,6'3,202 lbs,Minnesota Vikings,NFL,,,Penn State,R,,,,85.0,202.0,6.25
Quartney Davis,WR,,,22,6'1,200 lbs,Minnesota Vikings,NFL,,,Texas A&M,R,,,,14.0,200.0,6.083333333333333
Alexander Hollins,WR,,,23,6'1,170 lbs,Minnesota Vikings,NFL,,,Eastern Illinois,1,,,,15.0,170.0,6.083333333333333
Bisi Johnson,WR,,,23,6'0,204 lbs,Minnesota Vikings,NFL,,,Colorado State,2,,,,81.0,204.0,6.0
Dillon Mitchell,WR,,,23,6'1,202 lbs,Minnesota Vikings,NFL,,,Oregon,1,,,,13.0,202.0,6.083333333333333
K.J. Osborn,WR,,,23,5'11,203 lbs,Minnesota Vikings,NFL,,,Miami (FL),R,,,,17.0,203.0,5.916666666666667
Tajae Sharpe,WR,,,25,6'2,194 lbs,Minnesota Vikings,NFL,,,Massachusetts,5,,,,11.0,194.0,6.166666666666667
Adam Thielen,WR,,,30,6'2,200 lbs,Minnesota Vikings,NFL,,,Minnesota State-Mankato,7,,,,19.0,200.0,6.166666666666667
Tyler Conklin,TE,,,25,6'3,254 lbs,Minnesota Vikings,NFL,,,Central Michigan,3,,,,83.0,254.0,6.25
Brandon Dillon,TE,,,23,6'5,250 lbs,Minnesota Vikings,NFL,,,Marian,1,,,,86.0,250.0,6.416666666666667
Nakia Griffin-Stewart,TE,,,23,6'5,260 lbs,Minnesota Vikings,NFL,,,Pittsburgh,R,,,,87.0,260.0,6.416666666666667
Kyle Rudolph,TE,,,30,6'6,265 lbs,Minnesota Vikings,NFL,,,Notre Dame,10,,,,82.0,265.0,6.5
Irv Smith Jr.,TE,,,22,6'2,242 lbs,Minnesota Vikings,NFL,,,Alabama,2,,,,84.0,242.0,6.166666666666667
Garrett Bradbury,C,,,25,6'3,305 lbs,Minnesota Vikings,NFL,,,North Carolina State,2,,,,56.0,305.0,6.25
Brett Jones,C,,,29,6'2,315 lbs,Minnesota Vikings,NFL,,,U Regina ca,6,,,,61.0,315.0,6.166666666666667
Jake Lacina,C,,,23,6'4,300 lbs,Minnesota Vikings,NFL,,,Augustana (SD),R,,,,63.0,300.0,6.333333333333333
Dakota Dozier,G,,,29,6'4,312 lbs,Minnesota Vikings,NFL,,,Furman,7,,,,78.0,312.0,6.333333333333333
Pat Elflein,G,,,26,6'3,303 lbs,Minnesota Vikings,NFL,,,Ohio State,4,,,,65.0,303.0,6.25
Kyle Hinton,G,,,22,6'2,295 lbs,Minnesota Vikings,NFL,,,Washburn,R,,,,68.0,295.0,6.166666666666667
Dru Samia,G,,,23,6'5,308 lbs,Minnesota Vikings,NFL,,,Oklahoma,2,,,,73.0,308.0,6.416666666666667
Blake Brandel,OT,,,23,6'7,307 lbs,Minnesota Vikings,NFL,,,Oregon State,R,,,,62.0,307.0,6.583333333333333
Ezra Cleveland,OT,,,22,6'6,311 lbs,Minnesota Vikings,NFL,,,Boise State,R,,,,72.0,311.0,6.5
Aviante Collins,OT,,,27,6'4,292 lbs,Minnesota Vikings,NFL,,,TCU,4,,,,76.0,292.0,6.333333333333333
Rashod Hill,OT,,,28,6'6,313 lbs,Minnesota Vikings,NFL,,,Southern Miss,5,,,,69.0,313.0,6.5
Brian O'Neill,OT,,,24,6'7,297 lbs,Minnesota Vikings,NFL,,,Pittsburgh,3,,,,75.0,297.0,6.583333333333333
Riley Reiff,OT,,,31,6'6,305 lbs,Minnesota Vikings,NFL,,,Iowa,9,,,,71.0,305.0,6.5
Oli Udoh,OT,,,23,6'6,325 lbs,Minnesota Vikings,NFL,,,Elon,2,,,,74.0,325.0,6.5
Danielle Hunter,DE,,,25,6'5,252 lbs,Minnesota Vikings,NFL,,,LSU,6,,,,99.0,252.0,6.416666666666667
Stacy Keely,DE,,,25,6'6,220 lbs,Minnesota Vikings,NFL,,,UAB,1,,,,90.0,220.0,6.5
Yannick Ngakoue,DE,,,25,6'2,246 lbs,Minnesota Vikings,NFL,,,Maryland,5,,,,91.0,246.0,6.166666666666667
Ifeadi Odenigbo,DE,,,26,6'3,258 lbs,Minnesota Vikings,NFL,,,Northwestern,3,,,,95.0,258.0,6.25
Kenny Willekes,DE,,,23,6'3,264 lbs,Minnesota Vikings,NFL,,,Michigan State,R,,,,79.0,264.0,6.25
D.J. Wonnum,DE,,,22,6'5,258 lbs,Minnesota Vikings,NFL,,,South Carolina,R,,,,57.0,258.0,6.416666666666667
Eddie Yarbrough,DE,,,27,6'3,259 lbs,Minnesota Vikings,NFL,,,Wyoming,3,,,,52.0,259.0,6.25
Anthony Zettel,DE,,,28,6'4,275 lbs,Minnesota Vikings,NFL,,,Penn State,5,,,,92.0,275.0,6.333333333333333
Jalyn Holmes,DT,,,24,6'5,283 lbs,Minnesota Vikings,NFL,,,Ohio State,3,,,,91.0,283.0,6.416666666666667
Jaleel Johnson,DT,,,26,6'3,316 lbs,Minnesota Vikings,NFL,,,Iowa,4,,,,94.0,316.0,6.25
James Lynch,DT,,,21,6'4,289 lbs,Minnesota Vikings,NFL,,,Baylor,R,,,,66.0,289.0,6.333333333333333
Hercules Mata'afa,DT,,,24,6'2,254 lbs,Minnesota Vikings,NFL,,,Washington State,3,,,,51.0,254.0,6.166666666666667
David Moa,DT,,,24,6'3,296 lbs,Minnesota Vikings,NFL,,,Boise State,R,,,,60.0,296.0,6.25
Shamar Stephen,DT,,,29,6'5,309 lbs,Minnesota Vikings,NFL,,,Connecticut,7,,,,93.0,309.0,6.416666666666667
Armon Watts,DT,,,24,6'5,295 lbs,Minnesota Vikings,NFL,,,Arkansas,2,,,,96.0,295.0,6.416666666666667
Anthony Barr,LB,,,28,6'5,255 lbs,Minnesota Vikings,NFL,,,UCLA,7,,,,55.0,255.0,6.416666666666667
Troy Dye,LB,,,23,6'3,231 lbs,Minnesota Vikings,NFL,,,Oregon,R,,,,45.0,231.0,6.25
Jordan Fehr,LB,,,22,6'2,230 lbs,Minnesota Vikings,NFL,,,Appalachian State,R,,,,49.0,230.0,6.166666666666667
Eric Kendricks,LB,,,28,6'0,232 lbs,Minnesota Vikings,NFL,,,UCLA,6,,,,54.0,232.0,6.0
Blake Lynch,LB,,,23,6'3,225 lbs,Minnesota Vikings,NFL,,,Baylor,R,,,,48.0,225.0,6.25
Hardy Nickerson,LB,,,26,6'0,235 lbs,Minnesota Vikings,NFL,,,Illinois,4,,,,56.0,235.0,6.0
David Reese,LB,,,22,6'1,239 lbs,Minnesota Vikings,NFL,,,Florida,R,,,,49.0,239.0,6.083333333333333
Eric Wilson,LB,,,25,6'1,230 lbs,Minnesota Vikings,NFL,,,Cincinnati,4,,,,50.0,230.0,6.083333333333333
Kris Boyd,CB,,,23,5'11,200 lbs,Minnesota Vikings,NFL,,,Texas,2,,,,29.0,200.0,5.916666666666667
Nevelle Clarke,CB,,,23,6'1,187 lbs,Minnesota Vikings,NFL,,,UCF,R,,,,34.0,187.0,6.083333333333333
Cameron Dantzler,CB,,,21,6'2,188 lbs,Minnesota Vikings,NFL,,,Mississippi State,R,,,,27.0,188.0,6.166666666666667
Mark Fields,CB,,,23,5'10,181 lbs,Minnesota Vikings,NFL,,,Clemson,1,,,,32.0,181.0,5.833333333333333
Jeff Gladney,CB,,,23,5'10,191 lbs,Minnesota Vikings,NFL,,,TCU,R,,,,20.0,191.0,5.833333333333333
Harrison Hand,CB,,,21,5'11,197 lbs,Minnesota Vikings,NFL,,,Temple,R,,,,38.0,197.0,5.916666666666667
Holton Hill,CB,,,23,6'2,196 lbs,Minnesota Vikings,NFL,,,Texas,3,,,,24.0,196.0,6.166666666666667
Mike Hughes,CB,,,23,5'10,189 lbs,Minnesota Vikings,NFL,,,UCF,3,,,,21.0,189.0,5.833333333333333
Nate Meadors,CB,,,23,5'11,194 lbs,Minnesota Vikings,NFL,,,UCLA,1,,,,26.0,194.0,5.916666666666667
Myles Dorn,S,,,22,6'2,205 lbs,Minnesota Vikings,NFL,,,North Carolina,R,,,,46.0,205.0,6.166666666666667
Anthony Harris,S,,,28,6'1,202 lbs,Minnesota Vikings,NFL,,,Virginia,6,,,,41.0,202.0,6.083333333333333
Josh Metellus,S,,,22,5'11,209 lbs,Minnesota Vikings,NFL,,,Michigan,R,,,,44.0,209.0,5.916666666666667
Steven Parker,S,,,24,6'1,210 lbs,Minnesota Vikings,NFL,,,Oklahoma,2,,,,,210.0,6.083333333333333
Harrison Smith,S,,,31,6'2,214 lbs,Minnesota Vikings,NFL,,,Notre Dame,9,,,,22.0,214.0,6.166666666666667
Dan Bailey,PK,,,32,6'0,190 lbs,Minnesota Vikings,NFL,,,Oklahoma State,10,,,,5.0,190.0,6.0
Britton Colquitt,P,,,35,6'3,210 lbs,Minnesota Vikings,NFL,,,Tennessee,11,,,,2.0,210.0,6.25
Austin Cutting,LS,,,23,6'3,245 lbs,Minnesota Vikings,NFL,,,Air Force,2,,,,58.0,245.0,6.25
Kurt Benkert,QB,,,25,6'4,215 lbs,Atlanta Falcons,NFL,,,Virginia,2,,,,6.0,215.0,6.333333333333333
Matt Ryan,QB,,,35,6'4,217 lbs,Atlanta Falcons,NFL,,,Boston College,13,,,,2.0,217.0,6.333333333333333
Matt Schaub,QB,,,39,6'6,245 lbs,Atlanta Falcons,NFL,,,Virginia,17,,,,8.0,245.0,6.5
Mikey Daniel,RB,,,23,6'2,235 lbs,Atlanta Falcons,NFL,,,South Dakota State,R,,,,,235.0,6.166666666666667
Todd Gurley II,RB,,,26,6'1,224 lbs,Atlanta Falcons,NFL,,,Georgia,6,,,,21.0,224.0,6.083333333333333
Brian Hill,RB,,,24,6'1,219 lbs,Atlanta Falcons,NFL,,,Wyoming,4,,,,23.0,219.0,6.083333333333333
Qadree Ollison,RB,,,23,6'1,232 lbs,Atlanta Falcons,NFL,,,Pittsburgh,2,,,,30.0,232.0,6.083333333333333
Craig Reynolds,RB,,,24,5'11,225 lbs,Atlanta Falcons,NFL,,,Kutztown,1,,,,42.0,225.0,5.916666666666667
Ito Smith,RB,,,24,5'9,195 lbs,Atlanta Falcons,NFL,,,Southern Miss,3,,,,25.0,195.0,5.75
Keith Smith,FB,,,28,6'0,240 lbs,Atlanta Falcons,NFL,,,San Jose State,7,,,,40.0,240.0,6.0
Christian Blake,WR,,,24,6'1,181 lbs,Atlanta Falcons,NFL,,,Northern Illinois,2,,,,13.0,181.0,6.083333333333333
Russell Gage,WR,,,24,6'0,184 lbs,Atlanta Falcons,NFL,,,LSU,3,,,,83.0,184.0,6.0
Devin Gray,WR,,,25,6'0,192 lbs,Atlanta Falcons,NFL,,,Cincinnati,1,,,,19.0,192.0,6.0
Juwan Green,WR,,,22,6'0,187 lbs,Atlanta Falcons,NFL,,,Albany,R,,,,,187.0,6.0
Julio Jones,WR,,,31,6'3,220 lbs,Atlanta Falcons,NFL,,,Alabama,10,,,,11.0,220.0,6.25
Jalen McCleskey,WR,,,23,5'11,165 lbs,Atlanta Falcons,NFL,,,Tulane,R,,,,,165.0,5.916666666666667
Brandon Powell,WR,,,24,5'8,181 lbs,Atlanta Falcons,NFL,,,Florida,3,,,,15.0,181.0,5.666666666666667
Calvin Ridley,WR,,,25,6'1,190 lbs,Atlanta Falcons,NFL,,,Alabama,3,,,,18.0,190.0,6.083333333333333
Chris Rowland,WR,,,22,5'8,170 lbs,Atlanta Falcons,NFL,,,Tennessee State,R,,,,3.0,170.0,5.666666666666667
Laquon Treadwell,WR,,,25,6'2,215 lbs,Atlanta Falcons,NFL,,,Ole Miss,5,,,,80.0,215.0,6.166666666666667
Olamide Zaccheaus,WR,,,23,5'8,193 lbs,Atlanta Falcons,NFL,,,Virginia,2,,,,17.0,193.0,5.666666666666667
Jaeden Graham,TE,,,24,6'4,250 lbs,Atlanta Falcons,NFL,,,Yale,2,,,,87.0,250.0,6.333333333333333
Hayden Hurst,TE,,,27,6'4,260 lbs,Atlanta Falcons,NFL,,,South Carolina,3,,,,81.0,260.0,6.333333333333333
Khari Lee,TE,,,28,6'4,253 lbs,Atlanta Falcons,NFL,,,Bowie State,4,,,,86.0,253.0,6.333333333333333
Jared Pinkney,TE,,,23,6'4,257 lbs,Atlanta Falcons,NFL,,,Vanderbilt,R,,,,,257.0,6.333333333333333
Luke Stocker,TE,,,32,6'5,253 lbs,Atlanta Falcons,NFL,,,Tennessee,10,,,,80.0,253.0,6.416666666666667
Matt Hennessy,C,,,22,6'3,307 lbs,Atlanta Falcons,NFL,,,Temple,R,,,,61.0,307.0,6.25
Alex Mack,C,,,34,6'4,311 lbs,Atlanta Falcons,NFL,,,California,12,,,,51.0,311.0,6.333333333333333
James Carpenter,G,,,31,6'5,321 lbs,Atlanta Falcons,NFL,,,Alabama,10,,,,77.0,321.0,6.416666666666667
Justin Gooseberry,G,,,23,6'4,290 lbs,Atlanta Falcons,NFL,,,Rice,R,,,,,290.0,6.333333333333333
Sean Harlow,G,,,25,6'4,284 lbs,Atlanta Falcons,NFL,,,Oregon State,2,,,,64.0,284.0,6.333333333333333
Chris Lindstrom,G,,,23,6'3,307 lbs,Atlanta Falcons,NFL,,,Boston College,2,,,,63.0,307.0,6.25
Justin McCray,G,,,28,6'3,315 lbs,Atlanta Falcons,NFL,,,UCF,4,,,,65.0,315.0,6.25
John Wetzel,G,,,29,6'7,328 lbs,Atlanta Falcons,NFL,,,Boston College,5,,,,75.0,328.0,6.583333333333333
Ka'John Armstrong,OT,,,24,6'5,300 lbs,Atlanta Falcons,NFL,,,Eastern Michigan,1,,,,67.0,300.0,6.416666666666667
Matt Gono,OT,,,24,6'4,305 lbs,Atlanta Falcons,NFL,,,--,3,,,,73.0,305.0,6.333333333333333
Evin Ksiezarczyk,OT,,,23,6'6,310 lbs,Atlanta Falcons,NFL,,,Buffalo,R,,,,,310.0,6.5
Jake Matthews,OT,,,28,6'5,309 lbs,Atlanta Falcons,NFL,,,Texas A&M,7,,,,70.0,309.0,6.416666666666667
Kaleb McGary,OT,,,25,6'6,306 lbs,Atlanta Falcons,NFL,,,Washington,2,,,,76.0,306.0,6.5
Allen Bailey,DE,,,31,6'3,288 lbs,Atlanta Falcons,NFL,,,Miami (FL),10,,,,93.0,288.0,6.25
John Cominsky,DE,,,24,6'5,285 lbs,Atlanta Falcons,NFL,,,Charleston Univ,2,,,,50.0,285.0,6.416666666666667
Austin Edwards,DE,,,23,6'5,280 lbs,Atlanta Falcons,NFL,,,Ferris State,R,,,,,280.0,6.416666666666667
Dante Fowler Jr.,DE,,,26,6'3,255 lbs,Atlanta Falcons,NFL,,,Florida,6,,,,56.0,255.0,6.25
Charles Harris,DE,,,25,6'3,252 lbs,Atlanta Falcons,NFL,,,Missouri,4,,,,92.0,252.0,6.25
Takkarist McKinley,DE,,,24,6'2,265 lbs,Atlanta Falcons,NFL,,,UCLA,4,,,,98.0,265.0,6.166666666666667
Marlon Davidson,DT,,,22,6'3,303 lbs,Atlanta Falcons,NFL,,,Auburn,R,,,,90.0,303.0,6.25
Tyeler Davison,DT,,,27,6'2,309 lbs,Atlanta Falcons,NFL,,,Fresno State,6,,,,96.0,309.0,6.166666666666667
Grady Jarrett,DT,,,27,6'0,305 lbs,Atlanta Falcons,NFL,,,Clemson,6,,,,97.0,305.0,6.0
Sailosi Latu,DT,,,26,6'3,334 lbs,Atlanta Falcons,NFL,,,San Jose State,R,,,,,334.0,6.25
Deadrin Senat,DT,,,26,6'1,305 lbs,Atlanta Falcons,NFL,,,South Florida,3,,,,94.0,305.0,6.083333333333333
Jacob Tuioti-Mariner,DT,,,24,6'2,285 lbs,Atlanta Falcons,NFL,,,UCLA,2,,,,91.0,285.0,6.166666666666667
Deone Bucannon,LB,,,28,6'1,211 lbs,Atlanta Falcons,NFL,,,Washington State,7,,,,36.0,211.0,6.083333333333333
Deion Jones,LB,,,25,6'1,227 lbs,Atlanta Falcons,NFL,,,LSU,5,,,,45.0,227.0,6.083333333333333
Foyesade Oluokun,LB,,,25,6'2,215 lbs,Atlanta Falcons,NFL,,,Yale,3,,,,54.0,215.0,6.166666666666667
LaRoy Reynolds,LB,,,29,6'1,228 lbs,Atlanta Falcons,NFL,,,Virginia,8,,,,59.0,228.0,6.083333333333333
Edmond Robinson,LB,,,28,6'3,245 lbs,Atlanta Falcons,NFL,,,Newberry,4,,,,46.0,245.0,6.25
Mykal Walker,LB,,,23,6'3,230 lbs,Atlanta Falcons,NFL,,,Fresno State,R,,,,43.0,230.0,6.25
Delrick Abrams,CB,,,23,6'3,180 lbs,Atlanta Falcons,NFL,,,Colorado,R,,,,,180.0,6.25
Darqueze Dennard,CB,,,28,5'11,200 lbs,Atlanta Falcons,NFL,,,Michigan State,7,,,,21.0,200.0,5.916666666666667
Tyler Hall,CB,,,21,5'10,190 lbs,Atlanta Falcons,NFL,,,Wyoming,R,,,,44.0,190.0,5.833333333333333
Josh Hawkins,CB,,,27,5'10,190 lbs,Atlanta Falcons,NFL,,,East Carolina,4,,,,29.0,190.0,5.833333333333333
Isaiah Oliver,CB,,,23,6'0,210 lbs,Atlanta Falcons,NFL,,,Colorado,3,,,,26.0,210.0,6.0
Kendall Sheffield,CB,,,24,5'10,212 lbs,Atlanta Falcons,NFL,,,Ohio State,2,,,,20.0,212.0,5.833333333333333
A.J. Terrell,CB,,,21,6'1,195 lbs,Atlanta Falcons,NFL,,,Clemson,R,,,,24.0,195.0,6.083333333333333
Blidi Wreh-Wilson,CB,,,30,6'1,190 lbs,Atlanta Falcons,NFL,,,Connecticut,8,,,,33.0,190.0,6.083333333333333
Ricardo Allen,S,,,28,5'9,186 lbs,Atlanta Falcons,NFL,,,Purdue,6,,,,37.0,186.0,5.75
Jamal Carter,S,,,26,6'1,215 lbs,Atlanta Falcons,NFL,,,Miami (FL),4,,,,35.0,215.0,6.083333333333333
Chris Cooper,S,,,26,5'10,202 lbs,Atlanta Falcons,NFL,,,Stony Brook,1,,,,34.0,202.0,5.833333333333333
Jaylinn Hawkins,S,,,23,6'1,208 lbs,Atlanta Falcons,NFL,,,California,R,,,,32.0,208.0,6.083333333333333
Damontae Kazee,S,,,27,5'11,190 lbs,Atlanta Falcons,NFL,,,San Diego State,4,,,,27.0,190.0,5.916666666666667
Keanu Neal,S,,,25,6'1,216 lbs,Atlanta Falcons,NFL,,,Florida,5,,,,22.0,216.0,6.083333333333333
Sharrod Neasman,S,,,28,6'0,198 lbs,Atlanta Falcons,NFL,,,Florida Atlantic,5,,,,41.0,198.0,6.0
Ray Wilborn,S,,,23,6'4,224 lbs,Atlanta Falcons,NFL,,,Ball State,R,,,,,224.0,6.333333333333333
J.J. Wilcox,S,,,29,6'0,212 lbs,Atlanta Falcons,NFL,,,Georgia Southern,8,,,,29.0,212.0,6.0
Younghoe Koo,PK,,,26,5'9,185 lbs,Atlanta Falcons,NFL,,,Georgia Southern,2,,,,7.0,185.0,5.75
Sterling Hofrichter,P,,,23,5'10,196 lbs,Atlanta Falcons,NFL,,,Syracuse,R,,,,4.0,196.0,5.833333333333333
Josh Harris,LS,,,31,6'1,224 lbs,Atlanta Falcons,NFL,,,Auburn,9,,,,47.0,224.0,6.083333333333333
Teddy Bridgewater,QB,,,27,6'2,215 lbs,Carolina Panthers,NFL,,,Louisville,7,,,,5.0,215.0,6.166666666666667
Will Grier,QB,,,25,6'1,220 lbs,Carolina Panthers,NFL,,,West Virginia,2,,,,7.0,220.0,6.083333333333333
P.J. Walker,QB,,,25,5'11,210 lbs,Carolina Panthers,NFL,,,Temple,1,,,,6.0,210.0,5.916666666666667
Reggie Bonnafon,RB,,,24,6'0,215 lbs,Carolina Panthers,NFL,,,Louisville,2,,,,39.0,215.0,6.0
Mike Davis,RB,,,27,5'9,220 lbs,Carolina Panthers,NFL,,,South Carolina,6,,,,28.0,220.0,5.75
Christian McCaffrey,RB,,,24,5'11,205 lbs,Carolina Panthers,NFL,,,Stanford,4,,,,22.0,205.0,5.916666666666667
Alex Armah,FB,,,26,6'2,255 lbs,Carolina Panthers,NFL,,,West Georgia,4,,,,40.0,255.0,6.166666666666667
Robby Anderson,WR,,,27,6'3,190 lbs,Carolina Panthers,NFL,,,Temple,5,,,,11.0,190.0,6.25
Omar Bayless,WR,,,23,6'1,210 lbs,Carolina Panthers,NFL,,,Arkansas State,R,,,,17.0,210.0,6.083333333333333
Pharoh Cooper,WR,,,25,5'11,210 lbs,Carolina Panthers,NFL,,,South Carolina,5,,,,14.0,210.0,5.916666666666667
Ishmael Hyman,WR,,,25,6'0,196 lbs,Carolina Panthers,NFL,,,James Madison,1,,,,13.0,196.0,6.0
Keith Kirkwood,WR,,,25,6'3,210 lbs,Carolina Panthers,NFL,,,Temple,3,,,,19.0,210.0,6.25
Tommylee Lewis,WR,,,27,5'7,168 lbs,Carolina Panthers,NFL,,,Northern Illinois,4,,,,,168.0,5.583333333333333
Marken Michel,WR,,,27,5'11,191 lbs,Carolina Panthers,NFL,,,Massachusetts,1,,,,,191.0,5.916666666666667
DJ Moore,WR,,,23,5'11,215 lbs,Carolina Panthers,NFL,,,Maryland,3,,,,12.0,215.0,5.916666666666667
Cam Phillips,WR,,,24,6'0,201 lbs,Carolina Panthers,NFL,,,Virginia Tech,1,,,,14.0,201.0,6.0
Seth Roberts,WR,,,29,6'2,195 lbs,Carolina Panthers,NFL,,,West Alabama,6,,,,15.0,195.0,6.166666666666667
Curtis Samuel,WR,,,24,5'11,195 lbs,Carolina Panthers,NFL,,,Ohio State,4,,,,10.0,195.0,5.916666666666667
Darrell Stewart Jr.,WR,,,24,6'2,216 lbs,Carolina Panthers,NFL,,,Michigan State,R,,,,80.0,216.0,6.166666666666667
Brandon Zylstra,WR,,,27,6'2,215 lbs,Carolina Panthers,NFL,,,Concordia College (MN),3,,,,16.0,215.0,6.166666666666667
Temarrick Hemingway,TE,,,27,6'5,245 lbs,Carolina Panthers,NFL,,,South Carolina State,3,,,,84.0,245.0,6.416666666666667
Chris Manhertz,TE,,,28,6'6,255 lbs,Carolina Panthers,NFL,,,Canisius,5,,,,82.0,255.0,6.5
Giovanni Ricci,TE,,,23,6'3,240 lbs,Carolina Panthers,NFL,,,Western Michigan,R,,,,85.0,240.0,6.25
Ian Thomas,TE,,,24,6'3,260 lbs,Carolina Panthers,NFL,,,Indiana,3,,,,80.0,260.0,6.25
Colin Thompson,TE,,,26,6'4,255 lbs,Carolina Panthers,NFL,,,Temple,1,,,,86.0,255.0,6.333333333333333
Tyler Larsen,C,,,29,6'4,325 lbs,Carolina Panthers,NFL,,,Utah State,5,,,,69.0,325.0,6.333333333333333
Matt Paradis,C,,,30,6'3,300 lbs,Carolina Panthers,NFL,,,Boise State,6,,,,61.0,300.0,6.25
Sam Tecklenburg,C,,,23,6'4,310 lbs,Carolina Panthers,NFL,,,Baylor,R,,,,71.0,310.0,6.333333333333333
Mike Horton,G,,,23,6'4,325 lbs,Carolina Panthers,NFL,,,Auburn,R,,,,66.0,325.0,6.333333333333333
John Miller,G,,,27,6'3,315 lbs,Carolina Panthers,NFL,,,Louisville,6,,,,67.0,315.0,6.25
Chris Reed,G,,,28,6'4,320 lbs,Carolina Panthers,NFL,,,Minnesota State-Mankato,5,,,,64.0,320.0,6.333333333333333
Michael Schofield,G,,,29,6'6,301 lbs,Carolina Panthers,NFL,,,Michigan,7,,,,75.0,301.0,6.5
Branden Bowen,OT,,,23,6'7,315 lbs,Carolina Panthers,NFL,,,Ohio State,R,,,,60.0,315.0,6.583333333333333
Dennis Daley,OT,,,24,6'6,325 lbs,Carolina Panthers,NFL,,,South Carolina,2,,,,65.0,325.0,6.5
Matt Kaskey,OT,,,23,6'7,325 lbs,Carolina Panthers,NFL,,,Dartmouth,1,,,,63.0,325.0,6.583333333333333
Greg Little,OT,,,22,6'5,310 lbs,Carolina Panthers,NFL,,,Ole Miss,2,,,,74.0,310.0,6.416666666666667
Aaron Monteiro,OT,,,23,6'7,320 lbs,Carolina Panthers,NFL,,,Boston College,1,,,,62.0,320.0,6.583333333333333
Taylor Moton,OT,,,26,6'5,325 lbs,Carolina Panthers,NFL,,,Western Michigan,4,,,,72.0,325.0,6.416666666666667
Russell Okung,OT,,,31,6'5,310 lbs,Carolina Panthers,NFL,,,Oklahoma State,11,,,,76.0,310.0,6.416666666666667
Myles Adams,DE,,,22,6'2,285 lbs,Carolina Panthers,NFL,,,Rice,R,,,,79.0,285.0,6.166666666666667
Brian Burns,DE,,,22,6'5,250 lbs,Carolina Panthers,NFL,,,Florida State,2,,,,53.0,250.0,6.416666666666667
Yetur Gross-Matos,DE,,,22,6'5,265 lbs,Carolina Panthers,NFL,,,Penn State,R,,,,97.0,265.0,6.416666666666667
Marquis Haynes,DE,,,26,6'2,235 lbs,Carolina Panthers,NFL,,,Ole Miss,3,,,,98.0,235.0,6.166666666666667
Jalen Jelks,DE,,,24,6'5,256 lbs,Carolina Panthers,NFL,,,Oregon,2,,,,,256.0,6.416666666666667
Zach Kerr,DE,,,30,6'2,334 lbs,Carolina Panthers,NFL,,,Delaware,7,,,,92.0,334.0,6.166666666666667
DaVonte Lambert,DE,,,26,6'2,280 lbs,Carolina Panthers,NFL,,,Auburn,3,,,,96.0,280.0,6.166666666666667
Efe Obada,DE,,,28,6'6,265 lbs,Carolina Panthers,NFL,,,--,3,,,,94.0,265.0,6.5
Stephen Weatherly,DE,,,26,6'5,265 lbs,Carolina Panthers,NFL,,,Vanderbilt,5,,,,91.0,265.0,6.416666666666667
Derrick Brown,DT,,,22,6'5,325 lbs,Carolina Panthers,NFL,,,Auburn,R,,,,95.0,325.0,6.416666666666667
Woodrow Hamilton,DT,,,27,6'3,315 lbs,Carolina Panthers,NFL,,,Ole Miss,2,,,,78.0,315.0,6.25
Bruce Hector,DT,,,25,6'2,296 lbs,Carolina Panthers,NFL,,,South Florida,2,,,,,296.0,6.166666666666667
Bravvion Roy,DT,,,22,6'1,330 lbs,Carolina Panthers,NFL,,,Baylor,R,,,,93.0,330.0,6.083333333333333
Kawann Short,DT,,,31,6'3,315 lbs,Carolina Panthers,NFL,,,Purdue,8,,,,99.0,315.0,6.25
Jermaine Carter,LB,,,25,6'0,225 lbs,Carolina Panthers,NFL,,,Maryland,3,,,,56.0,225.0,6.0
Sam Franklin,LB,,,24,6'3,210 lbs,Carolina Panthers,NFL,,,Temple,R,,,,42.0,210.0,6.25
Jordan Kunaszyk,LB,,,23,6'3,235 lbs,Carolina Panthers,NFL,,,California,2,,,,43.0,235.0,6.25
Chris Orr,LB,,,23,6'0,224 lbs,Carolina Panthers,NFL,,,Wisconsin,R,,,,48.0,224.0,6.0
Andre Smith,LB,,,23,6'0,240 lbs,Carolina Panthers,NFL,,,North Carolina,3,,,,57.0,240.0,6.0
Julian Stanford,LB,,,29,6'1,230 lbs,Carolina Panthers,NFL,,,Wagner,7,,,,51.0,230.0,6.083333333333333
Adarius Taylor,LB,,,29,6'0,230 lbs,Carolina Panthers,NFL,,,Florida Atlantic,6,,,,57.0,230.0,6.0
Shaq Thompson,LB,,,26,6'0,230 lbs,Carolina Panthers,NFL,,,Washington,6,,,,54.0,230.0,6.0
Tahir Whitehead,LB,,,30,6'1,241 lbs,Carolina Panthers,NFL,,,Temple,9,,,,52.0,241.0,6.083333333333333
Eli Apple,CB,,,25,6'1,203 lbs,Carolina Panthers,NFL,,,Ohio State,5,,,,25.0,203.0,6.083333333333333
Corn Elder,CB,,,25,5'10,185 lbs,Carolina Panthers,NFL,,,Miami (FL),4,,,,29.0,185.0,5.833333333333333
Myles Hartsfield,CB,,,23,5'11,211 lbs,Carolina Panthers,NFL,,,Ole Miss,R,,,,38.0,211.0,5.916666666666667
Donte Jackson,CB,,,24,5'10,180 lbs,Carolina Panthers,NFL,,,LSU,3,,,,26.0,180.0,5.833333333333333
Natrell Jamerson,CB,,,24,5'11,200 lbs,Carolina Panthers,NFL,,,Wisconsin,3,,,,30.0,200.0,5.916666666666667
Troy Pride Jr.,CB,,,22,5'11,195 lbs,Carolina Panthers,NFL,,,Notre Dame,R,,,,25.0,195.0,5.916666666666667
Stantley Thomas-Oliver III,CB,,,22,6'0,190 lbs,Carolina Panthers,NFL,,,Florida International,R,,,,23.0,190.0,6.0
Quin Blanding,S,,,24,6'2,207 lbs,Carolina Panthers,NFL,,,Virginia,1,,,,37.0,207.0,6.166666666666667
Tre Boston,S,,,28,6'1,205 lbs,Carolina Panthers,NFL,,,North Carolina,7,,,,33.0,205.0,6.083333333333333
Juston Burris,S,,,27,6'0,212 lbs,Carolina Panthers,NFL,,,North Carolina State,5,,,,31.0,212.0,6.0
Jeremy Chinn,S,,,22,6'3,220 lbs,Carolina Panthers,NFL,,,Southern Illinois,R,,,,21.0,220.0,6.25
T.J. Green,S,,,25,6'3,215 lbs,Carolina Panthers,NFL,,,Clemson,3,,,,24.0,215.0,6.25
Cole Luke,S,,,25,5'11,200 lbs,Carolina Panthers,NFL,,,Notre Dame,3,,,,32.0,200.0,5.916666666666667
Kenny Robinson,S,,,21,6'2,200 lbs,Carolina Panthers,NFL,,,West Virginia,1,,,,27.0,200.0,6.166666666666667
Joey Slye,PK,,,24,5'11,213 lbs,Carolina Panthers,NFL,,,Virginia Tech,2,,,,4.0,213.0,5.916666666666667
Kaare Vedvik,PK,,,26,6'3,210 lbs,Carolina Panthers,NFL,,,Marshall,1,,,,6.0,210.0,6.25
Joseph Charlton,P,,,23,6'4,194 lbs,Carolina Panthers,NFL,,,South Carolina,R,,,,,194.0,6.333333333333333
Michael Palardy,P,,,28,5'11,200 lbs,Carolina Panthers,NFL,,,Tennessee,5,,,,2.0,200.0,5.916666666666667
J.J. Jansen,LS,,,34,6'2,235 lbs,Carolina Panthers,NFL,,,Notre Dame,13,,,,44.0,235.0,6.166666666666667
Drew Brees,QB,,,41,6'0,209 lbs,New Orleans Saints,NFL,,,Purdue,20,,,,9.0,209.0,6.0
Taysom Hill,QB,,,30,6'2,221 lbs,New Orleans Saints,NFL,,,BYU,4,,,,7.0,221.0,6.166666666666667
Tommy Stevens,QB,,,23,6'5,235 lbs,New Orleans Saints,NFL,,,Mississippi State,R,,,,2.0,235.0,6.416666666666667
Jameis Winston,QB,,,26,6'4,231 lbs,New Orleans Saints,NFL,,,Florida State,6,,,,2.0,231.0,6.333333333333333
Tony Jones Jr.,RB,,,22,5'11,224 lbs,New Orleans Saints,NFL,,,Notre Dame,R,,,,37.0,224.0,5.916666666666667
Alvin Kamara,RB,,,25,5'10,215 lbs,New Orleans Saints,NFL,,,Tennessee,4,,,,41.0,215.0,5.833333333333333
Ty Montgomery,RB,,,27,6'0,216 lbs,New Orleans Saints,NFL,,,Stanford,6,,,,88.0,216.0,6.0
Latavius Murray,RB,,,30,6'3,230 lbs,New Orleans Saints,NFL,,,UCF,8,,,,28.0,230.0,6.25
Dwayne Washington,RB,,,26,6'1,223 lbs,New Orleans Saints,NFL,,,Washington,5,,,,24.0,223.0,6.083333333333333
Michael Burton,FB,,,28,6'0,240 lbs,New Orleans Saints,NFL,,,Rutgers,6,,,,32.0,240.0,6.0
Emmanuel Butler,WR,,,24,6'4,220 lbs,New Orleans Saints,NFL,,,Northern Arizona,1,,,,18.0,220.0,6.333333333333333
Marquez Callaway,WR,,,22,6'2,204 lbs,New Orleans Saints,NFL,,,Tennessee,R,,,,12.0,204.0,6.166666666666667
Austin Carr,WR,,,26,6'1,195 lbs,New Orleans Saints,NFL,,,Northwestern,4,,,,80.0,195.0,6.083333333333333
Bennie Fowler,WR,,,29,6'1,218 lbs,New Orleans Saints,NFL,,,Michigan State,6,,,,18.0,218.0,6.083333333333333
Deonte Harris,WR,,,22,5'6,170 lbs,New Orleans Saints,NFL,,,Assumption,2,,,,11.0,170.0,5.5
Lil'Jordan Humphrey,WR,,,22,6'4,225 lbs,New Orleans Saints,NFL,,,Texas,2,,,,84.0,225.0,6.333333333333333
Juwan Johnson,WR,,,23,6'4,231 lbs,New Orleans Saints,NFL,,,Oregon,R,,,,83.0,231.0,6.333333333333333
Emmanuel Sanders,WR,,,33,5'11,180 lbs,New Orleans Saints,NFL,,,SMU,11,,,,17.0,180.0,5.916666666666667
Tre'Quan Smith,WR,,,24,6'2,210 lbs,New Orleans Saints,NFL,,,UCF,3,,,,10.0,210.0,6.166666666666667
Michael Thomas,WR,,,27,6'3,212 lbs,New Orleans Saints,NFL,,,Ohio State,5,,,,13.0,212.0,6.25
Jared Cook,TE,,,33,6'5,254 lbs,New Orleans Saints,NFL,,,South Carolina,12,,,,87.0,254.0,6.416666666666667
Garrett Griffin,TE,,,26,6'4,240 lbs,New Orleans Saints,NFL,,,Air Force,2,,,,45.0,240.0,6.333333333333333
Josh Hill,TE,,,30,6'5,250 lbs,New Orleans Saints,NFL,,,Idaho State,8,,,,89.0,250.0,6.416666666666667
Adam Trautman,TE,,,23,6'5,253 lbs,New Orleans Saints,NFL,,,Dayton,R,,,,82.0,253.0,6.416666666666667
Ethan Wolf,TE,,,24,6'6,252 lbs,New Orleans Saints,NFL,,,Tennessee,1,,,,46.0,252.0,6.5
Will Clapp,C,,,24,6'5,311 lbs,New Orleans Saints,NFL,,,LSU,3,,,,64.0,311.0,6.416666666666667
Nick Easton,C,,,28,6'3,303 lbs,New Orleans Saints,NFL,,,Harvard,6,,,,62.0,303.0,6.25
Erik McCoy,C,,,23,6'4,314 lbs,New Orleans Saints,NFL,,,Texas A&M,2,,,,78.0,314.0,6.333333333333333
Cesar Ruiz,C,,,21,6'4,319 lbs,New Orleans Saints,NFL,,,Michigan,R,,,,51.0,319.0,6.333333333333333
Cameron Tom,C,,,25,6'4,300 lbs,New Orleans Saints,NFL,,,Southern Miss,4,,,,63.0,300.0,6.333333333333333
Patrick Omameh,G,,,30,6'4,327 lbs,New Orleans Saints,NFL,,,Michigan,8,,,,60.0,327.0,6.333333333333333
Jordan Steckler,G,,,24,6'5,305 lbs,New Orleans Saints,NFL,,,Northern Illinois,R,,,,70.0,305.0,6.416666666666667
Terron Armstead,OT,,,29,6'5,304 lbs,New Orleans Saints,NFL,,,Arkansas-Pine Bluff,8,,,,72.0,304.0,6.416666666666667
Ethan Greenidge,OT,,,22,6'4,335 lbs,New Orleans Saints,NFL,,,Villanova,2,,,,73.0,335.0,6.333333333333333
James Hurst,OT,,,28,6'5,310 lbs,New Orleans Saints,NFL,,,North Carolina,7,,,,74.0,310.0,6.416666666666667
Derrick Kelly II,OT,,,25,6'5,320 lbs,New Orleans Saints,NFL,,,Florida State,1,,,,68.0,320.0,6.416666666666667
Andrus Peat,OT,,,26,6'7,316 lbs,New Orleans Saints,NFL,,,Stanford,6,,,,75.0,316.0,6.583333333333333
Ryan Ramczyk,OT,,,26,6'6,314 lbs,New Orleans Saints,NFL,,,Wisconsin,4,,,,71.0,314.0,6.5
Calvin Throckmorton,OT,,,24,6'5,311 lbs,New Orleans Saints,NFL,,,Oregon,R,,,,66.0,311.0,6.416666666666667
Marcus Davenport,DE,,,23,6'6,265 lbs,New Orleans Saints,NFL,,,UTSA,3,,,,92.0,265.0,6.5
Mario Edwards Jr.,DE,,,26,6'3,280 lbs,New Orleans Saints,NFL,,,Florida State,6,,,,97.0,280.0,6.25
Carl Granderson,DE,,,23,6'5,261 lbs,New Orleans Saints,NFL,,,Wyoming,2,,,,96.0,261.0,6.416666666666667
Trey Hendrickson,DE,,,25,6'4,270 lbs,New Orleans Saints,NFL,,,Florida Atlantic,4,,,,91.0,270.0,6.333333333333333
Margus Hunt,DE,,,33,6'8,295 lbs,New Orleans Saints,NFL,,,SMU,8,,,,69.0,295.0,6.666666666666667
Cameron Jordan,DE,,,31,6'4,287 lbs,New Orleans Saints,NFL,,,California,10,,,,94.0,287.0,6.333333333333333
Anthony Lanier II,DE,,,27,6'6,285 lbs,New Orleans Saints,NFL,,,Alabama A&M,3,,,,,285.0,6.5
Malcolm Roach,DE,,,22,6'3,290 lbs,New Orleans Saints,NFL,,,Texas,R,,,,76.0,290.0,6.25
Malcom Brown,DT,,,26,6'2,320 lbs,New Orleans Saints,NFL,,,Texas,6,,,,90.0,320.0,6.166666666666667
David Onyemata,DT,,,27,6'4,300 lbs,New Orleans Saints,NFL,,,Manitoba,5,,,,93.0,300.0,6.333333333333333
Sheldon Rankins,DT,,,26,6'2,305 lbs,New Orleans Saints,NFL,,,Louisville,5,,,,98.0,305.0,6.166666666666667
Shy Tuttle,DT,,,24,6'3,300 lbs,New Orleans Saints,NFL,,,Tennessee,2,,,,99.0,300.0,6.25
Kiko Alonso,LB,,,30,6'3,239 lbs,New Orleans Saints,NFL,,,Oregon,8,,,,54.0,239.0,6.25
Alex Anzalone,LB,,,25,6'3,241 lbs,New Orleans Saints,NFL,,,Florida,4,,,,47.0,241.0,6.25
Joe Bachie,LB,,,22,6'2,231 lbs,New Orleans Saints,NFL,,,Michigan State,R,,,,46.0,231.0,6.166666666666667
Zack Baun,LB,,,23,6'3,240 lbs,New Orleans Saints,NFL,,,Wisconsin,R,,,,53.0,240.0,6.25
Anthony Chickillo,LB,,,27,6'3,255 lbs,New Orleans Saints,NFL,,,Miami (FL),6,,,,58.0,255.0,6.25
Demario Davis,LB,,,31,6'2,248 lbs,New Orleans Saints,NFL,,,Arkansas State,9,,,,56.0,248.0,6.166666666666667
Andrew Dowell,LB,,,23,6'1,225 lbs,New Orleans Saints,NFL,,,Michigan State,1,,,,50.0,225.0,6.083333333333333
Kaden Elliss,LB,,,25,6'3,240 lbs,New Orleans Saints,NFL,,,Idaho,2,,,,55.0,240.0,6.25
Chase Hansen,LB,,,27,6'3,222 lbs,New Orleans Saints,NFL,,,Utah,1,,,,42.0,222.0,6.25
Wynton McManis,LB,,,25,6'1,225 lbs,New Orleans Saints,NFL,,,Memphis,R,,,,,225.0,6.083333333333333
Craig Robertson,LB,,,32,6'1,234 lbs,New Orleans Saints,NFL,,,North Texas,9,,,,52.0,234.0,6.083333333333333
Kemon Hall,CB,,,23,5'11,190 lbs,New Orleans Saints,NFL,,,North Texas,1,,,,,190.0,5.916666666666667
Justin Hardee,CB,,,26,6'1,200 lbs,New Orleans Saints,NFL,,,Illinois,4,,,,34.0,200.0,6.083333333333333
Janoris Jenkins,CB,,,31,5'10,190 lbs,New Orleans Saints,NFL,,,North Alabama,9,,,,20.0,190.0,5.833333333333333
Marshon Lattimore,CB,,,24,6'0,192 lbs,New Orleans Saints,NFL,,,Ohio State,4,,,,23.0,192.0,6.0
Patrick Robinson,CB,,,32,5'11,191 lbs,New Orleans Saints,NFL,,,Florida State,11,,,,21.0,191.0,5.916666666666667
Keith Washington Jr.,CB,,,23,6'1,180 lbs,New Orleans Saints,NFL,,,West Virginia,R,,,,38.0,180.0,6.083333333333333
P.J. Williams,CB,,,27,6'0,196 lbs,New Orleans Saints,NFL,,,Florida State,6,,,,26.0,196.0,6.0
C.J. Gardner-Johnson,S,,,22,5'11,210 lbs,New Orleans Saints,NFL,,,Florida,2,,,,22.0,210.0,5.916666666666667
J.T. Gray,S,,,24,6'0,202 lbs,New Orleans Saints,NFL,,,Mississippi State,3,,,,48.0,202.0,6.0
Saquan Hampton,S,,,24,6'1,206 lbs,New Orleans Saints,NFL,,,Rutgers,2,,,,33.0,206.0,6.083333333333333
Malcolm Jenkins,S,,,32,6'0,204 lbs,New Orleans Saints,NFL,,,Ohio State,12,,,,27.0,204.0,6.0
D.J. Swearinger,S,,,28,5'10,205 lbs,New Orleans Saints,NFL,,,South Carolina,8,,,,36.0,205.0,5.833333333333333
Marcus Williams,S,,,23,6'1,195 lbs,New Orleans Saints,NFL,,,Utah,4,,,,43.0,195.0,6.083333333333333
Wil Lutz,PK,,,26,5'11,184 lbs,New Orleans Saints,NFL,,,Georgia State,5,,,,3.0,184.0,5.916666666666667
Blake Gillikin,P,,,22,6'2,196 lbs,New Orleans Saints,NFL,,,Penn State,R,,,,4.0,196.0,6.166666666666667
Thomas Morstead,P,,,34,6'4,235 lbs,New Orleans Saints,NFL,,,SMU,12,,,,6.0,235.0,6.333333333333333
Zach Wood,LS,,,27,6'3,255 lbs,New Orleans Saints,NFL,,,SMU,4,,,,49.0,255.0,6.25
Tom Brady,QB,,,43,6'4,225 lbs,Tampa Bay Buccaneers,NFL,,,Michigan,21,,,,12.0,225.0,6.333333333333333
Blaine Gabbert,QB,,,30,6'4,235 lbs,Tampa Bay Buccaneers,NFL,,,Missouri,10,,,,11.0,235.0,6.333333333333333
Ryan Griffin,QB,,,30,6'5,210 lbs,Tampa Bay Buccaneers,NFL,,,Tulane,7,,,,4.0,210.0,6.416666666666667
Reid Sinnett,QB,,,23,6'4,225 lbs,Tampa Bay Buccaneers,NFL,,,San Diego,R,,,,,225.0,6.333333333333333
Ronald Jones II,RB,,,23,5'11,208 lbs,Tampa Bay Buccaneers,NFL,,,USC,3,,,,27.0,208.0,5.916666666666667
LeSean McCoy,RB,,,32,5'11,210 lbs,Tampa Bay Buccaneers,NFL,,,Pittsburgh,12,,,,25.0,210.0,5.916666666666667
Dare Ogunbowale,RB,,,26,5'10,205 lbs,Tampa Bay Buccaneers,NFL,,,Wisconsin,2,,,,44.0,205.0,5.833333333333333
Ke'Shawn Vaughn,RB,,,23,5'10,214 lbs,Tampa Bay Buccaneers,NFL,,,Vanderbilt,R,,,,30.0,214.0,5.833333333333333
Mike Evans,WR,,,27,6'5,231 lbs,Tampa Bay Buccaneers,NFL,,,Texas A&M,7,,,,13.0,231.0,6.416666666666667
Chris Godwin,WR,,,24,6'1,209 lbs,Tampa Bay Buccaneers,NFL,,,Penn State,4,,,,14.0,209.0,6.083333333333333
Cyril Grayson,WR,,,26,5'9,183 lbs,Tampa Bay Buccaneers,NFL,,,LSU,1,,,,15.0,183.0,5.75
John Hurst,WR,,,23,6'2,190 lbs,Tampa Bay Buccaneers,NFL,,,West Georgia,R,,,,6.0,190.0,6.166666666666667
Tyler Johnson,WR,,,22,6'2,206 lbs,Tampa Bay Buccaneers,NFL,,,Minnesota,R,,,,18.0,206.0,6.166666666666667
Scotty Miller,WR,,,23,5'11,174 lbs,Tampa Bay Buccaneers,NFL,,,Bowling Green,2,,,,10.0,174.0,5.916666666666667
Bryant Mitchell,WR,,,28,6'2,198 lbs,Tampa Bay Buccaneers,NFL,,,Northwestern State,2,,,,16.0,198.0,6.166666666666667
Josh Pearson,WR,,,23,6'4,205 lbs,Tampa Bay Buccaneers,NFL,,,Jacksonville State,R,,,,89.0,205.0,6.333333333333333
Spencer Schnell,WR,,,25,5'8,178 lbs,Tampa Bay Buccaneers,NFL,,,Illinois State,1,,,,83.0,178.0,5.666666666666667
Justin Watson,WR,,,25,6'3,215 lbs,Tampa Bay Buccaneers,NFL,,,Pennsylvania,3,,,,17.0,215.0,6.25
Antony Auclair,TE,,,27,6'6,256 lbs,Tampa Bay Buccaneers,NFL,,,--,4,,,,82.0,256.0,6.5
Cameron Brate,TE,,,29,6'5,245 lbs,Tampa Bay Buccaneers,NFL,,,Harvard,6,,,,84.0,245.0,6.416666666666667
Rob Gronkowski,TE,,,31,6'6,268 lbs,Tampa Bay Buccaneers,NFL,,,Arizona,10,,,,87.0,268.0,6.5
O.J. Howard,TE,,,25,6'6,251 lbs,Tampa Bay Buccaneers,NFL,,,Alabama,4,,,,80.0,251.0,6.5
Tanner Hudson,TE,,,25,6'5,239 lbs,Tampa Bay Buccaneers,NFL,,,Southern Arkansas,2,,,,88.0,239.0,6.416666666666667
Codey McElroy,TE,,,27,6'6,255 lbs,Tampa Bay Buccaneers,NFL,,,Oklahoma State,1,,,,86.0,255.0,6.5
Anthony Fabiano,C,,,27,6'4,303 lbs,Tampa Bay Buccaneers,NFL,,,Harvard,1,,,,77.0,303.0,6.333333333333333
Ryan Jensen,C,,,29,6'4,319 lbs,Tampa Bay Buccaneers,NFL,,,Colorado State-Pueblo,7,,,,66.0,319.0,6.333333333333333
Zach Shackelford,C,,,23,6'4,305 lbs,Tampa Bay Buccaneers,NFL,,,Texas,R,,,,,305.0,6.333333333333333
A.Q. Shipley,C,,,34,6'1,307 lbs,Tampa Bay Buccaneers,NFL,,,Penn State,9,,,,53.0,307.0,6.083333333333333
Zack Bailey,G,,,24,6'5,299 lbs,Tampa Bay Buccaneers,NFL,,,South Carolina,2,,,,61.0,299.0,6.416666666666667
Alex Cappa,G,,,25,6'6,305 lbs,Tampa Bay Buccaneers,NFL,,,Humboldt State,3,,,,65.0,305.0,6.5
Nick Leverett,G,,,23,6'4,310 lbs,Tampa Bay Buccaneers,NFL,,,Rice,R,,,,60.0,310.0,6.333333333333333
Ali Marpet,G,,,27,6'4,307 lbs,Tampa Bay Buccaneers,NFL,,,Hobart,6,,,,74.0,307.0,6.333333333333333
John Molchon,G,,,23,6'5,309 lbs,Tampa Bay Buccaneers,NFL,,,Boise State,R,,,,75.0,309.0,6.416666666666667
Aaron Stinnie,G,,,26,6'3,312 lbs,Tampa Bay Buccaneers,NFL,,,James Madison,3,,,,64.0,312.0,6.25
Joe Haeg,OT,,,27,6'6,298 lbs,Tampa Bay Buccaneers,NFL,,,North Dakota State,5,,,,73.0,298.0,6.5
Donovan Smith,OT,,,27,6'6,338 lbs,Tampa Bay Buccaneers,NFL,,,Penn State,6,,,,76.0,338.0,6.5
Josh Wells,OT,,,29,6'6,306 lbs,Tampa Bay Buccaneers,NFL,,,James Madison,6,,,,,306.0,6.5
Tristan Wirfs,OT,,,21,6'5,320 lbs,Tampa Bay Buccaneers,NFL,,,Iowa,R,,,,78.0,320.0,6.416666666666667
William Gholston,DE,,,29,6'6,281 lbs,Tampa Bay Buccaneers,NFL,,,Michigan State,8,,,,92.0,281.0,6.5
Patrick O'Connor,DE,,,26,6'4,270 lbs,Tampa Bay Buccaneers,NFL,,,Eastern Michigan,2,,,,79.0,270.0,6.333333333333333
Benning Potoa'e,DE,,,23,6'3,290 lbs,Tampa Bay Buccaneers,NFL,,,Washington,R,,,,,290.0,6.25
Khalil Davis,DT,,,24,6'1,308 lbs,Tampa Bay Buccaneers,NFL,,,Nebraska,R,,,,94.0,308.0,6.083333333333333
Jeremiah Ledbetter,DT,,,26,6'3,295 lbs,Tampa Bay Buccaneers,NFL,,,Arkansas,2,,,,95.0,295.0,6.25
Kyle Love,DT,,,33,6'1,310 lbs,Tampa Bay Buccaneers,NFL,,,Mississippi State,9,,,,,310.0,6.083333333333333
Rakeem Nunez-Roches,DT,,,27,6'2,307 lbs,Tampa Bay Buccaneers,NFL,,,Southern Miss,6,,,,56.0,307.0,6.166666666666667
Ndamukong Suh,DT,,,33,6'4,313 lbs,Tampa Bay Buccaneers,NFL,,,Nebraska,11,,,,93.0,313.0,6.333333333333333
Vita Vea,DT,,,25,6'4,347 lbs,Tampa Bay Buccaneers,NFL,,,Washington,3,,,,50.0,347.0,6.333333333333333
Shaquil Barrett,LB,,,27,6'2,250 lbs,Tampa Bay Buccaneers,NFL,,,Colorado State,7,,,,58.0,250.0,6.166666666666667
Quinton Bell,LB,,,24,6'4,253 lbs,Tampa Bay Buccaneers,NFL,,,Prairie View A&M,1,,,,57.0,253.0,6.333333333333333
Jack Cichy,LB,,,24,6'2,238 lbs,Tampa Bay Buccaneers,NFL,,,Wisconsin,3,,,,48.0,238.0,6.166666666666667
Kahzin Daniels,LB,,,24,6'4,240 lbs,Tampa Bay Buccaneers,NFL,,,Charleston Univ,2,,,,41.0,240.0,6.333333333333333
Lavonte David,LB,,,30,6'1,233 lbs,Tampa Bay Buccaneers,NFL,,,Nebraska,9,,,,54.0,233.0,6.083333333333333
Noah Dawkins,LB,,,23,6'1,235 lbs,Tampa Bay Buccaneers,NFL,,,Citadel,2,,,,52.0,235.0,6.083333333333333
Michael Divinity Jr.,LB,,,23,6'2,241 lbs,Tampa Bay Buccaneers,NFL,,,LSU,R,,,,,241.0,6.166666666666667
Cam Gill,LB,,,22,6'3,240 lbs,Tampa Bay Buccaneers,NFL,,,Wagner,R,,,,,240.0,6.25
Kevin Minter,LB,,,29,6'0,246 lbs,Tampa Bay Buccaneers,NFL,,,LSU,8,,,,51.0,246.0,6.0
Anthony Nelson,LB,,,23,6'7,271 lbs,Tampa Bay Buccaneers,NFL,,,Iowa,2,,,,98.0,271.0,6.583333333333333
Jason Pierre-Paul,LB,,,31,6'5,275 lbs,Tampa Bay Buccaneers,NFL,,,South Florida,11,,,,90.0,275.0,6.416666666666667
Chapelle Russell,LB,,,23,6'2,236 lbs,Tampa Bay Buccaneers,NFL,,,Temple,R,,,,53.0,236.0,6.166666666666667
Devin White,LB,,,22,6'0,237 lbs,Tampa Bay Buccaneers,NFL,,,LSU,2,,,,45.0,237.0,6.0
Carlton Davis,CB,,,23,6'1,206 lbs,Tampa Bay Buccaneers,NFL,,,Auburn,3,,,,24.0,206.0,6.083333333333333
Jamel Dean,CB,,,23,6'1,206 lbs,Tampa Bay Buccaneers,NFL,,,Auburn,2,,,,35.0,206.0,6.083333333333333
Herb Miller,CB,,,22,6'2,190 lbs,Tampa Bay Buccaneers,NFL,,,Florida Atlantic,1,,,,28.0,190.0,6.166666666666667
Parnell Motley,CB,,,22,6'0,180 lbs,Tampa Bay Buccaneers,NFL,,,Oklahoma,R,,,,39.0,180.0,6.0
Sean Murphy-Bunting,CB,,,23,6'0,195 lbs,Tampa Bay Buccaneers,NFL,,,Central Michigan,2,,,,23.0,195.0,6.0
Ryan Smith,CB,,,26,5'11,189 lbs,Tampa Bay Buccaneers,NFL,,,North Carolina Central,5,,,,29.0,189.0,5.916666666666667
Mazzi Wilkins,CB,,,24,6'0,191 lbs,Tampa Bay Buccaneers,NFL,,,South Florida,2,,,,37.0,191.0,6.0
Andrew Adams,S,,,27,5'11,205 lbs,Tampa Bay Buccaneers,NFL,,,Connecticut,5,,,,26.0,205.0,5.916666666666667
D'Cota Dixon,S,,,25,5'10,204 lbs,Tampa Bay Buccaneers,NFL,,,Wisconsin,2,,,,38.0,204.0,5.833333333333333
Mike Edwards,S,,,24,5'10,205 lbs,Tampa Bay Buccaneers,NFL,,,Kentucky,2,,,,34.0,205.0,5.833333333333333
Justin Evans,S,,,25,6'0,199 lbs,Tampa Bay Buccaneers,NFL,,,Texas A&M,4,,,,21.0,199.0,6.0
Javon Hagan,S,,,23,6'0,215 lbs,Tampa Bay Buccaneers,NFL,,,Ohio,R,,,,,215.0,6.0
Jordan Whitehead,S,,,23,5'10,198 lbs,Tampa Bay Buccaneers,NFL,,,Pittsburgh,3,,,,33.0,198.0,5.833333333333333
Antoine Winfield Jr.,S,,,22,5'9,203 lbs,Tampa Bay Buccaneers,NFL,,,Minnesota,R,,,,31.0,203.0,5.75
Elliott Fry,PK,,,25,6'0,170 lbs,Tampa Bay Buccaneers,NFL,,,South Carolina,1,,,,2.0,170.0,6.0
Matt Gay,PK,,,26,6'0,232 lbs,Tampa Bay Buccaneers,NFL,,,Utah,2,,,,9.0,232.0,6.0
Bradley Pinion,P,,,26,6'5,240 lbs,Tampa Bay Buccaneers,NFL,,,Clemson,6,,,,8.0,240.0,6.416666666666667
Zach Triner,LS,,,29,6'2,247 lbs,Tampa Bay Buccaneers,NFL,,,Assumption,2,,,,97.0,247.0,6.166666666666667
Brett Hundley,QB,,,27,6'3,226 lbs,Arizona Cardinals,NFL,,,UCLA,6,,,,7.0,226.0,6.25
Kyler Murray,QB,,,23,5'10,207 lbs,Arizona Cardinals,NFL,,,Oklahoma,2,,,,1.0,207.0,5.833333333333333
Chris Streveler,QB,,,25,6'1,216 lbs,Arizona Cardinals,NFL,,,South Dakota,1,,,,15.0,216.0,6.083333333333333
Eno Benjamin,RB,,,21,5'9,207 lbs,Arizona Cardinals,NFL,,,Arizona State,R,,,,26.0,207.0,5.75
Kenyan Drake,RB,,,26,6'1,211 lbs,Arizona Cardinals,NFL,,,Alabama,5,,,,41.0,211.0,6.083333333333333
Chase Edmonds,RB,,,24,5'9,210 lbs,Arizona Cardinals,NFL,,,Fordham,3,,,,29.0,210.0,5.75
D.J. Foster,RB,,,26,6'0,205 lbs,Arizona Cardinals,NFL,,,Arizona State,5,,,,37.0,205.0,6.0
Jonathan Ward,RB,,,22,6'0,202 lbs,Arizona Cardinals,NFL,,,Central Michigan,R,,,,38.0,202.0,6.0
Hakeem Butler,WR,,,24,6'5,227 lbs,Arizona Cardinals,NFL,,,Iowa State,2,,,,18.0,227.0,6.416666666666667
Johnnie Dixon,WR,,,25,5'11,198 lbs,Arizona Cardinals,NFL,,,Ohio State,1,,,,12.0,198.0,5.916666666666667
Larry Fitzgerald,WR,,,36,6'3,218 lbs,Arizona Cardinals,NFL,,,Pittsburgh,17,,,,11.0,218.0,6.25
DeAndre Hopkins,WR,,,28,6'1,212 lbs,Arizona Cardinals,NFL,,,Clemson,7,,,,10.0,212.0,6.083333333333333
Andy Isabella,WR,,,23,5'9,188 lbs,Arizona Cardinals,NFL,,,Massachusetts,2,,,,17.0,188.0,5.75
KeeSean Johnson,WR,,,23,6'1,201 lbs,Arizona Cardinals,NFL,,,Fresno State,2,,,,19.0,201.0,6.083333333333333
Christian Kirk,WR,,,23,5'11,200 lbs,Arizona Cardinals,NFL,,,Texas A&M,3,,,,13.0,200.0,5.916666666666667
Andre Patton,WR,,,26,6'2,200 lbs,Arizona Cardinals,NFL,,,Rutgers,2,,,,84.0,200.0,6.166666666666667
A.J. Richardson,WR,,,25,6'0,212 lbs,Arizona Cardinals,NFL,,,Boise State,1,,,,83.0,212.0,6.0
Trent Sherfield,WR,,,24,6'1,219 lbs,Arizona Cardinals,NFL,,,Vanderbilt,3,,,,16.0,219.0,6.083333333333333
JoJo Ward,WR,,,22,5'9,175 lbs,Arizona Cardinals,NFL,,,Hawai'i',R,,,,14.0,175.0,5.75
Dan Arnold,TE,,,25,6'6,220 lbs,Arizona Cardinals,NFL,,,Wisconsin-Platteville,4,,,,85.0,220.0,6.5
Dylan Cantrell,TE,,,26,6'3,226 lbs,Arizona Cardinals,NFL,,,Texas Tech,2,,,,82.0,226.0,6.25
Darrell Daniels,TE,,,25,6'3,256 lbs,Arizona Cardinals,NFL,,,Washington,4,,,,81.0,256.0,6.25
Mason Cole,C,,,24,6'5,292 lbs,Arizona Cardinals,NFL,,,Michigan,3,,,,52.0,292.0,6.416666666666667
Lamont Gaillard,C,,,24,6'3,305 lbs,Arizona Cardinals,NFL,,,Georgia,2,,,,65.0,305.0,6.25
Max Garcia,G,,,28,6'4,309 lbs,Arizona Cardinals,NFL,,,Florida,6,,,,73.0,309.0,6.333333333333333
Sam Jones,G,,,24,6'5,290 lbs,Arizona Cardinals,NFL,,,Arizona State,2,,,,70.0,290.0,6.416666666666667
Justin Pugh,G,,,30,6'5,311 lbs,Arizona Cardinals,NFL,,,Syracuse,8,,,,67.0,311.0,6.416666666666667
J.R. Sweezy,G,,,31,6'5,310 lbs,Arizona Cardinals,NFL,,,North Carolina State,9,,,,64.0,310.0,6.416666666666667
Kelvin Beachum,OT,,,31,6'3,308 lbs,Arizona Cardinals,NFL,,,SMU,9,,,,68.0,308.0,6.25
D.J. Humphries,OT,,,26,6'5,307 lbs,Arizona Cardinals,NFL,,,Florida,6,,,,74.0,307.0,6.416666666666667
Josh Jones,OT,,,23,6'5,319 lbs,Arizona Cardinals,NFL,,,Houston,R,,,,79.0,319.0,6.416666666666667
Joshua Miles,OT,,,24,6'5,314 lbs,Arizona Cardinals,NFL,,,Morgan State,2,,,,66.0,314.0,6.416666666666667
Justin Murray,OT,,,27,6'5,315 lbs,Arizona Cardinals,NFL,,,Cincinnati,3,,,,71.0,315.0,6.416666666666667
Brett Toth,OT,,,23,6'6,291 lbs,Arizona Cardinals,NFL,,,Army,2,,,,78.0,291.0,6.5
Zach Allen,DE,,,23,6'4,281 lbs,Arizona Cardinals,NFL,,,Boston College,2,,,,94.0,281.0,6.333333333333333
Jonathan Bullard,DE,,,26,6'3,296 lbs,Arizona Cardinals,NFL,,,Florida,5,,,,90.0,296.0,6.25
Michael Dogbe,DE,,,24,6'3,284 lbs,Arizona Cardinals,NFL,,,Temple,2,,,,91.0,284.0,6.25
Jordan Phillips,DE,,,27,6'6,341 lbs,Arizona Cardinals,NFL,,,Oklahoma,6,,,,97.0,341.0,6.5
Miles Brown,DT,,,22,6'2,320 lbs,Arizona Cardinals,NFL,,,Wofford,2,,,,72.0,320.0,6.166666666666667
Trevon Coley,DT,,,26,6'1,310 lbs,Arizona Cardinals,NFL,,,Florida Atlantic,4,,,,93.0,310.0,6.083333333333333
Leki Fotu,DT,,,22,6'5,330 lbs,Arizona Cardinals,NFL,,,Utah,R,,,,95.0,330.0,6.416666666666667
Rashard Lawrence,DT,,,21,6'2,308 lbs,Arizona Cardinals,NFL,,,LSU,R,,,,92.0,308.0,6.166666666666667
Corey Peters,DT,,,32,6'3,335 lbs,Arizona Cardinals,NFL,,,Kentucky,11,,,,98.0,335.0,6.25
De'Vondre Campbell,LB,,,27,6'3,232 lbs,Arizona Cardinals,NFL,,,Minnesota,5,,,,59.0,232.0,6.25
Kylie Fitts,LB,,,25,6'4,260 lbs,Arizona Cardinals,NFL,,,Utah,2,,,,49.0,260.0,6.333333333333333
Dennis Gardeck,LB,,,26,6'0,232 lbs,Arizona Cardinals,NFL,,,Sioux Falls,3,,,,45.0,232.0,6.0
Jordan Hicks,LB,,,28,6'1,236 lbs,Arizona Cardinals,NFL,,,Texas,6,,,,58.0,236.0,6.083333333333333
Chandler Jones,LB,,,30,6'5,265 lbs,Arizona Cardinals,NFL,,,Syracuse,9,,,,55.0,265.0,6.416666666666667
Devon Kennard,LB,,,29,6'3,256 lbs,Arizona Cardinals,NFL,,,USC,7,,,,42.0,256.0,6.25
Haason Reddick,LB,,,25,6'1,235 lbs,Arizona Cardinals,NFL,,,Temple,4,,,,43.0,235.0,6.083333333333333
Isaiah Simmons,LB,,,22,6'4,238 lbs,Arizona Cardinals,NFL,,,Clemson,R,,,,48.0,238.0,6.333333333333333
Ezekiel Turner,LB,,,24,6'2,214 lbs,Arizona Cardinals,NFL,,,Washington,3,,,,47.0,214.0,6.166666666666667
Tanner Vallejo,LB,,,25,6'1,230 lbs,Arizona Cardinals,NFL,,,Boise State,4,,,,51.0,230.0,6.083333333333333
Reggie Walker,LB,,,24,6'2,250 lbs,Arizona Cardinals,NFL,,,Kansas State,R,,,,56.0,250.0,6.166666666666667
Evan Weaver,LB,,,22,6'3,235 lbs,Arizona Cardinals,NFL,,,California,R,,,,50.0,235.0,6.25
Ken Crawley,CB,,,27,6'1,180 lbs,Arizona Cardinals,NFL,,,Colorado,5,,,,35.0,180.0,6.083333333333333
Jalen Davis,CB,,,24,5'10,185 lbs,Arizona Cardinals,NFL,,,Utah State,1,,,,30.0,185.0,5.833333333333333
Chris Jones,CB,,,25,6'0,200 lbs,Arizona Cardinals,NFL,,,Nebraska,2,,,,25.0,200.0,6.0
Dre Kirkpatrick,CB,,,30,6'2,190 lbs,Arizona Cardinals,NFL,,,Alabama,9,,,,,190.0,6.166666666666667
Byron Murphy Jr.,CB,,,22,5'11,190 lbs,Arizona Cardinals,NFL,,,Washington,2,,,,33.0,190.0,5.916666666666667
Kevin Peterson,CB,,,26,5'11,185 lbs,Arizona Cardinals,NFL,,,Oklahoma State,4,,,,27.0,185.0,5.916666666666667
Patrick Peterson,CB,,,30,6'1,203 lbs,Arizona Cardinals,NFL,,,LSU,10,,,,21.0,203.0,6.083333333333333
Jace Whittaker,CB,,,25,5'11,185 lbs,Arizona Cardinals,NFL,,,Arizona,R,,,,39.0,185.0,5.916666666666667
Budda Baker,S,,,24,5'10,195 lbs,Arizona Cardinals,NFL,,,Washington,4,,,,32.0,195.0,5.833333333333333
Chris Banjo,S,,,30,5'10,207 lbs,Arizona Cardinals,NFL,,,SMU,7,,,,31.0,207.0,5.833333333333333
Kentrell Brice,S,,,26,5'11,200 lbs,Arizona Cardinals,NFL,,,Louisiana Tech,4,,,,24.0,200.0,5.916666666666667
Deionte Thompson,S,,,23,6'1,195 lbs,Arizona Cardinals,NFL,,,Alabama,2,,,,35.0,195.0,6.083333333333333
Jalen Thompson,S,,,22,5'11,190 lbs,Arizona Cardinals,NFL,,,Washington State,2,,,,34.0,190.0,5.916666666666667
Charles Washington,S,,,27,5'10,192 lbs,Arizona Cardinals,NFL,,,Fresno State,4,,,,28.0,192.0,5.833333333333333
Zane Gonzalez,PK,,,25,6'0,202 lbs,Arizona Cardinals,NFL,,,Arizona State,4,,,,5.0,202.0,6.0
Andy Lee,P,,,38,6'1,185 lbs,Arizona Cardinals,NFL,,,Pittsburgh,17,,,,4.0,185.0,6.083333333333333
Ryan Winslow,P,,,26,6'5,217 lbs,Arizona Cardinals,NFL,,,Pittsburgh,1,,,,9.0,217.0,6.416666666666667
Aaron Brewer,LS,,,30,6'5,232 lbs,Arizona Cardinals,NFL,,,San Diego State,9,,,,46.0,232.0,6.416666666666667
Jared Goff,QB,,,25,6'4,222 lbs,Los Angeles Rams,NFL,,,California,5,,,,16.0,222.0,6.333333333333333
Bryce Perkins,QB,,,23,6'3,215 lbs,Los Angeles Rams,NFL,,,Virginia,R,,,,5.0,215.0,6.25
John Wolford,QB,,,24,6'1,200 lbs,Los Angeles Rams,NFL,,,Wake Forest,1,,,,9.0,200.0,6.083333333333333
Cam Akers,RB,,,21,5'10,217 lbs,Los Angeles Rams,NFL,,,Florida State,R,,,,23.0,217.0,5.833333333333333
Malcolm Brown,RB,,,27,5'11,222 lbs,Los Angeles Rams,NFL,,,Texas,5,,,,34.0,222.0,5.916666666666667
Darrell Henderson Jr.,RB,,,23,5'8,208 lbs,Los Angeles Rams,NFL,,,Memphis,2,,,,27.0,208.0,5.666666666666667
Xavier Jones,RB,,,23,5'11,208 lbs,Los Angeles Rams,NFL,,,SMU,R,,,,35.0,208.0,5.916666666666667
John Kelly,RB,,,23,5'10,205 lbs,Los Angeles Rams,NFL,,,Tennessee,2,,,,42.0,205.0,5.833333333333333
Earnest Edwards,WR,,,22,5'10,175 lbs,Los Angeles Rams,NFL,,,Maine,R,,,,,175.0,5.833333333333333
Trishton Jackson,WR,,,22,6'1,191 lbs,Los Angeles Rams,NFL,,,Syracuse,R,,,,83.0,191.0,6.083333333333333
Van Jefferson,WR,,,24,6'1,200 lbs,Los Angeles Rams,NFL,,,Florida,R,,,,12.0,200.0,6.083333333333333
J.J. Koski,WR,,,23,6'1,195 lbs,Los Angeles Rams,NFL,,,Cal Poly-Pomona,R,,,,15.0,195.0,6.083333333333333
Cooper Kupp,WR,,,27,6'2,208 lbs,Los Angeles Rams,NFL,,,Eastern Washington,4,,,,10.0,208.0,6.166666666666667
Josh Reynolds,WR,,,25,6'3,196 lbs,Los Angeles Rams,NFL,,,Texas A&M,4,,,,11.0,196.0,6.25
Nsimba Webster,WR,,,24,5'10,180 lbs,Los Angeles Rams,NFL,,,Eastern Washington,2,,,,14.0,180.0,5.833333333333333
Easop Winston Jr.,WR,,,23,6'0,192 lbs,Los Angeles Rams,NFL,,,Washington State,R,,,,4.0,192.0,6.0
Robert Woods,WR,,,28,6'0,195 lbs,Los Angeles Rams,NFL,,,USC,8,,,,17.0,195.0,6.0
Kendall Blanton,TE,,,24,6'6,262 lbs,Los Angeles Rams,NFL,,,Missouri,1,,,,86.0,262.0,6.5
Gerald Everett,TE,,,26,6'3,240 lbs,Los Angeles Rams,NFL,,,South Alabama,4,,,,81.0,240.0,6.25
Tyler Higbee,TE,,,27,6'6,255 lbs,Los Angeles Rams,NFL,,,Western Kentucky,5,,,,89.0,255.0,6.5
Brycen Hopkins,TE,,,23,6'4,245 lbs,Los Angeles Rams,NFL,,,Purdue,R,,,,88.0,245.0,6.333333333333333
Johnny Mundt,TE,,,25,6'4,233 lbs,Los Angeles Rams,NFL,,,Oregon,3,,,,82.0,233.0,6.333333333333333
Brian Allen,C,,,24,6'2,303 lbs,Los Angeles Rams,NFL,,,Michigan State,3,,,,55.0,303.0,6.166666666666667
Austin Blythe,C,,,28,6'3,298 lbs,Los Angeles Rams,NFL,,,Iowa,5,,,,66.0,298.0,6.25
Austin Corbett,C,,,24,6'4,306 lbs,Los Angeles Rams,NFL,,,Nevada,3,,,,63.0,306.0,6.333333333333333
Coleman Shelton,C,,,25,6'4,299 lbs,Los Angeles Rams,NFL,,,Washington,2,,,,65.0,299.0,6.333333333333333
Tremayne Anchrum,G,,,22,6'2,314 lbs,Los Angeles Rams,NFL,,,Clemson,R,,,,72.0,314.0,6.166666666666667
Jamil Demby,G,,,24,6'5,321 lbs,Los Angeles Rams,NFL,,,Maine,2,,,,64.0,321.0,6.416666666666667
Jeremiah Kolone,G,,,25,6'3,316 lbs,Los Angeles Rams,NFL,,,San Jose State,1,,,,61.0,316.0,6.25
Cohl Cabral,OT,,,22,6'5,304 lbs,Los Angeles Rams,NFL,,,Arizona State,R,,,,68.0,304.0,6.416666666666667
David Edwards,OT,,,23,6'6,308 lbs,Los Angeles Rams,NFL,,,Wisconsin,2,,,,73.0,308.0,6.5
Bobby Evans,OT,,,23,6'4,312 lbs,Los Angeles Rams,NFL,,,Oklahoma,2,,,,71.0,312.0,6.333333333333333
Rob Havenstein,OT,,,28,6'8,330 lbs,Los Angeles Rams,NFL,,,Wisconsin,6,,,,79.0,330.0,6.666666666666667
Joe Noteboom,OT,,,25,6'5,321 lbs,Los Angeles Rams,NFL,,,TCU,3,,,,70.0,321.0,6.416666666666667
Andrew Whitworth,OT,,,38,6'7,330 lbs,Los Angeles Rams,NFL,,,LSU,15,,,,77.0,330.0,6.583333333333333
Eric Banks,DE,,,22,6'5,230 lbs,Los Angeles Rams,NFL,,,UTSA,R,,,,79.0,230.0,6.416666666666667
Morgan Fox,DE,,,25,6'3,275 lbs,Los Angeles Rams,NFL,,,Colorado State-Pueblo,4,,,,97.0,275.0,6.25
Jonah Williams,DE,,,25,6'5,275 lbs,Los Angeles Rams,NFL,,,Weber State,R,,,,62.0,275.0,6.416666666666667
Michael Brockers,DT,,,29,6'5,305 lbs,Los Angeles Rams,NFL,,,LSU,9,,,,90.0,305.0,6.416666666666667
Marquise Copeland,DT,,,23,6'2,287 lbs,Los Angeles Rams,NFL,,,Cincinnati,1,,,,93.0,287.0,6.166666666666667
Aaron Donald,DT,,,29,6'1,280 lbs,Los Angeles Rams,NFL,,,Pittsburgh,7,,,,99.0,280.0,6.083333333333333
Greg Gaines,DT,,,24,6'1,312 lbs,Los Angeles Rams,NFL,,,Washington,2,,,,91.0,312.0,6.083333333333333
Sebastian Joseph-Day,DT,,,25,6'4,310 lbs,Los Angeles Rams,NFL,,,Rutgers,3,,,,69.0,310.0,6.333333333333333
A'Shawn Robinson,DT,,,25,6'4,330 lbs,Los Angeles Rams,NFL,,,Alabama,5,,,,94.0,330.0,6.333333333333333
Daniel Bituli,LB,,,22,6'3,252 lbs,Los Angeles Rams,NFL,,,Tennessee,R,,,,49.0,252.0,6.25
Samson Ebukam,LB,,,25,6'3,245 lbs,Los Angeles Rams,NFL,,,Eastern Washington,4,,,,50.0,245.0,6.25
Leonard Floyd,LB,,,27,6'5,240 lbs,Los Angeles Rams,NFL,,,Georgia,5,,,,54.0,240.0,6.416666666666667
Travin Howard,LB,,,24,6'1,219 lbs,Los Angeles Rams,NFL,,,TCU,2,,,,48.0,219.0,6.083333333333333
Clay Johnston,LB,,,24,6'1,227 lbs,Los Angeles Rams,NFL,,,Baylor,R,,,,58.0,227.0,6.083333333333333
Micah Kiser,LB,,,25,6'0,244 lbs,Los Angeles Rams,NFL,,,Virginia,3,,,,59.0,244.0,6.0
Justin Lawler,LB,,,25,6'4,265 lbs,Los Angeles Rams,NFL,,,SMU,3,,,,53.0,265.0,6.333333333333333
Terrell Lewis,LB,,,22,6'5,262 lbs,Los Angeles Rams,NFL,,,Alabama,R,,,,52.0,262.0,6.416666666666667
Derrick Moncrief,LB,,,27,6'2,220 lbs,Los Angeles Rams,NFL,,,Oklahoma State,1,,,,,220.0,6.166666666666667
Ogbonnia Okoronkwo,LB,,,25,6'2,253 lbs,Los Angeles Rams,NFL,,,Oklahoma,3,,,,45.0,253.0,6.166666666666667
Natrez Patrick,LB,,,23,6'3,242 lbs,Los Angeles Rams,NFL,,,Georgia,2,,,,57.0,242.0,6.25
Jachai Polite,LB,,,22,6'3,258 lbs,Los Angeles Rams,NFL,,,Florida,1,,,,95.0,258.0,6.25
Troy Reeder,LB,,,25,6'3,245 lbs,Los Angeles Rams,NFL,,,Delaware,2,,,,51.0,245.0,6.25
Christian Rozeboom,LB,,,23,6'2,230 lbs,Los Angeles Rams,NFL,,,South Dakota,R,,,,56.0,230.0,6.166666666666667
Kenny Young,LB,,,25,6'1,234 lbs,Los Angeles Rams,NFL,,,UCLA,3,,,,41.0,234.0,6.083333333333333
Adonis Alexander,CB,,,23,6'3,205 lbs,Los Angeles Rams,NFL,,,Virginia Tech,2,,,,36.0,205.0,6.25
Donte Deayon,CB,,,26,5'9,159 lbs,Los Angeles Rams,NFL,,,Boise State,4,,,,21.0,159.0,5.75
Dayan Ghanwoloku,CB,,,23,5'11,200 lbs,Los Angeles Rams,NFL,,,BYU,R,,,,38.0,200.0,5.916666666666667
Troy Hill,CB,,,29,5'11,183 lbs,Los Angeles Rams,NFL,,,Oregon,5,,,,22.0,183.0,5.916666666666667
David Long Jr.,CB,,,22,5'11,196 lbs,Los Angeles Rams,NFL,,,Michigan,2,,,,25.0,196.0,5.916666666666667
Tyrique McGhee,CB,,,22,5'10,187 lbs,Los Angeles Rams,NFL,,,Georgia,R,,,,37.0,187.0,5.833333333333333
Jalen Ramsey,CB,,,25,6'1,208 lbs,Los Angeles Rams,NFL,,,Florida State,5,,,,20.0,208.0,6.083333333333333
Darious Williams,CB,,,27,5'9,187 lbs,Los Angeles Rams,NFL,,,UAB,3,,,,31.0,187.0,5.75
Terrell Burgess,S,,,23,5'11,202 lbs,Los Angeles Rams,NFL,,,Utah,R,,,,26.0,202.0,5.916666666666667
Jordan Fuller,S,,,22,6'2,203 lbs,Los Angeles Rams,NFL,,,Ohio State,R,,,,4.0,203.0,6.166666666666667
Jake Gervase,S,,,24,6'1,212 lbs,Los Angeles Rams,NFL,,,Iowa,2,,,,39.0,212.0,6.083333333333333
Juju Hughes,S,,,22,5'11,188 lbs,Los Angeles Rams,NFL,,,Fresno State,R,,,,46.0,188.0,5.916666666666667
John Johnson III,S,,,24,6'0,209 lbs,Los Angeles Rams,NFL,,,Boston College,4,,,,43.0,209.0,6.0
Taylor Rapp,S,,,22,6'0,208 lbs,Los Angeles Rams,NFL,,,Washington,2,,,,24.0,208.0,6.0
Nick Scott,S,,,25,5'11,200 lbs,Los Angeles Rams,NFL,,,Penn State,2,,,,33.0,200.0,5.916666666666667
Lirim Hajrullahu,PK,,,30,5'11,205 lbs,Los Angeles Rams,NFL,,,Western Ontario,1,,,,3.0,205.0,5.916666666666667
Austin MacGinnis,PK,,,25,5'10,185 lbs,Los Angeles Rams,NFL,,,Kentucky,1,,,,8.0,185.0,5.833333333333333
Sam Sloman,PK,,,22,5'8,205 lbs,Los Angeles Rams,NFL,,,Miami (OH),R,,,,1.0,205.0,5.666666666666667
Johnny Hekker,P,,,30,6'5,241 lbs,Los Angeles Rams,NFL,,,Oregon State,9,,,,6.0,241.0,6.416666666666667
Jake McQuaide,LS,,,32,6'2,235 lbs,Los Angeles Rams,NFL,,,Ohio State,10,,,,44.0,235.0,6.166666666666667
C.J. Beathard,QB,,,26,6'2,215 lbs,San Francisco 49ers,NFL,,,Iowa,4,,,,3.0,215.0,6.166666666666667
Jimmy Garoppolo,QB,,,28,6'2,225 lbs,San Francisco 49ers,NFL,,,Eastern Illinois,7,,,,10.0,225.0,6.166666666666667
Nick Mullens,QB,,,25,6'1,210 lbs,San Francisco 49ers,NFL,,,Southern Miss,3,,,,4.0,210.0,6.083333333333333
Tevin Coleman,RB,,,27,6'1,210 lbs,San Francisco 49ers,NFL,,,Indiana,6,,,,26.0,210.0,6.083333333333333
JaMycal Hasty,RB,,,23,5'8,205 lbs,San Francisco 49ers,NFL,,,Baylor,R,,,,38.0,205.0,5.666666666666667
Jerick McKinnon,RB,,,28,5'9,205 lbs,San Francisco 49ers,NFL,,,Georgia Southern,7,,,,28.0,205.0,5.75
Raheem Mostert,RB,,,28,5'10,205 lbs,San Francisco 49ers,NFL,,,Purdue,6,,,,31.0,205.0,5.833333333333333
Jeff Wilson Jr.,RB,,,24,6'0,213 lbs,San Francisco 49ers,NFL,,,North Texas,3,,,,30.0,213.0,6.0
Josh Hokit,FB,,,22,6'1,225 lbs,San Francisco 49ers,NFL,,,Fresno State,R,,,,49.0,225.0,6.083333333333333
Kyle Juszczyk,FB,,,29,6'1,235 lbs,San Francisco 49ers,NFL,,,Harvard,8,,,,44.0,235.0,6.083333333333333
Brandon Aiyuk,WR,,,22,6'0,200 lbs,San Francisco 49ers,NFL,,,Arizona State,R,,,,11.0,200.0,6.0
Tavon Austin,WR,,,30,5'8,185 lbs,San Francisco 49ers,NFL,,,West Virginia,8,,,,,185.0,5.666666666666667
Travis Benjamin,WR,,,30,5'10,175 lbs,San Francisco 49ers,NFL,,,Miami (FL),9,,,,17.0,175.0,5.833333333333333
Kendrick Bourne,WR,,,25,6'1,190 lbs,San Francisco 49ers,NFL,,,Eastern Washington,4,,,,84.0,190.0,6.083333333333333
River Cracraft,WR,,,25,6'0,198 lbs,San Francisco 49ers,NFL,,,Washington State,2,,,,6.0,198.0,6.0
Jauan Jennings,WR,,,23,6'3,212 lbs,San Francisco 49ers,NFL,,,Tennessee,R,,,,81.0,212.0,6.25
Dante Pettis,WR,,,24,6'1,195 lbs,San Francisco 49ers,NFL,,,Washington,3,,,,18.0,195.0,6.083333333333333
Shawn Poindexter,WR,,,24,6'5,213 lbs,San Francisco 49ers,NFL,,,Arizona,2,,,,1.0,213.0,6.416666666666667
Deebo Samuel,WR,,,24,6'0,215 lbs,San Francisco 49ers,NFL,,,South Carolina,2,,,,19.0,215.0,6.0
Trent Taylor,WR,,,26,5'8,180 lbs,San Francisco 49ers,NFL,,,Louisiana Tech,4,,,,15.0,180.0,5.666666666666667
Kevin White,WR,,,28,6'3,216 lbs,San Francisco 49ers,NFL,,,West Virginia,5,,,,18.0,216.0,6.25
Ross Dwelley,TE,,,25,6'5,235 lbs,San Francisco 49ers,NFL,,,San Diego,3,,,,82.0,235.0,6.416666666666667
MarQueis Gray,TE,,,30,6'4,260 lbs,San Francisco 49ers,NFL,,,Minnesota,6,,,,48.0,260.0,6.333333333333333
Chase Harrell,TE,,,23,6'4,249 lbs,San Francisco 49ers,NFL,,,Arkansas,R,,,,83.0,249.0,6.333333333333333
George Kittle,TE,,,26,6'4,250 lbs,San Francisco 49ers,NFL,,,Iowa,4,,,,85.0,250.0,6.333333333333333
Jordan Reed,TE,,,30,6'2,242 lbs,San Francisco 49ers,NFL,,,Florida,8,,,,86.0,242.0,6.166666666666667
Charlie Woerner,TE,,,22,6'5,241 lbs,San Francisco 49ers,NFL,,,Georgia,R,,,,89.0,241.0,6.416666666666667
Jake Brendel,C,,,27,6'4,299 lbs,San Francisco 49ers,NFL,,,UCLA,3,,,,64.0,299.0,6.333333333333333
Hroniss Grasu,C,,,29,6'3,301 lbs,San Francisco 49ers,NFL,,,Oregon,6,,,,63.0,301.0,6.25
Weston Richburg,C,,,29,6'4,295 lbs,San Francisco 49ers,NFL,,,Colorado State,7,,,,58.0,295.0,6.333333333333333
Tom Compton,G,,,31,6'6,315 lbs,San Francisco 49ers,NFL,,,South Dakota,8,,,,66.0,315.0,6.5
Ben Garland,G,,,32,6'5,304 lbs,San Francisco 49ers,NFL,,,Air Force,7,,,,63.0,304.0,6.416666666666667
Ross Reynolds,G,,,24,6'4,300 lbs,San Francisco 49ers,NFL,,,Iowa,1,,,,76.0,300.0,6.333333333333333
Dakoda Shepley,G,,,25,6'5,290 lbs,San Francisco 49ers,NFL,,,Brit Columbia,R,,,,65.0,290.0,6.416666666666667
Laken Tomlinson,G,,,28,6'3,315 lbs,San Francisco 49ers,NFL,,,Duke,6,,,,75.0,315.0,6.25
Daniel Brunskill,OT,,,26,6'5,300 lbs,San Francisco 49ers,NFL,,,San Diego State,2,,,,60.0,300.0,6.416666666666667
Shon Coleman,OT,,,28,6'5,310 lbs,San Francisco 49ers,NFL,,,Auburn,5,,,,78.0,310.0,6.416666666666667
Jaryd Jones-Smith,OT,,,24,6'7,345 lbs,San Francisco 49ers,NFL,,,Pittsburgh,1,,,,62.0,345.0,6.583333333333333
Mike McGlinchey,OT,,,25,6'8,310 lbs,San Francisco 49ers,NFL,,,Notre Dame,3,,,,69.0,310.0,6.666666666666667
Colton McKivitz,OT,,,24,6'6,301 lbs,San Francisco 49ers,NFL,,,West Virginia,R,,,,68.0,301.0,6.5
Justin Skule,OT,,,23,6'6,315 lbs,San Francisco 49ers,NFL,,,Vanderbilt,2,,,,67.0,315.0,6.5
William Sweet,OT,,,23,6'6,313 lbs,San Francisco 49ers,NFL,,,North Carolina,2,,,,,313.0,6.5
Trent Williams,OT,,,32,6'5,320 lbs,San Francisco 49ers,NFL,,,Oklahoma,10,,,,71.0,320.0,6.416666666666667
Arik Armstead,DE,,,26,6'7,290 lbs,San Francisco 49ers,NFL,,,Oregon,6,,,,91.0,290.0,6.583333333333333
Alex Barrett,DE,,,26,6'3,260 lbs,San Francisco 49ers,NFL,,,San Diego State,1,,,,96.0,260.0,6.25
Ronald Blair III,DE,,,27,6'4,270 lbs,San Francisco 49ers,NFL,,,Appalachian State,5,,,,98.0,270.0,6.333333333333333
Nick Bosa,DE,,,22,6'4,266 lbs,San Francisco 49ers,NFL,,,Ohio State,2,,,,97.0,266.0,6.333333333333333
Dee Ford,DE,,,29,6'2,252 lbs,San Francisco 49ers,NFL,,,Auburn,7,,,,55.0,252.0,6.166666666666667
Kerry Hyder,DE,,,29,6'2,275 lbs,San Francisco 49ers,NFL,,,Texas Tech,5,,,,92.0,275.0,6.166666666666667
Dion Jordan,DE,,,30,6'6,284 lbs,San Francisco 49ers,NFL,,,Oregon,6,,,,,284.0,6.5
Kentavius Street,DE,,,24,6'2,287 lbs,San Francisco 49ers,NFL,,,North Carolina State,2,,,,95.0,287.0,6.166666666666667
Solomon Thomas,DE,,,25,6'3,280 lbs,San Francisco 49ers,NFL,,,Stanford,4,,,,94.0,280.0,6.25
Darrion Daniels,DT,,,22,6'3,311 lbs,San Francisco 49ers,NFL,,,Nebraska,R,,,,65.0,311.0,6.25
Kevin Givens,DT,,,23,6'1,285 lbs,San Francisco 49ers,NFL,,,Penn State,1,,,,90.0,285.0,6.083333333333333
D.J. Jones,DT,,,25,6'0,305 lbs,San Francisco 49ers,NFL,,,Ole Miss,4,,,,93.0,305.0,6.0
Javon Kinlaw,DT,,,22,6'5,319 lbs,San Francisco 49ers,NFL,,,South Carolina,R,,,,99.0,319.0,6.416666666666667
Jullian Taylor,DT,,,25,6'5,305 lbs,San Francisco 49ers,NFL,,,Temple,3,,,,77.0,305.0,6.416666666666667
Azeez Al-Shaair,LB,,,23,6'2,228 lbs,San Francisco 49ers,NFL,,,Florida Atlantic,2,,,,51.0,228.0,6.166666666666667
Kwon Alexander,LB,,,26,6'1,227 lbs,San Francisco 49ers,NFL,,,LSU,6,,,,56.0,227.0,6.083333333333333
Demetrius Flannigan-Fowles,LB,,,23,6'2,210 lbs,San Francisco 49ers,NFL,,,Arizona,1,,,,45.0,210.0,6.166666666666667
Dre Greenlaw,LB,,,23,6'0,230 lbs,San Francisco 49ers,NFL,,,Arkansas,2,,,,57.0,230.0,6.0
Mark Nzeocha,LB,,,30,6'3,235 lbs,San Francisco 49ers,NFL,,,Wyoming,6,,,,53.0,235.0,6.25
Joe Walker,LB,,,27,6'2,236 lbs,San Francisco 49ers,NFL,,,Oregon,5,,,,59.0,236.0,6.166666666666667
Fred Warner,LB,,,23,6'3,230 lbs,San Francisco 49ers,NFL,,,BYU,3,,,,54.0,230.0,6.25
Tim Harris,CB,,,25,6'1,205 lbs,San Francisco 49ers,NFL,,,Virginia,2,,,,35.0,205.0,6.083333333333333
Dontae Johnson,CB,,,28,6'2,200 lbs,San Francisco 49ers,NFL,,,North Carolina State,7,,,,27.0,200.0,6.166666666666667
Emmanuel Moseley,CB,,,24,5'11,190 lbs,San Francisco 49ers,NFL,,,Tennessee,3,,,,41.0,190.0,5.916666666666667
Richard Sherman,CB,,,32,6'3,205 lbs,San Francisco 49ers,NFL,,,Stanford,10,,,,25.0,205.0,6.25
Jamar Taylor,CB,,,29,5'11,192 lbs,San Francisco 49ers,NFL,,,Boise State,8,,,,40.0,192.0,5.916666666666667
Jason Verrett,CB,,,29,5'10,188 lbs,San Francisco 49ers,NFL,,,TCU,7,,,,22.0,188.0,5.833333333333333
Jimmie Ward,CB,,,29,5'11,195 lbs,San Francisco 49ers,NFL,,,Northern Illinois,7,,,,20.0,195.0,5.916666666666667
K'Waun Williams,CB,,,29,5'9,185 lbs,San Francisco 49ers,NFL,,,Pittsburgh,6,,,,24.0,185.0,5.75
Ahkello Witherspoon,CB,,,25,6'3,195 lbs,San Francisco 49ers,NFL,,,Colorado,4,,,,23.0,195.0,6.25
Johnathan Cyprien,S,,,30,6'1,211 lbs,San Francisco 49ers,NFL,,,Florida International,8,,,,32.0,211.0,6.083333333333333
Evan Foster,S,,,--,6'0,215 lbs,San Francisco 49ers,NFL,,,Syracuse,R,,,,9.0,215.0,6.0
Marcell Harris,S,,,26,6'0,215 lbs,San Francisco 49ers,NFL,,,Florida,3,,,,36.0,215.0,6.0
Jared Mayden,S,,,22,6'0,205 lbs,San Francisco 49ers,NFL,,,Alabama,R,,,,43.0,205.0,6.0
Tarvarius Moore,S,,,24,6'2,200 lbs,San Francisco 49ers,NFL,,,Southern Miss,3,,,,33.0,200.0,6.166666666666667
Jaquiski Tartt,S,,,28,6'1,215 lbs,San Francisco 49ers,NFL,,,Samford,6,,,,29.0,215.0,6.083333333333333
Robbie Gould,PK,,,37,6'0,190 lbs,San Francisco 49ers,NFL,,,Penn State,16,,,,9.0,190.0,6.0
Mitch Wishnowsky,P,,,28,6'2,220 lbs,San Francisco 49ers,NFL,,,Utah,2,,,,6.0,220.0,6.166666666666667
Kyle Nelson,LS,,,33,6'2,240 lbs,San Francisco 49ers,NFL,,,New Mexico State,9,,,,86.0,240.0,6.166666666666667
Danny Etling,QB,,,26,6'3,220 lbs,Seattle Seahawks,NFL,,,LSU,1,,,,,220.0,6.25
Anthony Gordon,QB,,,24,6'2,201 lbs,Seattle Seahawks,NFL,,,Washington State,R,,,,6.0,201.0,6.166666666666667
Geno Smith,QB,,,29,6'3,221 lbs,Seattle Seahawks,NFL,,,West Virginia,8,,,,7.0,221.0,6.25
Russell Wilson,QB,,,31,5'11,215 lbs,Seattle Seahawks,NFL,,,Wisconsin,9,,,,3.0,215.0,5.916666666666667
Patrick Carr,RB,,,24,5'10,205 lbs,Seattle Seahawks,NFL,,,Houston,R,,,,39.0,205.0,5.833333333333333
Chris Carson,RB,,,25,5'11,222 lbs,Seattle Seahawks,NFL,,,Oklahoma State,4,,,,32.0,222.0,5.916666666666667
DeeJay Dallas,RB,,,21,5'10,217 lbs,Seattle Seahawks,NFL,,,Miami (FL),R,,,,31.0,217.0,5.833333333333333
Travis Homer,RB,,,22,5'10,202 lbs,Seattle Seahawks,NFL,,,Miami (FL),2,,,,25.0,202.0,5.833333333333333
Carlos Hyde,RB,,,29,6'0,229 lbs,Seattle Seahawks,NFL,,,Ohio State,7,,,,,229.0,6.0
Rashaad Penny,RB,,,24,5'11,220 lbs,Seattle Seahawks,NFL,,,San Diego State,3,,,,20.0,220.0,5.916666666666667
Nick Bellore,FB,,,31,6'1,250 lbs,Seattle Seahawks,NFL,,,Central Michigan,10,,,,44.0,250.0,6.083333333333333
Seth Dawkins,WR,,,22,6'3,218 lbs,Seattle Seahawks,NFL,,,Louisville,R,,,,13.0,218.0,6.25
Phillip Dorsett II,WR,,,27,5'10,192 lbs,Seattle Seahawks,NFL,,,Miami (FL),6,,,,11.0,192.0,5.833333333333333
Aaron Fuller,WR,,,22,5'11,188 lbs,Seattle Seahawks,NFL,,,Washington,R,,,,2.0,188.0,5.916666666666667
Penny Hart,WR,,,24,5'8,180 lbs,Seattle Seahawks,NFL,,,Georgia State,1,,,,19.0,180.0,5.666666666666667
Tyler Lockett,WR,,,27,5'10,182 lbs,Seattle Seahawks,NFL,,,Kansas State,6,,,,16.0,182.0,5.833333333333333
DK Metcalf,WR,,,22,6'4,229 lbs,Seattle Seahawks,NFL,,,Ole Miss,2,,,,14.0,229.0,6.333333333333333
David Moore,WR,,,25,6'0,215 lbs,Seattle Seahawks,NFL,,,East Central,4,,,,83.0,215.0,6.0
Paul Richardson Jr.,WR,,,28,6'0,180 lbs,Seattle Seahawks,NFL,,,Colorado,7,,,,,180.0,6.0
Stephen Sullivan,WR,,,23,6'5,245 lbs,Seattle Seahawks,NFL,,,LSU,R,,,,87.0,245.0,6.416666666666667
Freddie Swain,WR,,,22,6'0,199 lbs,Seattle Seahawks,NFL,,,Florida,R,,,,18.0,199.0,6.0
Cody Thompson,WR,,,24,6'2,205 lbs,Seattle Seahawks,NFL,,,Toledo,1,,,,81.0,205.0,6.166666666666667
John Ursua,WR,,,26,5'9,182 lbs,Seattle Seahawks,NFL,,,Hawai'i',2,,,,15.0,182.0,5.75
Will Dissly,TE,,,24,6'4,265 lbs,Seattle Seahawks,NFL,,,Washington,3,,,,89.0,265.0,6.333333333333333
Jacob Hollister,TE,,,26,6'4,245 lbs,Seattle Seahawks,NFL,,,Wyoming,4,,,,86.0,245.0,6.333333333333333
Tyler Mabry,TE,,,23,6'3,247 lbs,Seattle Seahawks,NFL,,,Maryland,R,,,,85.0,247.0,6.25
Greg Olsen,TE,,,35,6'5,255 lbs,Seattle Seahawks,NFL,,,Miami (FL),14,,,,88.0,255.0,6.416666666666667
Colby Parkinson,TE,,,21,6'7,251 lbs,Seattle Seahawks,NFL,,,Stanford,R,,,,84.0,251.0,6.583333333333333
Luke Willson,TE,,,30,6'5,255 lbs,Seattle Seahawks,NFL,,,Rice,8,,,,82.0,255.0,6.416666666666667
B.J. Finney,C,,,28,6'4,318 lbs,Seattle Seahawks,NFL,,,Kansas State,5,,,,67.0,318.0,6.333333333333333
Kyle Fuller,C,,,26,6'5,320 lbs,Seattle Seahawks,NFL,,,Baylor,2,,,,61.0,320.0,6.416666666666667
Phil Haynes,G,,,24,6'4,322 lbs,Seattle Seahawks,NFL,,,Wake Forest,2,,,,60.0,322.0,6.333333333333333
Mike Iupati,G,,,33,6'5,331 lbs,Seattle Seahawks,NFL,,,Idaho,11,,,,70.0,331.0,6.416666666666667
Damien Lewis,G,,,23,6'2,327 lbs,Seattle Seahawks,NFL,,,LSU,R,,,,68.0,327.0,6.166666666666667
Ethan Pocic,G,,,25,6'6,320 lbs,Seattle Seahawks,NFL,,,LSU,4,,,,77.0,320.0,6.5
Jordan Simmons,G,,,26,6'4,339 lbs,Seattle Seahawks,NFL,,,USC,3,,,,66.0,339.0,6.333333333333333
Duane Brown,OT,,,35,6'4,315 lbs,Seattle Seahawks,NFL,,,Virginia Tech,13,,,,76.0,315.0,6.333333333333333
Tommy Champion,OT,,,23,6'5,320 lbs,Seattle Seahawks,NFL,,,Mississippi State,R,,,,79.0,320.0,6.416666666666667
Jamarco Jones,OT,,,24,6'4,293 lbs,Seattle Seahawks,NFL,,,Ohio State,3,,,,73.0,293.0,6.333333333333333
Cedric Ogbuehi,OT,,,28,6'5,308 lbs,Seattle Seahawks,NFL,,,Texas A&M,6,,,,74.0,308.0,6.416666666666667
Brandon Shell,OT,,,28,6'5,324 lbs,Seattle Seahawks,NFL,,,South Carolina,5,,,,72.0,324.0,6.416666666666667
Chad Wheeler,OT,,,26,6'7,318 lbs,Seattle Seahawks,NFL,,,USC,3,,,,75.0,318.0,6.583333333333333
L.J. Collier,DE,,,24,6'2,291 lbs,Seattle Seahawks,NFL,,,TCU,2,,,,95.0,291.0,6.166666666666667
Rasheem Green,DE,,,23,6'4,279 lbs,Seattle Seahawks,NFL,,,USC,3,,,,94.0,279.0,6.333333333333333
Branden Jackson,DE,,,27,6'4,295 lbs,Seattle Seahawks,NFL,,,Texas Tech,4,,,,93.0,295.0,6.333333333333333
Benson Mayowa,DE,,,29,6'3,265 lbs,Seattle Seahawks,NFL,,,Idaho,8,,,,99.0,265.0,6.25
Alton Robinson,DE,,,22,6'3,259 lbs,Seattle Seahawks,NFL,,,Syracuse,R,,,,98.0,259.0,6.25
Darrell Taylor,DE,,,23,6'4,267 lbs,Seattle Seahawks,NFL,,,Tennessee,R,,,,58.0,267.0,6.333333333333333
Josh Avery,DT,,,24,6'3,322 lbs,Seattle Seahawks,NFL,,,Southeast Missouri State,R,,,,63.0,322.0,6.25
Demarcus Christmas,DT,,,25,6'3,302 lbs,Seattle Seahawks,NFL,,,Florida State,2,,,,67.0,302.0,6.25
Poona Ford,DT,,,24,5'11,310 lbs,Seattle Seahawks,NFL,,,Texas,3,,,,97.0,310.0,5.916666666666667
PJ Johnson,DT,,,24,6'3,320 lbs,Seattle Seahawks,NFL,,,Arizona,1,,,,,320.0,6.25
Cedrick Lattimore,DT,,,22,6'3,300 lbs,Seattle Seahawks,NFL,,,Iowa,R,,,,75.0,300.0,6.25
Bryan Mone,DT,,,24,6'3,366 lbs,Seattle Seahawks,NFL,,,Michigan,1,,,,79.0,366.0,6.25
Jarran Reed,DT,,,27,6'3,306 lbs,Seattle Seahawks,NFL,,,Alabama,5,,,,91.0,306.0,6.25
Cody Barton,LB,,,23,6'2,237 lbs,Seattle Seahawks,NFL,,,Utah,2,,,,57.0,237.0,6.166666666666667
Jordyn Brooks,LB,,,22,6'0,240 lbs,Seattle Seahawks,NFL,,,Texas Tech,R,,,,56.0,240.0,6.0
Ben Burr-Kirven,LB,,,22,6'0,230 lbs,Seattle Seahawks,NFL,,,Washington,2,,,,55.0,230.0,6.0
Shaquem Griffin,LB,,,25,6'0,227 lbs,Seattle Seahawks,NFL,,,UCF,3,,,,49.0,227.0,6.0
Bruce Irvin,LB,,,32,6'3,258 lbs,Seattle Seahawks,NFL,,,West Virginia,9,,,,51.0,258.0,6.25
Bobby Wagner,LB,,,30,6'0,242 lbs,Seattle Seahawks,NFL,,,Utah State,9,,,,54.0,242.0,6.0
K.J. Wright,LB,,,31,6'4,246 lbs,Seattle Seahawks,NFL,,,Mississippi State,10,,,,50.0,246.0,6.333333333333333
Quinton Dunbar,CB,,,28,6'2,202 lbs,Seattle Seahawks,NFL,,,Florida,5,,,,22.0,202.0,6.166666666666667
Tre Flowers,CB,,,25,6'3,203 lbs,Seattle Seahawks,NFL,,,Oklahoma State,3,,,,21.0,203.0,6.25
Shaquill Griffin,CB,,,25,6'0,198 lbs,Seattle Seahawks,NFL,,,UCF,4,,,,26.0,198.0,6.0
Gavin Heslop,CB,,,22,6'0,197 lbs,Seattle Seahawks,NFL,,,Stony Brook,R,,,,9.0,197.0,6.0
Ryan Neal,CB,,,24,6'3,200 lbs,Seattle Seahawks,NFL,,,Southern Illinois,1,,,,35.0,200.0,6.25
D.J. Reed Jr.,CB,,,23,5'9,193 lbs,Seattle Seahawks,NFL,,,Kansas State,3,,,,32.0,193.0,5.75
Debione Renfro,CB,,,21,6'2,198 lbs,Seattle Seahawks,NFL,,,Texas A&M,R,,,,38.0,198.0,6.166666666666667
Jayson Stanley,CB,,,23,6'2,207 lbs,Seattle Seahawks,NFL,,,Georgia,1,,,,1.0,207.0,6.166666666666667
Linden Stephens,CB,,,25,6'0,193 lbs,Seattle Seahawks,NFL,,,Cincinnati,1,,,,34.0,193.0,6.0
Neiko Thorpe,CB,,,30,6'2,210 lbs,Seattle Seahawks,NFL,,,Auburn,8,,,,23.0,210.0,6.166666666666667
Jamal Adams,S,,,24,6'1,213 lbs,Seattle Seahawks,NFL,,,LSU,3,,,,33.0,213.0,6.083333333333333
Ugo Amadi,S,,,23,5'9,201 lbs,Seattle Seahawks,NFL,,,Oregon,2,,,,28.0,201.0,5.75
Marquise Blair,S,,,23,6'1,196 lbs,Seattle Seahawks,NFL,,,Utah,2,,,,27.0,196.0,6.083333333333333
Quandre Diggs,S,,,27,5'9,198 lbs,Seattle Seahawks,NFL,,,Texas,6,,,,37.0,198.0,5.75
Lano Hill,S,,,24,6'1,216 lbs,Seattle Seahawks,NFL,,,Michigan,4,,,,42.0,216.0,6.083333333333333
Chris Miller,S,,,22,5'11,180 lbs,Seattle Seahawks,NFL,,,Baylor,R,,,,33.0,180.0,5.916666666666667
Jason Myers,PK,,,29,5'10,190 lbs,Seattle Seahawks,NFL,,,Marist,6,,,,5.0,190.0,5.833333333333333
Michael Dickson,P,,,24,6'2,208 lbs,Seattle Seahawks,NFL,,,Texas,3,,,,4.0,208.0,6.166666666666667
Tyler Ott,LS,,,28,6'3,253 lbs,Seattle Seahawks,NFL,,,Harvard,6,,,,69.0,253.0,6.25
Kenny Stamatopoulos,G,,,41,6'2,183 lbs,AIK,Champions League Football,,,,,Canada,,,13.0,183.0,6.166666666666667
Budimir Janosevic,G,,,30,6'3,190 lbs,AIK,Champions League Football,,,,,Serbia,,,23.0,190.0,6.25
Jakob Haugaard,G,,,28,6'6,192 lbs,AIK,Champions League Football,,,,,Denmark,,,31.0,192.0,6.5
Mikael Lustig,D,,,33,6'2,170 lbs,AIK,Champions League Football,,,,,Sweden,,,,170.0,6.166666666666667
Daniel Granli,D,,,26,6'2,172 lbs,AIK,Champions League Football,,,,,Norway,,,2.0,172.0,6.166666666666667
Per Karlsson,D,,,34,6'1,181 lbs,AIK,Champions League Football,,,,,Sweden,,,3.0,181.0,6.083333333333333
Sotiris Papagiannopoulos,D,,,29,6'3,181 lbs,AIK,Champions League Football,,,,,Sweden,,,4.0,181.0,6.25
Karol Mets,D,,,27,6'3,201 lbs,AIK,Champions League Football,,,,,Estonia,,,5.0,201.0,6.25
Felix Michel,D,,,26,6'4,196 lbs,AIK,Champions League Football,,,,,Lebanon,,,12.0,196.0,6.333333333333333
Robert Lundstrom,D,,,30,6'0,159 lbs,AIK,Champions League Football,,,,,Sweden,,,15.0,159.0,6.0
Robin Tihi,D,,,18,--,--,AIK,Champions League Football,,,,,Sweden,,,16.0,,
Erik Otieno,D,,,23,--,--,AIK,Champions League Football,,,,,Kenya,,,25.0,,
Adam Ben Lamin,D,,,19,6'0,--,AIK,Champions League Football,,,,,Sweden,,,28.0,,6.0
Eric Kahl,D,,,18,--,--,AIK,Champions League Football,,,,,Sweden,,,29.0,,
Yasin Ayari,M,,,16,--,--,AIK,Champions League Football,,,,,--,,,,,
Filip Rogic,M,,,27,5'11,170 lbs,AIK,Champions League Football,,,,,--,,,,170.0,5.916666666666667
Panajotis Dimitriadis,M,,,34,6'0,172 lbs,AIK,Champions League Football,,,,,Sweden,,,6.0,172.0,6.0
Sebastian Larsson,M,,,35,5'10,152 lbs,AIK,Champions League Football,,,,,Sweden,,,7.0,152.0,5.833333333333333
Enoch Adu,M,,,29,5'8,141 lbs,AIK,Champions League Football,,,,,Ghana,,,8.0,141.0,5.666666666666667
Ebenezer Ofori,M,,,25,5'8,152 lbs,AIK,Champions League Football,,,,,Ghana,,,17.0,152.0,5.666666666666667
Bilal Hussein,M,,,20,6'0,--,AIK,Champions League Football,,,,,Sweden,,,18.0,,6.0
Rasmus Lindkvist,M,,,30,6'0,159 lbs,AIK,Champions League Football,,,,,Sweden,,,20.0,159.0,6.0
Heradi Rashidi,M,,,26,5'9,150 lbs,AIK,Champions League Football,,,,,Sweden,,,24.0,150.0,5.75
Tom Strannegard,M,,,18,--,--,AIK,Champions League Football,,,,,Sweden,,,32.0,,
Bojan Radulovic Samoukovic,F,,,20,6'3,172 lbs,AIK,Champions League Football,,,,,Serbia,,,,172.0,6.25
Kolbeinn Sigthorsson,F,,,30,6'1,183 lbs,AIK,Champions League Football,,,,,Iceland,,,9.0,183.0,6.083333333333333
Nabil Bahoui,F,,,29,6'2,183 lbs,AIK,Champions League Football,,,,,Sweden,,,10.0,183.0,6.166666666666667
Stefan Silva,F,,,30,5'11,168 lbs,AIK,Champions League Football,,,,,Sweden,,,11.0,168.0,5.916666666666667
Paulos Abraham,F,,,18,--,--,AIK,Champions League Football,,,,,Sweden,,,14.0,,
Saku Ylätupa,F,,,21,5'7,148 lbs,AIK,Champions League Football,,,,,Finland,,,19.0,148.0,5.583333333333333
Henok Goitom,F,,,35,6'2,185 lbs,AIK,Champions League Football,,,,,Eritrea,,,36.0,185.0,6.166666666666667
Maarten Stekelenburg,G,,,37,6'6,203 lbs,Ajax Amsterdam,Champions League Football,,,,,Netherlands,,,1.0,203.0,6.5
Andre Onana,G,,,24,6'2,203 lbs,Ajax Amsterdam,Champions League Football,,,,,Cameroon,,,24.0,203.0,6.166666666666667
Dominik Kotarski,G,,,20,6'1,163 lbs,Ajax Amsterdam,Champions League Football,,,,,Croatia,,,33.0,163.0,6.083333333333333
Kjell Scherpen,G,,,20,6'8,185 lbs,Ajax Amsterdam,Champions League Football,,,,,Netherlands,,,35.0,185.0,6.666666666666667
Neraysho Kasanwirjo,D,,,18,--,--,Ajax Amsterdam,Champions League Football,,,,,Netherlands,,,,,
Perr Schuurs,D,,,20,6'4,174 lbs,Ajax Amsterdam,Champions League Football,,,,,Netherlands,,,2.0,174.0,6.333333333333333
Edson Álvarez,D,,,22,6'1,157 lbs,Ajax Amsterdam,Champions League Football,,,,,Mexico,,,4.0,157.0,6.083333333333333
Noussair Mazraoui,D,,,22,6'0,137 lbs,Ajax Amsterdam,Champions League Football,,,,,Morocco,,,12.0,137.0,6.0
Lisandro Magallán,D,,,26,6'0,172 lbs,Ajax Amsterdam,Champions League Football,,,,,Argentina,,,16.0,172.0,6.0
Daley Blind,D,,,30,5'11,159 lbs,Ajax Amsterdam,Champions League Football,,,,,Netherlands,,,17.0,159.0,5.916666666666667
Lisandro Martínez,D,,,22,5'10,170 lbs,Ajax Amsterdam,Champions League Football,,,,,Argentina,,,21.0,170.0,5.833333333333333
Devyne Rensch,D,,,17,5'7,--,Ajax Amsterdam,Champions League Football,,,,,--,,,24.0,,5.583333333333333
Sergiño  Dest,D,,,19,5'7,137 lbs,Ajax Amsterdam,Champions League Football,,,,,United States,,,28.0,137.0,5.583333333333333
Nicolás Tagliafico,D,,,28,5'7,141 lbs,Ajax Amsterdam,Champions League Football,,,,,Argentina,,,31.0,141.0,5.583333333333333
Jurrien Timber,D,,,19,5'5,--,Ajax Amsterdam,Champions League Football,,,,,Netherlands,,,41.0,,5.416666666666667
Max De Waal,M,,,18,--,--,Ajax Amsterdam,Champions League Football,,,,,Netherlands,,,,,
Enric Llansana,M,,,19,5'5,--,Ajax Amsterdam,Champions League Football,,,,,Netherlands,,,,,5.416666666666667
Kenneth Taylor,M,,,18,6'0,--,Ajax Amsterdam,Champions League Football,,,,,Netherlands,,,,,6.0
Quinten Timber,M,,,19,--,--,Ajax Amsterdam,Champions League Football,,,,,Netherlands,,,,,
Donny van de Beek,M,,,23,6'0,161 lbs,Ajax Amsterdam,Champions League Football,,,,,Netherlands,,,6.0,161.0,6.0
Carel Eiting,M,,,22,5'10,168 lbs,Ajax Amsterdam,Champions League Football,,,,,Netherlands,,,8.0,168.0,5.833333333333333
Dusan Tadic,M,,,31,5'11,168 lbs,Ajax Amsterdam,Champions League Football,,,,,Serbia,,,10.0,168.0,5.916666666666667
Quincy Promes,M,,,28,5'9,157 lbs,Ajax Amsterdam,Champions League Football,,,,,Netherlands,,,11.0,157.0,5.75
Razvan Marin,M,,,24,5'10,152 lbs,Ajax Amsterdam,Champions League Football,,,,,Romania,,,18.0,152.0,5.833333333333333
Zakaria Labyad,M,,,27,5'8,141 lbs,Ajax Amsterdam,Champions League Football,,,,,Netherlands,,,19.0,141.0,5.666666666666667
Mohammed Kudus,M,,,20,5'10,--,Ajax Amsterdam,Champions League Football,,,,,Ghana,,,20.0,,5.833333333333333
Jurgen Ekkelenkamp,M,,,20,6'0,163 lbs,Ajax Amsterdam,Champions League Football,,,,,Netherlands,,,26.0,163.0,6.0
Alex Mendez,M,,,19,5'9,150 lbs,Ajax Amsterdam,Champions League Football,,,,,United States,,,26.0,150.0,5.75
Noa Lang,M,,,21,5'10,161 lbs,Ajax Amsterdam,Champions League Football,,,,,Netherlands,,,27.0,161.0,5.833333333333333
Ryan Gravenberch,M,,,18,6'3,--,Ajax Amsterdam,Champions League Football,,,,,Netherlands,,,29.0,,6.25
Brian Brobbey,F,,,18,--,--,Ajax Amsterdam,Champions League Football,,,,,Netherlands,,,,,
David Neres,F,,,23,5'9,146 lbs,Ajax Amsterdam,Champions League Football,,,,,Brazil,,,7.0,146.0,5.75
Klaas-Jan Huntelaar,F,,,37,6'2,172 lbs,Ajax Amsterdam,Champions League Football,,,,,Netherlands,,,9.0,172.0,6.166666666666667
Lassina Traore,F,,,19,6'0,--,Ajax Amsterdam,Champions League Football,,,,,Burkina Faso,,,23.0,,6.0
Naci Ünüvar,F,,,17,5'3,--,Ajax Amsterdam,Champions League Football,,,,,Netherlands,,,37.0,,5.25
Antony,F,,,20,5'8,139 lbs,Ajax Amsterdam,Champions League Football,,,,,Brazil,,,39.0,139.0,5.666666666666667
Sontje Hansen,F,,,18,5'8,--,Ajax Amsterdam,Champions League Football,,,,,Netherlands,,,40.0,,5.666666666666667
Rafael Romo,G,,,30,6'6,185 lbs,Apoel Nicosia,Champions League Football,,,,,Venezuela,,,1.0,185.0,6.5
Vid Belec,G,,,30,6'4,183 lbs,Apoel Nicosia,Champions League Football,,,,,Slovenia,,,27.0,183.0,6.333333333333333
Boy Waterman,G,,,36,6'2,201 lbs,Apoel Nicosia,Champions League Football,,,,,Netherlands,,,99.0,201.0,6.166666666666667
Kevin Lafrance,D,,,30,6'1,174 lbs,Apoel Nicosia,Champions League Football,,,,,Haiti,,,13.0,174.0,6.083333333333333
Omar Al Zebdieh,D,,,21,5'8,168 lbs,Apoel Nicosia,Champions League Football,,,,,Jordan,,,19.0,168.0,5.666666666666667
Minas Antoniou,D,,,26,--,--,Apoel Nicosia,Champions League Football,,,,,Cyprus,,,22.0,,
Joazinho,D,,,31,6'1,152 lbs,Apoel Nicosia,Champions League Football,,,,,Portugal,,,23.0,152.0,6.083333333333333
Praxitelis Vouros,D,,,25,6'0,152 lbs,Apoel Nicosia,Champions League Football,,,,,Greece,,,29.0,152.0,6.0
Giorgios Merkis,D,,,36,6'0,172 lbs,Apoel Nicosia,Champions League Football,,,,,Cyprus,,,30.0,172.0,6.0
Andreas Makris,D,,,22,5'7,150 lbs,Apoel Nicosia,Champions League Football,,,,,Cyprus,,,33.0,150.0,5.583333333333333
Constantinos Karayiannis,D,,,20,--,--,Apoel Nicosia,Champions League Football,,,,,Cyprus,,,37.0,,
Nicholas Ioannou,D,,,24,6'0,170 lbs,Apoel Nicosia,Champions League Football,,,,,Cyprus,,,44.0,170.0,6.0
Christos Shelis,D,,,20,6'0,150 lbs,Apoel Nicosia,Champions League Football,,,,,Cyprus,,,55.0,150.0,6.0
Vujadin Savic,D,,,30,6'4,181 lbs,Apoel Nicosia,Champions League Football,,,,,Serbia,,,90.0,181.0,6.333333333333333
Savvas Gkentsoglou,M,,,29,6'1,163 lbs,Apoel Nicosia,Champions League Football,,,,,Greece,,,6.0,163.0,6.083333333333333
Georgios Efrem,M,,,31,5'9,152 lbs,Apoel Nicosia,Champions League Football,,,,,Cyprus,,,7.0,152.0,5.75
Lucas Souza,M,,,30,6'1,179 lbs,Apoel Nicosia,Champions League Football,,,,,Brazil,,,8.0,179.0,6.083333333333333
Tomas De Vincenti,M,,,31,5'10,159 lbs,Apoel Nicosia,Champions League Football,,,,,Argentina,,,10.0,159.0,5.833333333333333
Musa Suleiman,M,,,23,5'9,159 lbs,Apoel Nicosia,Champions League Football,,,,,Jordan,,,11.0,159.0,5.75
Uros Matic,M,,,30,6'0,172 lbs,Apoel Nicosia,Champions League Football,,,,,Serbia,,,14.0,172.0,6.0
Loukas Kalogirou,M,,,18,--,--,Apoel Nicosia,Champions League Football,,,,,Cyprus,,,34.0,,
Stathis Aloneftis,M,,,37,5'5,137 lbs,Apoel Nicosia,Champions League Football,,,,,Cyprus,,,46.0,137.0,5.416666666666667
Antonio Jakolis,M,,,28,5'9,148 lbs,Apoel Nicosia,Champions League Football,,,,,Croatia,,,70.0,148.0,5.75
Dragan Mihajlovic,M,,,29,5'10,161 lbs,Apoel Nicosia,Champions League Football,,,,,Yugoslavia,,,91.0,161.0,5.833333333333333
Alef,M,,,25,6'1,157 lbs,Apoel Nicosia,Champions League Football,,,,,Brazil,,,95.0,157.0,6.083333333333333
Reza Ghoochannejhad,F,,,32,5'11,168 lbs,Apoel Nicosia,Champions League Football,,,,,Iran,,,,168.0,5.916666666666667
Linus Hallenius,F,,,31,6'1,163 lbs,Apoel Nicosia,Champions League Football,,,,,Sweden,,,9.0,163.0,6.083333333333333
Andrija Pavlovic,F,,,26,6'2,181 lbs,Apoel Nicosia,Champions League Football,,,,,Serbia,,,20.0,181.0,6.166666666666667
André Vidigal,F,,,22,5'9,148 lbs,Apoel Nicosia,Champions League Football,,,,,Portugal,,,71.0,148.0,5.75
Roman Bezjak,F,,,31,5'10,161 lbs,Apoel Nicosia,Champions League Football,,,,,Slovenia,,,89.0,161.0,5.833333333333333
Nikolaos Melikyan,G,,,21,--,--,Ararat-Armenia,Champions League Football,,,,,--,,,12.0,,
Dmitri Abakumov,G,,,31,6'0,159 lbs,Ararat-Armenia,Champions League Football,,,,,Russia,,,33.0,159.0,6.0
Stefan Cupic,G,,,26,6'2,168 lbs,Ararat-Armenia,Champions League Football,,,,,Serbia,,,44.0,168.0,6.166666666666667
Àngelo Teixeira,D,,,27,6'2,163 lbs,Ararat-Armenia,Champions League Football,,,,,--,,,3.0,163.0,6.166666666666667
Georgi Pashov,D,,,30,5'10,--,Ararat-Armenia,Champions League Football,,,,,--,,,6.0,,5.833333333333333
Dmitry Guz,D,,,32,--,--,Ararat-Armenia,Champions League Football,,,,,--,,,15.0,,
Aleksandar Damchevski,D,,,27,6'4,185 lbs,Ararat-Armenia,Champions League Football,,,,,--,,,21.0,185.0,6.333333333333333
Artur Danielyan,D,,,22,5'10,163 lbs,Ararat-Armenia,Champions League Football,,,,,Armenia,,,22.0,163.0,5.833333333333333
Alex Christian,D,,,26,5'9,152 lbs,Ararat-Armenia,Champions League Football,,,,,Haiti,,,93.0,152.0,5.75
Davit Nalbandyan,M,,,21,--,--,Ararat-Armenia,Champions League Football,,,,,--,,,,,
Armen Nahapetyan,M,,,21,--,--,Ararat-Armenia,Champions League Football,,,,,--,,,7.0,,
Gor Malakyan,M,,,26,5'8,150 lbs,Ararat-Armenia,Champions League Football,,,,,--,,,8.0,150.0,5.666666666666667
Armen Hambartsumyan,M,,,26,5'10,161 lbs,Ararat-Armenia,Champions League Football,,,,,--,,,10.0,161.0,5.833333333333333
Zakaria Sanogo,M,,,23,5'7,130 lbs,Ararat-Armenia,Champions League Football,,,,,--,,,17.0,130.0,5.583333333333333
Artem Avanesyan,M,,,21,--,--,Ararat-Armenia,Champions League Football,,,,,--,,,18.0,,
Rochdi Achenteh,M,,,32,5'10,152 lbs,Ararat-Armenia,Champions League Football,,,,,Netherlands,,,20.0,152.0,5.833333333333333
Furdjel Narsingh,M,,,32,5'9,163 lbs,Ararat-Armenia,Champions League Football,,,,,Netherlands,,,27.0,163.0,5.75
Alphonse Kódjo,M,,,27,5'10,152 lbs,Ararat-Armenia,Champions League Football,,,,,--,,,63.0,152.0,5.833333333333333
Ilja Antonov,M,,,27,5'8,161 lbs,Ararat-Armenia,Champions League Football,,,,,--,,,67.0,161.0,5.666666666666667
Petros Avetisyan,M,,,24,5'10,--,Ararat-Armenia,Champions League Football,,,,,Armenia,,,77.0,,5.833333333333333
Mailson Lima,M,,,26,5'10,--,Ararat-Armenia,Champions League Football,,,,,--,,,94.0,,5.833333333333333
Jean-Jacques Bougouhi,F,,,28,5'8,150 lbs,Ararat-Armenia,Champions League Football,,,,,--,,,9.0,150.0,5.666666666666667
Narek Alaverdyan,F,,,18,--,--,Ararat-Armenia,Champions League Football,,,,,--,,,19.0,,
Anton Kobyalko,F,,,34,6'0,170 lbs,Ararat-Armenia,Champions League Football,,,,,Russia,,,32.0,170.0,6.0
Ogana Louis,F,,,24,6'1,172 lbs,Ararat-Armenia,Champions League Football,,,,,Nigeria,,,99.0,172.0,6.083333333333333
Marco Sportiello,G,,,28,6'4,192 lbs,Atalanta,Champions League Football,,,,,Italy,,,57.0,192.0,6.333333333333333
Khadime Ndiaye,G,,,20,--,--,Atalanta,Champions League Football,,,,,Senegal,,,64.0,,
Pierluigi Gollini,G,,,25,6'2,174 lbs,Atalanta,Champions League Football,,,,,Italy,,,95.0,174.0,6.166666666666667
Anton Kresic,D,,,24,5'10,161 lbs,Atalanta,Champions League Football,,,,,Croatia,,,,161.0,5.833333333333333
Matteo Salvi,D,,,21,--,--,Atalanta,Champions League Football,,,,,--,,,,,
Rafael Tolói,D,,,29,6'1,163 lbs,Atalanta,Champions League Football,,,,,Brazil,,,2.0,163.0,6.083333333333333
Mattia Caldara,D,,,26,6'3,163 lbs,Atalanta,Champions League Football,,,,,Italy,,,3.0,163.0,6.25
José Palomino,D,,,30,6'3,172 lbs,Atalanta,Champions League Football,,,,,Argentina,,,6.0,172.0,6.25
Lennart Czyborra,D,,,21,5'10,159 lbs,Atalanta,Champions League Football,,,,,Germany,,,7.0,159.0,5.833333333333333
Robin Gosens,D,,,26,6'0,168 lbs,Atalanta,Champions League Football,,,,,Germany,,,8.0,168.0,6.0
Remo Freuler,D,,,28,5'11,170 lbs,Atalanta,Champions League Football,,,,,Switzerland,,,11.0,170.0,5.916666666666667
Rodrigo Guth,D,,,19,6'3,--,Atalanta,Champions League Football,,,,,--,,,16.0,,6.25
Timothy Castagne,D,,,24,6'1,174 lbs,Atalanta,Champions League Football,,,,,Belgium,,,21.0,174.0,6.083333333333333
Raoul Bellanova,D,,,20,6'1,172 lbs,Atalanta,Champions League Football,,,,,Italy,,,22.0,172.0,6.083333333333333
Francesco Rossi,D,,,29,6'4,183 lbs,Atalanta,Champions League Football,,,,,Italy,,,31.0,183.0,6.333333333333333
Hans Hateboer,D,,,26,6'2,161 lbs,Atalanta,Champions League Football,,,,,Netherlands,,,33.0,161.0,6.166666666666667
Memeh Okoli,D,,,19,--,--,Atalanta,Champions League Football,,,,,Nigeria,,,55.0,,
David Heidenreich,D,,,20,--,--,Atalanta,Champions League Football,,,,,Czech Republic,,,87.0,,
Emmanuel Latte Lath,M,,,21,5'11,163 lbs,Atalanta,Champions League Football,,,,,--,,,,163.0,5.916666666666667
Bosko Sutalo,M,,,20,--,--,Atalanta,Champions League Football,,,,,Croatia,,,4.0,,
Adrien Tamèze,M,,,26,5'11,172 lbs,Atalanta,Champions League Football,,,,,France,,,5.0,172.0,5.916666666666667
Alejandro Gómez,M,,,32,5'5,150 lbs,Atalanta,Champions League Football,,,,,Argentina,,,10.0,150.0,5.416666666666667
Marten de Roon,M,,,29,6'1,168 lbs,Atalanta,Champions League Football,,,,,Netherlands,,,15.0,168.0,6.083333333333333
Ruslan Malinovskyi,M,,,27,5'11,161 lbs,Atalanta,Champions League Football,,,,,Ukraine,,,18.0,161.0,5.916666666666667
Berat Djimsiti,M,,,27,6'3,183 lbs,Atalanta,Champions League Football,,,,,Albania,,,19.0,183.0,6.25
Jacopo Da Riva,M,,,19,--,--,Atalanta,Champions League Football,,,,,Italy,,,20.0,,
Josip Ilicic,M,,,32,6'3,172 lbs,Atalanta,Champions League Football,,,,,Slovenia,,,72.0,172.0,6.25
Mario Pasalic,M,,,25,6'2,172 lbs,Atalanta,Champions League Football,,,,,Croatia,,,88.0,172.0,6.166666666666667
Ebrima Colley,M,,,20,--,--,Atalanta,Champions League Football,,,,,Gambia,,,90.0,,
Aimone Cali,F,,,23,--,--,Atalanta,Champions League Football,,,,,Italy,,,,,
Luis Muriel,F,,,29,5'10,172 lbs,Atalanta,Champions League Football,,,,,Colombia,,,9.0,172.0,5.833333333333333
Roberto Piccoli,F,,,19,6'2,172 lbs,Atalanta,Champions League Football,,,,,Italy,,,17.0,172.0,6.166666666666667
Amadou Traore,F,,,18,--,--,Atalanta,Champions League Football,,,,,France,,,79.0,,
Duván Zapata,F,,,29,6'1,174 lbs,Atalanta,Champions League Football,,,,,Colombia,,,91.0,174.0,6.083333333333333
Antonio Adán,G,,,33,6'3,203 lbs,Atletico Madrid,Champions League Football,,,,,Spain,,,1.0,203.0,6.25
Jan Oblak,G,,,27,6'2,192 lbs,Atletico Madrid,Champions League Football,,,,,Slovenia,,,13.0,192.0,6.166666666666667
Alex Dos Santos,G,,,21,6'1,172 lbs,Atletico Madrid,Champions League Football,,,,,Spain,,,37.0,172.0,6.083333333333333
José Giménez,D,,,25,6'1,174 lbs,Atletico Madrid,Champions League Football,,,,,Uruguay,,,2.0,174.0,6.083333333333333
Santiago Arias,D,,,28,5'7,150 lbs,Atletico Madrid,Champions League Football,,,,,Colombia,,,4.0,150.0,5.583333333333333
Renan Lodi,D,,,22,5'9,159 lbs,Atletico Madrid,Champions League Football,,,,,Brazil,,,12.0,159.0,5.75
Stefan Savic,D,,,29,6'2,172 lbs,Atletico Madrid,Champions League Football,,,,,Montenegro,,,15.0,172.0,6.166666666666667
Felipe,D,,,31,6'3,170 lbs,Atletico Madrid,Champions League Football,,,,,Brazil,,,18.0,170.0,6.25
Vitolo,D,,,30,6'1,172 lbs,Atletico Madrid,Champions League Football,,,,,Spain,,,20.0,172.0,6.083333333333333
Mario Hermoso,D,,,25,6'0,161 lbs,Atletico Madrid,Champions League Football,,,,,Spain,,,22.0,161.0,6.0
Kieran Trippier,D,,,29,5'10,157 lbs,Atletico Madrid,Champions League Football,,,,,England,,,23.0,157.0,5.833333333333333
Sime Vrsaljko,D,,,28,5'11,168 lbs,Atletico Madrid,Champions League Football,,,,,Croatia,,,24.0,168.0,5.916666666666667
Rodrigo Riquelme,D,,,20,5'9,196 lbs,Atletico Madrid,Champions League Football,,,,,Spain,,,32.0,196.0,5.75
Manu Sánchez,D,,,20,5'10,152 lbs,Atletico Madrid,Champions League Football,,,,,Spain,,,35.0,152.0,5.833333333333333
Ricard Sánchez Sendra,D,,,20,5'9,--,Atletico Madrid,Champions League Football,,,,,Spain,,,42.0,,5.75
Thomas,M,,,27,6'1,170 lbs,Atletico Madrid,Champions League Football,,,,,Ghana,,,5.0,170.0,6.083333333333333
Koke,M,,,28,5'10,161 lbs,Atletico Madrid,Champions League Football,,,,,Spain,,,6.0,161.0,5.833333333333333
João Félix,M,,,20,5'11,139 lbs,Atletico Madrid,Champions League Football,,,,,Portugal,,,7.0,139.0,5.916666666666667
Saúl Ñíguez,M,,,25,6'0,170 lbs,Atletico Madrid,Champions League Football,,,,,Spain,,,8.0,170.0,6.0
Ángel Correa,M,,,25,5'7,150 lbs,Atletico Madrid,Champions League Football,,,,,Argentina,,,10.0,150.0,5.583333333333333
Thomas Lemar,M,,,24,5'7,137 lbs,Atletico Madrid,Champions League Football,,,,,France,,,11.0,137.0,5.583333333333333
Marcos Llorente,M,,,25,6'0,161 lbs,Atletico Madrid,Champions League Football,,,,,Spain,,,14.0,161.0,6.0
Héctor Herrera,M,,,30,5'11,150 lbs,Atletico Madrid,Champions League Football,,,,,Mexico,,,16.0,150.0,5.916666666666667
Álvaro García,M,,,20,6'0,--,Atletico Madrid,Champions League Football,,,,,--,,,25.0,,6.0
Antonio Moya,M,,,22,5'11,172 lbs,Atletico Madrid,Champions League Football,,,,,Spain,,,38.0,172.0,5.916666666666667
Óscar Clemente,M,,,21,5'9,--,Atletico Madrid,Champions League Football,,,,,Spain,,,39.0,,5.75
Álvaro Morata,F,,,27,6'2,185 lbs,Atletico Madrid,Champions League Football,,,,,Spain,,,9.0,185.0,6.166666666666667
Ivan Saponjic,F,,,23,6'2,181 lbs,Atletico Madrid,Champions League Football,,,,,Serbia,,,17.0,181.0,6.166666666666667
Diego Costa,F,,,31,6'2,190 lbs,Atletico Madrid,Champions League Football,,,,,Spain,,,19.0,190.0,6.166666666666667
Yannick Carrasco,F,,,26,5'11,157 lbs,Atletico Madrid,Champions League Football,,,,,Belgium,,,21.0,157.0,5.916666666666667
Sergio Camello,F,,,19,5'10,150 lbs,Atletico Madrid,Champions League Football,,,,,Spain,,,34.0,150.0,5.833333333333333
Darío Poveda,F,,,23,6'1,163 lbs,Atletico Madrid,Champions League Football,,,,,Spain,,,40.0,163.0,6.083333333333333
German Valera,F,,,18,5'7,150 lbs,Atletico Madrid,Champions League Football,,,,,Spain,,,48.0,150.0,5.583333333333333
Sergey Chernik,G,,,32,6'2,183 lbs,BATE Borisov,Champions League Football,,,,,--,,,16.0,183.0,6.166666666666667
Aleksandr Svirski,G,,,21,6'1,163 lbs,BATE Borisov,Champions League Football,,,,,--,,,28.0,163.0,6.083333333333333
Anton Chichkan,G,,,25,6'2,185 lbs,BATE Borisov,Champions League Football,,,,,--,,,35.0,185.0,6.166666666666667
Denis Shcherbitski,G,,,24,6'6,203 lbs,BATE Borisov,Champions League Football,,,,,--,,,48.0,203.0,6.5
Emil Jonassen,D,,,27,5'9,172 lbs,BATE Borisov,Champions League Football,,,,,Norway,,,3.0,172.0,5.75
Aleksandar Filipovic,D,,,25,6'0,174 lbs,BATE Borisov,Champions League Football,,,,,Serbia,,,4.0,174.0,6.0
Boris Kopitovic,D,,,25,6'1,183 lbs,BATE Borisov,Champions League Football,,,,,--,,,14.0,183.0,6.083333333333333
Yegor Filipenko,D,,,32,6'4,190 lbs,BATE Borisov,Champions League Football,,,,,Belarus,,,21.0,190.0,6.333333333333333
Maksim Myakish,D,,,20,--,--,BATE Borisov,Champions League Football,,,,,--,,,53.0,,
Dzhamaldin Khodzhanyiazov,D,,,24,6'1,152 lbs,BATE Borisov,Champions League Football,,,,,--,,,57.0,152.0,6.083333333333333
Evgeni Yablonski,M,,,25,6'0,181 lbs,BATE Borisov,Champions League Football,,,,,Belarus,,,5.0,181.0,6.0
Evgeni Berezkin,M,,,24,6'0,159 lbs,BATE Borisov,Champions League Football,,,,,--,,,7.0,159.0,6.0
Stanislav Dragun,M,,,32,6'0,168 lbs,BATE Borisov,Champions League Football,,,,,Belarus,,,8.0,168.0,6.0
Aleksey Rios,M,,,33,6'0,152 lbs,BATE Borisov,Champions League Football,,,,,--,,,17.0,152.0,6.0
Willum Thór Willumsson,M,,,21,--,--,BATE Borisov,Champions League Football,,,,,--,,,18.0,,
Dmitry Bessmertny,M,,,23,5'9,150 lbs,BATE Borisov,Champions League Football,,,,,--,,,19.0,150.0,5.75
Igor Stasevich,M,,,34,5'11,163 lbs,BATE Borisov,Champions League Football,,,,,Belarus,,,22.0,163.0,5.916666666666667
Zakhar Volkov,M,,,23,6'4,174 lbs,BATE Borisov,Champions League Football,,,,,--,,,23.0,174.0,6.333333333333333
Dmitri Baga,M,,,30,6'1,170 lbs,BATE Borisov,Champions League Football,,,,,Belarus,,,25.0,170.0,6.083333333333333
Slobodan Simovic,M,,,31,6'3,196 lbs,BATE Borisov,Champions League Football,,,,,--,,,27.0,196.0,6.25
Bojan Dubajic,F,,,30,6'0,168 lbs,BATE Borisov,Champions League Football,,,,,--,,,9.0,168.0,6.0
Anton Saroka,F,,,28,6'2,--,BATE Borisov,Champions League Football,,,,,Belarus,,,11.0,,6.166666666666667
Maksim Skavysh,F,,,30,5'10,179 lbs,BATE Borisov,Champions League Football,,,,,Belarus,,,15.0,179.0,5.833333333333333
Jasse Tuominen,F,,,24,6'1,161 lbs,BATE Borisov,Champions League Football,,,,,Finland,,,24.0,161.0,6.083333333333333
Nemanja Milic,F,,,30,6'1,181 lbs,BATE Borisov,Champions League Football,,,,,--,,,26.0,181.0,6.083333333333333
Hervaine Moukam,F,,,26,5'6,159 lbs,BATE Borisov,Champions League Football,,,,,--,,,94.0,159.0,5.5
Marc-André ter Stegen,G,,,28,6'2,185 lbs,Barcelona,Champions League Football,,,,,Germany,,,1.0,185.0,6.166666666666667
Neto,G,,,31,6'3,183 lbs,Barcelona,Champions League Football,,,,,Brazil,,,13.0,183.0,6.25
Iñaki Peña,G,,,21,6'0,172 lbs,Barcelona,Champions League Football,,,,,Spain,,,26.0,172.0,6.0
Arnau Urena Tenas,G,,,19,6'1,--,Barcelona,Champions League Football,,,,,--,,,36.0,,6.083333333333333
Moussa Wagué,D,,,21,5'10,152 lbs,Barcelona,Champions League Football,,,,,Senegal,,,,152.0,5.833333333333333
Gerard Piqué,D,,,33,6'4,163 lbs,Barcelona,Champions League Football,,,,,Spain,,,3.0,163.0,6.333333333333333
Clément Lenglet,D,,,25,6'1,179 lbs,Barcelona,Champions League Football,,,,,France,,,15.0,179.0,6.083333333333333
Jordi Alba,D,,,31,5'7,150 lbs,Barcelona,Champions League Football,,,,,Spain,,,18.0,150.0,5.583333333333333
Samuel Umtiti,D,,,26,6'0,163 lbs,Barcelona,Champions League Football,,,,,France,,,23.0,163.0,6.0
Júnior Firpo,D,,,24,6'0,172 lbs,Barcelona,Champions League Football,,,,,Spain,,,24.0,172.0,6.0
Ronald Araújo,D,,,21,6'2,172 lbs,Barcelona,Champions League Football,,,,,Uruguay,,,33.0,172.0,6.166666666666667
Dani Morer,D,,,32,5'5,128 lbs,Barcelona,Champions League Football,,,,,Spain,,,35.0,128.0,5.416666666666667
Sergio Akieme,D,,,22,5'9,152 lbs,Barcelona,Champions League Football,,,,,Equatorial Guinea,,,39.0,152.0,5.75
Jorge Cuenca,D,,,20,6'3,163 lbs,Barcelona,Champions League Football,,,,,Spain,,,43.0,163.0,6.25
Jean-Clair Todibo,M,,,20,6'3,179 lbs,Barcelona,Champions League Football,,,,,France,,,,179.0,6.25
Oriol Busquets,M,,,21,6'1,170 lbs,Barcelona,Champions League Football,,,,,Spain,,,,170.0,6.083333333333333
Nélson Semedo,M,,,26,5'10,148 lbs,Barcelona,Champions League Football,,,,,Portugal,,,2.0,148.0,5.833333333333333
Ivan Rakitic,M,,,32,6'0,172 lbs,Barcelona,Champions League Football,,,,,Croatia,,,4.0,172.0,6.0
Sergio Busquets,M,,,32,6'2,161 lbs,Barcelona,Champions League Football,,,,,Spain,,,5.0,161.0,6.166666666666667
Arthur,M,,,24,5'7,161 lbs,Barcelona,Champions League Football,,,,,Brazil,,,8.0,161.0,5.583333333333333
Sergi Roberto,M,,,28,5'10,150 lbs,Barcelona,Champions League Football,,,,,Spain,,,20.0,150.0,5.833333333333333
Frenkie de Jong,M,,,23,5'11,161 lbs,Barcelona,Champions League Football,,,,,Netherlands,,,21.0,161.0,5.916666666666667
Arturo Vidal,M,,,33,5'10,163 lbs,Barcelona,Champions League Football,,,,,Chile,,,22.0,163.0,5.833333333333333
Ricard Puig,M,,,21,5'7,121 lbs,Barcelona,Champions League Football,,,,,Spain,,,28.0,121.0,5.583333333333333
Alex Collado,M,,,21,5'10,146 lbs,Barcelona,Champions League Football,,,,,Spain,,,30.0,146.0,5.833333333333333
Monchu,M,,,20,5'8,150 lbs,Barcelona,Champions League Football,,,,,--,,,42.0,150.0,5.666666666666667
Luis Suárez,F,,,33,6'0,190 lbs,Barcelona,Champions League Football,,,,,Uruguay,,,9.0,190.0,6.0
Lionel Messi,F,,,33,5'7,159 lbs,Barcelona,Champions League Football,,,,,Argentina,,,10.0,159.0,5.583333333333333
Ousmane Dembélé,F,,,23,5'10,148 lbs,Barcelona,Champions League Football,,,,,France,,,11.0,148.0,5.833333333333333
Antoine Griezmann,F,,,29,5'9,161 lbs,Barcelona,Champions League Football,,,,,France,,,17.0,161.0,5.75
Martin Braithwaite,F,,,29,5'11,170 lbs,Barcelona,Champions League Football,,,,,Denmark,,,19.0,170.0,5.916666666666667
Ansu Fati,F,,,17,5'10,146 lbs,Barcelona,Champions League Football,,,,,Spain,,,31.0,146.0,5.833333333333333
Rey Manaj,F,,,23,6'0,168 lbs,Barcelona,Champions League Football,,,,,Albania,,,41.0,168.0,6.0
Lukas Hradecky,G,,,30,6'4,185 lbs,Bayer Leverkusen,Champions League Football,,,,,Finland,,,1.0,185.0,6.333333333333333
Lennart Grill,G,,,21,6'3,192 lbs,Bayer Leverkusen,Champions League Football,,,,,Germany,,,21.0,192.0,6.25
Ramazan Özcan,G,,,36,6'0,172 lbs,Bayer Leverkusen,Champions League Football,,,,,Austria,,,28.0,172.0,6.0
Niklas Lomb,G,,,27,6'2,183 lbs,Bayer Leverkusen,Champions League Football,,,,,Germany,,,36.0,183.0,6.166666666666667
Panagiotis Retsos,D,,,22,6'1,179 lbs,Bayer Leverkusen,Champions League Football,,,,,Greece,,,3.0,179.0,6.083333333333333
Jonathan Tah,D,,,24,6'5,214 lbs,Bayer Leverkusen,Champions League Football,,,,,Germany,,,4.0,214.0,6.416666666666667
Aleksandar Dragovic,D,,,29,6'1,192 lbs,Bayer Leverkusen,Champions League Football,,,,,Austria,,,6.0,192.0,6.083333333333333
Edmond Tapsoba,D,,,21,6'3,174 lbs,Bayer Leverkusen,Champions League Football,,,,,Burkina Faso,,,12.0,174.0,6.25
Tin Jedvaj,D,,,24,6'0,181 lbs,Bayer Leverkusen,Champions League Football,,,,,Croatia,,,16.0,181.0,6.0
Wendell,D,,,27,5'10,159 lbs,Bayer Leverkusen,Champions League Football,,,,,Brazil,,,18.0,159.0,5.833333333333333
Sven Bender,M,,,31,6'1,174 lbs,Bayer Leverkusen,Champions League Football,,,,,Germany,,,5.0,174.0,6.083333333333333
Paulinho,M,,,20,5'10,170 lbs,Bayer Leverkusen,Champions League Football,,,,,Brazil,,,7.0,170.0,5.833333333333333
Lars Bender,M,,,31,6'0,170 lbs,Bayer Leverkusen,Champions League Football,,,,,Germany,,,8.0,170.0,6.0
Kerem Demirbay,M,,,27,6'0,159 lbs,Bayer Leverkusen,Champions League Football,,,,,Germany,,,10.0,159.0,6.0
Nadiem Amiri,M,,,23,5'11,161 lbs,Bayer Leverkusen,Champions League Football,,,,,Germany,,,11.0,161.0,5.916666666666667
Julian Baumgartlinger,M,,,32,6'0,190 lbs,Bayer Leverkusen,Champions League Football,,,,,Austria,,,15.0,190.0,6.0
Charles Aránguiz,M,,,31,5'7,157 lbs,Bayer Leverkusen,Champions League Football,,,,,Chile,,,20.0,157.0,5.583333333333333
Daley Sinkgraven,M,,,25,5'10,141 lbs,Bayer Leverkusen,Champions League Football,,,,,Netherlands,,,22.0,141.0,5.833333333333333
Mitchell Weiser,M,,,26,5'10,157 lbs,Bayer Leverkusen,Champions League Football,,,,,Germany,,,23.0,157.0,5.833333333333333
Exequiel Palacios,M,,,21,5'10,152 lbs,Bayer Leverkusen,Champions League Football,,,,,Argentina,,,25.0,152.0,5.833333333333333
Florian Wirtz,M,,,17,5'9,150 lbs,Bayer Leverkusen,Champions League Football,,,,,Germany,,,27.0,150.0,5.75
Kai Havertz,M,,,21,6'2,183 lbs,Bayer Leverkusen,Champions League Football,,,,,Germany,,,29.0,183.0,6.166666666666667
Leon Bailey,F,,,23,5'10,172 lbs,Bayer Leverkusen,Champions League Football,,,,,Jamaica,,,9.0,172.0,5.833333333333333
Lucas Alario,F,,,27,6'0,172 lbs,Bayer Leverkusen,Champions League Football,,,,,Argentina,,,13.0,172.0,6.0
Joel Pohjanpalo,F,,,25,6'0,192 lbs,Bayer Leverkusen,Champions League Football,,,,,Finland,,,17.0,192.0,6.0
Moussa Diaby,F,,,21,5'7,141 lbs,Bayer Leverkusen,Champions League Football,,,,,France,,,19.0,141.0,5.583333333333333
Kevin Volland,F,,,28,5'10,185 lbs,Bayer Leverkusen,Champions League Football,,,,,Germany,,,31.0,185.0,5.833333333333333
Karim Bellarabi,F,,,30,6'0,179 lbs,Bayer Leverkusen,Champions League Football,,,,,Germany,,,38.0,179.0,6.0
Alexander Nübel,G,,,23,6'4,190 lbs,Bayern Munich,Champions League Football,,,,,Germany,,,,190.0,6.333333333333333
Manuel Neuer,G,,,34,6'4,203 lbs,Bayern Munich,Champions League Football,,,,,Germany,,,1.0,203.0,6.333333333333333
Sven Ulreich,G,,,32,6'4,192 lbs,Bayern Munich,Champions League Football,,,,,Germany,,,26.0,192.0,6.333333333333333
Christian Früchtl,G,,,20,6'4,183 lbs,Bayern Munich,Champions League Football,,,,,Germany,,,36.0,183.0,6.333333333333333
Ron-Thorben Hoffmann,G,,,21,6'4,183 lbs,Bayern Munich,Champions League Football,,,,,Germany,,,39.0,183.0,6.333333333333333
Bright Arrey-Mbi,D,,,17,--,--,Bayern Munich,Champions League Football,,,,,--,,,,,
Nianzou Kouassi,D,,,18,6'2,183 lbs,Bayern Munich,Champions League Football,,,,,France,,,,183.0,6.166666666666667
Álvaro Odriozola,D,,,24,5'9,146 lbs,Bayern Munich,Champions League Football,,,,,Spain,,,2.0,146.0,5.75
Niklas Süle,D,,,24,6'5,214 lbs,Bayern Munich,Champions League Football,,,,,Germany,,,4.0,214.0,6.416666666666667
Benjamin Pavard,D,,,24,6'1,168 lbs,Bayern Munich,Champions League Football,,,,,France,,,5.0,168.0,6.083333333333333
Jérôme Boateng,D,,,31,6'4,196 lbs,Bayern Munich,Champions League Football,,,,,Germany,,,17.0,196.0,6.333333333333333
Alphonso Davies,D,,,19,5'11,159 lbs,Bayern Munich,Champions League Football,,,,,Canada,,,19.0,159.0,5.916666666666667
Lucas Hernández,D,,,24,6'0,168 lbs,Bayern Munich,Champions League Football,,,,,France,,,21.0,168.0,6.0
David Alaba,D,,,28,5'11,172 lbs,Bayern Munich,Champions League Football,,,,,Austria,,,27.0,172.0,5.916666666666667
Chris Richards,D,,,20,6'2,179 lbs,Bayern Munich,Champions League Football,,,,,--,,,41.0,179.0,6.166666666666667
Leroy Sané,M,,,24,6'0,163 lbs,Bayern Munich,Champions League Football,,,,,Germany,,,,163.0,6.0
Malik Tillman,M,,,18,--,--,Bayern Munich,Champions League Football,,,,,--,,,,,
Thiago,M,,,29,5'9,152 lbs,Bayern Munich,Champions League Football,,,,,Spain,,,6.0,152.0,5.75
Javi Martínez,M,,,31,6'3,172 lbs,Bayern Munich,Champions League Football,,,,,Spain,,,8.0,172.0,6.25
Philippe Coutinho,M,,,28,5'8,150 lbs,Bayern Munich,Champions League Football,,,,,Brazil,,,10.0,150.0,5.666666666666667
Mickaël Cuisance,M,,,21,5'11,161 lbs,Bayern Munich,Champions League Football,,,,,France,,,11.0,161.0,5.916666666666667
Ivan Perisic,M,,,31,6'1,174 lbs,Bayern Munich,Champions League Football,,,,,Croatia,,,14.0,174.0,6.083333333333333
Leon Goretzka,M,,,25,6'2,172 lbs,Bayern Munich,Champions League Football,,,,,Germany,,,18.0,172.0,6.166666666666667
Corentin Tolisso,M,,,26,5'11,179 lbs,Bayern Munich,Champions League Football,,,,,France,,,24.0,179.0,5.916666666666667
Thomas Müller,M,,,30,6'1,163 lbs,Bayern Munich,Champions League Football,,,,,Germany,,,25.0,163.0,6.083333333333333
Kingsley Coman,M,,,24,5'10,163 lbs,Bayern Munich,Champions League Football,,,,,France,,,29.0,163.0,5.833333333333333
Joshua Kimmich,M,,,25,5'9,161 lbs,Bayern Munich,Champions League Football,,,,,Germany,,,32.0,161.0,5.75
Oliver Batista Meier,M,,,19,5'10,--,Bayern Munich,Champions League Football,,,,,Germany,,,34.0,,5.833333333333333
Paul Will,M,,,21,6'1,170 lbs,Bayern Munich,Champions League Football,,,,,Germany,,,37.0,170.0,6.083333333333333
Jamal Musiala,M,,,17,--,--,Bayern Munich,Champions League Football,,,,,--,,,42.0,,
Robert Lewandowski,F,,,32,6'0,172 lbs,Bayern Munich,Champions League Football,,,,,Poland,,,9.0,172.0,6.0
Jann-Fiete Arp,F,,,20,6'0,172 lbs,Bayern Munich,Champions League Football,,,,,Germany,,,15.0,172.0,6.0
Leon Dajaku,F,,,19,5'11,163 lbs,Bayern Munich,Champions League Football,,,,,Germany,,,16.0,163.0,5.916666666666667
Serge Gnabry,F,,,25,5'9,163 lbs,Bayern Munich,Champions League Football,,,,,Germany,,,22.0,163.0,5.75
Joshua Zirkzee,F,,,19,6'4,183 lbs,Bayern Munich,Champions League Football,,,,,Netherlands,,,35.0,183.0,6.333333333333333
Helton Leite,G,,,29,6'5,203 lbs,Benfica,Champions League Football,,,,,Brazil,,,,203.0,6.416666666666667
Mile Svilar,G,,,21,6'2,170 lbs,Benfica,Champions League Football,,,,,Belgium,,,1.0,170.0,6.166666666666667
Odisseas Vlachodimos,G,,,26,6'3,168 lbs,Benfica,Champions League Football,,,,,Greece,,,99.0,168.0,6.25
Gilberto,D,,,27,5'10,161 lbs,Benfica,Champions League Football,,,,,Brazil,,,,161.0,5.833333333333333
Pedro Pereira,D,,,22,6'0,170 lbs,Benfica,Champions League Football,,,,,Portugal,,,,170.0,6.0
Alejandro Grimaldo,D,,,24,5'9,157 lbs,Benfica,Champions League Football,,,,,Spain,,,3.0,157.0,5.75
Jan Vertonghen,D,,,33,6'2,192 lbs,Benfica,Champions League Football,,,,,Belgium,,,5.0,192.0,6.166666666666667
Rúben Dias,D,,,23,6'1,168 lbs,Benfica,Champions League Football,,,,,Portugal,,,6.0,168.0,6.083333333333333
Jhonder Cádiz,D,,,25,6'3,161 lbs,Benfica,Champions League Football,,,,,Venezuela,,,26.0,161.0,6.25
Jardel,D,,,34,6'4,185 lbs,Benfica,Champions League Football,,,,,Brazil,,,33.0,185.0,6.333333333333333
Nuno Tavares,D,,,20,6'0,163 lbs,Benfica,Champions League Football,,,,,Portugal,,,71.0,163.0,6.0
João Ferreira,D,,,19,6'1,161 lbs,Benfica,Champions League Football,,,,,Portugal,,,82.0,161.0,6.083333333333333
Tomas Tavares,D,,,18,6'2,161 lbs,Benfica,Champions League Football,,,,,Portugal,,,84.0,161.0,6.166666666666667
Pedro Álvaro,D,,,20,6'1,179 lbs,Benfica,Champions League Football,,,,,Portugal,,,89.0,179.0,6.083333333333333
Ferro,D,,,23,6'3,159 lbs,Benfica,Champions League Football,,,,,Portugal,,,97.0,159.0,6.25
Pedrinho,M,,,22,5'8,141 lbs,Benfica,Champions League Football,,,,,Brazil,,,,141.0,5.666666666666667
Ljubomir Fejsa,M,,,32,6'1,174 lbs,Benfica,Champions League Football,,,,,Serbia,,,,174.0,6.083333333333333
Gabriel,M,,,26,6'2,181 lbs,Benfica,Champions League Football,,,,,Brazil,,,8.0,181.0,6.166666666666667
Franco Cervi,M,,,26,5'7,148 lbs,Benfica,Champions League Football,,,,,Argentina,,,11.0,148.0,5.583333333333333
Alfa Semedo,M,,,23,6'3,163 lbs,Benfica,Champions League Football,,,,,Guinea-Bissau,,,16.0,163.0,6.25
Andrija Zivkovic,M,,,24,5'6,146 lbs,Benfica,Champions League Football,,,,,Serbia,,,17.0,146.0,5.5
Chiquinho,M,,,25,5'9,146 lbs,Benfica,Champions League Football,,,,,Portugal,,,19.0,146.0,5.75
Filip Krovinovic,M,,,25,5'9,152 lbs,Benfica,Champions League Football,,,,,Croatia,,,20.0,152.0,5.75
Andreas Samaris,M,,,31,6'3,174 lbs,Benfica,Champions League Football,,,,,Greece,,,22.0,174.0,6.25
Rafa,M,,,27,5'8,139 lbs,Benfica,Champions League Football,,,,,Portugal,,,27.0,139.0,5.666666666666667
Julian Weigl,M,,,24,6'1,159 lbs,Benfica,Champions League Football,,,,,Germany,,,28.0,159.0,6.083333333333333
André Almeida,M,,,29,6'1,157 lbs,Benfica,Champions League Football,,,,,Portugal,,,34.0,157.0,6.083333333333333
Felipe Diadema,M,,,19,6'3,190 lbs,Benfica,Champions League Football,,,,,Brazil,,,38.0,190.0,6.25
Adel Taarabt,M,,,31,5'10,170 lbs,Benfica,Champions League Football,,,,,Morocco,,,49.0,170.0,5.833333333333333
Florentino Luís,M,,,21,6'0,161 lbs,Benfica,Champions League Football,,,,,Portugal,,,61.0,161.0,6.0
Tiago Dantas,M,,,19,5'7,128 lbs,Benfica,Champions League Football,,,,,Portugal,,,86.0,128.0,5.583333333333333
Goncalo Ramos,M,,,19,5'4,172 lbs,Benfica,Champions League Football,,,,,Portugal,,,88.0,172.0,5.333333333333333
David Tavares,M,,,21,5'11,183 lbs,Benfica,Champions League Football,,,,,Portugal,,,92.0,183.0,5.916666666666667
Carlos Vinicius,M,,,25,6'3,190 lbs,Benfica,Champions League Football,,,,,Brazil,,,95.0,190.0,6.25
Diogo Gonçalves,F,,,23,5'9,146 lbs,Benfica,Champions League Football,,,,,Portugal,,,,146.0,5.75
Facundo Ferreyra,F,,,29,6'1,168 lbs,Benfica,Champions League Football,,,,,Argentina,,,,168.0,6.083333333333333
Everton,F,,,24,5'9,159 lbs,Benfica,Champions League Football,,,,,Brazil,,,7.0,159.0,5.75
Luca Waldschmidt,F,,,24,5'11,163 lbs,Benfica,Champions League Football,,,,,Germany,,,10.0,163.0,5.916666666666667
Haris Seferovic,F,,,28,6'2,185 lbs,Benfica,Champions League Football,,,,,Switzerland,,,14.0,185.0,6.166666666666667
Dyego Sousa,F,,,30,6'3,192 lbs,Benfica,Champions League Football,,,,,Portugal,,,20.0,192.0,6.25
Pizzi,F,,,30,5'8,146 lbs,Benfica,Champions League Football,,,,,Portugal,,,21.0,146.0,5.666666666666667
Jota,F,,,21,5'9,130 lbs,Benfica,Champions League Football,,,,,Portugal,,,73.0,130.0,5.75
Stefan Drljaca,G,,,21,6'3,--,Borussia Dortmund,Champions League Football,,,,,--,,,,,6.25
Roman Bürki,G,,,29,6'2,185 lbs,Borussia Dortmund,Champions League Football,,,,,Switzerland,,,1.0,185.0,6.166666666666667
Luca Unbehaun,G,,,19,6'1,181 lbs,Borussia Dortmund,Champions League Football,,,,,Germany,,,25.0,181.0,6.083333333333333
Marwin Hitz,G,,,31,6'4,194 lbs,Borussia Dortmund,Champions League Football,,,,,Switzerland,,,35.0,194.0,6.333333333333333
Nnamdi Collins,D,,,16,--,--,Borussia Dortmund,Champions League Football,,,,,--,,,,,
Maximilian Hippe,D,,,22,6'4,--,Borussia Dortmund,Champions League Football,,,,,--,,,,,6.333333333333333
Felix Passlack,D,,,22,5'7,161 lbs,Borussia Dortmund,Champions League Football,,,,,Germany,,,,161.0,5.583333333333333
Mateu Morey,D,,,20,5'8,150 lbs,Borussia Dortmund,Champions League Football,,,,,Spain,,,2.0,150.0,5.666666666666667
Dan-Axel Zagadou,D,,,21,6'5,196 lbs,Borussia Dortmund,Champions League Football,,,,,France,,,5.0,196.0,6.416666666666667
Raphaël Guerreiro,D,,,26,5'7,157 lbs,Borussia Dortmund,Champions League Football,,,,,Portugal,,,13.0,157.0,5.583333333333333
Nico Schulz,D,,,27,5'11,172 lbs,Borussia Dortmund,Champions League Football,,,,,Germany,,,14.0,172.0,5.916666666666667
Mats Hummels,D,,,31,6'4,196 lbs,Borussia Dortmund,Champions League Football,,,,,Germany,,,15.0,196.0,6.333333333333333
Manuel Akanji,D,,,25,6'2,201 lbs,Borussia Dortmund,Champions League Football,,,,,Switzerland,,,16.0,201.0,6.166666666666667
Thomas Meunier,D,,,28,6'3,192 lbs,Borussia Dortmund,Champions League Football,,,,,Belgium,,,24.0,192.0,6.25
Lukasz Piszczek,D,,,35,6'0,172 lbs,Borussia Dortmund,Champions League Football,,,,,Poland,,,26.0,172.0,6.0
Marcel Schmelzer,D,,,32,5'11,161 lbs,Borussia Dortmund,Champions League Football,,,,,Germany,,,29.0,161.0,5.916666666666667
Henri Weigelt,D,,,22,6'2,163 lbs,Borussia Dortmund,Champions League Football,,,,,Germany,,,46.0,163.0,6.166666666666667
Taylan Duman,M,,,23,5'10,163 lbs,Borussia Dortmund,Champions League Football,,,,,--,,,,163.0,5.833333333333333
Manuel Pherai,M,,,19,--,--,Borussia Dortmund,Champions League Football,,,,,--,,,,,
Thomas Delaney,M,,,28,6'0,157 lbs,Borussia Dortmund,Champions League Football,,,,,Denmark,,,6.0,157.0,6.0
Jadon Sancho,M,,,20,5'11,168 lbs,Borussia Dortmund,Champions League Football,,,,,England,,,7.0,168.0,5.916666666666667
Mahmoud Dahoud,M,,,24,5'10,150 lbs,Borussia Dortmund,Champions League Football,,,,,Germany,,,8.0,150.0,5.833333333333333
Thorgan Hazard,M,,,27,5'9,150 lbs,Borussia Dortmund,Champions League Football,,,,,Belgium,,,10.0,150.0,5.75
Julian Brandt,M,,,24,6'1,183 lbs,Borussia Dortmund,Champions League Football,,,,,Germany,,,19.0,183.0,6.083333333333333
Reiner Carvalho,M,,,18,6'1,172 lbs,Borussia Dortmund,Champions League Football,,,,,--,,,20.0,172.0,6.083333333333333
Jude Bellingham,M,,,17,5'11,163 lbs,Borussia Dortmund,Champions League Football,,,,,England,,,22.0,163.0,5.916666666666667
Emre Can,M,,,26,6'0,181 lbs,Borussia Dortmund,Champions League Football,,,,,Germany,,,23.0,181.0,6.0
Axel Witsel,M,,,31,6'1,161 lbs,Borussia Dortmund,Champions League Football,,,,,Belgium,,,28.0,161.0,6.083333333333333
Giovanni Reyna,M,,,17,6'0,172 lbs,Borussia Dortmund,Champions League Football,,,,,United States,,,32.0,172.0,6.0
Tobias Raschl,M,,,20,5'9,163 lbs,Borussia Dortmund,Champions League Football,,,,,Germany,,,37.0,163.0,5.75
Sergio Gómez,F,,,19,5'7,150 lbs,Borussia Dortmund,Champions League Football,,,,,Spain,,,,150.0,5.583333333333333
Ansgar Knauff,F,,,18,--,--,Borussia Dortmund,Champions League Football,,,,,--,,,,,
Youssoufa Moukoko,F,,,15,--,--,Borussia Dortmund,Champions League Football,,,,,--,,,,,
Richmond Tachie,F,,,21,6'0,--,Borussia Dortmund,Champions League Football,,,,,--,,,,,6.0
Marius Wolf,F,,,25,6'2,181 lbs,Borussia Dortmund,Champions League Football,,,,,Germany,,,,181.0,6.166666666666667
Erling Haaland,F,,,20,6'4,192 lbs,Borussia Dortmund,Champions League Football,,,,,Norway,,,9.0,192.0,6.333333333333333
Marco Reus,F,,,31,5'11,152 lbs,Borussia Dortmund,Champions League Football,,,,,Germany,,,11.0,152.0,5.916666666666667
Alaa Bakir,F,,,19,5'10,150 lbs,Borussia Dortmund,Champions League Football,,,,,--,,,21.0,150.0,5.833333333333333
Moritz Broschinski,F,,,19,6'2,172 lbs,Borussia Dortmund,Champions League Football,,,,,Germany,,,48.0,172.0,6.166666666666667
Cristian Balgradean,G,,,32,6'2,183 lbs,CFR Cluj-Napoca,Champions League Football,,,,,Romania,,,,183.0,6.166666666666667
Grzegorz Sandomierski,G,,,30,6'5,192 lbs,CFR Cluj-Napoca,Champions League Football,,,,,Poland,,,12.0,192.0,6.416666666666667
Ionut-Casian Rus,G,,,20,--,--,CFR Cluj-Napoca,Champions League Football,,,,,Romania,,,74.0,,
Otto Hindrich,G,,,18,--,--,CFR Cluj-Napoca,Champions League Football,,,,,--,,,89.0,,
Giannis Kontoes,D,,,34,5'11,157 lbs,CFR Cluj-Napoca,Champions League Football,,,,,Greece,,,,157.0,5.916666666666667
Andrei Radu,D,,,23,5'10,152 lbs,CFR Cluj-Napoca,Champions League Football,,,,,Romania,,,,152.0,5.833333333333333
Andrei Burca,D,,,27,6'2,--,CFR Cluj-Napoca,Champions League Football,,,,,Romania,,,3.0,,6.166666666666667
Denis Ciobotariu,D,,,22,6'1,--,CFR Cluj-Napoca,Champions League Football,,,,,Romania,,,13.0,,6.083333333333333
Mateo Susic,D,,,29,5'11,163 lbs,CFR Cluj-Napoca,Champions League Football,,,,,Bosnia and Herzegovina,,,16.0,163.0,5.916666666666667
Kevin Boli,D,,,29,6'0,170 lbs,CFR Cluj-Napoca,Champions League Football,,,,,Ivory Coast,,,21.0,170.0,6.0
Camora,D,,,33,5'10,150 lbs,CFR Cluj-Napoca,Champions League Football,,,,,Portugal,,,45.0,150.0,5.833333333333333
Mike Cestor,D,,,28,5'10,172 lbs,CFR Cluj-Napoca,Champions League Football,,,,,Congo DR,,,92.0,172.0,5.833333333333333
Alexandru Chipciu,M,,,31,5'10,161 lbs,CFR Cluj-Napoca,Champions League Football,,,,,Romania,,,,161.0,5.833333333333333
Luís Aurélio,M,,,32,5'10,161 lbs,CFR Cluj-Napoca,Champions League Football,,,,,Portugal,,,6.0,161.0,5.833333333333333
Constantin Paun-Alexandru,M,,,25,5'10,161 lbs,CFR Cluj-Napoca,Champions League Football,,,,,Romania,,,7.0,161.0,5.833333333333333
Damjan Djokovic,M,,,30,6'2,174 lbs,CFR Cluj-Napoca,Champions League Football,,,,,Croatia,,,8.0,174.0,6.166666666666667
Ciprian Deac,M,,,34,5'10,161 lbs,CFR Cluj-Napoca,Champions League Football,,,,,Romania,,,10.0,161.0,5.833333333333333
Valentin Costache,M,,,22,5'9,159 lbs,CFR Cluj-Napoca,Champions League Football,,,,,Romania,,,18.0,159.0,5.75
Catalin Golofca,M,,,30,5'7,--,CFR Cluj-Napoca,Champions League Football,,,,,Romania,,,23.0,,5.583333333333333
Mihai Butean,M,,,23,5'11,159 lbs,CFR Cluj-Napoca,Champions League Football,,,,,Romania,,,25.0,159.0,5.916666666666667
Ovidiu Hoban,M,,,37,6'0,183 lbs,CFR Cluj-Napoca,Champions League Football,,,,,Romania,,,28.0,183.0,6.0
Mihai Bordeianu,M,,,28,--,--,CFR Cluj-Napoca,Champions League Football,,,,,Romania,,,37.0,,
Paulo Vinícius,M,,,36,6'2,190 lbs,CFR Cluj-Napoca,Champions League Football,,,,,Brazil,,,55.0,190.0,6.166666666666667
Claudiu Petrila,M,,,19,--,--,CFR Cluj-Napoca,Champions League Football,,,,,Romania,,,62.0,,
Razvan Andronic,M,,,20,--,--,CFR Cluj-Napoca,Champions League Football,,,,,Romania,,,91.0,,
Catalin Catalin Itu,M,,,20,--,--,CFR Cluj-Napoca,Champions League Football,,,,,Romania,,,94.0,,
Gabriel Debeljuh,F,,,23,--,--,CFR Cluj-Napoca,Champions League Football,,,,,Croatia,,,,,
Billel Omrani,F,,,27,6'2,203 lbs,CFR Cluj-Napoca,Champions League Football,,,,,Algeria,,,9.0,203.0,6.166666666666667
Pereira,F,,,32,5'11,161 lbs,CFR Cluj-Napoca,Champions League Football,,,,,France,,,11.0,161.0,5.916666666666667
Mário Rondon,F,,,34,6'0,157 lbs,CFR Cluj-Napoca,Champions League Football,,,,,Venezuela,,,99.0,157.0,6.0
Vasilios Barkas,G,,,26,6'5,201 lbs,Celtic,Champions League Football,,,,,Greece,,,1.0,201.0,6.416666666666667
Scott Bain,G,,,28,6'0,152 lbs,Celtic,Champions League Football,,,,,Scotland,,,29.0,152.0,6.0
Conor Hazard,G,,,22,6'6,192 lbs,Celtic,Champions League Football,,,,,Northern Ireland,,,65.0,192.0,6.5
Kerr McInroy,D,,,20,--,--,Celtic,Champions League Football,,,,,Scotland,,,,,
Christopher Jullien,D,,,27,6'5,192 lbs,Celtic,Champions League Football,,,,,France,,,2.0,192.0,6.416666666666667
Leigh Griffiths,D,,,30,5'11,168 lbs,Celtic,Champions League Football,,,,,Scotland,,,9.0,168.0,5.916666666666667
Ryan Christie,D,,,25,5'10,172 lbs,Celtic,Champions League Football,,,,,Scotland,,,17.0,172.0,5.833333333333333
Michael Johnston,D,,,21,5'9,152 lbs,Celtic,Champions League Football,,,,,Wales,,,19.0,152.0,5.75
Luca Connell,D,,,19,5'11,163 lbs,Celtic,Champions League Football,,,,,Ireland,,,28.0,163.0,5.916666666666667
Jeremie Frimpong,D,,,19,5'9,152 lbs,Celtic,Champions League Football,,,,,Netherlands,,,30.0,152.0,5.75
Kristoffer Ajer,D,,,22,6'5,183 lbs,Celtic,Champions League Football,,,,,Norway,,,35.0,183.0,6.416666666666667
Hatem Elhamed,D,,,29,6'2,174 lbs,Celtic,Champions League Football,,,,,Israel,,,44.0,174.0,6.166666666666667
Ewan Henderson,D,,,20,5'9,152 lbs,Celtic,Champions League Football,,,,,Scotland,,,52.0,152.0,5.75
Anthony Ralston,D,,,21,5'10,152 lbs,Celtic,Champions League Football,,,,,Scotland,,,56.0,152.0,5.833333333333333
David Turnbull,M,,,20,6'1,163 lbs,Celtic,Champions League Football,,,,,Scotland,,,,163.0,6.083333333333333
Cameron Harper,M,,,18,--,--,Celtic,Champions League Football,,,,,United States,,,,,
Greg Taylor,M,,,22,5'9,137 lbs,Celtic,Champions League Football,,,,,Scotland,,,3.0,137.0,5.75
Nir Bitton,M,,,28,6'5,161 lbs,Celtic,Champions League Football,,,,,Israel,,,6.0,161.0,6.416666666666667
Scott Brown,M,,,35,--,161 lbs,Celtic,Champions League Football,,,,,Scotland,,,8.0,161.0,
Ismaila Soro,M,,,22,5'8,168 lbs,Celtic,Champions League Football,,,,,Ireland,,,12.0,168.0,5.666666666666667
Tom Rogic,M,,,27,6'2,194 lbs,Celtic,Champions League Football,,,,,Australia,,,18.0,194.0,6.166666666666667
Olivier Ntcham,M,,,24,5'11,174 lbs,Celtic,Champions League Football,,,,,France,,,21.0,174.0,5.916666666666667
Scott Robertson,M,,,19,--,--,Celtic,Champions League Football,,,,,Scotland,,,41.0,,
James Forrest,M,,,29,5'7,148 lbs,Celtic,Champions League Football,,,,,Scotland,,,49.0,148.0,5.583333333333333
Karamoko Dembele,M,,,17,--,--,Celtic,Champions League Football,,,,,England,,,77.0,,
Albian Ajeti,F,,,23,6'0,172 lbs,Celtic,Champions League Football,,,,,Switzerland,,,10.0,172.0,6.0
Patryk Klimala,F,,,22,6'0,168 lbs,Celtic,Champions League Football,,,,,Poland,,,11.0,168.0,6.0
Odsonne Edouard,F,,,22,6'2,183 lbs,Celtic,Champions League Football,,,,,France,,,22.0,183.0,6.166666666666667
Boli Bolingoli-Mbombo,F,,,25,5'11,161 lbs,Celtic,Champions League Football,,,,,Belgium,,,23.0,161.0,5.916666666666667
Mohammed Elyounoussi,F,,,26,5'10,152 lbs,Celtic,Champions League Football,,,,,Norway,,,27.0,152.0,5.833333333333333
Callum McGregor,F,,,27,5'10,148 lbs,Celtic,Champions League Football,,,,,Scotland,,,42.0,148.0,5.833333333333333
Kepa Arrizabalaga,G,,,25,6'2,183 lbs,Chelsea,Champions League Football,,,,,Spain,,,1.0,183.0,6.166666666666667
Wilfredo Caballero,G,,,38,6'1,179 lbs,Chelsea,Champions League Football,,,,,Argentina,,,13.0,179.0,6.083333333333333
Nathan Baxter,G,,,21,--,--,Chelsea,Champions League Football,,,,,England,,,40.0,,
Ben Chilwell,D,,,23,5'10,170 lbs,Chelsea,Champions League Football,,,,,England,,,,170.0,5.833333333333333
Matt Miazga,D,,,25,6'3,183 lbs,Chelsea,Champions League Football,,,,,United States,,,,183.0,6.25
Malang Sarr,D,,,21,6'0,161 lbs,Chelsea,Champions League Football,,,,,France,,,,161.0,6.0
Thiago Silva,D,,,35,6'0,172 lbs,Chelsea,Champions League Football,,,,,Brazil,,,,172.0,6.0
Antonio Rüdiger,D,,,27,6'3,185 lbs,Chelsea,Champions League Football,,,,,Germany,,,2.0,185.0,6.25
Marcos Alonso,D,,,29,6'2,183 lbs,Chelsea,Champions League Football,,,,,Spain,,,3.0,183.0,6.166666666666667
Andreas Christensen,D,,,24,6'2,172 lbs,Chelsea,Champions League Football,,,,,Denmark,,,4.0,172.0,6.166666666666667
Kurt Zouma,D,,,25,6'3,212 lbs,Chelsea,Champions League Football,,,,,France,,,15.0,212.0,6.25
Reece James,D,,,20,6'0,181 lbs,Chelsea,Champions League Football,,,,,England,,,24.0,181.0,6.0
César Azpilicueta,D,,,31,5'10,168 lbs,Chelsea,Champions League Football,,,,,Spain,,,28.0,168.0,5.833333333333333
Fikayo Tomori,D,,,22,6'1,163 lbs,Chelsea,Champions League Football,,,,,England,,,29.0,163.0,6.083333333333333
Emerson Palmieri,D,,,26,5'9,139 lbs,Chelsea,Champions League Football,,,,,Italy,,,33.0,139.0,5.75
Jake Clark-Salter,D,,,22,6'2,152 lbs,Chelsea,Champions League Football,,,,,England,,,35.0,152.0,6.166666666666667
Ian Maatsen,D,,,18,5'6,126 lbs,Chelsea,Champions League Football,,,,,Netherlands,,,63.0,126.0,5.5
Juan Familia-Castro,M,,,20,--,--,Chelsea,Champions League Football,,,,,Netherlands,,,,,
Conor Gallagher,M,,,20,6'0,--,Chelsea,Champions League Football,,,,,England,,,,,6.0
Luke McCormick,M,,,21,--,--,Chelsea,Champions League Football,,,,,--,,,,,
Myles Peart-Harris,M,,,17,--,--,Chelsea,Champions League Football,,,,,--,,,,,
Harvey Vale,M,,,16,--,--,Chelsea,Champions League Football,,,,,--,,,,,
Jorginho,M,,,28,5'11,141 lbs,Chelsea,Champions League Football,,,,,Italy,,,5.0,141.0,5.916666666666667
Danny Drinkwater,M,,,30,5'10,172 lbs,Chelsea,Champions League Football,,,,,England,,,6.0,172.0,5.833333333333333
N'Golo Kanté,M,,,29,5'6,150 lbs,Chelsea,Champions League Football,,,,,France,,,7.0,150.0,5.5
Ross Barkley,M,,,26,6'2,168 lbs,Chelsea,Champions League Football,,,,,England,,,8.0,168.0,6.166666666666667
Ruben Loftus-Cheek,M,,,24,6'3,192 lbs,Chelsea,Champions League Football,,,,,England,,,12.0,192.0,6.25
Tiemoué Bakayoko,M,,,26,6'1,170 lbs,Chelsea,Champions League Football,,,,,France,,,14.0,170.0,6.083333333333333
Mateo Kovacic,M,,,26,5'10,172 lbs,Chelsea,Champions League Football,,,,,Croatia,,,17.0,172.0,5.833333333333333
Mason Mount,M,,,21,5'10,152 lbs,Chelsea,Champions League Football,,,,,England,,,19.0,152.0,5.833333333333333
Callum Hudson-Odoi,M,,,19,6'0,168 lbs,Chelsea,Champions League Football,,,,,England,,,20.0,168.0,6.0
Christian Pulisic,M,,,21,5'8,150 lbs,Chelsea,Champions League Football,,,,,United States,,,22.0,150.0,5.666666666666667
Henry Lawrence,M,,,18,--,--,Chelsea,Champions League Football,,,,,England,,,27.0,,
Lewis Baker,M,,,25,6'0,159 lbs,Chelsea,Champions League Football,,,,,England,,,34.0,159.0,6.0
Ethan Ampadu,M,,,19,6'0,172 lbs,Chelsea,Champions League Football,,,,,Wales,,,44.0,172.0,6.0
Billy Gilmour,M,,,19,5'5,130 lbs,Chelsea,Champions League Football,,,,,Scotland,,,47.0,130.0,5.416666666666667
Hakim Ziyech,F,,,27,5'11,141 lbs,Chelsea,Champions League Football,,,,,Morocco,,,,141.0,5.916666666666667
Timo Werner,F,,,24,5'11,163 lbs,Chelsea,Champions League Football,,,,,Germany,,,,163.0,5.916666666666667
Tammy Abraham,F,,,22,6'3,174 lbs,Chelsea,Champions League Football,,,,,England,,,9.0,174.0,6.25
Kenedy,F,,,24,6'0,170 lbs,Chelsea,Champions League Football,,,,,Brazil,,,16.0,170.0,6.0
Olivier Giroud,F,,,33,6'4,203 lbs,Chelsea,Champions League Football,,,,,France,,,18.0,203.0,6.333333333333333
Michy Batshuayi,F,,,26,6'0,161 lbs,Chelsea,Champions League Football,,,,,Belgium,,,23.0,161.0,6.0
Ethan Horvath,G,,,25,6'4,183 lbs,Club Brugge,Champions League Football,,,,,United States,,,22.0,183.0,6.333333333333333
Nick Shinton,G,,,19,6'5,192 lbs,Club Brugge,Champions League Football,,,,,Belgium,,,33.0,192.0,6.416666666666667
Simon Mignolet,G,,,32,6'4,192 lbs,Club Brugge,Champions League Football,,,,,Belgium,,,88.0,192.0,6.333333333333333
Senne Lammens,G,,,18,6'4,203 lbs,Club Brugge,Champions League Football,,,,,Belgium,,,91.0,203.0,6.333333333333333
Eduard Sobol,D,,,25,5'11,157 lbs,Club Brugge,Champions League Football,,,,,Ukraine,,,2.0,157.0,5.916666666666667
Éder Balanta,D,,,27,5'11,183 lbs,Club Brugge,Champions League Football,,,,,Colombia,,,3.0,183.0,5.916666666666667
Odilon Kossounou,D,,,19,6'2,159 lbs,Club Brugge,Champions League Football,,,,,Ivory Coast,,,5.0,159.0,6.166666666666667
Matej Mitrovic,D,,,26,6'2,185 lbs,Club Brugge,Champions League Football,,,,,Croatia,,,15.0,185.0,6.166666666666667
Simon Deli,D,,,28,6'4,183 lbs,Club Brugge,Champions League Football,,,,,Ivory Coast,,,17.0,183.0,6.333333333333333
Federico Ricca,D,,,25,5'10,161 lbs,Club Brugge,Champions League Football,,,,,Uruguay,,,18.0,161.0,5.833333333333333
Ignace van der Brempt,D,,,18,6'2,161 lbs,Club Brugge,Champions League Football,,,,,Belgium,,,28.0,161.0,6.166666666666667
Brandon  Mechele ,D,,,27,6'2,179 lbs,Club Brugge,Champions League Football,,,,,Belgium,,,44.0,179.0,6.166666666666667
Maxim De Cuyper,D,,,19,6'1,146 lbs,Club Brugge,Champions League Football,,,,,Belgium,,,55.0,146.0,6.083333333333333
Clinton Mata,D,,,27,5'11,159 lbs,Club Brugge,Champions League Football,,,,,Angola,,,77.0,159.0,5.916666666666667
Krepin Diatta,M,,,21,5'8,150 lbs,Club Brugge,Champions League Football,,,,,Senegal,,,11.0,150.0,5.666666666666667
Siebe Schrijvers,M,,,24,5'10,161 lbs,Club Brugge,Champions League Football,,,,,Belgium,,,16.0,161.0,5.833333333333333
Hans Vanaken,M,,,28,6'4,170 lbs,Club Brugge,Champions League Football,,,,,Belgium,,,20.0,170.0,6.333333333333333
Ruud Vormer,M,,,32,5'10,174 lbs,Club Brugge,Champions League Football,,,,,Netherlands,,,25.0,174.0,5.833333333333333
Mats Rits,M,,,27,5'10,152 lbs,Club Brugge,Champions League Football,,,,,Belgium,,,26.0,152.0,5.833333333333333
Charles De Ketelaere,M,,,19,6'1,--,Club Brugge,Champions League Football,,,,,Belgium,,,90.0,,6.083333333333333
Samuel Asoma,M,,,18,5'8,141 lbs,Club Brugge,Champions League Football,,,,,--,,,92.0,141.0,5.666666666666667
Thomas Van Den Keybus,M,,,19,5'11,157 lbs,Club Brugge,Champions League Football,,,,,Belgium,,,97.0,157.0,5.916666666666667
Amadou Sagna,F,,,21,5'10,157 lbs,Club Brugge,Champions League Football,,,,,Senegal,,,7.0,157.0,5.833333333333333
Michal Krmencik,F,,,27,6'2,205 lbs,Club Brugge,Champions League Football,,,,,Czech Republic,,,9.0,205.0,6.166666666666667
David Okereke,F,,,23,6'0,163 lbs,Club Brugge,Champions League Football,,,,,Nigeria,,,21.0,163.0,6.0
Youssouph Badji,F,,,18,6'4,--,Club Brugge,Champions League Football,,,,,Senegal,,,27.0,,6.333333333333333
Emmanuel Dennis,F,,,22,5'9,148 lbs,Club Brugge,Champions League Football,,,,,Nigeria,,,42.0,148.0,5.75
Daniel Zagorac,G,,,33,6'1,174 lbs,Dinamo Zagreb,Champions League Football,,,,,Croatia,,,1.0,174.0,6.083333333333333
Renato Josipovic,G,,,19,--,--,Dinamo Zagreb,Champions League Football,,,,,Croatia,,,33.0,,
Dominik Livakovic,G,,,25,6'2,181 lbs,Dinamo Zagreb,Champions League Football,,,,,Croatia,,,40.0,181.0,6.166666666666667
Stefan Milic,D,,,20,--,--,Dinamo Zagreb,Champions League Football,,,,,--,,,4.0,,
Antonio Marino,D,,,19,6'0,172 lbs,Dinamo Zagreb,Champions League Football,,,,,Spain,,,7.0,172.0,6.0
Francois Moubandje,D,,,30,5'11,161 lbs,Dinamo Zagreb,Champions League Football,,,,,Switzerland,,,19.0,161.0,5.916666666666667
Marin Leovac,D,,,32,5'11,152 lbs,Dinamo Zagreb,Champions League Football,,,,,Bosnia and Herzegovina,,,22.0,152.0,5.916666666666667
Kévin Théophile-Catherine,D,,,30,6'0,183 lbs,Dinamo Zagreb,Champions League Football,,,,,France,,,28.0,183.0,6.0
Joako Gvardiol,D,,,18,5'10,--,Dinamo Zagreb,Champions League Football,,,,,Croatia,,,32.0,,5.833333333333333
Josip Sutalo,D,,,20,--,--,Dinamo Zagreb,Champions League Football,,,,,--,,,37.0,,
Dino Peric,D,,,26,6'6,183 lbs,Dinamo Zagreb,Champions League Football,,,,,Croatia,,,55.0,183.0,6.5
Kristijan Jakic,M,,,23,--,--,Dinamo Zagreb,Champions League Football,,,,,--,,,,,
Sadegh Moharrami,M,,,24,5'9,157 lbs,Dinamo Zagreb,Champions League Football,,,,,--,,,2.0,157.0,5.75
Arijan Ademi,M,,,30,6'1,172 lbs,Dinamo Zagreb,Champions League Football,,,,,Croatia,,,5.0,172.0,6.083333333333333
Izet Hajrovic,M,,,29,5'10,157 lbs,Dinamo Zagreb,Champions League Football,,,,,Switzerland,,,8.0,157.0,5.833333333333333
Lovro Majer,M,,,22,5'10,163 lbs,Dinamo Zagreb,Champions League Football,,,,,Croatia,,,10.0,163.0,5.833333333333333
Amer Gojak,M,,,23,5'10,161 lbs,Dinamo Zagreb,Champions League Football,,,,,Bosnia and Herzegovina,,,14.0,161.0,5.833333333333333
Luka Ivanusec,M,,,21,5'9,168 lbs,Dinamo Zagreb,Champions League Football,,,,,Croatia,,,17.0,168.0,5.75
Petar Stojanovic,M,,,24,5'10,150 lbs,Dinamo Zagreb,Champions League Football,,,,,Slovenia,,,30.0,150.0,5.833333333333333
Bartol Franjic,M,,,20,5'11,--,Dinamo Zagreb,Champions League Football,,,,,--,,,38.0,,5.916666666666667
Emir Dilaver,M,,,29,6'0,172 lbs,Dinamo Zagreb,Champions League Football,,,,,Austria,,,66.0,172.0,6.0
Damian Kadzior,M,,,28,5'8,152 lbs,Dinamo Zagreb,Champions League Football,,,,,Poland,,,92.0,152.0,5.666666666666667
Mislav Orsic,M,,,27,5'10,159 lbs,Dinamo Zagreb,Champions League Football,,,,,Croatia,,,99.0,159.0,5.833333333333333
Lirim Kastrati I,F,,,21,5'9,--,Dinamo Zagreb,Champions League Football,,,,,--,,,,,5.75
Komnen Andric,F,,,25,6'2,183 lbs,Dinamo Zagreb,Champions League Football,,,,,--,,,9.0,183.0,6.166666666666667
Mario Gavranović,F,,,30,5'9,161 lbs,Dinamo Zagreb,Champions League Football,,,,,Switzerland,,,11.0,161.0,5.75
Bruno Petkovic,F,,,25,6'4,192 lbs,Dinamo Zagreb,Champions League Football,,,,,Croatia,,,21.0,192.0,6.333333333333333
Luka Menalo,F,,,24,5'11,161 lbs,Dinamo Zagreb,Champions League Football,,,,,--,,,23.0,161.0,5.916666666666667
Mario Cuze,F,,,21,--,--,Dinamo Zagreb,Champions League Football,,,,,--,,,25.0,,
Sandro Kulenovic,F,,,20,6'2,168 lbs,Dinamo Zagreb,Champions League Football,,,,,Croatia,,,77.0,168.0,6.166666666666667
Georgi Bushchan,G,,,26,6'5,174 lbs,Dynamo Kiev,Champions League Football,,,,,Ukraine,,,1.0,174.0,6.416666666666667
Vladyslav Kucheruk,G,,,21,6'3,174 lbs,Dynamo Kiev,Champions League Football,,,,,--,,,31.0,174.0,6.25
Volodymyr Makhankov,G,,,22,6'5,185 lbs,Dynamo Kiev,Champions League Football,,,,,Ukraine,,,33.0,185.0,6.416666666666667
Ruslan Neshcheret,G,,,18,6'3,179 lbs,Dynamo Kiev,Champions League Football,,,,,--,,,35.0,179.0,6.25
Denys Boyko,G,,,32,6'6,185 lbs,Dynamo Kiev,Champions League Football,,,,,Ukraine,,,71.0,185.0,6.5
Denys Popov,D,,,21,6'1,179 lbs,Dynamo Kiev,Champions League Football,,,,,Ukraine,,,4.0,179.0,6.083333333333333
Abdul Mohammed,D,,,24,6'1,163 lbs,Dynamo Kiev,Champions League Football,,,,,Ghana,,,6.0,163.0,6.083333333333333
Vitaliy Mykolenko,D,,,21,5'11,157 lbs,Dynamo Kiev,Champions League Football,,,,,Ukraine,,,16.0,157.0,5.916666666666667
Sidcley,D,,,27,5'9,168 lbs,Dynamo Kiev,Champions League Football,,,,,Brazil,,,17.0,168.0,5.75
Oleksandr Karavayev,D,,,28,5'8,141 lbs,Dynamo Kiev,Champions League Football,,,,,Ukraine,,,20.0,141.0,5.666666666666667
Josip Pivaric,D,,,31,5'9,152 lbs,Dynamo Kiev,Champions League Football,,,,,Croatia,,,23.0,152.0,5.75
Mykyta Burda,D,,,25,6'2,174 lbs,Dynamo Kiev,Champions League Football,,,,,Ukraine,,,26.0,174.0,6.166666666666667
Artem Shabanov,D,,,28,6'2,174 lbs,Dynamo Kiev,Champions League Football,,,,,Ukraine,,,30.0,174.0,6.166666666666667
Oleksandr Syrota,D,,,20,6'4,172 lbs,Dynamo Kiev,Champions League Football,,,,,--,,,34.0,172.0,6.333333333333333
Tamas Kadar,D,,,30,6'2,172 lbs,Dynamo Kiev,Champions League Football,,,,,Hungary,,,44.0,172.0,6.166666666666667
Tomasz Kedziora,D,,,26,6'0,172 lbs,Dynamo Kiev,Champions League Football,,,,,Poland,,,94.0,172.0,6.0
Carlos Zambrano,M,,,31,6'1,183 lbs,Dynamo Kiev,Champions League Football,,,,,Peru,,,,183.0,6.083333333333333
Serhiy Sydorchuk,M,,,29,6'2,172 lbs,Dynamo Kiev,Champions League Football,,,,,Ukraine,,,5.0,172.0,6.166666666666667
Vodolmyr Shepelev,M,,,23,6'0,161 lbs,Dynamo Kiev,Champions League Football,,,,,Ukraine,,,8.0,161.0,6.0
Mykola Shaparenko,M,,,21,5'10,159 lbs,Dynamo Kiev,Champions League Football,,,,,Ukraine,,,10.0,159.0,5.833333333333333
Heorhii Tsitaishvili,M,,,19,5'7,139 lbs,Dynamo Kiev,Champions League Football,,,,,Ukraine,,,11.0,139.0,5.583333333333333
Carlos De Peña,M,,,28,5'10,161 lbs,Dynamo Kiev,Champions League Football,,,,,Uruguay,,,14.0,161.0,5.833333333333333
Viktor Tsygankov,M,,,22,5'10,150 lbs,Dynamo Kiev,Champions League Football,,,,,Ukraine,,,15.0,150.0,5.833333333333333
Oleksandr Andrievsky,M,,,26,5'8,139 lbs,Dynamo Kiev,Champions League Football,,,,,Ukraine,,,18.0,139.0,5.666666666666667
Denys Garmash,M,,,30,6'1,185 lbs,Dynamo Kiev,Champions League Football,,,,,Ukraine,,,19.0,185.0,6.083333333333333
Nikita Kravchenko,M,,,23,5'9,141 lbs,Dynamo Kiev,Champions League Football,,,,,Ukraine,,,21.0,141.0,5.75
Gerson Rodrigues,M,,,25,6'2,181 lbs,Dynamo Kiev,Champions League Football,,,,,Luxembourg,,,22.0,181.0,6.166666666666667
Vitaliy Buyalskiy,M,,,27,5'7,132 lbs,Dynamo Kiev,Champions League Football,,,,,Ukraine,,,29.0,132.0,5.583333333333333
Benjamin Verbic  ,F,,,26,5'10,152 lbs,Dynamo Kiev,Champions League Football,,,,,Slovenia,,,7.0,152.0,5.833333333333333
Fran Sol,F,,,28,5'11,170 lbs,Dynamo Kiev,Champions League Football,,,,,Spain,,,9.0,170.0,5.916666666666667
Artem Besedin,F,,,24,6'2,181 lbs,Dynamo Kiev,Champions League Football,,,,,Ukraine,,,41.0,181.0,6.166666666666667
Mikkel Duelund,F,,,23,5'11,152 lbs,Dynamo Kiev,Champions League Football,,,,,Denmark,,,99.0,152.0,5.916666666666667
Jonathan Joubert,G,,,40,6'2,--,F91 Dudelange,Champions League Football,,,,,Luxembourg,,,1.0,,6.166666666666667
Tim Kips,G,,,19,6'2,172 lbs,F91 Dudelange,Champions League Football,,,,,Luxembourg,,,30.0,172.0,6.166666666666667
Ilias Moutha-Sebtaoui,G,,,21,6'1,161 lbs,F91 Dudelange,Champions League Football,,,,,Belgium,,,31.0,161.0,6.083333333333333
Joé Frising,G,,,26,--,--,F91 Dudelange,Champions League Football,,,,,Luxembourg,,,33.0,,
Chris Stumpf,D,,,26,--,--,F91 Dudelange,Champions League Football,,,,,Luxembourg,,,2.0,,
Noe Ewert,D,,,23,--,--,F91 Dudelange,Champions League Football,,,,,Luxembourg,,,3.0,,
Kobe Cools,D,,,23,--,--,F91 Dudelange,Champions League Football,,,,,Belgium,,,4.0,,
Tom Schnell,D,,,34,--,--,F91 Dudelange,Champions League Football,,,,,Luxembourg,,,5.0,,
Ricardo Delgado,D,,,26,--,--,F91 Dudelange,Champions League Football,,,,,Luxembourg,,,15.0,,
Thibaut Lesquoy,D,,,25,--,--,F91 Dudelange,Champions League Football,,,,,Luxembourg,,,16.0,,
Mehdi Kirch,D,,,30,--,--,F91 Dudelange,Champions League Football,,,,,France,,,24.0,,
Mohamed Bouchouari,D,,,19,--,--,F91 Dudelange,Champions League Football,,,,,Belgium,,,34.0,,
Salif Drame,D,,,23,--,--,F91 Dudelange,Champions League Football,,,,,Senegal,,,45.0,,
Ricardo Couto Pinto,M,,,24,6'0,150 lbs,F91 Dudelange,Champions League Football,,,,,Luxembourg,,,,150.0,6.0
Mario Pokar,M,,,30,6'0,172 lbs,F91 Dudelange,Champions League Football,,,,,Germany,,,8.0,172.0,6.0
Danel Sinani,M,,,23,--,--,F91 Dudelange,Champions League Football,,,,,--,,,9.0,,
Dominik Stolz,M,,,30,5'10,168 lbs,F91 Dudelange,Champions League Football,,,,,Germany,,,10.0,168.0,5.833333333333333
Foudil Idriss,M,,,22,--,--,F91 Dudelange,Champions League Football,,,,,Belgium,,,19.0,,
Mickael Garos,M,,,32,--,--,F91 Dudelange,Champions League Football,,,,,France,,,20.0,,
Ryan Klapp,M,,,27,--,--,F91 Dudelange,Champions League Football,,,,,Luxembourg,,,23.0,,
Corenthyn Lavie,M,,,25,--,--,F91 Dudelange,Champions League Football,,,,,France,,,26.0,,
Charles Morren,M,,,28,--,--,F91 Dudelange,Champions League Football,,,,,Belgium,,,28.0,,
Delvin Skenderovic,M,,,26,--,--,F91 Dudelange,Champions League Football,,,,,Luxembourg,,,44.0,,
Sabir Bougrine,M,,,24,5'9,150 lbs,F91 Dudelange,Champions League Football,,,,,Belgium,,,77.0,150.0,5.75
Antonio Luisi,F,,,25,--,--,F91 Dudelange,Champions League Football,,,,,Luxembourg,,,,,
Edis Agovic,F,,,27,--,--,F91 Dudelange,Champions League Football,,,,,Luxembourg,,,7.0,,
Bertino Joao Cabral Barbosa,F,,,28,6'2,172 lbs,F91 Dudelange,Champions League Football,,,,,Portugal,,,11.0,172.0,6.166666666666667
Omar Natami,F,,,21,--,--,F91 Dudelange,Champions League Football,,,,,Italy,,,13.0,,
Laurent Pomponi,F,,,24,--,--,F91 Dudelange,Champions League Football,,,,,France,,,18.0,,
Antoine Bernier,F,,,22,--,--,F91 Dudelange,Champions League Football,,,,,Belgium,,,22.0,,
Adel Bettaieb,F,,,23,--,--,F91 Dudelange,Champions League Football,,,,,Tunisia,,,27.0,,
Edvin Muratovic,F,,,23,--,--,F91 Dudelange,Champions League Football,,,,,Luxembourg,,,39.0,,
Mehdi Ouamri,F,,,21,--,--,F91 Dudelange,Champions League Football,,,,,France,,,94.0,,
Laurent Mendy,F,,,21,--,--,F91 Dudelange,Champions League Football,,,,,--,,,98.0,,
Nenad Eric,G,,,38,6'6,185 lbs,FC Astana,Champions League Football,,,,,Kazakhstan,,,1.0,185.0,6.5
Alexandr Mokin,G,,,33,6'4,185 lbs,FC Astana,Champions League Football,,,,,Kazakhstan,,,35.0,185.0,6.333333333333333
Stanislav Pavlov,G,,,26,6'3,190 lbs,FC Astana,Champions League Football,,,,,Kazakhstan,,,53.0,190.0,6.25
Oleg Medvedev,G,,,20,--,--,FC Astana,Champions League Football,,,,,Kazakhstan,,,85.0,,
Vladislav Saenko,G,,,20,--,--,FC Astana,Champions League Football,,,,,Kazakhstan,,,90.0,,
Antonio Rukavina,D,,,36,5'9,157 lbs,FC Astana,Champions League Football,,,,,Serbia,,,2.0,157.0,5.75
Zarko Tomasevic,D,,,30,6'3,172 lbs,FC Astana,Champions League Football,,,,,Montenegro,,,6.0,172.0,6.25
Luka Simunovic,D,,,23,5'10,150 lbs,FC Astana,Champions League Football,,,,,Croatia,,,24.0,150.0,5.833333333333333
Alim Ilyassov,D,,,20,--,--,FC Astana,Champions League Football,,,,,Kazakhstan,,,33.0,,
Evgeni Postnikov,D,,,34,6'2,183 lbs,FC Astana,Champions League Football,,,,,Kazakhstan,,,44.0,183.0,6.166666666666667
Samat Mazhit,D,,,20,--,--,FC Astana,Champions League Football,,,,,Kazakhstan,,,71.0,,
Adilzhan Dyusembaev,D,,,19,--,--,FC Astana,Champions League Football,,,,,Kazakhstan,,,75.0,,
Dmitri Shomko,D,,,30,6'0,161 lbs,FC Astana,Champions League Football,,,,,Kazakhstan,,,77.0,161.0,6.0
Serikzhan Muzhikov,M,,,31,5'7,141 lbs,FC Astana,Champions League Football,,,,,Kazakhstan,,,7.0,141.0,5.583333333333333
Dorin Rotariu,M,,,25,5'11,159 lbs,FC Astana,Champions League Football,,,,,Romania,,,9.0,159.0,5.916666666666667
Runar Mar Sigurjonsson,M,,,30,5'10,172 lbs,FC Astana,Champions League Football,,,,,Iceland,,,10.0,172.0,5.833333333333333
Marin Tomasov,M,,,33,5'11,157 lbs,FC Astana,Champions League Football,,,,,Croatia,,,14.0,157.0,5.916666666666667
Ivan Maevski,M,,,32,6'3,185 lbs,FC Astana,Champions League Football,,,,,Belarus,,,18.0,185.0,6.25
Yuri Logvinenko,M,,,32,6'2,170 lbs,FC Astana,Champions League Football,,,,,Kazakhstan,,,27.0,170.0,6.166666666666667
Madi Zhakipbayev,M,,,20,5'9,148 lbs,FC Astana,Champions League Football,,,,,Kazakhstan,,,29.0,148.0,5.75
Lev Skvortsov,M,,,20,5'10,148 lbs,FC Astana,Champions League Football,,,,,Kazakhstan,,,42.0,148.0,5.833333333333333
Roman Murtazaev,M,,,26,6'1,172 lbs,FC Astana,Champions League Football,,,,,Kazakhstan,,,45.0,172.0,6.083333333333333
Didar Zhalmukan,M,,,24,5'8,159 lbs,FC Astana,Champions League Football,,,,,Kazakhstan,,,73.0,159.0,5.666666666666667
Zhaslan Kairkenov,M,,,20,5'8,137 lbs,FC Astana,Champions League Football,,,,,Kazakhstan,,,87.0,137.0,5.666666666666667
Abzal Beysebekov,F,,,27,5'10,168 lbs,FC Astana,Champions League Football,,,,,Kazakhstan,,,15.0,168.0,5.833333333333333
Firmin Mubele,F,,,28,5'9,161 lbs,FC Astana,Champions League Football,,,,,Congo DR,,,19.0,161.0,5.75
Yuriy Pertsukh,F,,,24,6'1,172 lbs,FC Astana,Champions League Football,,,,,Kazakhstan,,,28.0,172.0,6.083333333333333
Rangelo Janga,F,,,28,6'2,183 lbs,FC Astana,Champions League Football,,,,,Curaçao,,,32.0,183.0,6.166666666666667
Stanislav Basmanov,F,,,19,--,--,FC Astana,Champions League Football,,,,,Kazakhstan,,,72.0,,
Danil Pichkarev,F,,,18,--,--,FC Astana,Champions League Football,,,,,Kazakhstan,,,78.0,,
Vladislav Prokopenko,F,,,20,5'9,128 lbs,FC Astana,Champions League Football,,,,,Kazakhstan,,,80.0,128.0,5.75
Ramazan Karimov,F,,,21,6'3,179 lbs,FC Astana,Champions League Football,,,,,Kazakhstan,,,81.0,179.0,6.25
Sergei Khizhnichenko,F,,,29,6'1,161 lbs,FC Astana,Champions League Football,,,,,Kazakhstan,,,91.0,161.0,6.083333333333333
Jonas Omlin,G,,,26,6'2,174 lbs,FC Basel,Champions League Football,,,,,Switzerland,,,1.0,174.0,6.166666666666667
Djordje Nikolic,G,,,23,6'5,201 lbs,FC Basel,Champions League Football,,,,,Serbia,,,13.0,201.0,6.416666666666667
Jozef Pukaj,G,,,20,6'3,183 lbs,FC Basel,Champions League Football,,,,,Switzerland,,,44.0,183.0,6.25
Nils De Mol,G,,,19,6'0,--,FC Basel,Champions League Football,,,,,--,,,45.0,,6.0
Felix Gebhardt,G,,,18,6'2,--,FC Basel,Champions League Football,,,,,--,,,46.0,,6.166666666666667
Louis Lurvink,D,,,18,--,--,FC Basel,Champions League Football,,,,,--,,,,,
Konstantinos Dimitriou,D,,,21,6'1,172 lbs,FC Basel,Champions League Football,,,,,--,,,3.0,172.0,6.083333333333333
Eray Cümart,D,,,22,6'0,174 lbs,FC Basel,Champions League Football,,,,,Switzerland,,,4.0,174.0,6.0
Silvan Widmer,D,,,27,6'0,172 lbs,FC Basel,Champions League Football,,,,,Switzerland,,,5.0,172.0,6.0
Omar Alderete,D,,,23,6'3,203 lbs,FC Basel,Champions League Football,,,,,Paraguay,,,6.0,203.0,6.25
Blás Riveros,D,,,22,5'10,152 lbs,FC Basel,Champions League Football,,,,,Paraguay,,,15.0,152.0,5.833333333333333
Jasper Van Der Werff,D,,,21,6'2,163 lbs,FC Basel,Champions League Football,,,,,Switzerland,,,21.0,163.0,6.166666666666667
Raoul Petretta,D,,,20,5'9,132 lbs,FC Basel,Champions League Football,,,,,Italy,,,28.0,132.0,5.75
Yves Kaiser,D,,,22,6'0,168 lbs,FC Basel,Champions League Football,,,,,--,,,43.0,168.0,6.0
Elis Isufi,D,,,20,6'1,183 lbs,FC Basel,Champions League Football,,,,,Switzerland,,,47.0,183.0,6.083333333333333
Milorad Stajic,M,,,18,5'10,--,FC Basel,Champions League Football,,,,,--,,,,,5.833333333333333
Mihailo Stevanovic,M,,,18,--,--,FC Basel,Champions League Football,,,,,--,,,,,
Luca Zuffi,M,,,30,5'11,152 lbs,FC Basel,Champions League Football,,,,,Switzerland,,,7.0,152.0,5.916666666666667
Samuele Campo,M,,,25,5'10,152 lbs,FC Basel,Champions League Football,,,,,Switzerland,,,10.0,152.0,5.833333333333333
Valentin Stocker,M,,,31,5'10,161 lbs,FC Basel,Champions League Football,,,,,Switzerland,,,14.0,161.0,5.833333333333333
Ramires,M,,,20,5'9,148 lbs,FC Basel,Champions League Football,,,,,Brazil,,,17.0,148.0,5.75
Fabian Frei,M,,,31,6'0,174 lbs,FC Basel,Champions League Football,,,,,Switzerland,,,20.0,174.0,6.0
Orges Bunjaku,M,,,19,5'11,163 lbs,FC Basel,Champions League Football,,,,,Switzerland,,,22.0,163.0,5.916666666666667
Lirik Vishi,M,,,19,5'10,--,FC Basel,Champions League Football,,,,,--,,,23.0,,5.833333333333333
Dimitri Oberlin,M,,,22,6'0,161 lbs,FC Basel,Champions League Football,,,,,Switzerland,,,27.0,161.0,6.0
Yannick Marchand,M,,,20,5'11,141 lbs,FC Basel,Champions League Football,,,,,Switzerland,,,32.0,141.0,5.916666666666667
Taulant Xhaka,M,,,29,5'8,159 lbs,FC Basel,Champions League Football,,,,,Albania,,,34.0,159.0,5.666666666666667
Tician Tushi,M,,,19,5'10,157 lbs,FC Basel,Champions League Football,,,,,Switzerland,,,41.0,157.0,5.833333333333333
Ricky van Wolfswinkel,F,,,31,6'1,159 lbs,FC Basel,Champions League Football,,,,,Netherlands,,,9.0,159.0,6.083333333333333
Julian von Moos,F,,,19,5'10,157 lbs,FC Basel,Champions League Football,,,,,--,,,18.0,157.0,5.833333333333333
Afimico Pululu,F,,,21,5'9,181 lbs,FC Basel,Champions League Football,,,,,Angola,,,19.0,181.0,5.75
Aldo Kalulu,F,,,24,5'5,146 lbs,FC Basel,Champions League Football,,,,,France,,,26.0,146.0,5.416666666666667
Arthur,F,,,22,6'1,190 lbs,FC Basel,Champions League Football,,,,,Brazil,,,98.0,190.0,6.083333333333333
Kemal Ademi,F,,,24,6'6,196 lbs,FC Basel,Champions League Football,,,,,Switzerland,,,99.0,196.0,6.5
Stephan Andersen,G,,,38,6'2,168 lbs,FC Copenhagen,Champions League Football,,,,,Denmark,,,1.0,168.0,6.166666666666667
Sten Grytebust,G,,,30,6'2,190 lbs,FC Copenhagen,Champions League Football,,,,,Norway,,,13.0,190.0,6.166666666666667
Karl-Johan Johnsson,G,,,30,6'2,183 lbs,FC Copenhagen,Champions League Football,,,,,Sweden,,,21.0,183.0,6.166666666666667
Frederik Ibsen,G,,,23,--,--,FC Copenhagen,Champions League Football,,,,,--,,,31.0,,
Gullermo Varela,D,,,27,5'8,152 lbs,FC Copenhagen,Champions League Football,,,,,Uruguay,,,2.0,152.0,5.666666666666667
Pierre Bengtsson,D,,,32,5'9,170 lbs,FC Copenhagen,Champions League Football,,,,,Sweden,,,3.0,170.0,5.75
Sotiris Papagiannopoulos,D,,,29,6'3,181 lbs,FC Copenhagen,Champions League Football,,,,,Sweden,,,4.0,181.0,6.25
Karlo Bartolec,D,,,25,5'9,172 lbs,FC Copenhagen,Champions League Football,,,,,Croatia,,,17.0,172.0,5.75
Michael Santos,D,,,30,5'9,150 lbs,FC Copenhagen,Champions League Football,,,,,Uruguay,,,18.0,150.0,5.75
Bryan Oviedo,D,,,30,5'8,150 lbs,FC Copenhagen,Champions League Football,,,,,Costa Rica,,,19.0,150.0,5.666666666666667
Nicolai Boilesen,D,,,28,6'1,163 lbs,FC Copenhagen,Champions League Football,,,,,Denmark,,,20.0,163.0,6.083333333333333
Peter Ankersen,D,,,29,5'10,161 lbs,FC Copenhagen,Champions League Football,,,,,Denmark,,,22.0,161.0,5.833333333333333
Michael Luftner,D,,,26,6'3,185 lbs,FC Copenhagen,Champions League Football,,,,,--,,,27.0,185.0,6.25
Ragnar Sigurdsson,D,,,34,6'2,170 lbs,FC Copenhagen,Champions League Football,,,,,Iceland,,,27.0,170.0,6.166666666666667
Jacob Haahr Steffensen,D,,,18,--,--,FC Copenhagen,Champions League Football,,,,,Denmark,,,44.0,,
Uros Matic,M,,,30,6'0,172 lbs,FC Copenhagen,Champions League Football,,,,,Serbia,,,,172.0,6.0
Andreas Bjelland,M,,,32,6'2,185 lbs,FC Copenhagen,Champions League Football,,,,,Denmark,,,5.0,185.0,6.166666666666667
Jens Stage,M,,,23,6'2,179 lbs,FC Copenhagen,Champions League Football,,,,,Denmark,,,6.0,179.0,6.166666666666667
Zeca,M,,,32,5'11,179 lbs,FC Copenhagen,Champions League Football,,,,,Greece,,,10.0,179.0,5.916666666666667
Pep Biel,M,,,23,5'6,139 lbs,FC Copenhagen,Champions League Football,,,,,Spain,,,16.0,139.0,5.5
Robert Mudrazija,M,,,23,5'10,--,FC Copenhagen,Champions League Football,,,,,Croatia,,,24.0,,5.833333333333333
Victor Nelsson,M,,,21,6'1,--,FC Copenhagen,Champions League Football,,,,,Denmark,,,25.0,,6.083333333333333
Carlo Holse,M,,,21,5'10,150 lbs,FC Copenhagen,Champions League Football,,,,,Denmark,,,26.0,150.0,5.833333333333333
Ahmed Daghim,M,,,19,--,--,FC Copenhagen,Champions League Football,,,,,Denmark,,,37.0,,
Viktor Fischer,F,,,26,5'11,157 lbs,FC Copenhagen,Champions League Football,,,,,Denmark,,,7.0,157.0,5.916666666666667
Nikolaj Thomsen,F,,,27,5'11,163 lbs,FC Copenhagen,Champions League Football,,,,,Denmark,,,8.0,163.0,5.916666666666667
Pieros Soteriou,F,,,27,6'1,179 lbs,FC Copenhagen,Champions League Football,,,,,--,,,9.0,179.0,6.083333333333333
Mohammed Daramy,F,,,18,5'11,157 lbs,FC Copenhagen,Champions League Football,,,,,Denmark,,,11.0,157.0,5.916666666666667
Dame N'Doye,F,,,35,6'1,179 lbs,FC Copenhagen,Champions League Football,,,,,Senegal,,,14.0,179.0,6.083333333333333
Jonas Wind,F,,,21,6'3,181 lbs,FC Copenhagen,Champions League Football,,,,,Denmark,,,23.0,181.0,6.25
Mikkel Kaufmann,F,,,19,6'3,--,FC Copenhagen,Champions League Football,,,,,Denmark,,,29.0,,6.25
Rasmus Falk,F,,,28,5'10,141 lbs,FC Copenhagen,Champions League Football,,,,,Denmark,,,33.0,141.0,5.833333333333333
William Boving Vick,F,,,17,--,--,FC Copenhagen,Champions League Football,,,,,Denmark,,,42.0,,
Alexander Hjaelmhof,F,,,18,--,--,FC Copenhagen,Champions League Football,,,,,Denmark,,,47.0,,
Cláudio,G,,,28,6'0,183 lbs,FC Porto,Champions League Football,,,,,Portugal,,,,183.0,6.0
Vaná,G,,,29,6'4,174 lbs,FC Porto,Champions League Football,,,,,Brazil,,,26.0,174.0,6.333333333333333
Diogo Costa,G,,,20,6'1,179 lbs,FC Porto,Champions League Football,,,,,Portugal,,,31.0,179.0,6.083333333333333
Agustín Marchesín,G,,,32,6'2,181 lbs,FC Porto,Champions League Football,,,,,Argentina,,,32.0,181.0,6.166666666666667
Mouhamed Mbaye,G,,,22,6'4,172 lbs,FC Porto,Champions League Football,,,,,Senegal,,,51.0,172.0,6.333333333333333
Francisco Meixedo,G,,,19,6'0,130 lbs,FC Porto,Champions League Football,,,,,--,,,71.0,130.0,6.0
Tomás Pontes Esteves,D,,,18,5'11,159 lbs,FC Porto,Champions League Football,,,,,Portugal,,,2.0,159.0,5.916666666666667
Pepe,D,,,37,6'1,179 lbs,FC Porto,Champions League Football,,,,,Portugal,,,3.0,179.0,6.083333333333333
Diogo Leite,D,,,21,6'2,181 lbs,FC Porto,Champions League Football,,,,,Portugal,,,4.0,181.0,6.166666666666667
Chidozie Awaziem,D,,,23,6'2,172 lbs,FC Porto,Champions League Football,,,,,Nigeria,,,5.0,172.0,6.166666666666667
Iván Marcano,D,,,33,6'2,170 lbs,FC Porto,Champions League Football,,,,,Spain,,,5.0,170.0,6.166666666666667
Alex Telles,D,,,27,5'11,157 lbs,FC Porto,Champions League Football,,,,,Brazil,,,13.0,157.0,5.916666666666667
Chancel Mbemba,D,,,26,6'0,179 lbs,FC Porto,Champions League Football,,,,,Congo DR,,,19.0,179.0,6.0
Danilo Pereira,D,,,28,6'2,183 lbs,FC Porto,Champions League Football,,,,,Portugal,,,22.0,183.0,6.166666666666667
Diogo Queirós,D,,,21,6'1,174 lbs,FC Porto,Champions League Football,,,,,Portugal,,,54.0,174.0,6.083333333333333
Carraça,M,,,27,5'10,161 lbs,FC Porto,Champions League Football,,,,,Portugal,,,,161.0,5.833333333333333
Saidy Janko,M,,,24,5'11,183 lbs,FC Porto,Champions League Football,,,,,Switzerland,,,,183.0,5.916666666666667
Romário Baró,M,,,20,5'11,146 lbs,FC Porto,Champions League Football,,,,,Portugal,,,8.0,146.0,5.916666666666667
Mateus Uribe,M,,,29,6'0,157 lbs,FC Porto,Champions League Football,,,,,Colombia,,,16.0,157.0,6.0
Jesús Corona,M,,,27,5'8,128 lbs,FC Porto,Champions League Football,,,,,Mexico,,,17.0,128.0,5.666666666666667
André Pereira,M,,,25,6'2,161 lbs,FC Porto,Champions League Football,,,,,Portugal,,,21.0,161.0,6.166666666666667
Otávio,M,,,25,5'7,141 lbs,FC Porto,Champions League Football,,,,,Brazil,,,25.0,141.0,5.583333333333333
Sérgio Oliveira,M,,,28,5'11,159 lbs,FC Porto,Champions League Football,,,,,Portugal,,,27.0,159.0,5.916666666666667
Fabio Vieira,M,,,20,5'7,128 lbs,FC Porto,Champions League Football,,,,,Portugal,,,50.0,128.0,5.583333333333333
Vitor Ferreira,M,,,20,5'8,139 lbs,FC Porto,Champions League Football,,,,,Portugal,,,77.0,139.0,5.666666666666667
Luis Díaz,F,,,23,5'10,141 lbs,FC Porto,Champions League Football,,,,,Colombia,,,7.0,141.0,5.833333333333333
Vincent Aboubakar,F,,,28,5'9,181 lbs,FC Porto,Champions League Football,,,,,Cameroon,,,9.0,181.0,5.75
Shoya Nakajima,F,,,26,5'5,139 lbs,FC Porto,Champions League Football,,,,,Japan,,,10.0,139.0,5.416666666666667
Moussa Marega,F,,,29,6'1,181 lbs,FC Porto,Champions League Football,,,,,Mali,,,11.0,181.0,6.083333333333333
Mamadou Ndiaye,F,,,23,6'2,174 lbs,FC Porto,Champions League Football,,,,,Senegal,,,15.0,174.0,6.166666666666667
Manafá,F,,,26,5'10,150 lbs,FC Porto,Champions League Football,,,,,Portugal,,,18.0,150.0,5.833333333333333
Zé Luís,F,,,29,6'1,172 lbs,FC Porto,Champions League Football,,,,,Cape Verde Islands,,,20.0,172.0,6.083333333333333
Tiquinho Soares,F,,,29,6'2,194 lbs,FC Porto,Champions League Football,,,,,Brazil,,,29.0,194.0,6.166666666666667
Fernando,F,,,27,5'11,172 lbs,FC Porto,Champions League Football,,,,,Brazil,,,37.0,172.0,5.916666666666667
Fábio Silva,F,,,18,6'1,163 lbs,FC Porto,Champions League Football,,,,,Portugal,,,49.0,163.0,6.083333333333333
Joao Tomás,F,,,20,5'10,137 lbs,FC Porto,Champions League Football,,,,,--,,,57.0,137.0,5.833333333333333
Madi Queta,F,,,21,5'11,146 lbs,FC Porto,Champions League Football,,,,,Portugal,,,67.0,146.0,5.916666666666667
Cican Stankovic,G,,,27,6'1,174 lbs,FC Salzburg,Champions League Football,,,,,Austria,,,1.0,174.0,6.083333333333333
Carlos Miguel Coronel,G,,,23,6'2,214 lbs,FC Salzburg,Champions League Football,,,,,Brazil,,,31.0,214.0,6.166666666666667
Alexander  Walke,G,,,37,6'2,192 lbs,FC Salzburg,Champions League Football,,,,,Germany,,,33.0,192.0,6.166666666666667
Gideon Mensah,D,,,22,5'10,139 lbs,FC Salzburg,Champions League Football,,,,,--,,,,139.0,5.833333333333333
Albert Vallci,D,,,25,6'3,181 lbs,FC Salzburg,Champions League Football,,,,,Austria,,,5.0,181.0,6.25
André Ramalho,D,,,28,6'0,172 lbs,FC Salzburg,Champions League Football,,,,,Brazil,,,15.0,172.0,6.0
Andreas Ulmer,D,,,34,5'9,161 lbs,FC Salzburg,Champions League Football,,,,,Austria,,,17.0,161.0,5.75
Oumar Solet,D,,,20,6'4,179 lbs,FC Salzburg,Champions League Football,,,,,France,,,22.0,179.0,6.333333333333333
Maximilian Wober,D,,,22,6'2,181 lbs,FC Salzburg,Champions League Football,,,,,Austria,,,39.0,181.0,6.166666666666667
Rasmus Kristensen,D,,,23,6'2,152 lbs,FC Salzburg,Champions League Football,,,,,Denmark,,,43.0,152.0,6.166666666666667
Luca Meisl,D,,,21,6'0,172 lbs,FC Salzburg,Champions League Football,,,,,Austria,,,55.0,172.0,6.0
Luka Sucic,M,,,17,6'1,--,FC Salzburg,Champions League Football,,,,,--,,,,,6.083333333333333
Majeed Ashimeru,M,,,22,6'0,159 lbs,FC Salzburg,Champions League Football,,,,,Ghana,,,4.0,159.0,6.0
Jerome Onguene,M,,,22,6'1,172 lbs,FC Salzburg,Champions League Football,,,,,Cameroon,,,6.0,172.0,6.083333333333333
Nicolas Seiwald,M,,,19,5'10,--,FC Salzburg,Champions League Football,,,,,--,,,13.0,,5.833333333333333
Dominik Szoboszlai,M,,,19,6'1,161 lbs,FC Salzburg,Champions League Football,,,,,Hungary,,,14.0,161.0,6.083333333333333
Zlatko Junuzovic,M,,,32,5'8,159 lbs,FC Salzburg,Champions League Football,,,,,Austria,,,16.0,159.0,5.666666666666667
Patrick Farkas,M,,,27,5'10,172 lbs,FC Salzburg,Champions League Football,,,,,Austria,,,25.0,172.0,5.833333333333333
Antoine Bernede,M,,,21,5'10,161 lbs,FC Salzburg,Champions League Football,,,,,France,,,28.0,161.0,5.833333333333333
Masaya Okugawa,M,,,24,5'9,137 lbs,FC Salzburg,Champions League Football,,,,,Japan,,,37.0,137.0,5.75
Youba Diarra,M,,,22,5'10,161 lbs,FC Salzburg,Champions League Football,,,,,Mali,,,44.0,161.0,5.833333333333333
Enock Mwepu,M,,,22,6'0,168 lbs,FC Salzburg,Champions League Football,,,,,Zambia,,,45.0,168.0,6.0
Noah Okafor,M,,,20,6'1,185 lbs,FC Salzburg,Champions League Football,,,,,Switzerland,,,77.0,185.0,6.083333333333333
Ousmane Diakite,F,,,20,6'2,181 lbs,FC Salzburg,Champions League Football,,,,,Mali,,,,181.0,6.166666666666667
Sekou Koita,F,,,20,5'9,148 lbs,FC Salzburg,Champions League Football,,,,,Mali,,,7.0,148.0,5.75
Mergim Berisha,F,,,22,6'1,172 lbs,FC Salzburg,Champions League Football,,,,,Germany,,,8.0,172.0,6.083333333333333
Chukwubuike Adamu,F,,,19,6'0,--,FC Salzburg,Champions League Football,,,,,--,,,9.0,,6.0
Smail Prevljak,F,,,25,6'2,163 lbs,FC Salzburg,Champions League Football,,,,,Bosnia and Herzegovina,,,11.0,163.0,6.166666666666667
Mohamed Camara,F,,,20,5'6,141 lbs,FC Salzburg,Champions League Football,,,,,Guinea,,,19.0,141.0,5.5
Patson Daka,F,,,21,6'1,161 lbs,FC Salzburg,Champions League Football,,,,,Zambia,,,20.0,161.0,6.083333333333333
Karim Adeyemi,F,,,18,5'10,150 lbs,FC Salzburg,Champions League Football,,,,,Germany,,,27.0,150.0,5.833333333333333
Sahruddin Mahammadaliyev,G,,,26,--,--,FK Qarabag,Champions League Football,,,,,Azerbaijan,,,12.0,,
Vagner,G,,,34,6'1,174 lbs,FK Qarabag,Champions League Football,,,,,Brazil,,,13.0,174.0,6.083333333333333
Nijat Mehbaliyev,G,,,19,--,--,FK Qarabag,Champions League Football,,,,,Azerbaijan,,,94.0,,
Ailton,D,,,25,5'11,146 lbs,FK Qarabag,Champions League Football,,,,,Azerbaijan,,,3.0,146.0,5.916666666666667
Rahil Mammadov,D,,,24,--,--,FK Qarabag,Champions League Football,,,,,Azerbaijan,,,4.0,,
Maksim Medvedev,D,,,30,5'10,157 lbs,FK Qarabag,Champions League Football,,,,,Azerbaijan,,,5.0,157.0,5.833333333333333
Faycal Rherras,D,,,27,6'0,170 lbs,FK Qarabag,Champions League Football,,,,,Morocco,,,23.0,170.0,6.0
Abbas Huseynov,D,,,25,5'10,--,FK Qarabag,Champions League Football,,,,,Azerbaijan,,,30.0,,5.833333333333333
Gara Garayev,M,,,27,5'10,146 lbs,FK Qarabag,Champions League Football,,,,,Azerbaijan,,,2.0,146.0,5.833333333333333
Simeon Slavchev,M,,,26,6'1,170 lbs,FK Qarabag,Champions League Football,,,,,Bulgaria,,,6.0,170.0,6.083333333333333
Araz Abdullayev,M,,,28,5'11,141 lbs,FK Qarabag,Champions League Football,,,,,Azerbaijan,,,7.0,141.0,5.916666666666667
Míchel,M,,,34,6'0,159 lbs,FK Qarabag,Champions League Football,,,,,Spain,,,8.0,159.0,6.0
Jaime Romero,M,,,30,5'10,161 lbs,FK Qarabag,Champions League Football,,,,,Spain,,,9.0,161.0,5.833333333333333
Dani Quintana,M,,,33,5'8,141 lbs,FK Qarabag,Champions League Football,,,,,Spain,,,10.0,141.0,5.666666666666667
Mahir Emreli,M,,,23,6'1,150 lbs,FK Qarabag,Champions League Football,,,,,Azerbaijan,,,11.0,150.0,6.083333333333333
Rasad Sadiqov,M,,,38,5'11,170 lbs,FK Qarabag,Champions League Football,,,,,Azerbaijan,,,14.0,170.0,5.916666666666667
Abdellah Zoubir,M,,,28,5'11,161 lbs,FK Qarabag,Champions League Football,,,,,France,,,17.0,161.0,5.916666666666667
Ismayil Ibrahimli,M,,,22,--,--,FK Qarabag,Champions League Football,,,,,Azerbaijan,,,18.0,,
Filip Ozobic,M,,,29,5'10,150 lbs,FK Qarabag,Champions League Football,,,,,Croatia,,,19.0,150.0,5.833333333333333
Richard Almeida,M,,,31,5'10,150 lbs,FK Qarabag,Champions League Football,,,,,Azerbaijan,,,20.0,150.0,5.833333333333333
Hajiaga Hajiyev,M,,,22,--,--,FK Qarabag,Champions League Football,,,,,Azerbaijan,,,21.0,,
Badavi Huseynov,M,,,29,6'0,150 lbs,FK Qarabag,Champions League Football,,,,,Azerbaijan,,,55.0,150.0,6.0
Tural Bayramov,M,,,19,--,--,FK Qarabag,Champions League Football,,,,,Azerbaijan,,,71.0,,
Musa Qurbanly,F,,,18,--,--,FK Qarabag,Champions League Football,,,,,Azerbaijan,,,29.0,,
Magaye Gueye,F,,,30,5'10,161 lbs,FK Qarabag,Champions League Football,,,,,Senegal,,,99.0,161.0,5.833333333333333
Adi Adilovic,G,,,37,6'2,183 lbs,FK Sarajevo,Champions League Football,,,,,Bosnia and Herzegovina,,,,183.0,6.166666666666667
Matej Markovic,G,,,24,6'4,--,FK Sarajevo,Champions League Football,,,,,--,,,,,6.333333333333333
Vladan Kovacevic,G,,,22,6'1,179 lbs,FK Sarajevo,Champions League Football,,,,,--,,,13.0,179.0,6.083333333333333
Belmin Dizdarevic,G,,,19,--,--,FK Sarajevo,Champions League Football,,,,,--,,,35.0,,
Dusan Hodzic,D,,,26,5'9,168 lbs,FK Sarajevo,Champions League Football,,,,,--,,,2.0,168.0,5.75
Selmir Pidro,D,,,22,--,--,FK Sarajevo,Champions League Football,,,,,--,,,3.0,,
Halid Sabanovic,D,,,21,6'0,--,FK Sarajevo,Champions League Football,,,,,--,,,4.0,,6.0
Andrej Dokanovic,D,,,19,5'10,--,FK Sarajevo,Champions League Football,,,,,--,,,24.0,,5.833333333333333
Besim Serbecic,D,,,22,6'4,--,FK Sarajevo,Champions League Football,,,,,--,,,25.0,,6.333333333333333
Numan Kurdic,D,,,21,6'0,--,FK Sarajevo,Champions League Football,,,,,--,,,27.0,,6.0
Amer Dupovac,D,,,29,--,--,FK Sarajevo,Champions League Football,,,,,--,,,29.0,,
Zoran Blagojevic,M,,,22,--,--,FK Sarajevo,Champions League Football,,,,,--,,,,,
Nedim Hadzic,M,,,21,--,--,FK Sarajevo,Champions League Football,,,,,--,,,,,
Milos Stanojevic,M,,,26,6'2,174 lbs,FK Sarajevo,Champions League Football,,,,,Serbia,,,5.0,174.0,6.166666666666667
Darko Lazic,M,,,26,6'2,185 lbs,FK Sarajevo,Champions League Football,,,,,Serbia,,,6.0,185.0,6.166666666666667
Anel Hebibovic,M,,,30,5'9,150 lbs,FK Sarajevo,Champions League Football,,,,,--,,,7.0,150.0,5.75
Nebojsa Gavric,M,,,29,--,--,FK Sarajevo,Champions League Football,,,,,--,,,8.0,,
Amar Rahmanovic,M,,,26,--,--,FK Sarajevo,Champions League Football,,,,,--,,,10.0,,
Kenan Dervisagic,M,,,20,--,--,FK Sarajevo,Champions League Football,,,,,--,,,15.0,,
Dzani Salcin,M,,,20,--,--,FK Sarajevo,Champions League Football,,,,,--,,,20.0,,
Bojan Letic,M,,,27,--,--,FK Sarajevo,Champions League Football,,,,,--,,,22.0,,
Alen Mustafic,M,,,21,6'1,--,FK Sarajevo,Champions League Football,,,,,--,,,23.0,,6.083333333333333
Mirko Oremus,M,,,31,5'10,150 lbs,FK Sarajevo,Champions League Football,,,,,--,,,45.0,150.0,5.833333333333333
Mersudin Ahmetovic,F,,,35,6'3,179 lbs,FK Sarajevo,Champions League Football,,,,,Bosnia and Herzegovina,,,9.0,179.0,6.25
Krste Velkovski,F,,,32,5'10,159 lbs,FK Sarajevo,Champions League Football,,,,,--,,,11.0,159.0,5.833333333333333
Aladin Sisic,F,,,28,--,--,FK Sarajevo,Champions League Football,,,,,--,,,17.0,,
Slobodan Milanovic,F,,,28,--,--,FK Sarajevo,Champions League Football,,,,,--,,,21.0,,
Gedeon Guzina,F,,,26,--,--,FK Sarajevo,Champions League Football,,,,,--,,,26.0,,
Haris Handzic,F,,,30,6'3,185 lbs,FK Sarajevo,Champions League Football,,,,,Bosnia and Herzegovina,,,28.0,185.0,6.25
Benjamin Tatar,F,,,26,--,--,FK Sarajevo,Champions League Football,,,,,--,,,32.0,,
Ivan Kardum,G,,,33,6'1,179 lbs,FK Suduva,Champions League Football,,,,,--,,,12.0,179.0,6.083333333333333
Ignas Plukas,G,,,26,5'10,139 lbs,FK Suduva,Champions League Football,,,,,--,,,13.0,139.0,5.833333333333333
Vilius Stebrys,G,,,20,--,--,FK Suduva,Champions League Football,,,,,--,,,99.0,,
Povilas Leimonas,D,,,32,6'1,172 lbs,FK Suduva,Champions League Football,,,,,--,,,6.0,172.0,6.083333333333333
Samir Kerla,D,,,32,6'3,185 lbs,FK Suduva,Champions League Football,,,,,--,,,10.0,185.0,6.25
Aleksandar Zivanovic,D,,,33,6'3,183 lbs,FK Suduva,Champions League Football,,,,,--,,,15.0,183.0,6.25
Vaidas Slavickas,D,,,34,5'11,161 lbs,FK Suduva,Champions League Football,,,,,--,,,19.0,161.0,5.916666666666667
Michael Blauensteiner,D,,,25,5'11,150 lbs,FK Suduva,Champions League Football,,,,,--,,,23.0,150.0,5.916666666666667
Ivan Hladik,D,,,27,6'4,181 lbs,FK Suduva,Champions League Football,,,,,--,,,30.0,181.0,6.333333333333333
Algis Jankauskas,D,,,37,6'1,170 lbs,FK Suduva,Champions League Football,,,,,Lithuania,,,82.0,170.0,6.083333333333333
Gratas Sirgedas,M,,,25,5'9,146 lbs,FK Suduva,Champions League Football,,,,,--,,,4.0,146.0,5.75
Eligijus Jankauskas,M,,,22,--,--,FK Suduva,Champions League Football,,,,,--,,,7.0,,
Renan Oliveira,M,,,30,6'0,159 lbs,FK Suduva,Champions League Football,,,,,--,,,8.0,159.0,6.0
Andro Svrljuga,M,,,34,5'9,--,FK Suduva,Champions League Football,,,,,--,,,11.0,,5.75
Giedrius Matulevicius,M,,,23,6'0,152 lbs,FK Suduva,Champions League Football,,,,,--,,,17.0,152.0,6.0
Jovan Cadjenovic,M,,,24,6'0,152 lbs,FK Suduva,Champions League Football,,,,,--,,,20.0,152.0,6.0
Ovidijus Verbickas,M,,,27,6'1,159 lbs,FK Suduva,Champions League Football,,,,,--,,,22.0,159.0,6.083333333333333
Robertas Vezevicius,M,,,34,6'2,170 lbs,FK Suduva,Champions League Football,,,,,Lithuania,,,32.0,170.0,6.166666666666667
Sandro Gotal,F,,,28,6'1,185 lbs,FK Suduva,Champions League Football,,,,,Austria,,,9.0,185.0,6.083333333333333
Paulius Golubickas,F,,,21,--,--,FK Suduva,Champions League Football,,,,,--,,,21.0,,
Mihret Topcagic,F,,,32,6'4,190 lbs,FK Suduva,Champions League Football,,,,,--,,,33.0,190.0,6.333333333333333
Josip Tadic,F,,,33,6'2,163 lbs,FK Suduva,Champions League Football,,,,,--,,,77.0,163.0,6.166666666666667
Vladan Giljen,G,,,30,6'2,185 lbs,FK Sutjeska,Champions League Football,,,,,--,,,1.0,185.0,6.166666666666667
Darko Micanovic,G,,,20,--,--,FK Sutjeska,Champions League Football,,,,,--,,,23.0,,
Suad Licina,G,,,25,--,--,FK Sutjeska,Champions League Football,,,,,--,,,31.0,,
Dragan Grivic,D,,,24,--,--,FK Sutjeska,Champions League Football,,,,,--,,,3.0,,
Bojan Ciger,D,,,26,--,--,FK Sutjeska,Champions League Football,,,,,--,,,5.0,,
Aleksandar Sofranac,D,,,29,--,--,FK Sutjeska,Champions League Football,,,,,--,,,15.0,,
Darko Bulatovic,D,,,30,6'1,--,FK Sutjeska,Champions League Football,,,,,--,,,16.0,,6.083333333333333
Bozo Markovic,D,,,30,--,--,FK Sutjeska,Champions League Football,,,,,--,,,25.0,,
Anto Babic,D,,,20,--,--,FK Sutjeska,Champions League Football,,,,,--,,,27.0,,
Stefan Cicmil,D,,,30,6'3,174 lbs,FK Sutjeska,Champions League Football,,,,,--,,,58.0,174.0,6.25
Milovan Petrovic,M,,,30,5'9,152 lbs,FK Sutjeska,Champions League Football,,,,,--,,,,152.0,5.75
Nemanja Nedic,M,,,25,--,--,FK Sutjeska,Champions League Football,,,,,--,,,6.0,,
Damir Kojasevic,M,,,33,5'8,--,FK Sutjeska,Champions League Football,,,,,--,,,7.0,,5.666666666666667
Branislav Jankovic,M,,,28,--,--,FK Sutjeska,Champions League Football,,,,,--,,,8.0,,
Marko Cetkovic,M,,,34,5'7,141 lbs,FK Sutjeska,Champions League Football,,,,,--,,,10.0,141.0,5.583333333333333
Novica Erakovic,M,,,20,--,--,FK Sutjeska,Champions League Football,,,,,--,,,11.0,,
Milutin Osmajic,M,,,21,--,--,FK Sutjeska,Champions League Football,,,,,--,,,20.0,,
Vladan Bubanja,M,,,21,--,--,FK Sutjeska,Champions League Football,,,,,--,,,21.0,,
Aleksa Marusic,M,,,21,--,--,FK Sutjeska,Champions League Football,,,,,--,,,22.0,,
Marko Vucic,M,,,18,--,--,FK Sutjeska,Champions League Football,,,,,--,,,30.0,,
Stefan Nikolic,F,,,30,6'4,190 lbs,FK Sutjeska,Champions League Football,,,,,--,,,9.0,190.0,6.333333333333333
Bojan Bozovic,F,,,35,6'4,183 lbs,FK Sutjeska,Champions League Football,,,,,--,,,19.0,183.0,6.333333333333333
Milajn Vlaisavljevic,F,,,29,--,--,FK Sutjeska,Champions League Football,,,,,--,,,77.0,,
Dénes Dibusz,G,,,29,6'2,179 lbs,Ferencvaros,Champions League Football,,,,,Hungary,,,90.0,179.0,6.166666666666667
David Grof,G,,,31,6'4,196 lbs,Ferencvaros,Champions League Football,,,,,Hungary,,,99.0,196.0,6.333333333333333
Abraham Frimpong,D,,,27,--,--,Ferencvaros,Champions League Football,,,,,Ghana,,,5.0,,
Eldar Civic,D,,,24,6'0,161 lbs,Ferencvaros,Champions League Football,,,,,Bosnia and Herzegovina,,,17.0,161.0,6.0
Endre Botka,D,,,26,--,--,Ferencvaros,Champions League Football,,,,,Hungary,,,21.0,,
Miha Blazic,D,,,27,6'1,172 lbs,Ferencvaros,Champions League Football,,,,,Slovenia,,,25.0,172.0,6.083333333333333
Lasha Dvali,D,,,25,6'3,174 lbs,Ferencvaros,Champions League Football,,,,,Georgia,,,33.0,174.0,6.25
Stefan Spirovski,M,,,30,6'1,172 lbs,Ferencvaros,Champions League Football,,,,,North Macedonia,,,4.0,172.0,6.083333333333333
Danylo Ignatenko,M,,,23,6'2,174 lbs,Ferencvaros,Champions League Football,,,,,Ukraine,,,7.0,174.0,6.166666666666667
Ihor Kharatin,M,,,25,6'2,174 lbs,Ferencvaros,Champions League Football,,,,,Ukraine,,,14.0,174.0,6.166666666666667
Leandro,M,,,38,5'11,163 lbs,Ferencvaros,Champions League Football,,,,,Hungary,,,16.0,163.0,5.916666666666667
Dávid Sigér,M,,,29,5'9,146 lbs,Ferencvaros,Champions League Football,,,,,Hungary,,,18.0,146.0,5.75
Kenny Otigba,M,,,28,6'2,183 lbs,Ferencvaros,Champions League Football,,,,,Hungary,,,22.0,183.0,6.166666666666667
Lukács Bole,M,,,30,5'10,159 lbs,Ferencvaros,Champions League Football,,,,,Hungary,,,23.0,159.0,5.833333333333333
Marcel Heister,M,,,28,--,--,Ferencvaros,Champions League Football,,,,,Germany,,,26.0,,
Marten Wilmots,M,,,21,--,--,Ferencvaros,Champions League Football,,,,,Belgium,,,29.0,,
Kristofer Szerto,M,,,20,--,--,Ferencvaros,Champions League Football,,,,,Hungary,,,77.0,,
Isael,M,,,32,5'7,157 lbs,Ferencvaros,Champions League Football,,,,,Brazil,,,88.0,157.0,5.583333333333333
Michal Skvarka,M,,,28,5'8,146 lbs,Ferencvaros,Champions League Football,,,,,Slovakia,,,92.0,146.0,5.666666666666667
Tokmac Nguen,M,,,26,5'9,130 lbs,Ferencvaros,Champions League Football,,,,,Norway,,,93.0,130.0,5.75
Gergö Lovrencsics,F,,,31,5'10,172 lbs,Ferencvaros,Champions League Football,,,,,Hungary,,,8.0,172.0,5.833333333333333
Oleksandr Zubkov,F,,,24,6'0,172 lbs,Ferencvaros,Champions League Football,,,,,Ukraine,,,11.0,172.0,6.0
Nikolai Signevich,F,,,28,6'4,183 lbs,Ferencvaros,Champions League Football,,,,,Belarus,,,20.0,183.0,6.333333333333333
Rui Pedro,F,,,32,5'11,161 lbs,Ferencvaros,Champions League Football,,,,,Portugal,,,30.0,161.0,5.916666666666667
Tamas Priskin,F,,,34,6'2,196 lbs,Ferencvaros,Champions League Football,,,,,Hungary,,,50.0,196.0,6.166666666666667
Franck Boli,F,,,26,5'11,170 lbs,Ferencvaros,Champions League Football,,,,,Ivory Coast,,,70.0,170.0,5.916666666666667
Roland Varga,F,,,30,6'1,172 lbs,Ferencvaros,Champions League Football,,,,,Hungary,,,97.0,172.0,6.083333333333333
Gentrit Hasi,G,,,23,--,--,Feronikeli,Champions League Football,,,,,--,,,,,
Florjan Smakiqi,G,,,22,6'3,--,Feronikeli,Champions League Football,,,,,--,,,,,6.25
Jacek Troshupa,G,,,26,--,--,Feronikeli,Champions League Football,,,,,--,,,,,
Lulzim Doshlaku,D,,,29,--,--,Feronikeli,Champions League Football,,,,,--,,,,,
Pëparim Islami,D,,,25,--,--,Feronikeli,Champions League Football,,,,,--,,,,,
Lapidar Lladrovci,D,,,29,6'2,--,Feronikeli,Champions League Football,,,,,--,,,,,6.166666666666667
Drilon Lladrovic,D,,,26,--,--,Feronikeli,Champions League Football,,,,,--,,,,,
Arbër Prekazi,D,,,30,--,--,Feronikeli,Champions League Football,,,,,--,,,,,
Astrit Thaqi,D,,,27,--,--,Feronikeli,Champions League Football,,,,,--,,,,,
Haxhi Neziraj,D,,,27,6'2,161 lbs,Feronikeli,Champions League Football,,,,,--,,,,161.0,6.166666666666667
Berat Ahmeti,M,,,25,--,--,Feronikeli,Champions League Football,,,,,--,,,,,
Besmir Bojku,M,,,25,--,--,Feronikeli,Champions League Football,,,,,--,,,,,
Albert Dabiqaj,M,,,24,--,--,Feronikeli,Champions League Football,,,,,--,,,,,
Jean Carioca,M,,,32,5'9,157 lbs,Feronikeli,Champions League Football,,,,,Brazil,,,,157.0,5.75
Milos Krkotic,M,,,32,5'11,161 lbs,Feronikeli,Champions League Football,,,,,--,,,,161.0,5.916666666666667
Met Millaku,M,,,22,--,--,Feronikeli,Champions League Football,,,,,--,,,,,
Albutrint Morina,M,,,27,--,--,Feronikeli,Champions League Football,,,,,--,,,,,
Kastriot Rexha,M,,,31,--,--,Feronikeli,Champions League Football,,,,,--,,,,,
Dorent Hajdari,F,,,19,--,--,Feronikeli,Champions League Football,,,,,--,,,,,
Mendurim Hoti,F,,,24,--,--,Feronikeli,Champions League Football,,,,,--,,,,,
Yll  Hoxha,F,,,32,6'0,159 lbs,Feronikeli,Champions League Football,,,,,--,,,,159.0,6.0
Mevlan Zeka,F,,,26,--,--,Feronikeli,Champions League Football,,,,,--,,,,,
Teitur Matras Gestsson,G,,,28,--,--,HB Torshavn,Champions League Football,,,,,--,,,1.0,,
Mattias Lamhauge,G,,,21,--,--,HB Torshavn,Champions League Football,,,,,--,,,16.0,,
Bjarti Bjarti Mork,G,,,19,--,--,HB Torshavn,Champions League Football,,,,,--,,,25.0,,
Brynjar Hlödversson,D,,,31,--,--,HB Torshavn,Champions League Football,,,,,--,,,5.0,,
Daniel Johansen,D,,,22,--,--,HB Torshavn,Champions League Football,,,,,--,,,6.0,,
Rene Joensen,D,,,27,5'11,163 lbs,HB Torshavn,Champions League Football,,,,,--,,,10.0,163.0,5.916666666666667
Bartal Wardum,D,,,23,--,--,HB Torshavn,Champions League Football,,,,,--,,,17.0,,
Lasse Andersen,D,,,25,--,--,HB Torshavn,Champions League Football,,,,,--,,,24.0,,
Hjalti Hjalti Djurhuus,M,,,22,--,--,HB Torshavn,Champions League Football,,,,,--,,,,,
Magnus Egilsson,M,,,26,--,--,HB Torshavn,Champions League Football,,,,,--,,,2.0,,
Jogvan Davidsen,M,,,28,--,--,HB Torshavn,Champions League Football,,,,,--,,,3.0,,
Adrian Justinussen,M,,,22,--,--,HB Torshavn,Champions League Football,,,,,--,,,7.0,,
Dan Dan Soylu,M,,,24,--,--,HB Torshavn,Champions League Football,,,,,--,,,8.0,,
Tróndur Jensen,M,,,27,--,--,HB Torshavn,Champions League Football,,,,,--,,,9.0,,
Paetur Petersen,M,,,22,--,--,HB Torshavn,Champions League Football,,,,,--,,,11.0,,
Andreas  Breimyr,M,,,24,--,--,HB Torshavn,Champions League Football,,,,,Norway,,,14.0,,
Villiam Emil Klein,M,,,19,--,--,HB Torshavn,Champions League Football,,,,,--,,,15.0,,
Símun Samuelsen,M,,,35,--,--,HB Torshavn,Champions League Football,,,,,--,,,18.0,,
Hördur Askham,M,,,25,--,--,HB Torshavn,Champions League Football,,,,,--,,,19.0,,
Símun Sólheim,M,,,19,--,--,HB Torshavn,Champions League Football,,,,,--,,,26.0,,
Jogvan Nolsoe,F,,,28,--,--,HB Torshavn,Champions League Football,,,,,--,,,,,
Sebastian Pingel,F,,,27,--,--,HB Torshavn,Champions League Football,,,,,--,,,4.0,,
Ari Mohr Olsen,F,,,22,--,--,HB Torshavn,Champions League Football,,,,,--,,,23.0,,
Samir Handanovic,G,,,36,6'4,203 lbs,Internazionale,Champions League Football,,,,,Slovenia,,,1.0,203.0,6.333333333333333
Daniele Padelli,G,,,34,6'3,181 lbs,Internazionale,Champions League Football,,,,,Italy,,,27.0,181.0,6.25
Tommaso Berni,G,,,37,6'1,174 lbs,Internazionale,Champions League Football,,,,,Italy,,,46.0,174.0,6.083333333333333
Diego Godín,D,,,34,6'2,172 lbs,Internazionale,Champions League Football,,,,,Uruguay,,,2.0,172.0,6.166666666666667
Stefan de Vrij,D,,,28,6'3,172 lbs,Internazionale,Champions League Football,,,,,Netherlands,,,6.0,172.0,6.25
Andrea Ranocchia,D,,,32,6'5,179 lbs,Internazionale,Champions League Football,,,,,Italy,,,13.0,179.0,6.416666666666667
Lorenzo Pirola,D,,,18,6'1,159 lbs,Internazionale,Champions League Football,,,,,Italy,,,31.0,159.0,6.083333333333333
Cristiano Biraghi,D,,,27,6'1,172 lbs,Internazionale,Champions League Football,,,,,Italy,,,34.0,172.0,6.083333333333333
Filip Stankovic,D,,,18,6'0,159 lbs,Internazionale,Champions League Football,,,,,Serbia,,,35.0,159.0,6.0
Alessandro Bastoni,D,,,21,6'3,163 lbs,Internazionale,Champions League Football,,,,,Italy,,,95.0,163.0,6.25
Xian Emmers,M,,,21,5'10,159 lbs,Internazionale,Champions League Football,,,,,Belgium,,,,159.0,5.833333333333333
João Mário,M,,,27,5'10,161 lbs,Internazionale,Champions League Football,,,,,Portugal,,,,161.0,5.833333333333333
Roberto Gagliardini,M,,,26,6'3,170 lbs,Internazionale,Champions League Football,,,,,Italy,,,5.0,170.0,6.25
Alexis Sánchez,M,,,31,5'7,137 lbs,Internazionale,Champions League Football,,,,,Chile,,,7.0,137.0,5.583333333333333
Matías Vecino,M,,,29,6'2,179 lbs,Internazionale,Champions League Football,,,,,Uruguay,,,8.0,179.0,6.166666666666667
Victor Moses,M,,,29,5'10,172 lbs,Internazionale,Champions League Football,,,,,Nigeria,,,11.0,172.0,5.833333333333333
Stefano Sensi,M,,,25,5'6,137 lbs,Internazionale,Champions League Football,,,,,Italy,,,12.0,137.0,5.5
Ashley Young,M,,,35,5'9,141 lbs,Internazionale,Champions League Football,,,,,England,,,15.0,141.0,5.75
Kwadwo Asamoah,M,,,31,5'10,163 lbs,Internazionale,Champions League Football,,,,,Ghana,,,18.0,163.0,5.833333333333333
Valentino Lazaro,M,,,24,5'11,168 lbs,Internazionale,Champions League Football,,,,,Austria,,,19.0,168.0,5.916666666666667
Borja Valero,M,,,35,5'9,161 lbs,Internazionale,Champions League Football,,,,,Spain,,,20.0,161.0,5.75
Nicolò Barella,M,,,23,5'9,150 lbs,Internazionale,Champions League Football,,,,,Italy,,,23.0,150.0,5.75
Christian Eriksen,M,,,28,6'0,168 lbs,Internazionale,Champions League Football,,,,,Denmark,,,24.0,168.0,6.0
Lucien Agoumé,M,,,18,6'1,159 lbs,Internazionale,Champions League Football,,,,,France,,,32.0,159.0,6.083333333333333
Danilo D'Ambrosio,M,,,31,5'11,163 lbs,Internazionale,Champions League Football,,,,,Italy,,,33.0,163.0,5.916666666666667
Milan Skriniar,M,,,25,6'2,174 lbs,Internazionale,Champions League Football,,,,,Slovakia,,,37.0,174.0,6.166666666666667
Marcelo Brozovic,M,,,27,5'11,150 lbs,Internazionale,Champions League Football,,,,,Croatia,,,77.0,150.0,5.916666666666667
Antonio Candreva,M,,,33,5'11,159 lbs,Internazionale,Champions League Football,,,,,Italy,,,87.0,159.0,5.916666666666667
Romelu Lukaku,F,,,27,6'3,203 lbs,Internazionale,Champions League Football,,,,,Belgium,,,9.0,203.0,6.25
Lautaro Martínez,F,,,23,5'9,179 lbs,Internazionale,Champions League Football,,,,,Argentina,,,10.0,179.0,5.75
Sebastiano Esposito,F,,,18,6'1,168 lbs,Internazionale,Champions League Football,,,,,Italy,,,30.0,168.0,6.083333333333333
Edoardo Vergani,F,,,19,6'1,174 lbs,Internazionale,Champions League Football,,,,,Italy,,,39.0,174.0,6.083333333333333
Matias Fonseca,F,,,19,5'11,157 lbs,Internazionale,Champions League Football,,,,,Italy,,,40.0,157.0,5.916666666666667
Axel Bakayoko,F,,,22,5'10,150 lbs,Internazionale,Champions League Football,,,,,France,,,93.0,150.0,5.833333333333333
Laurentiu Branescu,G,,,26,6'4,190 lbs,Juventus,Champions League Football,,,,,Romania,,,,190.0,6.333333333333333
Wojciech Szczesny,G,,,30,6'5,196 lbs,Juventus,Champions League Football,,,,,Poland,,,1.0,196.0,6.416666666666667
Carlo Pinsoglio,G,,,30,6'4,185 lbs,Juventus,Champions League Football,,,,,Italy,,,31.0,185.0,6.333333333333333
Gianluigi Buffon,G,,,42,6'3,183 lbs,Juventus,Champions League Football,,,,,Italy,,,77.0,183.0,6.25
Mattia De Sciglio,D,,,27,5'10,161 lbs,Juventus,Champions League Football,,,,,Italy,,,2.0,161.0,5.833333333333333
Giorgio Chiellini,D,,,36,6'4,183 lbs,Juventus,Champions League Football,,,,,Italy,,,3.0,183.0,6.333333333333333
Matthijs de Ligt,D,,,21,6'2,194 lbs,Juventus,Champions League Football,,,,,Netherlands,,,4.0,194.0,6.166666666666667
Alex Sandro,D,,,29,5'11,174 lbs,Juventus,Champions League Football,,,,,Brazil,,,12.0,174.0,5.916666666666667
Danilo,D,,,29,6'0,172 lbs,Juventus,Champions League Football,,,,,Brazil,,,13.0,172.0,6.0
Leonardo Bonucci,D,,,33,6'3,181 lbs,Juventus,Champions League Football,,,,,Italy,,,19.0,181.0,6.25
Daniele Rugani,D,,,26,6'3,183 lbs,Juventus,Champions League Football,,,,,Italy,,,24.0,183.0,6.25
Merih Demiral,D,,,22,6'4,190 lbs,Juventus,Champions League Football,,,,,Turkey,,,28.0,190.0,6.333333333333333
Pietro Beruatto,D,,,21,6'0,--,Juventus,Champions League Football,,,,,Italy,,,34.0,,6.0
Luca Coccolo,D,,,22,6'2,172 lbs,Juventus,Champions League Football,,,,,Italy,,,41.0,172.0,6.166666666666667
Wesley,D,,,20,5'7,--,Juventus,Champions League Football,,,,,Brazil,,,42.0,,5.583333333333333
Gianluca Frabotta,D,,,21,5'9,152 lbs,Juventus,Champions League Football,,,,,Italy,,,47.0,152.0,5.75
Matheus Pereira,M,,,24,5'9,150 lbs,Juventus,Champions League Football,,,,,Brazil,,,,150.0,5.75
Miralem Pjanic,M,,,30,5'11,159 lbs,Juventus,Champions League Football,,,,,Bosnia and Herzegovina,,,5.0,159.0,5.916666666666667
Sami Khedira,M,,,33,6'2,185 lbs,Juventus,Champions League Football,,,,,Germany,,,6.0,185.0,6.166666666666667
Aaron Ramsey,M,,,29,5'10,168 lbs,Juventus,Champions League Football,,,,,Wales,,,8.0,168.0,5.833333333333333
Douglas Costa,M,,,29,5'8,152 lbs,Juventus,Champions League Football,,,,,Brazil,,,11.0,152.0,5.666666666666667
Blaise Matuidi,M,,,33,5'9,152 lbs,Juventus,Champions League Football,,,,,France,,,14.0,152.0,5.75
Juan Cuadrado,M,,,32,5'10,146 lbs,Juventus,Champions League Football,,,,,Colombia,,,16.0,146.0,5.833333333333333
Marko Pjaca,M,,,25,6'1,183 lbs,Juventus,Champions League Football,,,,,Croatia,,,20.0,183.0,6.083333333333333
Adrien Rabiot,M,,,25,6'2,157 lbs,Juventus,Champions League Football,,,,,France,,,25.0,157.0,6.166666666666667
Rodrigo Bentancur,M,,,23,6'2,159 lbs,Juventus,Champions League Football,,,,,Uruguay,,,30.0,159.0,6.166666666666667
Marco Olivieri,M,,,21,5'9,--,Juventus,Champions League Football,,,,,Italy,,,35.0,,5.75
Simone Muratore,M,,,22,6'1,161 lbs,Juventus,Champions League Football,,,,,Italy,,,38.0,161.0,6.083333333333333
Manolo Portanova,M,,,20,--,--,Juventus,Champions League Football,,,,,Italy,,,39.0,,
Daouda Peeters,M,,,21,6'1,--,Juventus,Champions League Football,,,,,Belgium,,,43.0,,6.083333333333333
Luca Zanimacchia,M,,,22,5'10,152 lbs,Juventus,Champions League Football,,,,,Italy,,,46.0,152.0,5.833333333333333
Cristiano Ronaldo,F,,,35,6'0,174 lbs,Juventus,Champions League Football,,,,,Portugal,,,7.0,174.0,6.0
Paulo Dybala,F,,,26,5'10,163 lbs,Juventus,Champions League Football,,,,,Argentina,,,10.0,163.0,5.833333333333333
Gonzalo Higuaín,F,,,32,6'1,194 lbs,Juventus,Champions League Football,,,,,Argentina,,,21.0,194.0,6.083333333333333
Federico Bernardeschi,F,,,26,6'1,170 lbs,Juventus,Champions League Football,,,,,Italy,,,33.0,170.0,6.083333333333333
Giacomo Vrioni,F,,,21,5'11,152 lbs,Juventus,Champions League Football,,,,,Italy,,,44.0,152.0,5.916666666666667
Artan Iljazi,G,,,21,--,--,KF Shkëndija,Champions League Football,,,,,--,,,,,
Saljadin Mustafi,G,,,27,--,--,KF Shkëndija,Champions League Football,,,,,--,,,,,
Bekim Redjepi,G,,,23,--,--,KF Shkëndija,Champions League Football,,,,,--,,,,,
Kostadin Zahov,G,,,32,--,--,KF Shkëndija,Champions League Football,,,,,--,,,,,
Egzon Bejtulai,D,,,26,5'10,161 lbs,KF Shkëndija,Champions League Football,,,,,--,,,,161.0,5.833333333333333
Konstantin Cheshmedzhiev,D,,,24,--,--,KF Shkëndija,Champions League Football,,,,,--,,,,,
Mevlan Murati,D,,,26,5'10,152 lbs,KF Shkëndija,Champions League Football,,,,,--,,,,152.0,5.833333333333333
Visar Musliu,D,,,25,6'0,172 lbs,KF Shkëndija,Champions League Football,,,,,--,,,,172.0,6.0
Medzit Neziri,D,,,29,6'0,161 lbs,KF Shkëndija,Champions League Football,,,,,--,,,,161.0,6.0
Leard Sadriu,D,,,19,6'1,--,KF Shkëndija,Champions League Football,,,,,--,,,,,6.083333333333333
Gledi Mici,M,,,29,--,--,KF Shkëndija,Champions League Football,,,,,--,,,,,
Armend Alimi,M,,,32,5'10,--,KF Shkëndija,Champions League Football,,,,,--,,,,,5.833333333333333
Berat Bekjiri,M,,,24,--,--,KF Shkëndija,Champions League Football,,,,,--,,,,,
Jakup Berisha,M,,,20,--,--,KF Shkëndija,Champions League Football,,,,,--,,,,,
Zeni Husmani,M,,,29,5'9,150 lbs,KF Shkëndija,Champions League Football,,,,,--,,,,150.0,5.75
Omar Imeri,M,,,20,--,--,KF Shkëndija,Champions League Football,,,,,--,,,,,
Ennur Totre,M,,,23,--,--,KF Shkëndija,Champions League Football,,,,,--,,,,,
Arbin Zejnulai,M,,,21,--,--,KF Shkëndija,Champions League Football,,,,,--,,,,,
Juan Felipe,M,,,32,5'9,--,KF Shkëndija,Champions League Football,,,,,--,,,,,5.75
Besart Ibraimi,M,,,33,6'0,163 lbs,KF Shkëndija,Champions League Football,,,,,North Macedonia,,,,163.0,6.0
Valjmir Nafiu,M,,,26,5'9,157 lbs,KF Shkëndija,Champions League Football,,,,,--,,,,157.0,5.75
Shefit Shefiti,M,,,22,--,--,KF Shkëndija,Champions League Football,,,,,--,,,,,
Stenio Junior,F,,,29,--,--,KF Shkëndija,Champions League Football,,,,,--,,,,,
Agim Ibraimi,F,,,32,5'10,157 lbs,KF Shkëndija,Champions League Football,,,,,North Macedonia,,,,157.0,5.833333333333333
Marjan Radeski,F,,,25,5'11,163 lbs,KF Shkëndija,Champions League Football,,,,,--,,,,163.0,5.916666666666667
Evgeni Gorodov,G,,,34,6'2,190 lbs,Krasnodar,Champions League Football,,,,,--,,,1.0,190.0,6.166666666666667
Matvey Safonov,G,,,21,6'4,181 lbs,Krasnodar,Champions League Football,,,,,Russia,,,39.0,181.0,6.333333333333333
Andrei Sinitsyn,G,,,28,6'0,141 lbs,Krasnodar,Champions League Football,,,,,Russia,,,88.0,141.0,6.0
Egor Sorokin,D,,,24,6'2,179 lbs,Krasnodar,Champions League Football,,,,,Russia,,,2.0,179.0,6.166666666666667
Aleksandr Martynovich,D,,,33,6'4,181 lbs,Krasnodar,Champions League Football,,,,,Belarus,,,4.0,181.0,6.333333333333333
Uros Spajic,D,,,27,6'2,174 lbs,Krasnodar,Champions League Football,,,,,Serbia,,,5.0,174.0,6.166666666666667
Cristian Ramírez,D,,,26,5'9,172 lbs,Krasnodar,Champions League Football,,,,,Ecuador,,,6.0,172.0,5.75
Alex Matsukatov,D,,,21,5'11,163 lbs,Krasnodar,Champions League Football,,,,,--,,,15.0,163.0,5.916666666666667
Igor Smolnikov,D,,,32,5'10,152 lbs,Krasnodar,Champions League Football,,,,,Russia,,,28.0,152.0,5.833333333333333
Ruslan Kambolov,D,,,30,5'11,172 lbs,Krasnodar,Champions League Football,,,,,Russia,,,77.0,172.0,5.916666666666667
Rémy Cabella,M,,,30,5'7,150 lbs,Krasnodar,Champions League Football,,,,,France,,,7.0,150.0,5.583333333333333
Yuri Gazinsky,M,,,31,6'0,163 lbs,Krasnodar,Champions League Football,,,,,Russia,,,8.0,163.0,6.0
Kristoffer Olsson,M,,,25,5'11,150 lbs,Krasnodar,Champions League Football,,,,,Sweden,,,14.0,150.0,5.916666666666667
Viktor Claesson,M,,,28,6'0,172 lbs,Krasnodar,Champions League Football,,,,,Sweden,,,16.0,172.0,6.0
Kaio,M,,,24,6'0,172 lbs,Krasnodar,Champions League Football,,,,,Brazil,,,31.0,172.0,6.0
Daniil Utkin,M,,,20,6'0,159 lbs,Krasnodar,Champions League Football,,,,,Russia,,,47.0,159.0,6.0
Tonny Vilhena,M,,,25,5'9,157 lbs,Krasnodar,Champions League Football,,,,,Netherlands,,,52.0,157.0,5.75
Dmitriy Stotskiy,M,,,30,5'7,139 lbs,Krasnodar,Champions League Football,,,,,Russia,,,89.0,139.0,5.583333333333333
Sergei Petrov,M,,,29,5'9,157 lbs,Krasnodar,Champions League Football,,,,,Russia,,,98.0,157.0,5.75
Ari,F,,,34,5'11,181 lbs,Krasnodar,Champions League Football,,,,,Brazil,,,9.0,181.0,5.916666666666667
Wanderson,F,,,25,5'9,157 lbs,Krasnodar,Champions League Football,,,,,Brazil,,,10.0,157.0,5.75
Marcus Berg,F,,,34,6'0,185 lbs,Krasnodar,Champions League Football,,,,,Sweden,,,33.0,185.0,6.0
Maksim Kutovoi,F,,,19,6'2,170 lbs,Krasnodar,Champions League Football,,,,,Russia,,,67.0,170.0,6.166666666666667
Shapi Suleymanov,F,,,20,5'7,150 lbs,Krasnodar,Champions League Football,,,,,Russia,,,93.0,150.0,5.583333333333333
Alexander Schlager,G,,,24,6'0,170 lbs,LASK Linz,Champions League Football,,,,,Austria,,,1.0,170.0,6.0
Tobias Lawal,G,,,20,6'5,183 lbs,LASK Linz,Champions League Football,,,,,Austria,,,24.0,183.0,6.416666666666667
Thomas Gebauer,G,,,38,6'4,192 lbs,LASK Linz,Champions League Football,,,,,Austria,,,36.0,192.0,6.333333333333333
Felix Luckeneder,D,,,26,6'3,161 lbs,LASK Linz,Champions League Football,,,,,Austria,,,,161.0,6.25
Philipp Wiesinger,D,,,26,5'11,161 lbs,LASK Linz,Champions League Football,,,,,Austria,,,6.0,161.0,5.916666666666667
Christian Ramsebner,D,,,31,6'3,183 lbs,LASK Linz,Champions League Football,,,,,Austria,,,15.0,183.0,6.25
Gernot Trauner,D,,,28,6'0,181 lbs,LASK Linz,Champions League Football,,,,,Austria,,,18.0,181.0,6.0
Jan Boller,D,,,20,6'1,157 lbs,LASK Linz,Champions League Football,,,,,Germany,,,34.0,157.0,6.083333333333333
Petar Filipovic,M,,,29,6'2,183 lbs,LASK Linz,Champions League Football,,,,,Croatia,,,5.0,183.0,6.166666666666667
René Renner,M,,,26,5'11,150 lbs,LASK Linz,Champions League Football,,,,,Austria,,,7.0,150.0,5.916666666666667
Peter Michorl,M,,,25,5'9,157 lbs,LASK Linz,Champions League Football,,,,,Austria,,,8.0,157.0,5.75
Dominik Reiter,M,,,22,5'8,161 lbs,LASK Linz,Champions League Football,,,,,Austria,,,11.0,161.0,5.666666666666667
Husein Balic,M,,,24,6'0,163 lbs,LASK Linz,Champions League Football,,,,,Austria,,,14.0,163.0,6.0
Marvin Potzmann ,M,,,26,6'0,172 lbs,LASK Linz,Champions League Football,,,,,Austria,,,16.0,172.0,6.0
Valentino Müller,M,,,21,5'10,150 lbs,LASK Linz,Champions League Football,,,,,Austria,,,19.0,150.0,5.833333333333333
Stefan Haudum,M,,,25,6'2,168 lbs,LASK Linz,Champions League Football,,,,,Austria,,,23.0,168.0,6.166666666666667
James Holland,M,,,31,5'11,168 lbs,LASK Linz,Champions League Football,,,,,Australia,,,25.0,168.0,5.916666666666667
Reinhold Ranftl,M,,,28,5'11,163 lbs,LASK Linz,Champions League Football,,,,,Austria,,,26.0,163.0,5.916666666666667
Thomas Goiginger,M,,,27,5'11,150 lbs,LASK Linz,Champions League Football,,,,,Austria,,,27.0,150.0,5.916666666666667
Andrés Andrade,M,,,21,6'2,172 lbs,LASK Linz,Champions League Football,,,,,Colombia,,,30.0,172.0,6.166666666666667
Thomas Sabitzer,M,,,19,6'0,170 lbs,LASK Linz,Champions League Football,,,,,Austria,,,33.0,170.0,6.0
Lukas Grgic,F,,,25,6'0,172 lbs,LASK Linz,Champions League Football,,,,,Austria,,,,172.0,6.0
Andreas Gruber,F,,,25,5'9,152 lbs,LASK Linz,Champions League Football,,,,,Austria,,,,152.0,5.75
Mamoudoou Karamoko,F,,,20,6'2,192 lbs,LASK Linz,Champions League Football,,,,,France,,,,192.0,6.166666666666667
Marko Raguz,F,,,22,6'1,159 lbs,LASK Linz,Champions League Football,,,,,Austria,,,29.0,159.0,6.083333333333333
Léo Jardim,G,,,25,6'2,161 lbs,Lille,Champions League Football,,,,,Brazil,,,1.0,161.0,6.166666666666667
Mike Maignan,G,,,24,6'3,194 lbs,Lille,Champions League Football,,,,,France,,,16.0,194.0,6.25
Lucas Chevalier,G,,,18,6'2,172 lbs,Lille,Champions League Football,,,,,--,,,30.0,172.0,6.166666666666667
Zeki Celik,D,,,23,5'11,172 lbs,Lille,Champions League Football,,,,,Turkey,,,2.0,172.0,5.916666666666667
Tiago Djaló,D,,,20,6'3,--,Lille,Champions League Football,,,,,Portugal,,,3.0,,6.25
Gabriel,D,,,22,6'3,172 lbs,Lille,Champions League Football,,,,,Brazil,,,4.0,172.0,6.25
Sven Botman,D,,,20,6'4,179 lbs,Lille,Champions League Football,,,,,Netherlands,,,5.0,179.0,6.333333333333333
José Fonte,D,,,36,6'2,179 lbs,Lille,Champions League Football,,,,,Portugal,,,6.0,179.0,6.166666666666667
Cheikh Niasse,D,,,20,6'2,--,Lille,Champions League Football,,,,,Senegal,,,27.0,,6.166666666666667
Domagoj Bradaric,D,,,20,5'10,150 lbs,Lille,Champions League Football,,,,,Croatia,,,29.0,150.0,5.833333333333333
Jonathan Bamba,M,,,24,5'9,159 lbs,Lille,Champions League Football,,,,,France,,,7.0,159.0,5.75
Xeka,M,,,25,6'1,174 lbs,Lille,Champions League Football,,,,,Portugal,,,8.0,174.0,6.083333333333333
Jonathan Ikoné,M,,,22,5'9,148 lbs,Lille,Champions League Football,,,,,France,,,10.0,148.0,5.75
Eugenio Pizzuto,M,,,18,5'10,150 lbs,Lille,Champions League Football,,,,,Mexico,,,15.0,150.0,5.833333333333333
Renato Sanches,M,,,23,5'9,152 lbs,Lille,Champions League Football,,,,,Portugal,,,18.0,152.0,5.75
Benjamin André,M,,,30,5'11,168 lbs,Lille,Champions League Football,,,,,France,,,21.0,168.0,5.916666666666667
Boubakary Soumare,M,,,21,6'2,152 lbs,Lille,Champions League Football,,,,,France,,,24.0,152.0,6.166666666666667
Reinildo Mandava,M,,,26,5'11,161 lbs,Lille,Champions League Football,,,,,Mozambique,,,28.0,161.0,5.916666666666667
Jonathan David,F,,,20,5'10,--,Lille,Champions League Football,,,,,Canada,,,9.0,,5.833333333333333
Luiz Araújo,F,,,24,5'9,152 lbs,Lille,Champions League Football,,,,,Brazil,,,11.0,152.0,5.75
Yusuf Yazici,F,,,23,6'0,161 lbs,Lille,Champions League Football,,,,,Turkey,,,12.0,161.0,6.0
Alexis Flips,F,,,20,5'8,--,Lille,Champions League Football,,,,,France,,,14.0,,5.666666666666667
Burak Yilmaz,F,,,35,6'2,170 lbs,Lille,Champions League Football,,,,,Turkey,,,17.0,170.0,6.166666666666667
Isaac Lihadji,F,,,18,5'9,--,Lille,Champions League Football,,,,,France,,,19.0,,5.75
Timothy Weah,F,,,20,6'0,146 lbs,Lille,Champions League Football,,,,,United States,,,22.0,146.0,6.0
Jérémy Pied,F,,,31,5'8,150 lbs,Lille,Champions League Football,,,,,France,,,26.0,150.0,5.666666666666667
Kyle Goldwin,G,,,35,--,--,Lincoln Red Imps,Champions League Football,,,,,--,,,,,
Lolo Soler,G,,,33,6'2,183 lbs,Lincoln Red Imps,Champions League Football,,,,,--,,,,183.0,6.166666666666667
Ethan Britto,D,,,19,--,--,Lincoln Red Imps,Champions League Football,,,,,--,,,,,
Joseph Chipolina,D,,,32,--,--,Lincoln Red Imps,Champions League Football,,,,,--,,,,,
Roy Chipolina,D,,,37,--,--,Lincoln Red Imps,Champions League Football,,,,,--,,,,,
Bernardo Lopes,D,,,27,6'2,183 lbs,Lincoln Red Imps,Champions League Football,,,,,--,,,,183.0,6.166666666666667
Marcos Perez,D,,,30,5'9,159 lbs,Lincoln Red Imps,Champions League Football,,,,,--,,,,159.0,5.75
Álvaro Oliver,D,,,28,--,--,Lincoln Red Imps,Champions League Football,,,,,--,,,,,
Jesus Toscano,D,,,29,--,--,Lincoln Red Imps,Champions League Football,,,,,--,,,,,
Borja Gil,M,,,29,5'9,141 lbs,Lincoln Red Imps,Champions League Football,,,,,--,,,,141.0,5.75
Alain Pons,M,,,24,--,--,Lincoln Red Imps,Champions League Football,,,,,--,,,,,
Pablo Rubio Ruibal,M,,,25,--,--,Lincoln Red Imps,Champions League Football,,,,,--,,,,,
Sergio Molina Zamudio,M,,,36,5'9,161 lbs,Lincoln Red Imps,Champions League Football,,,,,Colombia,,,,161.0,5.75
Andre Alves  Dos Santos,F,,,28,--,--,Lincoln Red Imps,Champions League Football,,,,,--,,,,,
Blas Álvarez,F,,,25,6'0,172 lbs,Lincoln Red Imps,Champions League Football,,,,,--,,,,172.0,6.0
George Cabrera,F,,,31,--,--,Lincoln Red Imps,Champions League Football,,,,,--,,,,,
Lee Casciaro,F,,,38,--,--,Lincoln Red Imps,Champions League Football,,,,,--,,,,,
Federico Cataruozzolo,F,,,32,5'9,--,Lincoln Red Imps,Champions League Football,,,,,Paraguay,,,,,5.75
Jamie Coombes,F,,,24,--,--,Lincoln Red Imps,Champions League Football,,,,,--,,,,,
Gato,F,,,31,5'6,146 lbs,Lincoln Red Imps,Champions League Football,,,,,--,,,,146.0,5.5
Idé Gomes,F,,,26,6'8,183 lbs,Lincoln Red Imps,Champions League Football,,,,,--,,,,183.0,6.666666666666667
Kike Gómez,F,,,26,--,--,Lincoln Red Imps,Champions League Football,,,,,--,,,,,
Anthony Hernandez,F,,,25,--,--,Lincoln Red Imps,Champions League Football,,,,,--,,,,,
Juan Pereira,F,,,33,6'0,170 lbs,Lincoln Red Imps,Champions League Football,,,,,Colombia,,,,170.0,6.0
Loris Karius,G,,,27,6'2,163 lbs,Liverpool,Champions League Football,,,,,Germany,,,,163.0,6.166666666666667
Alisson ,G,,,27,6'3,201 lbs,Liverpool,Champions League Football,,,,,Brazil,,,1.0,201.0,6.25
Adrián,G,,,33,6'3,174 lbs,Liverpool,Champions League Football,,,,,Spain,,,13.0,174.0,6.25
Caoimhin Kelleher,G,,,21,5'10,161 lbs,Liverpool,Champions League Football,,,,,Ireland,,,62.0,161.0,5.833333333333333
Kamil Grabara,G,,,21,6'5,--,Liverpool,Champions League Football,,,,,Poland,,,73.0,,6.416666666666667
Fabinho,D,,,26,6'2,172 lbs,Liverpool,Champions League Football,,,,,Brazil,,,3.0,172.0,6.166666666666667
Virgil van Dijk,D,,,29,6'4,203 lbs,Liverpool,Champions League Football,,,,,Netherlands,,,4.0,203.0,6.333333333333333
Joe Gomez,D,,,23,6'2,170 lbs,Liverpool,Champions League Football,,,,,England,,,12.0,170.0,6.166666666666667
Curtis Jones,D,,,19,6'1,163 lbs,Liverpool,Champions League Football,,,,,England,,,17.0,163.0,6.083333333333333
Andy Robertson,D,,,26,5'10,139 lbs,Liverpool,Champions League Football,,,,,Scotland,,,26.0,139.0,5.833333333333333
Joël Matip,D,,,29,6'4,196 lbs,Liverpool,Champions League Football,,,,,Cameroon,,,32.0,196.0,6.333333333333333
Nathaniel Phillips,D,,,23,6'3,--,Liverpool,Champions League Football,,,,,England,,,47.0,,6.25
Ki-Jana Hoever,D,,,18,5'11,141 lbs,Liverpool,Champions League Football,,,,,Netherlands,,,51.0,141.0,5.916666666666667
Trent Alexander-Arnold,D,,,21,5'9,150 lbs,Liverpool,Champions League Football,,,,,England,,,66.0,150.0,5.75
Sepp van den Berg,D,,,18,6'2,161 lbs,Liverpool,Champions League Football,,,,,Netherlands,,,72.0,161.0,6.166666666666667
Neco Williams,D,,,19,--,--,Liverpool,Champions League Football,,,,,Wales,,,76.0,,
Billy Koumetio,D,,,17,--,--,Liverpool,Champions League Football,,,,,France,,,89.0,,
Georginio Wijnaldum,M,,,29,5'9,150 lbs,Liverpool,Champions League Football,,,,,Netherlands,,,5.0,150.0,5.75
James Milner,M,,,34,5'9,152 lbs,Liverpool,Champions League Football,,,,,England,,,7.0,152.0,5.75
Naby Keita,M,,,25,5'8,139 lbs,Liverpool,Champions League Football,,,,,Guinea,,,8.0,139.0,5.666666666666667
Roberto Firmino,M,,,28,5'11,168 lbs,Liverpool,Champions League Football,,,,,Brazil,,,9.0,168.0,5.916666666666667
Mohamed Salah,M,,,28,5'9,157 lbs,Liverpool,Champions League Football,,,,,Egypt,,,11.0,157.0,5.75
Jordan Henderson,M,,,30,6'0,148 lbs,Liverpool,Champions League Football,,,,,England,,,14.0,148.0,6.0
Alex Oxlade-Chamberlain,M,,,27,5'11,152 lbs,Liverpool,Champions League Football,,,,,England,,,15.0,152.0,5.916666666666667
Marko Grujic,M,,,24,6'3,190 lbs,Liverpool,Champions League Football,,,,,Serbia,,,16.0,190.0,6.25
Konstantinos Tsimikas,M,,,24,5'10,170 lbs,Liverpool,Champions League Football,,,,,Greece,,,21.0,170.0,5.833333333333333
Xherdan Shaqiri,M,,,28,5'7,159 lbs,Liverpool,Champions League Football,,,,,Switzerland,,,23.0,159.0,5.583333333333333
Sheyi Ojo,M,,,23,5'10,139 lbs,Liverpool,Champions League Football,,,,,England,,,54.0,139.0,5.833333333333333
Ben Woodburn,M,,,20,5'9,159 lbs,Liverpool,Champions League Football,,,,,Wales,,,58.0,159.0,5.75
Harry Wilson,M,,,23,5'8,152 lbs,Liverpool,Champions League Football,,,,,Wales,,,59.0,152.0,5.666666666666667
Harvey Elliott,M,,,17,5'7,--,Liverpool,Champions League Football,,,,,England,,,67.0,,5.583333333333333
Taiwo Awoniyi,F,,,23,5'10,161 lbs,Liverpool,Champions League Football,,,,,Nigeria,,,,161.0,5.833333333333333
Sadio Mané,F,,,28,5'9,150 lbs,Liverpool,Champions League Football,,,,,Senegal,,,10.0,150.0,5.75
Takumi Minamino,F,,,25,5'9,150 lbs,Liverpool,Champions League Football,,,,,Japan,,,18.0,150.0,5.75
Rhian Brewster,F,,,20,5'11,163 lbs,Liverpool,Champions League Football,,,,,England,,,24.0,163.0,5.916666666666667
Divock Origi,F,,,25,6'1,163 lbs,Liverpool,Champions League Football,,,,,Belgium,,,27.0,163.0,6.083333333333333
Guilherme,G,,,34,6'5,207 lbs,Lokomotiv Moscow,Champions League Football,,,,,Brazil,,,1.0,207.0,6.416666666666667
Andrey Savin,G,,,21,--,--,Lokomotiv Moscow,Champions League Football,,,,,--,,,60.0,,
Anton Kochenkov,G,,,33,6'5,183 lbs,Lokomotiv Moscow,Champions League Football,,,,,Kyrgyzstan,,,77.0,183.0,6.416666666666667
Dmitry Zhivoglyadov,D,,,26,5'10,141 lbs,Lokomotiv Moscow,Champions League Football,,,,,Russia,,,2.0,141.0,5.833333333333333
Vitaly Lystsov,D,,,25,6'4,181 lbs,Lokomotiv Moscow,Champions League Football,,,,,Russia,,,4.0,181.0,6.333333333333333
Vedran Corluka,D,,,34,6'4,183 lbs,Lokomotiv Moscow,Champions League Football,,,,,Croatia,,,14.0,183.0,6.333333333333333
Murilo,D,,,23,6'2,172 lbs,Lokomotiv Moscow,Champions League Football,,,,,Brazil,,,27.0,172.0,6.166666666666667
Boris Rotenberg,D,,,34,6'2,183 lbs,Lokomotiv Moscow,Champions League Football,,,,,Finland,,,28.0,183.0,6.166666666666667
Stanislav Magkeev,D,,,21,6'1,168 lbs,Lokomotiv Moscow,Champions League Football,,,,,Russia,,,37.0,168.0,6.083333333333333
Slobodan Rajkovic,D,,,31,6'3,192 lbs,Lokomotiv Moscow,Champions League Football,,,,,Serbia,,,41.0,192.0,6.25
Aleksandr Silyanov,D,,,19,--,--,Lokomotiv Moscow,Champions League Football,,,,,--,,,45.0,,
Aleksei Miranchuk,D,,,24,6'0,161 lbs,Lokomotiv Moscow,Champions League Football,,,,,Russia,,,59.0,161.0,6.0
Artur Chyorny,D,,,19,--,--,Lokomotiv Moscow,Champions League Football,,,,,--,,,74.0,,
Dimitriy Barinov,M,,,23,5'10,159 lbs,Lokomotiv Moscow,Champions League Football,,,,,Russia,,,6.0,159.0,5.833333333333333
Grzegorz Krychowiak,M,,,30,6'1,183 lbs,Lokomotiv Moscow,Champions League Football,,,,,Poland,,,7.0,183.0,6.083333333333333
Anton Miranchuk,M,,,24,6'0,159 lbs,Lokomotiv Moscow,Champions League Football,,,,,Russia,,,11.0,159.0,6.0
Rifat Zhemaledinov,M,,,23,6'0,174 lbs,Lokomotiv Moscow,Champions League Football,,,,,Russia,,,17.0,174.0,6.0
Vladislav Ignatyev,M,,,33,5'11,159 lbs,Lokomotiv Moscow,Champions League Football,,,,,Russia,,,20.0,159.0,5.916666666666667
Jasurbek Jaloliddinov,M,,,18,5'7,128 lbs,Lokomotiv Moscow,Champions League Football,,,,,--,,,23.0,128.0,5.583333333333333
Maciej Rybus,M,,,31,5'8,163 lbs,Lokomotiv Moscow,Champions League Football,,,,,Poland,,,31.0,163.0,5.666666666666667
Nikolay Titkov,M,,,20,5'10,148 lbs,Lokomotiv Moscow,Champions League Football,,,,,Russia,,,38.0,148.0,5.833333333333333
Roman Tugarev,M,,,22,5'7,139 lbs,Lokomotiv Moscow,Champions League Football,,,,,Russia,,,67.0,139.0,5.583333333333333
Nikita Iosifov,M,,,19,--,--,Lokomotiv Moscow,Champions League Football,,,,,--,,,68.0,,
Daniil Kulikov,M,,,22,5'10,146 lbs,Lokomotiv Moscow,Champions League Football,,,,,Russia,,,69.0,146.0,5.833333333333333
Maksim Mukhin,M,,,18,5'11,148 lbs,Lokomotiv Moscow,Champions League Football,,,,,Russia,,,76.0,148.0,5.916666666666667
Mikhail Lysov,M,,,22,6'0,159 lbs,Lokomotiv Moscow,Champions League Football,,,,,Russia,,,84.0,159.0,6.0
Dmitri Rybchinsky,M,,,22,5'10,139 lbs,Lokomotiv Moscow,Champions League Football,,,,,Russia,,,94.0,139.0,5.833333333333333
Fedor Smolov,F,,,30,6'2,174 lbs,Lokomotiv Moscow,Champions League Football,,,,,Russia,,,9.0,174.0,6.166666666666667
Luka Djordjevic,F,,,26,6'1,161 lbs,Lokomotiv Moscow,Champions League Football,,,,,Montenegro,,,18.0,161.0,6.083333333333333
Éder,F,,,32,6'3,179 lbs,Lokomotiv Moscow,Champions League Football,,,,,Portugal,,,19.0,179.0,6.25
François Kamano,F,,,24,5'9,170 lbs,Lokomotiv Moscow,Champions League Football,,,,,Guinea,,,25.0,170.0,5.75
Vitali Lisakovic,F,,,22,5'10,161 lbs,Lokomotiv Moscow,Champions League Football,,,,,Belarus,,,88.0,161.0,5.833333333333333
Mikhail Ageev,F,,,20,--,--,Lokomotiv Moscow,Champions League Football,,,,,--,,,92.0,,
Jorge Broun,G,,,34,6'3,196 lbs,Ludogorets Razgrad,Champions League Football,,,,,Argentina,,,1.0,196.0,6.25
Plamen Iliev,G,,,28,5'11,152 lbs,Ludogorets Razgrad,Champions League Football,,,,,Bulgaria,,,23.0,152.0,5.916666666666667
Vladislav Stojanov,G,,,33,6'1,161 lbs,Ludogorets Razgrad,Champions League Football,,,,,Bulgaria,,,27.0,161.0,6.083333333333333
Anton Nedyalkov,D,,,27,6'0,152 lbs,Ludogorets Razgrad,Champions League Football,,,,,Bulgaria,,,3.0,152.0,6.0
Cicinho,D,,,31,5'6,130 lbs,Ludogorets Razgrad,Champions League Football,,,,,Brazil,,,4.0,130.0,5.5
Georgi Terziev,D,,,28,6'0,168 lbs,Ludogorets Razgrad,Champions League Football,,,,,Bulgaria,,,5.0,168.0,6.0
Stanislav Manolev,D,,,34,6'0,159 lbs,Ludogorets Razgrad,Champions League Football,,,,,Bulgaria,,,11.0,159.0,6.0
Dragos Grigore,D,,,33,6'1,168 lbs,Ludogorets Razgrad,Champions League Football,,,,,Romania,,,21.0,168.0,6.083333333333333
Jordan Ikoko,D,,,26,5'10,168 lbs,Ludogorets Razgrad,Champions League Football,,,,,Congo DR,,,22.0,168.0,5.833333333333333
Cosmin Moti,D,,,35,6'0,161 lbs,Ludogorets Razgrad,Champions League Football,,,,,Romania,,,30.0,161.0,6.0
Renan,D,,,31,6'2,192 lbs,Ludogorets Razgrad,Champions League Football,,,,,Brazil,,,33.0,192.0,6.166666666666667
Rafael Forster,D,,,30,5'11,163 lbs,Ludogorets Razgrad,Champions League Football,,,,,Brazil,,,90.0,163.0,5.916666666666667
Dimo Bakalov,M,,,31,5'10,168 lbs,Ludogorets Razgrad,Champions League Football,,,,,Bulgaria,,,7.0,168.0,5.833333333333333
Dan Biton,M,,,25,5'9,152 lbs,Ludogorets Razgrad,Champions League Football,,,,,Israel,,,8.0,152.0,5.75
Svetoslav Dyakov,M,,,36,5'9,152 lbs,Ludogorets Razgrad,Champions League Football,,,,,Bulgaria,,,18.0,152.0,5.75
Serkan Yusein,M,,,24,5'10,150 lbs,Ludogorets Razgrad,Champions League Football,,,,,Bulgaria,,,20.0,150.0,5.833333333333333
Stéphane Badji,M,,,30,5'11,163 lbs,Ludogorets Razgrad,Champions League Football,,,,,Senegal,,,25.0,163.0,5.916666666666667
Jacek Góralski,M,,,27,5'8,146 lbs,Ludogorets Razgrad,Champions League Football,,,,,--,,,44.0,146.0,5.666666666666667
Ivan Orlinov Yordanov,M,,,19,5'7,128 lbs,Ludogorets Razgrad,Champions League Football,,,,,Bulgaria,,,82.0,128.0,5.583333333333333
Marcelinho,M,,,36,5'10,159 lbs,Ludogorets Razgrad,Champions League Football,,,,,Bulgaria,,,84.0,159.0,5.833333333333333
Jakub Swierczok,F,,,27,5'10,163 lbs,Ludogorets Razgrad,Champions League Football,,,,,Poland,,,10.0,163.0,5.833333333333333
Anicet Abel,F,,,30,5'10,152 lbs,Ludogorets Razgrad,Champions League Football,,,,,Madagascar,,,12.0,152.0,5.833333333333333
Mavis Tchibota,F,,,24,5'10,157 lbs,Ludogorets Razgrad,Champions League Football,,,,,Congo,,,13.0,157.0,5.833333333333333
Jorginho,F,,,24,5'7,139 lbs,Ludogorets Razgrad,Champions League Football,,,,,Guinea-Bissau,,,17.0,139.0,5.583333333333333
Claudiu Keserü,F,,,33,5'10,157 lbs,Ludogorets Razgrad,Champions League Football,,,,,Romania,,,28.0,157.0,5.833333333333333
David Ribeiro,F,,,22,6'2,172 lbs,Ludogorets Razgrad,Champions League Football,,,,,Brazil,,,63.0,172.0,6.166666666666667
Wanderson,F,,,32,5'6,148 lbs,Ludogorets Razgrad,Champions League Football,,,,,Bulgaria,,,88.0,148.0,5.5
Jody Lukoki,F,,,27,5'9,161 lbs,Ludogorets Razgrad,Champions League Football,,,,,Congo DR,,,92.0,161.0,5.75
Anthony Lopes,G,,,29,6'0,179 lbs,Lyon,Champions League Football,,,,,Portugal,,,1.0,179.0,6.0
Anthony Racioppi,G,,,21,6'1,174 lbs,Lyon,Champions League Football,,,,,Switzerland,,,16.0,174.0,6.083333333333333
Ciprian Tatarusanu,G,,,34,6'5,190 lbs,Lyon,Champions League Football,,,,,Romania,,,30.0,190.0,6.416666666666667
Cenk Özkacar,D,,,19,6'3,--,Lyon,Champions League Football,,,,,--,,,,,6.25
Sinaly Diomande,D,,,19,6'0,--,Lyon,Champions League Football,,,,,Ivory Coast,,,2.0,,6.0
Joachim Andersen,D,,,24,6'4,196 lbs,Lyon,Champions League Football,,,,,Denmark,,,3.0,196.0,6.333333333333333
Rafael,D,,,30,5'8,172 lbs,Lyon,Champions League Football,,,,,Brazil,,,4.0,172.0,5.666666666666667
Jason Denayer,D,,,25,6'0,152 lbs,Lyon,Champions League Football,,,,,Belgium,,,5.0,152.0,6.0
Marcelo,D,,,33,6'3,185 lbs,Lyon,Champions League Football,,,,,Brazil,,,6.0,185.0,6.25
Fernando Marçal,D,,,31,5'10,161 lbs,Lyon,Champions League Football,,,,,Brazil,,,20.0,161.0,5.833333333333333
Kenny Tete,D,,,24,5'11,157 lbs,Lyon,Champions League Football,,,,,Netherlands,,,23.0,157.0,5.916666666666667
Youssouf Koné,D,,,25,5'9,157 lbs,Lyon,Champions League Football,,,,,Mali,,,28.0,157.0,5.75
Melvin Bard,D,,,19,5'8,141 lbs,Lyon,Champions League Football,,,,,France,,,31.0,141.0,5.666666666666667
Houssem Aouar,M,,,22,5'9,152 lbs,Lyon,Champions League Football,,,,,France,,,8.0,152.0,5.75
Bertrand Traoré,M,,,24,5'11,161 lbs,Lyon,Champions League Football,,,,,Burkina Faso,,,10.0,161.0,5.916666666666667
Thiago Mendes,M,,,28,5'9,172 lbs,Lyon,Champions League Football,,,,,Brazil,,,12.0,172.0,5.75
Léo Dubois,M,,,25,5'10,141 lbs,Lyon,Champions League Football,,,,,France,,,14.0,141.0,5.833333333333333
Rayan Cherki,M,,,17,5'9,--,Lyon,Champions League Football,,,,,France,,,18.0,,5.75
Jean Lucas,M,,,22,5'11,172 lbs,Lyon,Champions League Football,,,,,Brazil,,,22.0,172.0,5.916666666666667
Maxence Caqueret,M,,,20,5'9,139 lbs,Lyon,Champions League Football,,,,,France,,,25.0,139.0,5.75
Karl Toko Ekambi,F,,,27,6'1,161 lbs,Lyon,Champions League Football,,,,,Cameroon,,,7.0,161.0,6.083333333333333
Moussa Dembélé,F,,,24,6'0,161 lbs,Lyon,Champions League Football,,,,,France,,,9.0,161.0,6.0
Memphis Depay,F,,,26,5'10,172 lbs,Lyon,Champions League Football,,,,,Netherlands,,,11.0,172.0,5.833333333333333
Jeff Reine-Adelaide,F,,,22,6'0,163 lbs,Lyon,Champions League Football,,,,,France,,,17.0,163.0,6.0
Tino Kadewere,F,,,24,6'0,159 lbs,Lyon,Champions League Football,,,,,Zimbabwe,,,24.0,159.0,6.0
Maxwel Cornet,F,,,23,5'10,150 lbs,Lyon,Champions League Football,,,,,Ivory Coast,,,27.0,150.0,5.833333333333333
Bruno Guimarães,F,,,22,6'0,161 lbs,Lyon,Champions League Football,,,,,Brazil,,,39.0,161.0,6.0
Scott Carson,G,,,34,6'3,168 lbs,Manchester City,Champions League Football,,,,,England,,,,168.0,6.25
Ederson,G,,,27,6'2,190 lbs,Manchester City,Champions League Football,,,,,Brazil,,,31.0,190.0,6.166666666666667
Aro Muric,G,,,21,6'6,179 lbs,Manchester City,Champions League Football,,,,,Kosovo,,,49.0,179.0,6.5
Kyle Walker,D,,,30,5'10,152 lbs,Manchester City,Champions League Football,,,,,England,,,2.0,152.0,5.833333333333333
John Stones,D,,,26,6'2,152 lbs,Manchester City,Champions League Football,,,,,England,,,5.0,152.0,6.166666666666667
Aymeric Laporte,D,,,26,6'3,190 lbs,Manchester City,Champions League Football,,,,,France,,,14.0,190.0,6.25
Benjamin Mendy,D,,,26,6'1,185 lbs,Manchester City,Champions League Football,,,,,France,,,22.0,185.0,6.083333333333333
João Cancelo,D,,,26,6'0,161 lbs,Manchester City,Champions League Football,,,,,Portugal,,,27.0,161.0,6.0
Nicolás Otamendi,D,,,32,6'0,179 lbs,Manchester City,Champions League Football,,,,,Argentina,,,30.0,179.0,6.0
Taylor Harwood-Bellis,D,,,18,--,--,Manchester City,Champions League Football,,,,,England,,,78.0,,
Nathan Aké,M,,,25,5'11,163 lbs,Manchester City,Champions League Football,,,,,Netherlands,,,,163.0,5.916666666666667
Patrick Roberts,M,,,23,5'6,128 lbs,Manchester City,Champions League Football,,,,,England,,,,128.0,5.5
Ferrán Torres,M,,,20,6'0,170 lbs,Manchester City,Champions League Football,,,,,Spain,,,,170.0,6.0
Raheem Sterling,M,,,25,5'7,150 lbs,Manchester City,Champions League Football,,,,,United Kingdom,,,7.0,150.0,5.583333333333333
Ilkay Gündogan,M,,,29,5'11,172 lbs,Manchester City,Champions League Football,,,,,Germany,,,8.0,172.0,5.916666666666667
Oleksandr Zinchenko,M,,,23,5'9,139 lbs,Manchester City,Champions League Football,,,,,Ukraine,,,11.0,139.0,5.75
Rodri,M,,,24,6'3,181 lbs,Manchester City,Champions League Football,,,,,Spain,,,16.0,181.0,6.25
Kevin De Bruyne,M,,,29,5'11,150 lbs,Manchester City,Champions League Football,,,,,Belgium,,,17.0,150.0,5.916666666666667
Bernardo Silva,M,,,26,5'8,139 lbs,Manchester City,Champions League Football,,,,,Portugal,,,20.0,139.0,5.666666666666667
Fernandinho,M,,,35,5'10,148 lbs,Manchester City,Champions League Football,,,,,Brazil,,,25.0,148.0,5.833333333333333
Phil Foden,M,,,20,5'7,152 lbs,Manchester City,Champions League Football,,,,,England,,,47.0,152.0,5.583333333333333
Tommy Doyle,M,,,18,--,--,Manchester City,Champions League Football,,,,,England,,,69.0,,
Cole Palmer,M,,,18,--,--,Manchester City,Champions League Football,,,,,England,,,80.0,,
Adrian Bernabe,M,,,19,--,--,Manchester City,Champions League Football,,,,,Spain,,,82.0,,
Gabriel Jesus,F,,,23,5'9,161 lbs,Manchester City,Champions League Football,,,,,Brazil,,,9.0,161.0,5.75
Sergio Agüero,F,,,32,5'7,152 lbs,Manchester City,Champions League Football,,,,,Argentina,,,10.0,152.0,5.583333333333333
Riyad Mahrez,F,,,29,5'10,148 lbs,Manchester City,Champions League Football,,,,,Algeria,,,26.0,148.0,5.833333333333333
Eric García,F,,,19,6'0,--,Manchester City,Champions League Football,,,,,Spain,,,50.0,,6.0
Alex Meret,G,,,23,6'3,181 lbs,Napoli,Champions League Football,,,,,Italy,,,1.0,181.0,6.25
Antonio Pio Daniele,G,,,18,6'0,--,Napoli,Champions League Football,,,,,Italy,,,15.0,,6.0
Hubert Dawid Idasiak,G,,,18,--,--,Napoli,Champions League Football,,,,,Poland,,,16.0,,
David Ospina,G,,,32,6'0,174 lbs,Napoli,Champions League Football,,,,,Colombia,,,25.0,174.0,6.0
Orestis Karnezis,G,,,35,6'2,172 lbs,Napoli,Champions League Football,,,,,Greece,,,27.0,172.0,6.166666666666667
Mário Rui,D,,,29,5'7,148 lbs,Napoli,Champions League Football,,,,,Portugal,,,6.0,148.0,5.583333333333333
Sebastiano Luperto,D,,,23,6'3,163 lbs,Napoli,Champions League Football,,,,,Italy,,,13.0,163.0,6.25
Nikola Maksimovic,D,,,28,6'4,181 lbs,Napoli,Champions League Football,,,,,Serbia,,,19.0,181.0,6.333333333333333
Giovanni Di Lorenzo,D,,,27,5'7,152 lbs,Napoli,Champions League Football,,,,,Italy,,,22.0,152.0,5.583333333333333
Elseid Hysaj,D,,,26,6'0,163 lbs,Napoli,Champions League Football,,,,,Albania,,,23.0,163.0,6.0
Kalidou Koulibaly,D,,,29,6'5,194 lbs,Napoli,Champions League Football,,,,,Senegal,,,26.0,194.0,6.416666666666667
Faouzi Ghoulam,D,,,29,6'1,174 lbs,Napoli,Champions League Football,,,,,Algeria,,,31.0,174.0,6.083333333333333
Kostas Manolas,D,,,29,6'1,172 lbs,Napoli,Champions League Football,,,,,Greece,,,44.0,172.0,6.083333333333333
Diego Demme,M,,,28,5'7,150 lbs,Napoli,Champions League Football,,,,,Germany,,,4.0,150.0,5.583333333333333
Allan,M,,,29,5'8,161 lbs,Napoli,Champions League Football,,,,,Brazil,,,5.0,161.0,5.666666666666667
José Callejón,M,,,33,5'10,161 lbs,Napoli,Champions League Football,,,,,Spain,,,7.0,161.0,5.833333333333333
Fabián Ruiz,M,,,24,6'2,152 lbs,Napoli,Champions League Football,,,,,Spain,,,8.0,152.0,6.166666666666667
Eljif Elmas,M,,,20,6'0,150 lbs,Napoli,Champions League Football,,,,,North Macedonia,,,12.0,150.0,6.0
Piotr Zielinski,M,,,26,5'11,163 lbs,Napoli,Champions League Football,,,,,Poland,,,20.0,163.0,5.916666666666667
Matteo Politano,M,,,27,5'7,148 lbs,Napoli,Champions League Football,,,,,Italy,,,21.0,148.0,5.583333333333333
Lorenzo Insigne,M,,,29,5'4,128 lbs,Napoli,Champions League Football,,,,,Italy,,,24.0,128.0,5.333333333333333
Amin Younes,M,,,27,5'6,148 lbs,Napoli,Champions League Football,,,,,Germany,,,34.0,148.0,5.5
Stanislav Lobotka,M,,,25,5'7,139 lbs,Napoli,Champions League Football,,,,,Slovakia,,,68.0,139.0,5.583333333333333
Kévin Malcuit,F,,,29,5'10,163 lbs,Napoli,Champions League Football,,,,,France,,,2.0,163.0,5.833333333333333
Fernando Llorente,F,,,35,6'5,196 lbs,Napoli,Champions League Football,,,,,Spain,,,9.0,196.0,6.416666666666667
Hirving Lozano,F,,,25,5'9,152 lbs,Napoli,Champions League Football,,,,,Mexico,,,11.0,152.0,5.75
Dries Mertens,F,,,33,5'7,132 lbs,Napoli,Champions League Football,,,,,Belgium,,,14.0,132.0,5.583333333333333
Arkadiusz Milik,F,,,26,6'1,172 lbs,Napoli,Champions League Football,,,,,Poland,,,99.0,172.0,6.083333333333333
Vitali Tele¿,G,,,36,6'0,179 lbs,Nomme Kalju,Champions League Football,,,,,--,,,1.0,179.0,6.0
Henri Perk,G,,,20,--,--,Nomme Kalju,Champions League Football,,,,,--,,,69.0,,
Pavel Londak,G,,,40,6'3,179 lbs,Nomme Kalju,Champions League Football,,,,,Estonia,,,96.0,179.0,6.25
Mikk Reintam,D,,,30,6'3,181 lbs,Nomme Kalju,Champions League Football,,,,,Estonia,,,3.0,181.0,6.25
Vladimir Avilov,D,,,25,--,--,Nomme Kalju,Champions League Football,,,,,--,,,4.0,,
Maximiliano Uggè,D,,,28,6'4,192 lbs,Nomme Kalju,Champions League Football,,,,,--,,,5.0,192.0,6.333333333333333
Aleksandr Ivanjusin,D,,,24,--,--,Nomme Kalju,Champions League Football,,,,,--,,,19.0,,
Andriy Markovych,D,,,25,5'9,148 lbs,Nomme Kalju,Champions League Football,,,,,--,,,26.0,148.0,5.75
Vladyslav Khomutov,M,,,22,6'0,159 lbs,Nomme Kalju,Champions League Football,,,,,--,,,,159.0,6.0
Aleksandr Kulinits,M,,,28,--,--,Nomme Kalju,Champions League Football,,,,,--,,,2.0,,
Deniss Tjapkin,M,,,29,--,--,Nomme Kalju,Champions League Football,,,,,--,,,6.0,,
Reginald Mbu Alidor,M,,,27,5'9,--,Nomme Kalju,Champions League Football,,,,,--,,,7.0,,5.75
Nikolai Mashichev,M,,,31,5'9,161 lbs,Nomme Kalju,Champions League Football,,,,,--,,,9.0,161.0,5.75
Ellenton Liliu,M,,,30,5'11,163 lbs,Nomme Kalju,Champions League Football,,,,,--,,,11.0,163.0,5.916666666666667
Igor Subbotin,M,,,30,6'0,161 lbs,Nomme Kalju,Champions League Football,,,,,--,,,15.0,161.0,6.0
Roman Sobtsenko,M,,,26,--,--,Nomme Kalju,Champions League Football,,,,,--,,,18.0,,
Sander Puri,M,,,32,5'10,159 lbs,Nomme Kalju,Champions League Football,,,,,Estonia,,,27.0,159.0,5.833333333333333
Kaspar Paur,M,,,25,--,--,Nomme Kalju,Champions League Football,,,,,--,,,43.0,,
Jevgeni Demidov,F,,,20,--,--,Nomme Kalju,Champions League Football,,,,,--,,,16.0,,
Robert Kirss,F,,,25,--,--,Nomme Kalju,Champions League Football,,,,,--,,,17.0,,
Aleksandr Volkov,F,,,25,--,--,Nomme Kalju,Champions League Football,,,,,--,,,20.0,,
Peeter Klein,F,,,23,--,--,Nomme Kalju,Champions League Football,,,,,--,,,21.0,,
Alex Matthias Tamm,F,,,19,--,--,Nomme Kalju,Champions League Football,,,,,--,,,24.0,,
Max Mata,F,,,20,6'1,--,Nomme Kalju,Champions League Football,,,,,--,,,99.0,,6.083333333333333
José Sá,G,,,27,6'4,183 lbs,Olympiakos,Champions League Football,,,,,Portugal,,,1.0,183.0,6.333333333333333
Bobby Allain,G,,,28,6'1,170 lbs,Olympiakos,Champions League Football,,,,,France,,,16.0,170.0,6.083333333333333
Ilias Karargyris,G,,,18,--,--,Olympiakos,Champions League Football,,,,,Greece,,,44.0,,
Konstantinos Tzolakis,G,,,17,--,--,Olympiakos,Champions League Football,,,,,Greece,,,81.0,,
Rúben Semedo,D,,,26,6'2,183 lbs,Olympiakos,Champions League Football,,,,,Portugal,,,3.0,183.0,6.166666666666667
Ousseynou Ba,D,,,24,6'4,183 lbs,Olympiakos,Champions League Football,,,,,Senegal,,,24.0,183.0,6.333333333333333
Avraam Papadopoulos,D,,,35,6'1,172 lbs,Olympiakos,Champions League Football,,,,,Australia,,,34.0,172.0,6.083333333333333
Vasilis Torosidis,D,,,35,6'1,174 lbs,Olympiakos,Champions League Football,,,,,Greece,,,35.0,174.0,6.083333333333333
Pape Abou Cissé,D,,,24,6'4,183 lbs,Olympiakos,Champions League Football,,,,,Senegal,,,66.0,183.0,6.333333333333333
Bruno Gaspar,D,,,27,5'11,150 lbs,Olympiakos,Champions League Football,,,,,Angola,,,76.0,150.0,5.916666666666667
Apostolos Martinis,D,,,19,--,--,Olympiakos,Champions League Football,,,,,Greece,,,88.0,,
Andreas Bouchalakis,M,,,27,6'1,181 lbs,Olympiakos,Champions League Football,,,,,Greece,,,5.0,181.0,6.083333333333333
Konstantinos Fortounis,M,,,27,6'0,152 lbs,Olympiakos,Champions League Football,,,,,Greece,,,7.0,152.0,6.0
Guilherme,M,,,29,5'10,170 lbs,Olympiakos,Champions League Football,,,,,Brazil,,,8.0,170.0,5.833333333333333
Youssef El Arabi,M,,,33,6'0,183 lbs,Olympiakos,Champions League Football,,,,,Morocco,,,11.0,183.0,6.0
Omar Elabdellaoui,M,,,28,5'10,161 lbs,Olympiakos,Champions League Football,,,,,Norway,,,14.0,161.0,5.833333333333333
Bruno,M,,,26,5'10,163 lbs,Olympiakos,Champions League Football,,,,,Brazil,,,18.0,163.0,5.833333333333333
Georgios Masouras,M,,,26,6'0,168 lbs,Olympiakos,Champions League Football,,,,,Greece,,,19.0,168.0,6.0
Konstantinos Tsimikas,M,,,24,5'10,170 lbs,Olympiakos,Champions League Football,,,,,Greece,,,21.0,170.0,5.833333333333333
Cafú,M,,,27,6'1,181 lbs,Olympiakos,Champions League Football,,,,,Portugal,,,26.0,181.0,6.083333333333333
Mathieu Valbuena,M,,,35,5'6,128 lbs,Olympiakos,Champions League Football,,,,,France,,,28.0,128.0,5.5
Giorgos Xenitidis,M,,,20,--,--,Olympiakos,Champions League Football,,,,,Greece,,,57.0,,
Lazaros Christodoulopoulos,M,,,33,6'0,170 lbs,Olympiakos,Champions League Football,,,,,Greece,,,77.0,170.0,6.0
Vasilis Sourlis,M,,,17,6'0,--,Olympiakos,Champions League Football,,,,,--,,,90.0,,6.0
Emiliano Bullari,F,,,19,--,--,Olympiakos,Champions League Football,,,,,Albania,,,,,
Hillal Soudani,F,,,32,6'0,163 lbs,Olympiakos,Champions League Football,,,,,Algeria,,,2.0,163.0,6.0
Mohamed Camara,F,,,20,5'6,141 lbs,Olympiakos,Champions League Football,,,,,Guinea,,,4.0,141.0,5.5
Maximiliano Lovera,F,,,21,5'7,141 lbs,Olympiakos,Champions League Football,,,,,Argentina,,,22.0,141.0,5.583333333333333
Lazar Randelovic,F,,,23,--,--,Olympiakos,Champions League Football,,,,,Serbia,,,97.0,,
Koka,F,,,27,6'3,185 lbs,Olympiakos,Champions League Football,,,,,Egypt,,,99.0,185.0,6.25
Rodrigo Rey,G,,,29,6'3,168 lbs,PAOK Salonika,Champions League Football,,,,,Argentina,,,1.0,168.0,6.25
Alexandros Paschalakis,G,,,31,6'6,203 lbs,PAOK Salonika,Champions League Football,,,,,Greece,,,31.0,203.0,6.5
Zivko Zivkovic,G,,,31,6'4,181 lbs,PAOK Salonika,Champions League Football,,,,,Serbia,,,88.0,181.0,6.333333333333333
Rodrigo Alves,D,,,27,5'9,161 lbs,PAOK Salonika,Champions League Football,,,,,Brazil,,,2.0,161.0,5.75
Léo Matos,D,,,34,6'0,179 lbs,PAOK Salonika,Champions League Football,,,,,Brazil,,,3.0,179.0,6.0
Sverrir Ingason,D,,,27,6'2,163 lbs,PAOK Salonika,Champions League Football,,,,,Iceland,,,4.0,163.0,6.166666666666667
Fernando Varela,D,,,32,6'1,192 lbs,PAOK Salonika,Champions League Football,,,,,Cape Verde Islands,,,5.0,192.0,6.083333333333333
Enea Mihaj,D,,,22,6'1,172 lbs,PAOK Salonika,Champions League Football,,,,,Albania,,,6.0,172.0,6.083333333333333
José Ángel Crespo,D,,,33,6'1,161 lbs,PAOK Salonika,Champions League Football,,,,,Spain,,,15.0,161.0,6.083333333333333
Giannis Michailidis,D,,,20,6'1,181 lbs,PAOK Salonika,Champions League Football,,,,,Greece,,,49.0,181.0,6.083333333333333
Omar El Kaddouri,M,,,30,6'1,181 lbs,PAOK Salonika,Champions League Football,,,,,Morocco,,,7.0,181.0,6.083333333333333
Mauricio,M,,,31,5'11,172 lbs,PAOK Salonika,Champions League Football,,,,,Brazil,,,8.0,172.0,5.916666666666667
Dimitrios Pelkas,M,,,26,5'10,161 lbs,PAOK Salonika,Champions League Football,,,,,Greece,,,10.0,161.0,5.833333333333333
Vieirinha,M,,,34,5'7,152 lbs,PAOK Salonika,Champions League Football,,,,,Portugal,,,20.0,152.0,5.583333333333333
Diego Biseswar,M,,,32,5'9,161 lbs,PAOK Salonika,Champions League Football,,,,,Netherlands,,,21.0,161.0,5.75
Dimitrios Giannoulis,M,,,23,5'9,137 lbs,PAOK Salonika,Champions League Football,,,,,Greece,,,23.0,137.0,5.75
Anderson Esiti,M,,,26,6'2,181 lbs,PAOK Salonika,Champions League Football,,,,,Nigeria,,,24.0,181.0,6.166666666666667
Douglas Augusto,M,,,23,5'8,157 lbs,PAOK Salonika,Champions League Football,,,,,Brazil,,,33.0,157.0,5.666666666666667
Theocharis Tsingaras,M,,,20,--,--,PAOK Salonika,Champions League Football,,,,,Greece,,,51.0,,
Miroslav Stoch,M,,,30,5'7,146 lbs,PAOK Salonika,Champions League Football,,,,,Slovakia,,,99.0,146.0,5.583333333333333
Karol Swiderski,F,,,23,6'0,170 lbs,PAOK Salonika,Champions League Football,,,,,Poland,,,9.0,170.0,6.0
Dimitrios Limnios,F,,,22,5'11,157 lbs,PAOK Salonika,Champions League Football,,,,,Greece,,,18.0,157.0,5.916666666666667
Lazaros Lamprou,F,,,22,6'0,161 lbs,PAOK Salonika,Champions League Football,,,,,Greece,,,22.0,161.0,6.0
Chuba Akpom,F,,,24,6'0,152 lbs,PAOK Salonika,Champions League Football,,,,,England,,,47.0,152.0,6.0
Christos Tzolis,F,,,18,--,--,PAOK Salonika,Champions League Football,,,,,--,,,68.0,,
Georgios Koutsias,F,,,16,5'10,--,PAOK Salonika,Champions League Football,,,,,--,,,70.0,,5.833333333333333
Léo Jabá,F,,,22,5'10,163 lbs,PAOK Salonika,Champions League Football,,,,,Brazil,,,98.0,163.0,5.833333333333333
Maxime Delanghe,G,,,19,--,--,PSV Eindhoven,Champions League Football,,,,,--,,,,,
Yvon Mvogo,G,,,26,6'3,196 lbs,PSV Eindhoven,Champions League Football,,,,,Switzerland,,,,196.0,6.25
Jeroen Zoet,G,,,29,6'2,192 lbs,PSV Eindhoven,Champions League Football,,,,,Netherlands,,,1.0,192.0,6.166666666666667
Lars Unnerstall,G,,,30,6'6,225 lbs,PSV Eindhoven,Champions League Football,,,,,Germany,,,13.0,225.0,6.5
Nick Viergever,D,,,31,6'0,170 lbs,PSV Eindhoven,Champions League Football,,,,,Netherlands,,,4.0,170.0,6.0
Timo Baumgartl,D,,,24,6'3,194 lbs,PSV Eindhoven,Champions League Football,,,,,Germany,,,5.0,194.0,6.25
Jorrit Hendrix,D,,,25,5'11,163 lbs,PSV Eindhoven,Champions League Football,,,,,Netherlands,,,8.0,163.0,5.916666666666667
Oliver Boscagli,D,,,22,5'11,150 lbs,PSV Eindhoven,Champions League Football,,,,,France,,,28.0,150.0,5.916666666666667
Jordan Teze,D,,,20,5'7,150 lbs,PSV Eindhoven,Champions League Football,,,,,Netherlands,,,33.0,150.0,5.583333333333333
Justin De Haas,D,,,20,6'4,--,PSV Eindhoven,Champions League Football,,,,,Netherlands,,,36.0,,6.333333333333333
Dennis Vos,D,,,18,--,--,PSV Eindhoven,Champions League Football,,,,,Netherlands,,,38.0,,
Luis Felipe Hungria Martins,D,,,19,6'2,--,PSV Eindhoven,Champions League Football,,,,,--,,,39.0,,6.166666666666667
Christopher Gloster,M,,,20,6'0,152 lbs,PSV Eindhoven,Champions League Football,,,,,United States,,,,152.0,6.0
Armando Obispo,M,,,21,6'1,172 lbs,PSV Eindhoven,Champions League Football,,,,,Netherlands,,,3.0,172.0,6.083333333333333
Bruma,M,,,25,5'8,152 lbs,PSV Eindhoven,Champions League Football,,,,,Portugal,,,7.0,152.0,5.666666666666667
Mohammed Ihattaren,M,,,18,5'10,150 lbs,PSV Eindhoven,Champions League Football,,,,,Netherlands,,,10.0,150.0,5.833333333333333
Ritsu Doan,M,,,22,5'8,152 lbs,PSV Eindhoven,Champions League Football,,,,,Japan,,,11.0,152.0,5.666666666666667
Érick Gutiérrez,M,,,25,5'10,150 lbs,PSV Eindhoven,Champions League Football,,,,,Mexico,,,15.0,150.0,5.833333333333333
Dante Rigo,M,,,21,5'11,163 lbs,PSV Eindhoven,Champions League Football,,,,,Belgium,,,16.0,163.0,5.916666666666667
Mauro Júnior,M,,,21,5'7,137 lbs,PSV Eindhoven,Champions League Football,,,,,Brazil,,,17.0,137.0,5.583333333333333
Pablo Rosario,M,,,23,6'2,161 lbs,PSV Eindhoven,Champions League Football,,,,,Netherlands,,,18.0,161.0,6.166666666666667
Maximiliano Romero,M,,,21,5'10,159 lbs,PSV Eindhoven,Champions League Football,,,,,Argentina,,,20.0,159.0,5.833333333333333
Denzel  Dumfries,M,,,24,6'2,174 lbs,PSV Eindhoven,Champions League Football,,,,,Netherlands,,,22.0,174.0,6.166666666666667
Noni Madueke,M,,,18,6'0,152 lbs,PSV Eindhoven,Champions League Football,,,,,England,,,23.0,152.0,6.0
Ryan Thomas,M,,,25,5'9,139 lbs,PSV Eindhoven,Champions League Football,,,,,New Zealand,,,30.0,139.0,5.75
Michal Sadilek,M,,,21,5'7,--,PSV Eindhoven,Champions League Football,,,,,Czech Republic,,,32.0,,5.583333333333333
Richard Ledezma,M,,,19,5'9,139 lbs,PSV Eindhoven,Champions League Football,,,,,United States,,,35.0,139.0,5.75
Emmanuel Matuta La Nkenda Nosa,M,,,18,--,--,PSV Eindhoven,Champions League Football,,,,,--,,,40.0,,
Donyell Malen,F,,,21,5'10,172 lbs,PSV Eindhoven,Champions League Football,,,,,Netherlands,,,9.0,172.0,5.833333333333333
Sam Lammers,F,,,23,6'2,170 lbs,PSV Eindhoven,Champions League Football,,,,,Netherlands,,,14.0,170.0,6.166666666666667
Cody Gakpo,F,,,21,5'10,168 lbs,PSV Eindhoven,Champions League Football,,,,,Netherlands,,,19.0,168.0,5.833333333333333
Joel Piroe,F,,,21,5'11,161 lbs,PSV Eindhoven,Champions League Football,,,,,Netherlands,,,29.0,161.0,5.916666666666667
Keylor Navas,G,,,33,6'0,172 lbs,Paris Saint-Germain,Champions League Football,,,,,Costa Rica,,,1.0,172.0,6.0
Sergio Rico,G,,,26,6'4,196 lbs,Paris Saint-Germain,Champions League Football,,,,,Spain,,,16.0,196.0,6.333333333333333
Marcin Bulka,G,,,20,6'5,--,Paris Saint-Germain,Champions League Football,,,,,Poland,,,30.0,,6.416666666666667
Garissone Innocent,G,,,20,--,--,Paris Saint-Germain,Champions League Football,,,,,France,,,40.0,,
Presnel Kimpembe,D,,,25,6'2,157 lbs,Paris Saint-Germain,Champions League Football,,,,,France,,,3.0,157.0,6.166666666666667
Thilo Kehrer,D,,,23,6'1,168 lbs,Paris Saint-Germain,Champions League Football,,,,,Germany,,,4.0,168.0,6.083333333333333
Marquinhos,D,,,26,6'0,163 lbs,Paris Saint-Germain,Champions League Football,,,,,Brazil,,,5.0,163.0,6.0
Abdou Diallo,D,,,24,6'1,172 lbs,Paris Saint-Germain,Champions League Football,,,,,France,,,22.0,172.0,6.083333333333333
Mitchel Bakker,D,,,20,5'10,161 lbs,Paris Saint-Germain,Champions League Football,,,,,Netherlands,,,25.0,161.0,5.833333333333333
Colin Dagba,D,,,21,5'7,137 lbs,Paris Saint-Germain,Champions League Football,,,,,France,,,31.0,137.0,5.583333333333333
Timothee Pembele,D,,,17,6'0,--,Paris Saint-Germain,Champions League Football,,,,,--,,,32.0,,6.0
Loïc Mbe Soh,D,,,19,6'1,--,Paris Saint-Germain,Champions League Football,,,,,France,,,36.0,,6.083333333333333
Marco Verratti,M,,,27,5'6,130 lbs,Paris Saint-Germain,Champions League Football,,,,,Italy,,,6.0,130.0,5.5
Leandro Paredes,M,,,26,5'11,163 lbs,Paris Saint-Germain,Champions League Football,,,,,Argentina,,,8.0,163.0,5.916666666666667
Ángel Di María,M,,,32,5'11,163 lbs,Paris Saint-Germain,Champions League Football,,,,,Argentina,,,11.0,163.0,5.916666666666667
Juan Bernat,M,,,27,5'7,148 lbs,Paris Saint-Germain,Champions League Football,,,,,Spain,,,14.0,148.0,5.583333333333333
Pablo Sarabia,M,,,28,5'10,152 lbs,Paris Saint-Germain,Champions League Football,,,,,Spain,,,19.0,152.0,5.833333333333333
Ander Herrera,M,,,31,6'0,152 lbs,Paris Saint-Germain,Champions League Football,,,,,Spain,,,21.0,152.0,6.0
Julian Draxler,M,,,26,6'1,159 lbs,Paris Saint-Germain,Champions League Football,,,,,Germany,,,23.0,159.0,6.083333333333333
Idrissa Gueye,M,,,30,5'9,146 lbs,Paris Saint-Germain,Champions League Football,,,,,Senegal,,,27.0,146.0,5.75
Kylian Mbappé,F,,,21,5'10,161 lbs,Paris Saint-Germain,Champions League Football,,,,,France,,,7.0,161.0,5.833333333333333
Neymar,F,,,28,5'9,150 lbs,Paris Saint-Germain,Champions League Football,,,,,Brazil,,,10.0,150.0,5.75
Eric Maxim Choupo-Moting,F,,,31,6'3,201 lbs,Paris Saint-Germain,Champions League Football,,,,,Cameroon,,,17.0,201.0,6.25
Mauro Icardi,F,,,27,5'11,163 lbs,Paris Saint-Germain,Champions League Football,,,,,Argentina,,,18.0,163.0,5.916666666666667
Layvin Kurzawa,F,,,28,6'0,161 lbs,Paris Saint-Germain,Champions League Football,,,,,France,,,20.0,161.0,6.0
Jakub Szmatula,G,,,39,6'2,179 lbs,Piast Gliwice,Champions League Football,,,,,--,,,1.0,179.0,6.166666666666667
Frantisek Plach,G,,,28,6'4,174 lbs,Piast Gliwice,Champions League Football,,,,,--,,,26.0,174.0,6.333333333333333
Piotr Malarczyk,D,,,29,6'2,174 lbs,Piast Gliwice,Champions League Football,,,,,Poland,,,,174.0,6.166666666666667
Mikkel Kirkeskov,D,,,28,6'1,174 lbs,Piast Gliwice,Champions League Football,,,,,Denmark,,,2.0,174.0,6.083333333333333
Jakub Czerwinski,D,,,29,6'0,163 lbs,Piast Gliwice,Champions League Football,,,,,--,,,4.0,163.0,6.0
Martin Konczkowski,D,,,26,5'11,161 lbs,Piast Gliwice,Champions League Football,,,,,--,,,20.0,161.0,5.916666666666667
Damian Byrtek,D,,,29,6'5,192 lbs,Piast Gliwice,Champions League Football,,,,,--,,,24.0,192.0,6.416666666666667
Bartosz Rymaniak,D,,,30,6'2,174 lbs,Piast Gliwice,Champions League Football,,,,,--,,,28.0,174.0,6.166666666666667
Marcin Pietrowski,M,,,32,6'0,172 lbs,Piast Gliwice,Champions League Football,,,,,--,,,5.0,172.0,6.0
Tom Hateley,M,,,30,5'11,161 lbs,Piast Gliwice,Champions League Football,,,,,England,,,6.0,161.0,5.916666666666667
Aleksander Jagiello,M,,,25,5'7,137 lbs,Piast Gliwice,Champions League Football,,,,,--,,,7.0,137.0,5.583333333333333
Jorge Félix,M,,,29,0'6,150 lbs,Piast Gliwice,Champions League Football,,,,,--,,,11.0,150.0,0.5
Jakub Holubek,M,,,29,5'11,170 lbs,Piast Gliwice,Champions League Football,,,,,--,,,14.0,170.0,5.916666666666667
Patryk Sokolowski,M,,,25,5'11,161 lbs,Piast Gliwice,Champions League Football,,,,,--,,,18.0,161.0,5.916666666666667
Sebastian Milewski,M,,,22,5'9,168 lbs,Piast Gliwice,Champions League Football,,,,,--,,,19.0,168.0,5.75
Gerard Badía,M,,,30,5'9,159 lbs,Piast Gliwice,Champions League Football,,,,,--,,,21.0,159.0,5.75
Tomasz Mokwa,M,,,27,5'11,168 lbs,Piast Gliwice,Champions League Football,,,,,--,,,22.0,168.0,5.916666666666667
Tomas Huk,M,,,25,6'0,159 lbs,Piast Gliwice,Champions League Football,,,,,--,,,23.0,159.0,6.0
Denis Gojko,M,,,22,5'9,121 lbs,Piast Gliwice,Champions League Football,,,,,--,,,77.0,121.0,5.75
Uros Korun,M,,,33,6'2,172 lbs,Piast Gliwice,Champions League Football,,,,,--,,,88.0,172.0,6.166666666666667
Piotr Parzyszek,F,,,26,6'3,185 lbs,Piast Gliwice,Champions League Football,,,,,Netherlands,,,9.0,185.0,6.25
Dominik Steczyk,F,,,21,6'1,163 lbs,Piast Gliwice,Champions League Football,,,,,--,,,71.0,163.0,6.083333333333333
Dani Aquino,F,,,30,5'9,150 lbs,Piast Gliwice,Champions League Football,,,,,Spain,,,90.0,150.0,5.75
Lukasz Krakowczyk,F,,,22,5'10,150 lbs,Piast Gliwice,Champions League Football,,,,,--,,,92.0,150.0,5.833333333333333
Josep Martínez,G,,,22,6'3,172 lbs,RB Leipzig,Champions League Football,,,,,Spain,,,,172.0,6.25
Péter Gulácsi,G,,,30,6'4,190 lbs,RB Leipzig,Champions League Football,,,,,Hungary,,,1.0,190.0,6.333333333333333
Tim Schreiber,G,,,18,6'3,192 lbs,RB Leipzig,Champions League Football,,,,,Germany,,,32.0,192.0,6.25
Philipp Tschauner,G,,,34,6'5,203 lbs,RB Leipzig,Champions League Football,,,,,Germany,,,33.0,203.0,6.416666666666667
Angeliño,D,,,23,5'9,150 lbs,RB Leipzig,Champions League Football,,,,,Spain,,,3.0,150.0,5.75
Willi Orban,D,,,27,6'1,183 lbs,RB Leipzig,Champions League Football,,,,,Hungary,,,4.0,183.0,6.083333333333333
Dayot Upamecano,D,,,21,6'1,183 lbs,RB Leipzig,Champions League Football,,,,,France,,,5.0,183.0,6.083333333333333
Ibrahima Konaté,D,,,21,6'4,203 lbs,RB Leipzig,Champions League Football,,,,,France,,,6.0,203.0,6.333333333333333
Lukas Klostermann,D,,,24,6'2,183 lbs,RB Leipzig,Champions League Football,,,,,Germany,,,16.0,183.0,6.166666666666667
Marcel Halstenberg,D,,,28,6'2,181 lbs,RB Leipzig,Champions League Football,,,,,Germany,,,23.0,181.0,6.166666666666667
Benjamin Henrichs,M,,,23,6'0,172 lbs,RB Leipzig,Champions League Football,,,,,Germany,,,,172.0,6.0
Amadou Haidara,M,,,22,5'9,150 lbs,RB Leipzig,Champions League Football,,,,,Mali,,,8.0,150.0,5.75
Tyler Adams,M,,,21,5'9,150 lbs,RB Leipzig,Champions League Football,,,,,United States,,,14.0,150.0,5.75
Christopher Nkunku,M,,,22,5'9,150 lbs,RB Leipzig,Champions League Football,,,,,France,,,18.0,150.0,5.75
Nordi Mukiele,M,,,22,6'1,161 lbs,RB Leipzig,Champions League Football,,,,,France,,,22.0,161.0,6.083333333333333
Konrad Laimer,M,,,23,5'11,159 lbs,RB Leipzig,Champions League Football,,,,,Austria,,,27.0,159.0,5.916666666666667
Jean-Kévin Augustin,M,,,23,5'10,150 lbs,RB Leipzig,Champions League Football,,,,,France,,,29.0,150.0,5.833333333333333
Kevin Kampl,M,,,29,5'10,148 lbs,RB Leipzig,Champions League Football,,,,,Slovenia,,,44.0,148.0,5.833333333333333
Joscha Wosz,M,,,18,--,--,RB Leipzig,Champions League Football,,,,,--,,,47.0,,
Hwang Hee-Chan,F,,,24,5'10,170 lbs,RB Leipzig,Champions League Football,,,,,South Korea,,,,170.0,5.833333333333333
Marcel Sabitzer,F,,,26,5'10,170 lbs,RB Leipzig,Champions League Football,,,,,Austria,,,7.0,170.0,5.833333333333333
Yussuf Poulsen,F,,,26,6'4,183 lbs,RB Leipzig,Champions League Football,,,,,Denmark,,,9.0,183.0,6.333333333333333
Emil Forsberg,F,,,28,5'10,161 lbs,RB Leipzig,Champions League Football,,,,,Sweden,,,10.0,161.0,5.833333333333333
Ademola Lookman,F,,,22,5'9,172 lbs,RB Leipzig,Champions League Football,,,,,England,,,17.0,172.0,5.75
Patrik Schick,F,,,24,6'1,161 lbs,RB Leipzig,Champions League Football,,,,,Czech Republic,,,21.0,161.0,6.083333333333333
Dani Olmo,F,,,22,5'9,150 lbs,RB Leipzig,Champions League Football,,,,,Spain,,,25.0,150.0,5.75
Fabrice Hartmann,F,,,19,5'10,146 lbs,RB Leipzig,Champions League Football,,,,,Germany,,,35.0,146.0,5.833333333333333
Hugo Novoa Ramos,F,,,17,--,--,RB Leipzig,Champions League Football,,,,,--,,,38.0,,
Dennis Borkowski,F,,,18,--,--,RB Leipzig,Champions League Football,,,,,--,,,41.0,,
Danny Vukovic,G,,,35,6'2,212 lbs,Racing Genk,Champions League Football,,,,,Australia,,,1.0,212.0,6.166666666666667
Maarten Vandevoordt,G,,,18,6'2,179 lbs,Racing Genk,Champions League Football,,,,,Belgium,,,26.0,179.0,6.166666666666667
Nordin Jackers,G,,,22,6'2,181 lbs,Racing Genk,Champions League Football,,,,,Belgium,,,30.0,181.0,6.166666666666667
Tobe Leysen,G,,,18,6'2,172 lbs,Racing Genk,Champions League Football,,,,,Belgium,,,40.0,172.0,6.166666666666667
Rubin Seigers,D,,,22,6'2,192 lbs,Racing Genk,Champions League Football,,,,,--,,,,192.0,6.166666666666667
Dries Wouters,D,,,23,6'2,185 lbs,Racing Genk,Champions League Football,,,,,Belgium,,,4.0,185.0,6.166666666666667
Sebastian  Dewaest,D,,,29,5'10,170 lbs,Racing Genk,Champions League Football,,,,,Belgium,,,6.0,170.0,5.833333333333333
Jere Uronen,D,,,26,5'10,152 lbs,Racing Genk,Champions League Football,,,,,Finland,,,21.0,152.0,5.833333333333333
Joakim Maehle,D,,,23,6'1,170 lbs,Racing Genk,Champions League Football,,,,,Denmark,,,31.0,170.0,6.083333333333333
Jhon Lucumi,D,,,22,6'1,172 lbs,Racing Genk,Champions League Football,,,,,Colombia,,,33.0,172.0,6.083333333333333
Shawn Adewoye,D,,,20,5'11,179 lbs,Racing Genk,Champions League Football,,,,,Belgium,,,35.0,179.0,5.916666666666667
Kouassi Eboue,D,,,22,6'1,152 lbs,Racing Genk,Champions League Football,,,,,Ivory Coast,,,38.0,152.0,6.083333333333333
Carlos Cuesta,D,,,21,5'11,148 lbs,Racing Genk,Champions League Football,,,,,Colombia,,,46.0,148.0,5.916666666666667
Ivan Fiolic,M,,,24,5'9,161 lbs,Racing Genk,Champions League Football,,,,,--,,,,161.0,5.75
Casper de Norre,M,,,23,5'9,157 lbs,Racing Genk,Champions League Football,,,,,Belgium,,,2.0,157.0,5.75
Gerardo Arteaga,M,,,21,5'8,132 lbs,Racing Genk,Champions League Football,,,,,Mexico,,,5.0,132.0,5.666666666666667
Bryan Heynen,M,,,23,5'11,148 lbs,Racing Genk,Champions League Football,,,,,Belgium,,,8.0,148.0,5.916666666666667
Theo Bongonda,M,,,24,5'10,139 lbs,Racing Genk,Champions League Football,,,,,Belgium,,,10.0,139.0,5.833333333333333
Joseph Paintsil,M,,,22,5'6,130 lbs,Racing Genk,Champions League Football,,,,,Ghana,,,11.0,130.0,5.5
Elias Sierra,M,,,19,--,--,Racing Genk,Champions League Football,,,,,Belgium,,,16.0,,
Patrik Hrosovsky,M,,,28,5'8,150 lbs,Racing Genk,Champions League Football,,,,,Slovakia,,,17.0,150.0,5.666666666666667
Daniel Muñoz,M,,,24,5'11,152 lbs,Racing Genk,Champions League Football,,,,,Colombia,,,23.0,152.0,5.916666666666667
Kristian Thorstvedt,M,,,21,5'7,--,Racing Genk,Champions League Football,,,,,Norway,,,42.0,,5.583333333333333
Pierre Dwomoh,M,,,16,--,--,Racing Genk,Champions League Football,,,,,--,,,80.0,,
Junya Ito,F,,,27,5'9,150 lbs,Racing Genk,Champions League Football,,,,,Japan,,,7.0,150.0,5.75
Edon Zhegrova,F,,,21,5'9,146 lbs,Racing Genk,Champions League Football,,,,,Kosovo,,,8.0,146.0,5.75
Cyriel Dessers,F,,,25,6'1,170 lbs,Racing Genk,Champions League Football,,,,,Belgium,,,9.0,170.0,6.083333333333333
Benjamin Nygren,F,,,19,6'0,161 lbs,Racing Genk,Champions League Football,,,,,Sweden,,,14.0,161.0,6.0
Stephen Odey,F,,,22,6'0,159 lbs,Racing Genk,Champions League Football,,,,,Nigeria,,,15.0,159.0,6.0
Paul Onuachu,F,,,26,6'7,183 lbs,Racing Genk,Champions League Football,,,,,Nigeria,,,18.0,183.0,6.583333333333333
Mats Daehli,F,,,25,5'9,152 lbs,Racing Genk,Champions League Football,,,,,Norway,,,20.0,152.0,5.75
Bryan Limbombe Ekango,F,,,19,--,--,Racing Genk,Champions League Football,,,,,Belgium,,,22.0,,
Luca Oyen,F,,,17,--,--,Racing Genk,Champions League Football,,,,,England,,,24.0,,
Zinho Gano,F,,,26,6'4,190 lbs,Racing Genk,Champions League Football,,,,,Belgium,,,93.0,190.0,6.333333333333333
Alphonse Areola,G,,,27,6'5,192 lbs,Real Madrid,Champions League Football,,,,,France,,,1.0,192.0,6.416666666666667
Thibaut Courtois,G,,,28,6'6,212 lbs,Real Madrid,Champions League Football,,,,,Belgium,,,13.0,212.0,6.5
Diego Altube,G,,,20,6'2,183 lbs,Real Madrid,Champions League Football,,,,,Spain,,,26.0,183.0,6.166666666666667
Luis Federico López Andúgar,G,,,19,--,--,Real Madrid,Champions League Football,,,,,--,,,46.0,,
Dani Carvajal,D,,,28,5'8,161 lbs,Real Madrid,Champions League Football,,,,,Spain,,,2.0,161.0,5.666666666666667
Éder Militão,D,,,22,6'1,172 lbs,Real Madrid,Champions League Football,,,,,Brazil,,,3.0,172.0,6.083333333333333
Sergio Ramos,D,,,34,6'0,161 lbs,Real Madrid,Champions League Football,,,,,Spain,,,4.0,161.0,6.0
Raphaël Varane,D,,,27,6'3,179 lbs,Real Madrid,Champions League Football,,,,,France,,,5.0,179.0,6.25
Nacho,D,,,30,5'11,168 lbs,Real Madrid,Champions League Football,,,,,Spain,,,6.0,168.0,5.916666666666667
Marcelo,D,,,32,5'9,174 lbs,Real Madrid,Champions League Football,,,,,Brazil,,,12.0,174.0,5.75
Ferland Mendy,D,,,25,5'10,161 lbs,Real Madrid,Champions League Football,,,,,France,,,23.0,161.0,5.833333333333333
Adrián de la Fuente,D,,,21,5'10,170 lbs,Real Madrid,Champions League Football,,,,,Spain,,,32.0,170.0,5.833333333333333
Javier Hernández Cabrera,D,,,22,6'0,159 lbs,Real Madrid,Champions League Football,,,,,--,,,39.0,159.0,6.0
Miguel Ortega Gutierrez,D,,,19,5'11,150 lbs,Real Madrid,Champions League Football,,,,,--,,,47.0,150.0,5.916666666666667
Eden Hazard,M,,,29,5'8,168 lbs,Real Madrid,Champions League Football,,,,,Belgium,,,7.0,168.0,5.666666666666667
Toni Kroos,M,,,30,6'0,172 lbs,Real Madrid,Champions League Football,,,,,Germany,,,8.0,172.0,6.0
Luka Modric,M,,,34,5'8,146 lbs,Real Madrid,Champions League Football,,,,,Croatia,,,10.0,146.0,5.666666666666667
Gareth Bale,M,,,31,6'1,179 lbs,Real Madrid,Champions League Football,,,,,Wales,,,11.0,179.0,6.083333333333333
Casemiro,M,,,28,6'1,183 lbs,Real Madrid,Champions League Football,,,,,Brazil,,,14.0,183.0,6.083333333333333
Federico Valverde,M,,,22,5'11,172 lbs,Real Madrid,Champions League Football,,,,,Uruguay,,,15.0,172.0,5.916666666666667
James Rodríguez,M,,,29,5'11,172 lbs,Real Madrid,Champions League Football,,,,,Colombia,,,16.0,172.0,5.916666666666667
Lucas Vázquez,M,,,29,5'8,152 lbs,Real Madrid,Champions League Football,,,,,Spain,,,17.0,152.0,5.666666666666667
Marco Asensio,M,,,24,6'0,168 lbs,Real Madrid,Champions League Football,,,,,Spain,,,20.0,168.0,6.0
Brahim Díaz,M,,,21,5'7,150 lbs,Real Madrid,Champions League Football,,,,,Spain,,,21.0,150.0,5.583333333333333
Isco,M,,,28,5'9,172 lbs,Real Madrid,Champions League Football,,,,,Spain,,,22.0,172.0,5.75
Karim Benzema,F,,,32,6'0,172 lbs,Real Madrid,Champions League Football,,,,,France,,,9.0,172.0,6.0
Luka Jovic,F,,,22,5'11,172 lbs,Real Madrid,Champions League Football,,,,,Serbia,,,18.0,172.0,5.916666666666667
Mariano,F,,,27,6'0,168 lbs,Real Madrid,Champions League Football,,,,,Dominican Republic,,,24.0,168.0,6.0
Vinícius Júnior,F,,,20,5'10,161 lbs,Real Madrid,Champions League Football,,,,,Brazil,,,25.0,161.0,5.833333333333333
Rodrygo,F,,,19,5'8,137 lbs,Real Madrid,Champions League Football,,,,,Brazil,,,27.0,137.0,5.666666666666667
Zoran Popovic,G,,,32,6'2,179 lbs,Red Star Belgrade,Champions League Football,,,,,Serbia,,,1.0,179.0,6.166666666666667
Milan Borjan,G,,,32,6'5,174 lbs,Red Star Belgrade,Champions League Football,,,,,Canada,,,82.0,174.0,6.416666666666667
Radovan Pankov,D,,,25,6'1,183 lbs,Red Star Belgrade,Champions League Football,,,,,Serbia & Montenegro,,,6.0,183.0,6.083333333333333
Milan Pavkov,D,,,26,6'2,161 lbs,Red Star Belgrade,Champions League Football,,,,,Serbia,,,9.0,161.0,6.166666666666667
Srdan Babic,D,,,24,6'5,161 lbs,Red Star Belgrade,Champions League Football,,,,,Serbia,,,15.0,161.0,6.416666666666667
Nemanja Milunovic,D,,,31,6'4,183 lbs,Red Star Belgrade,Champions League Football,,,,,Serbia,,,19.0,183.0,6.333333333333333
Milan Rodic,D,,,29,6'1,170 lbs,Red Star Belgrade,Champions League Football,,,,,Serbia,,,23.0,170.0,6.083333333333333
Strahinja Erakovic,D,,,19,6'0,172 lbs,Red Star Belgrade,Champions League Football,,,,,--,,,25.0,172.0,6.0
Stefan Hajdin,D,,,26,6'2,174 lbs,Red Star Belgrade,Champions League Football,,,,,--,,,44.0,174.0,6.166666666666667
Milan Gajic,M,,,33,6'0,168 lbs,Red Star Belgrade,Champions League Football,,,,,Croatia,,,2.0,168.0,6.0
Branko Jovicic,M,,,27,5'10,161 lbs,Red Star Belgrade,Champions League Football,,,,,Serbia,,,3.0,161.0,5.833333333333333
Mirko Ivanic,M,,,26,6'0,159 lbs,Red Star Belgrade,Champions League Football,,,,,Serbia,,,4.0,159.0,6.0
Milos Degenek,M,,,26,6'2,181 lbs,Red Star Belgrade,Champions League Football,,,,,Croatia,,,5.0,181.0,6.166666666666667
Milos Vulic,M,,,24,6'0,--,Red Star Belgrade,Champions League Football,,,,,Serbia,,,7.0,,6.0
Guélor Kanga,M,,,29,5'6,139 lbs,Red Star Belgrade,Champions League Football,,,,,Gabon,,,8.0,139.0,5.5
Njegos Petrovic,M,,,21,6'1,--,Red Star Belgrade,Champions League Football,,,,,Serbia,,,20.0,,6.083333333333333
Veljko Simic,M,,,25,5'11,152 lbs,Red Star Belgrade,Champions League Football,,,,,Serbia,,,21.0,152.0,5.916666666666667
Veljko Nikoli,M,,,21,5'8,--,Red Star Belgrade,Champions League Football,,,,,Serbia,,,22.0,,5.666666666666667
Nikola Vasiljevic,M,,,24,6'5,168 lbs,Red Star Belgrade,Champions League Football,,,,,Bosnia and Herzegovina,,,27.0,168.0,6.416666666666667
Dusan Jovancic,M,,,29,6'1,163 lbs,Red Star Belgrade,Champions League Football,,,,,Serbia,,,29.0,163.0,6.083333333333333
El Fardou Ben Nabouhane,M,,,31,5'8,157 lbs,Red Star Belgrade,Champions League Football,,,,,Comoros,,,31.0,157.0,5.666666666666667
Sekou Sanogo,M,,,31,6'0,179 lbs,Red Star Belgrade,Champions League Football,,,,,Ivory Coast,,,35.0,179.0,6.0
Andrija Radulovic,M,,,18,--,--,Red Star Belgrade,Champions League Football,,,,,--,,,49.0,,
Marko Gobeljic,M,,,27,6'1,172 lbs,Red Star Belgrade,Champions League Football,,,,,Serbia,,,77.0,172.0,6.083333333333333
José Cañas,M,,,33,5'10,150 lbs,Red Star Belgrade,Champions League Football,,,,,Spain,,,87.0,150.0,5.833333333333333
Aleksandar Katai,F,,,29,6'0,152 lbs,Red Star Belgrade,Champions League Football,,,,,Serbia,,,10.0,152.0,6.0
Mateo García,F,,,23,5'6,141 lbs,Red Star Belgrade,Champions League Football,,,,,Argentina,,,11.0,141.0,5.5
Richmond Boakye,F,,,27,6'1,174 lbs,Red Star Belgrade,Champions League Football,,,,,Ghana,,,14.0,174.0,6.083333333333333
Tómané,F,,,27,6'1,185 lbs,Red Star Belgrade,Champions League Football,,,,,Portugal,,,17.0,185.0,6.083333333333333
Zeljko Gavric,F,,,19,5'11,--,Red Star Belgrade,Champions League Football,,,,,--,,,24.0,,5.916666666666667
Srdjan Spiridonovic,F,,,26,5'8,150 lbs,Red Star Belgrade,Champions League Football,,,,,--,,,70.0,150.0,5.666666666666667
Aleksa Vukanovic,F,,,28,6'2,--,Red Star Belgrade,Champions League Football,,,,,Serbia,,,92.0,,6.166666666666667
Nikola Krstovic,F,,,20,6'1,--,Red Star Belgrade,Champions League Football,,,,,Montenegro,,,99.0,,6.083333333333333
Maksims Uvarenko,G,,,33,6'2,--,Riga FC,Champions League Football,,,,,--,,,1.0,,6.166666666666667
Roberts Ozols,G,,,24,6'2,--,Riga FC,Champions League Football,,,,,--,,,12.0,,6.166666666666667
Nils Purins,G,,,22,--,--,Riga FC,Champions League Football,,,,,--,,,16.0,,
Antons Kurakins,D,,,30,6'0,152 lbs,Riga FC,Champions League Football,,,,,--,,,3.0,152.0,6.0
Vladislavs Gabovs,D,,,33,5'9,161 lbs,Riga FC,Champions League Football,,,,,--,,,13.0,161.0,5.75
Georgios Valerianos,D,,,28,5'9,132 lbs,Riga FC,Champions League Football,,,,,--,,,15.0,132.0,5.75
Antonijs Cernomordijs,D,,,23,6'1,159 lbs,Riga FC,Champions League Football,,,,,--,,,34.0,159.0,6.083333333333333
Herdi Prenga,D,,,26,--,--,Riga FC,Champions League Football,,,,,--,,,39.0,,
Minori Sato,M,,,29,5'7,150 lbs,Riga FC,Champions League Football,,,,,--,,,,150.0,5.583333333333333
Olegs Laizans,M,,,33,6'1,179 lbs,Riga FC,Champions League Football,,,,,--,,,5.0,179.0,6.083333333333333
Felipe Brizola,M,,,30,5'7,146 lbs,Riga FC,Champions League Football,,,,,Brazil,,,7.0,146.0,5.583333333333333
Aleksejs Visnakovs,M,,,36,5'8,152 lbs,Riga FC,Champions League Football,,,,,--,,,10.0,152.0,5.666666666666667
Vyacheslav Sharpar,M,,,33,6'3,172 lbs,Riga FC,Champions League Football,,,,,--,,,11.0,172.0,6.25
Roger Junio Rodrigues Figueira,M,,,24,5'11,161 lbs,Riga FC,Champions League Football,,,,,--,,,20.0,161.0,5.916666666666667
Ivans Lukjanovs,M,,,33,6'0,152 lbs,Riga FC,Champions League Football,,,,,--,,,23.0,152.0,6.0
Tomislav Saric,M,,,30,6'1,174 lbs,Riga FC,Champions League Football,,,,,--,,,25.0,174.0,6.083333333333333
Stefan Panic,M,,,27,--,--,Riga FC,Champions League Football,,,,,--,,,26.0,,
Arturs Karasausks,F,,,28,5'10,150 lbs,Riga FC,Champions League Football,,,,,Latvia,,,,150.0,5.833333333333333
Ritvars Rugins,F,,,30,5'8,152 lbs,Riga FC,Champions League Football,,,,,--,,,8.0,152.0,5.666666666666667
Armands Petersons,F,,,29,5'6,139 lbs,Riga FC,Champions League Football,,,,,--,,,9.0,139.0,5.5
Vladislavs Fjodorovs,F,,,23,6'2,--,Riga FC,Champions League Football,,,,,--,,,17.0,,6.166666666666667
Kamil Bilinski,F,,,32,5'11,170 lbs,Riga FC,Champions League Football,,,,,--,,,19.0,170.0,5.916666666666667
Abdisalam Ibrahim,F,,,29,6'1,157 lbs,Riga FC,Champions League Football,,,,,Norway,,,22.0,157.0,6.083333333333333
Roman Debelko,F,,,27,6'1,161 lbs,Riga FC,Champions League Football,,,,,--,,,27.0,161.0,6.083333333333333
Elvis Stuglis,F,,,27,6'4,179 lbs,Riga FC,Champions League Football,,,,,--,,,31.0,179.0,6.333333333333333
Vladimirs Kamess,F,,,31,5'7,148 lbs,Riga FC,Champions League Football,,,,,--,,,44.0,148.0,5.583333333333333
Deniss Rakels,F,,,28,5'10,161 lbs,Riga FC,Champions League Football,,,,,Latvia,,,92.0,161.0,5.833333333333333
Joel Bopesu,F,,,25,--,--,Riga FC,Champions League Football,,,,,--,,,95.0,,
Miroslav Slavov,F,,,29,6'6,192 lbs,Riga FC,Champions League Football,,,,,--,,,99.0,192.0,6.5
André Hansen,G,,,30,6'2,192 lbs,Rosenborg,Champions League Football,,,,,Norway,,,1.0,192.0,6.166666666666667
Julian Lund,G,,,21,6'1,174 lbs,Rosenborg,Champions League Football,,,,,Norway,,,13.0,174.0,6.083333333333333
Sander Tangvik,G,,,17,--,--,Rosenborg,Champions League Football,,,,,--,,,24.0,,
Vegar Eggen Hedenstad,D,,,29,5'10,161 lbs,Rosenborg,Champions League Football,,,,,Norway,,,2.0,161.0,5.833333333333333
Tore Reginiussen,D,,,34,6'1,174 lbs,Rosenborg,Champions League Football,,,,,Norway,,,4.0,174.0,6.083333333333333
Even Hovland,D,,,31,6'3,196 lbs,Rosenborg,Champions League Football,,,,,Norway,,,16.0,196.0,6.25
Gustav Valsvik,D,,,27,6'5,201 lbs,Rosenborg,Champions League Football,,,,,Norway,,,19.0,201.0,6.416666666666667
Erlend Dahl Reitan,D,,,22,5'11,152 lbs,Rosenborg,Champions League Football,,,,,Norway,,,21.0,152.0,5.916666666666667
Sondre Skogen,D,,,20,6'2,172 lbs,Rosenborg,Champions League Football,,,,,Norway,,,39.0,172.0,6.166666666666667
Joachim Knutset Solem,M,,,20,--,--,Rosenborg,Champions League Football,,,,,--,,,,,
Per Skjelbred,M,,,33,5'10,161 lbs,Rosenborg,Champions League Football,,,,,Norway,,,5.0,161.0,5.833333333333333
Anders Konradsen,M,,,30,6'0,168 lbs,Rosenborg,Champions League Football,,,,,Norway,,,8.0,168.0,6.0
Pal André Helland,M,,,30,6'1,183 lbs,Rosenborg,Champions League Football,,,,,Norway,,,10.0,183.0,6.083333333333333
Carlo Holse,M,,,21,5'10,150 lbs,Rosenborg,Champions League Football,,,,,Denmark,,,11.0,150.0,5.833333333333333
Kristoffer Zachariassen,M,,,25,5'11,161 lbs,Rosenborg,Champions League Football,,,,,Norway,,,18.0,161.0,5.916666666666667
Edvard Tagseth,M,,,19,5'7,148 lbs,Rosenborg,Champions League Football,,,,,Norway,,,20.0,148.0,5.583333333333333
Gjermund Asen,M,,,29,6'0,157 lbs,Rosenborg,Champions League Football,,,,,Norway,,,22.0,157.0,6.0
Samuel Adegbenro,M,,,24,5'10,163 lbs,Rosenborg,Champions League Football,,,,,Nigeria,,,28.0,163.0,5.833333333333333
Mikael Tørset Johnson,M,,,20,5'9,146 lbs,Rosenborg,Champions League Football,,,,,Norway,,,37.0,146.0,5.75
Andreas Helmersen,F,,,22,6'3,181 lbs,Rosenborg,Champions League Football,,,,,Norway,,,,181.0,6.25
Dino Islamovic,F,,,26,6'3,192 lbs,Rosenborg,Champions League Football,,,,,Netherlands,,,9.0,192.0,6.25
Torgeir Børven,F,,,28,6'1,159 lbs,Rosenborg,Champions League Football,,,,,Norway,,,14.0,159.0,6.083333333333333
Filip Brattbakk,F,,,20,5'11,163 lbs,Rosenborg,Champions League Football,,,,,--,,,23.0,163.0,5.916666666666667
Waren Kamanzi,F,,,20,--,--,Rosenborg,Champions League Football,,,,,--,,,26.0,,
Emil Konradsen Ceide,F,,,18,5'9,157 lbs,Rosenborg,Champions League Football,,,,,Norway,,,35.0,157.0,5.75
Franklin Nyenetue,F,,,19,5'9,--,Rosenborg,Champions League Football,,,,,--,,,41.0,,5.75
Omar Migineishvili,G,,,36,6'2,--,Saburtalo Tbilisi,Champions League Football,,,,,--,,,1.0,,6.166666666666667
Denys Shelikhov,G,,,31,6'2,183 lbs,Saburtalo Tbilisi,Champions League Football,,,,,--,,,16.0,183.0,6.166666666666667
Lazare Kupatadze,G,,,24,6'5,--,Saburtalo Tbilisi,Champions League Football,,,,,--,,,27.0,,6.416666666666667
Nikoloz Mali,D,,,21,--,--,Saburtalo Tbilisi,Champions League Football,,,,,--,,,2.0,,
Jemali-Giorgi Jinjolava,D,,,20,--,--,Saburtalo Tbilisi,Champions League Football,,,,,--,,,3.0,,
Gagi Margvelashvili,D,,,23,6'4,181 lbs,Saburtalo Tbilisi,Champions League Football,,,,,--,,,4.0,181.0,6.333333333333333
Tedore Grigalashvili,D,,,27,6'0,172 lbs,Saburtalo Tbilisi,Champions League Football,,,,,--,,,6.0,172.0,6.0
Luka Lakhoveliani,D,,,21,5'10,159 lbs,Saburtalo Tbilisi,Champions League Football,,,,,--,,,12.0,159.0,5.833333333333333
Grigol Chabradze,D,,,24,--,--,Saburtalo Tbilisi,Champions League Football,,,,,--,,,13.0,,
Giorgi Rekhviashvili,D,,,32,5'11,--,Saburtalo Tbilisi,Champions League Football,,,,,--,,,18.0,,5.916666666666667
Iuri Tabatadze,D,,,20,--,--,Saburtalo Tbilisi,Champions League Football,,,,,--,,,35.0,,
Vagner Goncalves Nogueira,M,,,24,--,--,Saburtalo Tbilisi,Champions League Football,,,,,--,,,7.0,,
Levan Kenia,M,,,29,5'8,150 lbs,Saburtalo Tbilisi,Champions League Football,,,,,--,,,14.0,150.0,5.666666666666667
Dachi Tsnobiladze,M,,,26,5'11,179 lbs,Saburtalo Tbilisi,Champions League Football,,,,,--,,,15.0,179.0,5.916666666666667
Gega Diasamidze,M,,,28,6'2,172 lbs,Saburtalo Tbilisi,Champions League Football,,,,,--,,,17.0,172.0,6.166666666666667
Alwyn Alwyn Tera,M,,,23,5'9,159 lbs,Saburtalo Tbilisi,Champions League Football,,,,,--,,,20.0,159.0,5.75
Levan Kakubava,M,,,29,6'0,161 lbs,Saburtalo Tbilisi,Champions League Football,,,,,--,,,21.0,161.0,6.0
Sandro Altunashvili,M,,,23,--,--,Saburtalo Tbilisi,Champions League Football,,,,,--,,,22.0,,
Tornike Gorgiashvili,M,,,32,5'10,150 lbs,Saburtalo Tbilisi,Champions League Football,,,,,--,,,39.0,150.0,5.833333333333333
Giorgi Kokhreidze,F,,,21,5'7,150 lbs,Saburtalo Tbilisi,Champions League Football,,,,,--,,,10.0,150.0,5.583333333333333
Giorgi Gabedava,F,,,30,6'0,172 lbs,Saburtalo Tbilisi,Champions League Football,,,,,--,,,11.0,172.0,6.0
Inters Gui,F,,,27,5'8,150 lbs,Saburtalo Tbilisi,Champions League Football,,,,,--,,,23.0,150.0,5.666666666666667
Ognjen Rolovic,F,,,27,--,--,Saburtalo Tbilisi,Champions League Football,,,,,--,,,29.0,,
Giorgi Guliashvili,F,,,18,--,--,Saburtalo Tbilisi,Champions League Football,,,,,--,,,33.0,,
Eloy Casals,G,,,37,5'10,168 lbs,Santa Coloma,Champions League Football,,,,,--,,,1.0,168.0,5.833333333333333
Joel Garcia,G,,,25,5'9,159 lbs,Santa Coloma,Champions League Football,,,,,--,,,12.0,159.0,5.75
Andrés Benitez,G,,,37,--,--,Santa Coloma,Champions League Football,,,,,--,,,13.0,,
Javi López,G,,,31,6'1,181 lbs,Santa Coloma,Champions League Football,,,,,--,,,24.0,181.0,6.083333333333333
Moisés San Nicolás,D,,,26,6'2,--,Santa Coloma,Champions League Football,,,,,Andorra,,,2.0,,6.166666666666667
Juan Manuel Miranda,D,,,26,--,--,Santa Coloma,Champions League Football,,,,,--,,,3.0,,
Andreu Ramos,D,,,31,5'11,183 lbs,Santa Coloma,Champions League Football,,,,,--,,,4.0,183.0,5.916666666666667
Enric Pi Sola,D,,,37,6'3,179 lbs,Santa Coloma,Champions League Football,,,,,--,,,6.0,179.0,6.25
Cisteró,D,,,26,--,--,Santa Coloma,Champions League Football,,,,,--,,,8.0,,
Jesús Rubio,D,,,25,--,--,Santa Coloma,Champions League Football,,,,,Andorra,,,22.0,,
Marc Rebés,M,,,26,5'9,--,Santa Coloma,Champions League Football,,,,,Andorra,,,5.0,,5.75
Pedro Santos Escolano,M,,,27,--,--,Santa Coloma,Champions League Football,,,,,--,,,10.0,,
Angel Zarioh,M,,,31,--,--,Santa Coloma,Champions League Football,,,,,--,,,14.0,,
Chus Sosa,M,,,26,--,--,Santa Coloma,Champions League Football,,,,,--,,,16.0,,
Jordi Aláez,M,,,22,--,--,Santa Coloma,Champions League Football,,,,,Andorra,,,18.0,,
Antonio Marinho ,M,,,26,--,--,Santa Coloma,Champions League Football,,,,,--,,,23.0,,
Victor Rodriguez,M,,,32,5'10,--,Santa Coloma,Champions League Football,,,,,Andorra,,,25.0,,5.833333333333333
Diego Nájero,F,,,25,--,--,Santa Coloma,Champions League Football,,,,,--,,,9.0,,
Albert Mercadé,F,,,35,--,--,Santa Coloma,Champions League Football,,,,,--,,,11.0,,
Nico Medina,F,,,33,6'1,172 lbs,Santa Coloma,Champions League Football,,,,,--,,,15.0,172.0,6.083333333333333
Andre Azevedo,F,,,30,--,--,Santa Coloma,Champions League Football,,,,,--,,,19.0,,
Gabi Riera,F,,,35,5'10,--,Santa Coloma,Champions League Football,,,,,Andorra,,,21.0,,5.833333333333333
Oleksiy Shevchenko,G,,,28,6'2,179 lbs,Shakhtar Donetsk,Champions League Football,,,,,Ukraine,,,1.0,179.0,6.166666666666667
Andriy Pyatov,G,,,36,6'3,172 lbs,Shakhtar Donetsk,Champions League Football,,,,,Ukraine,,,30.0,172.0,6.25
Oleh Kudryk,G,,,23,6'1,157 lbs,Shakhtar Donetsk,Champions League Football,,,,,--,,,55.0,157.0,6.083333333333333
Bohdan Butko,D,,,29,5'11,150 lbs,Shakhtar Donetsk,Champions League Football,,,,,Ukraine,,,2.0,150.0,5.916666666666667
Sergey Krivtsov,D,,,29,6'1,183 lbs,Shakhtar Donetsk,Champions League Football,,,,,Ukraine,,,4.0,183.0,6.083333333333333
Ivan Ordets,D,,,28,6'4,192 lbs,Shakhtar Donetsk,Champions League Football,,,,,Ukraine,,,18.0,192.0,6.333333333333333
Mykola Matvyenko,D,,,24,6'0,161 lbs,Shakhtar Donetsk,Champions League Football,,,,,Ukraine,,,22.0,161.0,6.0
Ismaily,D,,,30,5'10,181 lbs,Shakhtar Donetsk,Champions League Football,,,,,Brazil,,,31.0,181.0,5.833333333333333
Yaroslav Rakitskiy,D,,,31,5'11,152 lbs,Shakhtar Donetsk,Champions League Football,,,,,Ukraine,,,44.0,152.0,5.916666666666667
Oleg Danchenko,D,,,26,5'10,139 lbs,Shakhtar Donetsk,Champions League Football,,,,,Ukraine,,,94.0,139.0,5.833333333333333
Taras Stepanenko,M,,,31,5'11,168 lbs,Shakhtar Donetsk,Champions League Football,,,,,Ukraine,,,6.0,168.0,5.916666666666667
Marlos,M,,,32,5'9,150 lbs,Shakhtar Donetsk,Champions League Football,,,,,Brazil,,,11.0,150.0,5.75
Alan Patrick,M,,,29,5'10,152 lbs,Shakhtar Donetsk,Champions League Football,,,,,Brazil,,,21.0,152.0,5.833333333333333
Wellington Nem,M,,,28,5'5,157 lbs,Shakhtar Donetsk,Champions League Football,,,,,Brazil,,,23.0,157.0,5.416666666666667
Maycon,M,,,23,5'9,139 lbs,Shakhtar Donetsk,Champions League Football,,,,,Brazil,,,27.0,139.0,5.75
Andriy Totovytsky,M,,,27,6'2,--,Shakhtar Donetsk,Champions League Football,,,,,--,,,29.0,,6.166666666666667
Sergiy Bolbat,M,,,27,5'9,146 lbs,Shakhtar Donetsk,Champions League Football,,,,,Ukraine,,,50.0,146.0,5.75
Viktor Kovalenko,M,,,24,6'0,163 lbs,Shakhtar Donetsk,Champions League Football,,,,,Ukraine,,,74.0,163.0,6.0
Davit Khocholova,F,,,27,6'4,192 lbs,Shakhtar Donetsk,Champions League Football,,,,,--,,,5.0,192.0,6.333333333333333
Taison,F,,,32,5'8,139 lbs,Shakhtar Donetsk,Champions League Football,,,,,Brazil,,,7.0,139.0,5.666666666666667
Olarenwaju Kayode,F,,,27,5'9,141 lbs,Shakhtar Donetsk,Champions League Football,,,,,Nigeria,,,8.0,141.0,5.75
Dentinho,F,,,31,5'9,163 lbs,Shakhtar Donetsk,Champions League Football,,,,,Brazil,,,9.0,163.0,5.75
Moraes,F,,,33,5'9,152 lbs,Shakhtar Donetsk,Champions League Football,,,,,Brazil,,,10.0,152.0,5.75
Marquinhos Cipriano,F,,,21,5'7,141 lbs,Shakhtar Donetsk,Champions League Football,,,,,--,,,28.0,141.0,5.583333333333333
Artem Dudik,F,,,23,--,--,Shakhtar Donetsk,Champions League Football,,,,,--,,,90.0,,
Fernando,F,,,21,5'9,146 lbs,Shakhtar Donetsk,Champions League Football,,,,,Brazil,,,99.0,146.0,5.75
Dumitru Celeadnic,G,,,28,6'4,--,Sheriff Tiraspol,Champions League Football,,,,,--,,,1.0,,6.333333333333333
Zvonimir Mikulic,G,,,30,--,--,Sheriff Tiraspol,Champions League Football,,,,,--,,,20.0,,
Serghei Pascenco,G,,,37,6'2,163 lbs,Sheriff Tiraspol,Champions League Football,,,,,Moldova,,,33.0,163.0,6.166666666666667
Andrej Lukic,D,,,26,6'4,192 lbs,Sheriff Tiraspol,Champions League Football,,,,,Croatia,,,,192.0,6.333333333333333
Mateo Muzek,D,,,25,6'0,--,Sheriff Tiraspol,Champions League Football,,,,,Croatia,,,3.0,,6.0
Jaroslaw Jach,D,,,26,6'4,172 lbs,Sheriff Tiraspol,Champions League Football,,,,,Poland,,,6.0,172.0,6.333333333333333
Cristiano,D,,,27,5'10,168 lbs,Sheriff Tiraspol,Champions League Football,,,,,--,,,15.0,168.0,5.833333333333333
Vadim Dijinari,D,,,21,--,--,Sheriff Tiraspol,Champions League Football,,,,,--,,,22.0,,
Artem Gordienko,D,,,29,5'11,152 lbs,Sheriff Tiraspol,Champions League Football,,,,,--,,,23.0,152.0,5.916666666666667
Evghenii Berco,D,,,20,--,--,Sheriff Tiraspol,Champions League Football,,,,,--,,,24.0,,
Ousmane N'Diaye,D,,,29,6'1,161 lbs,Sheriff Tiraspol,Champions League Football,,,,,--,,,91.0,161.0,6.083333333333333
Maxim Cojocaru,D,,,22,--,--,Sheriff Tiraspol,Champions League Football,,,,,--,,,98.0,,
Ariel Borysiuk,M,,,30,5'11,152 lbs,Sheriff Tiraspol,Champions League Football,,,,,Poland,,,,152.0,5.916666666666667
Matej Palcic,M,,,27,5'11,157 lbs,Sheriff Tiraspol,Champions League Football,,,,,--,,,4.0,157.0,5.916666666666667
Mihail Ghecev,M,,,22,--,--,Sheriff Tiraspol,Champions League Football,,,,,--,,,8.0,,
José Ángel,M,,,28,6'0,174 lbs,Sheriff Tiraspol,Champions League Football,,,,,Spain,,,10.0,174.0,6.0
Wilfried Balima,M,,,35,6'2,172 lbs,Sheriff Tiraspol,Champions League Football,,,,,--,,,14.0,172.0,6.166666666666667
Alexandr Belousov,M,,,22,--,--,Sheriff Tiraspol,Champions League Football,,,,,--,,,17.0,,
Gheorghe Anton,M,,,27,--,--,Sheriff Tiraspol,Champions League Football,,,,,--,,,18.0,,
Antun Palic,M,,,32,5'10,161 lbs,Sheriff Tiraspol,Champions League Football,,,,,--,,,19.0,161.0,5.833333333333333
Leandro Sena,M,,,25,5'9,150 lbs,Sheriff Tiraspol,Champions League Football,,,,,Brazil,,,70.0,150.0,5.75
Gabrijel Boban,M,,,31,--,--,Sheriff Tiraspol,Champions League Football,,,,,--,,,76.0,,
Yuri Kendysh,M,,,30,6'2,170 lbs,Sheriff Tiraspol,Champions League Football,,,,,--,,,77.0,170.0,6.166666666666667
Veaceslav Posmac,M,,,29,--,--,Sheriff Tiraspol,Champions League Football,,,,,--,,,90.0,,
Alexandru Boiciuc,F,,,23,6'3,172 lbs,Sheriff Tiraspol,Champions League Football,,,,,--,,,,172.0,6.25
Andriy Bliznichenko,F,,,26,5'10,159 lbs,Sheriff Tiraspol,Champions League Football,,,,,--,,,7.0,159.0,5.833333333333333
Liridon Latifi,F,,,26,5'7,141 lbs,Sheriff Tiraspol,Champions League Football,,,,,--,,,27.0,141.0,5.583333333333333
Robert Ndip Tambe,F,,,26,6'0,179 lbs,Sheriff Tiraspol,Champions League Football,,,,,--,,,29.0,179.0,6.0
Ondrej Kolár,G,,,25,6'4,179 lbs,Slavia Prague,Champions League Football,,,,,Czech Republic,,,1.0,179.0,6.333333333333333
Jakub Markovic,G,,,19,6'2,172 lbs,Slavia Prague,Champions League Football,,,,,Czech Republic,,,30.0,172.0,6.166666666666667
Premysl Kovar,G,,,34,6'2,194 lbs,Slavia Prague,Champions League Football,,,,,Czech Republic,,,31.0,194.0,6.166666666666667
Jan Sirotník,G,,,18,--,--,Slavia Prague,Champions League Football,,,,,--,,,34.0,,
David Hovorka,D,,,27,5'10,161 lbs,Slavia Prague,Champions League Football,,,,,Czech Republic,,,2.0,161.0,5.833333333333333
Tomás Holes,D,,,27,5'11,161 lbs,Slavia Prague,Champions League Football,,,,,Czech Republic,,,3.0,161.0,5.916666666666667
Ondrej Karafiat,D,,,25,6'0,--,Slavia Prague,Champions League Football,,,,,--,,,4.0,,6.0
Vladimir Coufal,D,,,28,5'10,168 lbs,Slavia Prague,Champions League Football,,,,,Czech Republic,,,5.0,168.0,5.833333333333333
David Zima,D,,,19,--,--,Slavia Prague,Champions League Football,,,,,--,,,6.0,,
Jaroslav Zeleny,D,,,28,6'2,170 lbs,Slavia Prague,Champions League Football,,,,,Czech Republic,,,12.0,170.0,6.166666666666667
Ladislav Takacs,D,,,24,6'4,183 lbs,Slavia Prague,Champions League Football,,,,,Czech Republic,,,24.0,183.0,6.333333333333333
Michal Frydrych,D,,,30,6'0,172 lbs,Slavia Prague,Champions League Football,,,,,Czech Republic,,,25.0,172.0,6.0
Lukás Pokorny,M,,,27,6'3,183 lbs,Slavia Prague,Champions League Football,,,,,Czech Republic,,,,183.0,6.25
Michal Beran,M,,,20,--,--,Slavia Prague,Champions League Football,,,,,--,,,,,
Nicolae Stanciu,M,,,27,5'7,139 lbs,Slavia Prague,Champions League Football,,,,,Romania,,,7.0,139.0,5.583333333333333
Jan Sýkora,M,,,26,5'7,130 lbs,Slavia Prague,Champions League Football,,,,,--,,,10.0,130.0,5.583333333333333
Patrik Hellebrand,M,,,21,--,--,Slavia Prague,Champions League Football,,,,,--,,,13.0,,
Ondrej Kudela,M,,,33,5'10,157 lbs,Slavia Prague,Champions League Football,,,,,Czech Republic,,,15.0,157.0,5.833333333333333
Lukáš Provod,M,,,23,6'2,183 lbs,Slavia Prague,Champions League Football,,,,,--,,,17.0,183.0,6.166666666666667
Oscar Dorley,M,,,22,--,--,Slavia Prague,Champions League Football,,,,,--,,,19.0,,
Petr Sevcik,M,,,26,5'8,146 lbs,Slavia Prague,Champions League Football,,,,,Czech Republic,,,23.0,146.0,5.666666666666667
Tomas Malinsky,M,,,29,5'7,148 lbs,Slavia Prague,Champions League Football,,,,,--,,,26.0,148.0,5.583333333333333
Lukas Masopust,M,,,27,5'10,168 lbs,Slavia Prague,Champions League Football,,,,,Czech Republic,,,28.0,168.0,5.833333333333333
Ondrej Lingr,M,,,21,--,--,Slavia Prague,Champions League Football,,,,,--,,,32.0,,
Peter Olayinka,F,,,24,6'2,163 lbs,Slavia Prague,Champions League Football,,,,,Nigeria,,,9.0,163.0,6.166666666666667
Stanislav Tecl,F,,,29,5'10,172 lbs,Slavia Prague,Champions League Football,,,,,Czech Republic,,,11.0,172.0,5.833333333333333
Mick van Buren,F,,,28,6'0,161 lbs,Slavia Prague,Champions League Football,,,,,Netherlands,,,14.0,161.0,6.0
Jan Kuchta,F,,,23,--,--,Slavia Prague,Champions League Football,,,,,--,,,16.0,,
Jan Boril,F,,,29,5'9,150 lbs,Slavia Prague,Champions League Football,,,,,Czech Republic,,,18.0,150.0,5.75
João João Estevam Aguiar,F,,,19,--,--,Slavia Prague,Champions League Football,,,,,Brazil,,,20.0,,
Ibrahima Traore,F,,,31,6'1,174 lbs,Slavia Prague,Champions League Football,,,,,Ivory Coast,,,27.0,174.0,6.083333333333333
Petar Musa,F,,,22,--,--,Slavia Prague,Champions League Football,,,,,Croatia,,,33.0,,
Dominik Greif,G,,,23,6'6,181 lbs,Slovan Bratislava,Champions League Football,,,,,Slovakia,,,1.0,181.0,6.5
Matus Ruzinsky,G,,,28,6'5,168 lbs,Slovan Bratislava,Champions League Football,,,,,Slovakia,,,22.0,168.0,6.416666666666667
Michal Sulla,G,,,29,6'4,185 lbs,Slovan Bratislava,Champions League Football,,,,,Slovakia,,,30.0,185.0,6.333333333333333
Mitch Apau,D,,,30,5'11,163 lbs,Slovan Bratislava,Champions League Football,,,,,Netherlands,,,2.0,163.0,5.916666666666667
Joeri de Kamps,D,,,28,6'0,161 lbs,Slovan Bratislava,Champions League Football,,,,,Netherlands,,,6.0,161.0,6.0
Myenty Abena,D,,,25,6'3,172 lbs,Slovan Bratislava,Champions League Football,,,,,Netherlands,,,14.0,172.0,6.25
Jurij Medvedev,D,,,24,5'11,161 lbs,Slovan Bratislava,Champions League Football,,,,,Czech Republic,,,17.0,161.0,5.916666666666667
Artem Sukhotsky,D,,,27,5'11,170 lbs,Slovan Bratislava,Champions League Football,,,,,Ukraine,,,23.0,170.0,5.916666666666667
Richard Guzmics,D,,,33,6'3,174 lbs,Slovan Bratislava,Champions League Football,,,,,Hungary,,,26.0,174.0,6.25
Vasil Bozhikov,D,,,32,6'1,174 lbs,Slovan Bratislava,Champions League Football,,,,,Bulgaria,,,29.0,174.0,6.083333333333333
Vernon De Marco,D,,,27,6'0,161 lbs,Slovan Bratislava,Champions League Football,,,,,--,,,81.0,161.0,6.0
Marin Ljubicic,M,,,32,6'1,185 lbs,Slovan Bratislava,Champions League Football,,,,,Croatia,,,8.0,185.0,6.083333333333333
Rabiu Ibrahim,M,,,29,5'6,137 lbs,Slovan Bratislava,Champions League Football,,,,,Nigeria,,,10.0,137.0,5.5
Dejan Drazic,M,,,24,5'9,150 lbs,Slovan Bratislava,Champions League Football,,,,,Serbia,,,11.0,150.0,5.75
Dávid Strelec,M,,,19,--,--,Slovan Bratislava,Champions League Football,,,,,Slovakia,,,15.0,,
Denis Potoma,M,,,20,--,--,Slovan Bratislava,Champions League Football,,,,,Slovakia,,,19.0,,
Erik Daniel,M,,,28,5'10,163 lbs,Slovan Bratislava,Champions League Football,,,,,Czech Republic,,,20.0,163.0,5.833333333333333
Nono,M,,,27,5'10,159 lbs,Slovan Bratislava,Champions League Football,,,,,Spain,,,24.0,159.0,5.833333333333333
David Holman,M,,,27,6'2,174 lbs,Slovan Bratislava,Champions League Football,,,,,Hungary,,,27.0,174.0,6.166666666666667
Kenan Bajric,M,,,25,6'2,183 lbs,Slovan Bratislava,Champions League Football,,,,,Slovenia,,,66.0,183.0,6.166666666666667
Moha,F,,,26,5'11,183 lbs,Slovan Bratislava,Champions League Football,,,,,Morocco,,,7.0,183.0,5.916666666666667
Andraz Sporar,F,,,26,6'1,181 lbs,Slovan Bratislava,Champions League Football,,,,,Slovenia,,,9.0,181.0,6.083333333333333
Rafael Ratão,F,,,24,5'11,157 lbs,Slovan Bratislava,Champions League Football,,,,,Brazil,,,21.0,157.0,5.916666666666667
Aleksandar Cavric,F,,,26,6'1,163 lbs,Slovan Bratislava,Champions League Football,,,,,Serbia,,,77.0,163.0,6.083333333333333
Giorgos Tzovaras,F,,,20,--,--,Slovan Bratislava,Champions League Football,,,,,Greece,,,99.0,,
Paul Harrison,G,,,35,6'0,157 lbs,The New Saints,Champions League Football,,,,,England,,,1.0,157.0,6.0
Lewis Dutton,G,,,19,--,--,The New Saints,Champions League Football,,,,,Wales,,,30.0,,
Simon Spender,D,,,34,5'9,161 lbs,The New Saints,Champions League Football,,,,,Wales,,,2.0,161.0,5.75
Chris Marriott,D,,,30,5'8,183 lbs,The New Saints,Champions League Football,,,,,England,,,3.0,183.0,5.666666666666667
Keston Davies,D,,,23,--,--,The New Saints,Champions League Football,,,,,Wales,,,4.0,,
Blaine Hudson,D,,,28,6'5,196 lbs,The New Saints,Champions League Football,,,,,England,,,12.0,196.0,6.416666666666667
Kane Lewis,D,,,22,--,--,The New Saints,Champions League Football,,,,,England,,,22.0,,
Ethan Short,M,,,--,--,--,The New Saints,Champions League Football,,,,,Wales,,,,,
Jonathon Routledge,M,,,30,5'11,190 lbs,The New Saints,Champions League Football,,,,,England,,,6.0,190.0,5.916666666666667
Ryan Brobbell,M,,,27,5'9,161 lbs,The New Saints,Champions League Football,,,,,Northern Ireland,,,8.0,161.0,5.75
Daniel Redmond,M,,,29,5'9,148 lbs,The New Saints,Champions League Football,,,,,England,,,10.0,148.0,5.75
Adrian Cieslewicz,M,,,29,5'10,152 lbs,The New Saints,Champions League Football,,,,,Poland,,,11.0,152.0,5.833333333333333
Jamie Mullan,M,,,32,5'8,168 lbs,The New Saints,Champions League Football,,,,,England,,,14.0,168.0,5.666666666666667
Harry Bower,M,,,19,--,--,The New Saints,Champions League Football,,,,,England,,,15.0,,
Chris Craven,M,,,19,--,--,The New Saints,Champions League Football,,,,,Wales,,,16.0,,
Josh Hmami,M,,,20,--,--,The New Saints,Champions League Football,,,,,England,,,18.0,,
Aeron Edwards,M,,,32,5'9,161 lbs,The New Saints,Champions League Football,,,,,Wales,,,23.0,161.0,5.75
Ryan Harrington,M,,,21,--,--,The New Saints,Champions League Football,,,,,Wales,,,24.0,,
Billy Whitehouse,M,,,24,5'11,159 lbs,The New Saints,Champions League Football,,,,,England,,,32.0,159.0,5.916666666666667
Joshua Bailey,F,,,--,--,--,The New Saints,Champions League Football,,,,,Wales,,,,,
Dean Ebbe,F,,,26,6'2,148 lbs,The New Saints,Champions League Football,,,,,Ireland,,,7.0,148.0,6.166666666666667
Greg Draper,F,,,31,6'1,174 lbs,The New Saints,Champions League Football,,,,,New Zealand,,,9.0,174.0,6.083333333333333
Kurtis Byrne,F,,,30,6'0,163 lbs,The New Saints,Champions League Football,,,,,Ireland,,,21.0,163.0,6.0
Liam Parry,F,,,--,--,--,The New Saints,Champions League Football,,,,,England,,,29.0,,
Hugo Lloris,G,,,33,6'2,181 lbs,Tottenham Hotspur,Champions League Football,,,,,France,,,1.0,181.0,6.166666666666667
Joe Hart,G,,,33,6'5,201 lbs,Tottenham Hotspur,Champions League Football,,,,,England,,,12.0,201.0,6.416666666666667
Paulo Gazzaniga,G,,,28,6'5,196 lbs,Tottenham Hotspur,Champions League Football,,,,,Argentina,,,22.0,196.0,6.416666666666667
Toby Alderweireld,D,,,31,6'2,196 lbs,Tottenham Hotspur,Champions League Football,,,,,Belgium,,,4.0,196.0,6.166666666666667
Eric Dier,D,,,26,6'2,192 lbs,Tottenham Hotspur,Champions League Football,,,,,England,,,15.0,192.0,6.166666666666667
Ryan Sessegnon,D,,,20,5'10,152 lbs,Tottenham Hotspur,Champions League Football,,,,,England,,,19.0,152.0,5.833333333333333
Juan Foyth,D,,,22,5'10,150 lbs,Tottenham Hotspur,Champions League Football,,,,,Argentina,,,21.0,150.0,5.833333333333333
Cameron Carter-Vickers,D,,,22,6'0,203 lbs,Tottenham Hotspur,Champions League Football,,,,,United States,,,38.0,203.0,6.0
Japhet Tanganga,D,,,21,6'0,168 lbs,Tottenham Hotspur,Champions League Football,,,,,England,,,39.0,168.0,6.0
Dennis Cirkin,D,,,18,--,--,Tottenham Hotspur,Champions League Football,,,,,England,,,49.0,,
Matthew Doherty,M,,,28,6'0,174 lbs,Tottenham Hotspur,Champions League Football,,,,,Ireland,,,2.0,174.0,6.0
Danny Rose,M,,,30,5'8,159 lbs,Tottenham Hotspur,Champions League Football,,,,,England,,,3.0,159.0,5.666666666666667
Pierre-Emile Højbjerg,M,,,25,6'1,183 lbs,Tottenham Hotspur,Champions League Football,,,,,Denmark,,,5.0,183.0,6.083333333333333
Davinson Sánchez,M,,,24,6'2,179 lbs,Tottenham Hotspur,Champions League Football,,,,,Colombia,,,6.0,179.0,6.166666666666667
Harry Winks,M,,,24,5'10,141 lbs,Tottenham Hotspur,Champions League Football,,,,,England,,,8.0,141.0,5.833333333333333
Moussa Sissoko,M,,,31,6'2,183 lbs,Tottenham Hotspur,Champions League Football,,,,,France,,,17.0,183.0,6.166666666666667
Giovani Lo Celso,M,,,24,5'10,150 lbs,Tottenham Hotspur,Champions League Football,,,,,Argentina,,,18.0,150.0,5.833333333333333
Dele Alli,M,,,24,6'2,168 lbs,Tottenham Hotspur,Champions League Football,,,,,England,,,20.0,168.0,6.166666666666667
Serge Aurier,M,,,27,5'9,163 lbs,Tottenham Hotspur,Champions League Football,,,,,Ivory Coast,,,24.0,163.0,5.75
Lucas Moura,M,,,28,5'8,159 lbs,Tottenham Hotspur,Champions League Football,,,,,Brazil,,,27.0,159.0,5.666666666666667
Tanguy Ndombele,M,,,23,5'11,168 lbs,Tottenham Hotspur,Champions League Football,,,,,France,,,28.0,168.0,5.916666666666667
Gedson Fernandes,M,,,21,6'0,157 lbs,Tottenham Hotspur,Champions League Football,,,,,Portugal,,,30.0,157.0,6.0
Ben Davies,M,,,27,5'11,168 lbs,Tottenham Hotspur,Champions League Football,,,,,Wales,,,33.0,168.0,5.916666666666667
Jamie Bowden,M,,,19,--,--,Tottenham Hotspur,Champions League Football,,,,,England,,,44.0,,
Alfie Devine,M,,,--,--,--,Tottenham Hotspur,Champions League Football,,,,,--,,,54.0,,
Son Heung-Min,F,,,28,6'0,172 lbs,Tottenham Hotspur,Champions League Football,,,,,South Korea,,,7.0,172.0,6.0
Harry Kane,F,,,27,6'2,190 lbs,Tottenham Hotspur,Champions League Football,,,,,England,,,10.0,190.0,6.166666666666667
Erik Lamela,F,,,28,5'11,172 lbs,Tottenham Hotspur,Champions League Football,,,,,Argentina,,,11.0,172.0,5.916666666666667
Steven Bergwijn,F,,,22,5'10,172 lbs,Tottenham Hotspur,Champions League Football,,,,,Netherlands,,,23.0,172.0,5.833333333333333
Jack Clarke,F,,,19,5'11,161 lbs,Tottenham Hotspur,Champions League Football,,,,,England,,,47.0,161.0,5.916666666666667
Harvey White,F,,,18,--,--,Tottenham Hotspur,Champions League Football,,,,,England,,,48.0,,
Dane Scarlett,F,,,16,--,--,Tottenham Hotspur,Champions League Football,,,,,--,,,53.0,,
Alfredo Chierighini,G,,,54,--,--,Tre Penne,Champions League Football,,,,,--,,,22.0,,
Mattia Migani,G,,,28,6'4,190 lbs,Tre Penne,Champions League Football,,,,,--,,,26.0,190.0,6.333333333333333
Mauro Lanzoni,G,,,32,--,--,Tre Penne,Champions League Football,,,,,--,,,92.0,,
Giovanni Casolla,D,,,33,--,--,Tre Penne,Champions League Football,,,,,--,,,,,
Christofer Genestreti,D,,,36,--,--,Tre Penne,Champions League Football,,,,,--,,,,,
Davide Cesarini,D,,,25,--,--,Tre Penne,Champions League Football,,,,,--,,,2.0,,
Stefano Fraternali,D,,,34,--,--,Tre Penne,Champions League Football,,,,,--,,,5.0,,
Luca Sorrentino,D,,,26,--,--,Tre Penne,Champions League Football,,,,,--,,,14.0,,
Aron Giacomoni,D,,,33,5'10,168 lbs,Tre Penne,Champions League Football,,,,,--,,,23.0,168.0,5.833333333333333
Nicola Chiaruzzi,D,,,32,--,--,Tre Penne,Champions League Football,,,,,--,,,25.0,,
Alex Alex Colonna,D,,,32,--,--,Tre Penne,Champions League Football,,,,,--,,,88.0,,
Michael Battistini,M,,,23,--,--,Tre Penne,Champions League Football,,,,,--,,,,,
Luca Ceccaroli,M,,,25,--,--,Tre Penne,Champions League Football,,,,,--,,,,,
Simone Nanni,M,,,20,--,--,Tre Penne,Champions League Football,,,,,--,,,,,
Luca Patregnani,M,,,35,--,--,Tre Penne,Champions League Football,,,,,--,,,4.0,,
Andrea Rossi,M,,,33,--,--,Tre Penne,Champions League Football,,,,,--,,,6.0,,
Alex Gasperoni,M,,,36,5'11,--,Tre Penne,Champions League Football,,,,,San Marino,,,7.0,,5.916666666666667
Nicola Gai,M,,,32,6'0,163 lbs,Tre Penne,Champions League Football,,,,,--,,,8.0,163.0,6.0
Federico Innocenti,M,,,40,--,--,Tre Penne,Champions League Football,,,,,--,,,10.0,,
Francesco Perrota,M,,,39,--,--,Tre Penne,Champions League Football,,,,,--,,,12.0,,
Enrico Cibelli,M,,,33,5'10,--,Tre Penne,Champions League Football,,,,,San Marino,,,17.0,,5.833333333333333
Matteo Derjai,M,,,21,--,--,Tre Penne,Champions League Football,,,,,--,,,21.0,,
Marco Ringucci,M,,,25,--,--,Tre Penne,Champions League Football,,,,,--,,,27.0,,
Matteo Semprini,M,,,25,--,--,Tre Penne,Champions League Football,,,,,--,,,30.0,,
Andrea Zanotti,M,,,28,--,--,Tre Penne,Champions League Football,,,,,--,,,50.0,,
Giacomo Zafferani,M,,,24,--,--,Tre Penne,Champions League Football,,,,,--,,,57.0,,
Michael Angelini,F,,,36,--,--,Tre Penne,Champions League Football,,,,,--,,,9.0,,
Luca Oliveri,F,,,19,--,--,Tre Penne,Champions League Football,,,,,--,,,18.0,,
Mirko Palazzi,F,,,33,6'0,161 lbs,Tre Penne,Champions League Football,,,,,--,,,80.0,161.0,6.0
Riccardo Innocenti,F,,,35,--,--,Tre Penne,Champions League Football,,,,,--,,,99.0,,
Jaume Doménech,G,,,29,6'1,161 lbs,Valencia,Champions League Football,,,,,Spain,,,1.0,161.0,6.083333333333333
Jasper Cillessen,G,,,31,6'2,183 lbs,Valencia,Champions League Football,,,,,Netherlands,,,13.0,183.0,6.166666666666667
Cristian Rivero,G,,,22,6'2,163 lbs,Valencia,Champions League Football,,,,,Spain,,,28.0,163.0,6.166666666666667
Thierry Correia,D,,,21,5'9,141 lbs,Valencia,Champions League Football,,,,,Portugal,,,2.0,141.0,5.75
Jaume Costa,D,,,32,5'7,137 lbs,Valencia,Champions League Football,,,,,Spain,,,3.0,137.0,5.583333333333333
Eliaquim Mangala,D,,,29,6'2,183 lbs,Valencia,Champions League Football,,,,,France,,,4.0,183.0,6.166666666666667
Gabriel,D,,,29,6'1,159 lbs,Valencia,Champions League Football,,,,,Brazil,,,5.0,159.0,6.083333333333333
Mouctar Diakhaby,D,,,23,6'2,172 lbs,Valencia,Champions League Football,,,,,France,,,12.0,172.0,6.166666666666667
José Gayà,D,,,25,5'8,146 lbs,Valencia,Champions League Football,,,,,Spain,,,14.0,146.0,5.666666666666667
Daniel Wass,D,,,31,5'11,161 lbs,Valencia,Champions League Football,,,,,Denmark,,,18.0,161.0,5.916666666666667
Cristiano Piccini,D,,,27,6'0,170 lbs,Valencia,Champions League Football,,,,,Italy,,,21.0,170.0,6.0
Javi Jiménez,D,,,23,6'0,161 lbs,Valencia,Champions League Football,,,,,Spain,,,32.0,161.0,6.0
Hugo Guillamón,D,,,20,5'10,137 lbs,Valencia,Champions League Football,,,,,Spain,,,33.0,137.0,5.833333333333333
Guillem Molina Gutiérrez,D,,,20,6'0,157 lbs,Valencia,Champions League Football,,,,,Spain,,,37.0,157.0,6.0
Àlex Carbonell,M,,,22,6'0,168 lbs,Valencia,Champions League Football,,,,,Spain,,,,168.0,6.0
Koba Koindredi,M,,,18,--,--,Valencia,Champions League Football,,,,,--,,,,,
Geoffrey Kondogbia,M,,,27,6'2,174 lbs,Valencia,Champions League Football,,,,,Central African Republic,,,6.0,174.0,6.166666666666667
Carlos Soler,M,,,23,5'11,168 lbs,Valencia,Champions League Football,,,,,Spain,,,8.0,168.0,5.916666666666667
Dani Parejo,M,,,31,6'0,161 lbs,Valencia,Champions League Football,,,,,Spain,,,10.0,161.0,6.0
Lee Kang-In,M,,,19,5'8,150 lbs,Valencia,Champions League Football,,,,,South Korea,,,16.0,150.0,5.666666666666667
Francis Coquelin,M,,,29,5'9,161 lbs,Valencia,Champions League Football,,,,,France,,,17.0,161.0,5.75
Ferrán Torres,M,,,20,6'0,170 lbs,Valencia,Champions League Football,,,,,Spain,,,20.0,170.0,6.0
Maxi Gómez,M,,,24,6'1,201 lbs,Valencia,Champions League Football,,,,,Uruguay,,,22.0,201.0,6.083333333333333
Alessandro Florenzi,M,,,29,5'8,148 lbs,Valencia,Champions League Football,,,,,Italy,,,25.0,148.0,5.666666666666667
Vicente Esquerdo,M,,,21,6'0,163 lbs,Valencia,Champions League Football,,,,,Spain,,,34.0,163.0,6.0
Pablo Gozalbez Gilabert,M,,,19,--,--,Valencia,Champions League Football,,,,,Spain,,,42.0,,
Gonçalo Guedes,F,,,23,5'10,150 lbs,Valencia,Champions League Football,,,,,Portugal,,,7.0,150.0,5.833333333333333
Kevin Gameiro,F,,,33,5'8,152 lbs,Valencia,Champions League Football,,,,,France,,,9.0,152.0,5.666666666666667
Denis Cheryshev,F,,,29,5'10,161 lbs,Valencia,Champions League Football,,,,,Russia,,,11.0,161.0,5.833333333333333
Manuel Vallejo,F,,,23,5'6,159 lbs,Valencia,Champions League Football,,,,,Spain,,,15.0,159.0,5.5
Rodrigo,F,,,29,6'0,170 lbs,Valencia,Champions League Football,,,,,Spain,,,19.0,170.0,6.0
Rubén Sobrino,F,,,28,6'1,161 lbs,Valencia,Champions League Football,,,,,Spain,,,23.0,161.0,6.083333333333333
Adrián Guerrero,F,,,22,5'9,146 lbs,Valencia,Champions League Football,,,,,--,,,31.0,146.0,5.75
Hannes Halldórsson,G,,,36,6'4,194 lbs,Valur Reykjavik,Champions League Football,,,,,Iceland,,,1.0,194.0,6.333333333333333
Sveinn Johannesson,G,,,25,--,--,Valur Reykjavik,Champions League Football,,,,,--,,,25.0,,
Anton Ari Einarsson,G,,,26,--,--,Valur Reykjavik,Champions League Football,,,,,--,,,33.0,,
Birkir Saevarsson,D,,,35,6'2,161 lbs,Valur Reykjavik,Champions League Football,,,,,Iceland,,,2.0,161.0,6.166666666666667
Einar Ingvarsson,D,,,26,--,--,Valur Reykjavik,Champions League Football,,,,,--,,,4.0,,
Sebastian Starke Hedlund,D,,,25,6'0,172 lbs,Valur Reykjavik,Champions League Football,,,,,--,,,6.0,172.0,6.0
Sigurdur Egill Larusson,D,,,28,--,--,Valur Reykjavik,Champions League Football,,,,,Iceland,,,11.0,,
Orri Omarsson,D,,,25,6'2,172 lbs,Valur Reykjavik,Champions League Football,,,,,--,,,20.0,172.0,6.166666666666667
Bjarni Olafur Eiríksson,D,,,38,6'2,179 lbs,Valur Reykjavik,Champions League Football,,,,,--,,,21.0,179.0,6.166666666666667
Eidur Sigurbjörnsson,D,,,30,6'2,--,Valur Reykjavik,Champions League Football,,,,,--,,,23.0,,6.166666666666667
Kristófer Kristófer Kjeld Cardoso,M,,,18,--,--,Valur Reykjavik,Champions League Football,,,,,--,,,,,
Kári Kári Alexandersson,M,,,16,--,--,Valur Reykjavik,Champions League Football,,,,,--,,,5.0,,
Haukur Páll Sigurdsson,M,,,33,5'9,141 lbs,Valur Reykjavik,Champions League Football,,,,,--,,,7.0,141.0,5.75
Kristinn Ingi Halldorsson,M,,,31,--,--,Valur Reykjavik,Champions League Football,,,,,--,,,8.0,,
Lasse Petry,M,,,27,5'8,150 lbs,Valur Reykjavik,Champions League Football,,,,,--,,,19.0,150.0,5.666666666666667
Ivar Orn Jonsson,F,,,26,--,--,Valur Reykjavik,Champions League Football,,,,,--,,,3.0,,
Patrick Pedersen,F,,,28,5'10,--,Valur Reykjavik,Champions League Football,,,,,--,,,9.0,,5.833333333333333
Kristinn Freyr Sigurdsson,F,,,28,5'11,168 lbs,Valur Reykjavik,Champions League Football,,,,,--,,,10.0,168.0,5.916666666666667
Gardar Gunnlaugsson,F,,,37,6'0,161 lbs,Valur Reykjavik,Champions League Football,,,,,Iceland,,,12.0,161.0,6.0
Andri Adolphsson,F,,,27,--,--,Valur Reykjavik,Champions League Football,,,,,--,,,17.0,,
Valgeir Valgeir Fridriksson,F,,,18,--,--,Valur Reykjavik,Champions League Football,,,,,--,,,24.0,,
Emil Lyng,F,,,31,6'2,163 lbs,Valur Reykjavik,Champions League Football,,,,,--,,,28.0,163.0,6.166666666666667
Olafor Finsen,F,,,28,--,--,Valur Reykjavik,Champions League Football,,,,,--,,,71.0,,
Kaj Leo Bartalsstovu,F,,,29,6'0,--,Valur Reykjavik,Champions League Football,,,,,--,,,77.0,,6.0
Matús Kozácik,G,,,36,6'4,192 lbs,Viktoria Plzen,Champions League Football,,,,,Czech Republic,,,1.0,192.0,6.333333333333333
Ales Hruska,G,,,34,6'3,185 lbs,Viktoria Plzen,Champions League Football,,,,,Czech Republic,,,16.0,185.0,6.25
Dominik Svácek,G,,,23,6'4,190 lbs,Viktoria Plzen,Champions League Football,,,,,--,,,29.0,190.0,6.333333333333333
Lukás Hejda,D,,,30,6'3,179 lbs,Viktoria Plzen,Champions League Football,,,,,Czech Republic,,,2.0,179.0,6.25
Roman Hubník,D,,,36,6'4,183 lbs,Viktoria Plzen,Champions League Football,,,,,Czech Republic,,,4.0,183.0,6.333333333333333
David Limbersky,D,,,36,5'10,161 lbs,Viktoria Plzen,Champions League Football,,,,,Czech Republic,,,8.0,161.0,5.833333333333333
Radim Rezník,D,,,31,5'11,161 lbs,Viktoria Plzen,Champions League Football,,,,,Czech Republic,,,14.0,161.0,5.916666666666667
Jakub Brabec,D,,,28,6'1,172 lbs,Viktoria Plzen,Champions League Football,,,,,Czech Republic,,,22.0,172.0,6.083333333333333
Marian Cisovsky,D,,,40,6'1,174 lbs,Viktoria Plzen,Champions League Football,,,,,Albania,,,28.0,174.0,6.083333333333333
Ludek Pernica,D,,,30,6'1,163 lbs,Viktoria Plzen,Champions League Football,,,,,--,,,44.0,163.0,6.083333333333333
Roman Prochazka,M,,,31,6'0,161 lbs,Viktoria Plzen,Champions League Football,,,,,--,,,6.0,161.0,6.0
Tomás Horava,M,,,32,5'11,150 lbs,Viktoria Plzen,Champions League Football,,,,,Czech Republic,,,7.0,150.0,5.916666666666667
Jan Kopic,M,,,30,5'11,157 lbs,Viktoria Plzen,Champions League Football,,,,,Czech Republic,,,10.0,157.0,5.916666666666667
Jan Kovarík,M,,,32,6'0,163 lbs,Viktoria Plzen,Champions League Football,,,,,Czech Republic,,,19.0,163.0,6.0
Lukas Kalvach,M,,,25,--,--,Viktoria Plzen,Champions League Football,,,,,--,,,23.0,,
Milan Havel,M,,,26,5'9,150 lbs,Viktoria Plzen,Champions League Football,,,,,Czech Republic,,,24.0,150.0,5.75
Ales Cermak,M,,,25,5'11,161 lbs,Viktoria Plzen,Champions League Football,,,,,Czech Republic,,,25.0,161.0,5.916666666666667
Christian Herc,M,,,21,6'1,159 lbs,Viktoria Plzen,Champions League Football,,,,,--,,,26.0,159.0,6.083333333333333
Adam Hlousek,F,,,31,6'2,168 lbs,Viktoria Plzen,Champions League Football,,,,,Czech Republic,,,3.0,168.0,6.166666666666667
Joel Kayamba,F,,,28,5'10,--,Viktoria Plzen,Champions League Football,,,,,--,,,5.0,,5.833333333333333
Jean-David Beauguel,F,,,28,6'4,161 lbs,Viktoria Plzen,Champions League Football,,,,,France,,,9.0,161.0,6.333333333333333
Michal Krmencik,F,,,27,6'2,205 lbs,Viktoria Plzen,Champions League Football,,,,,Czech Republic,,,15.0,205.0,6.166666666666667
Tomas Chory,F,,,25,6'6,196 lbs,Viktoria Plzen,Champions League Football,,,,,--,,,18.0,196.0,6.5
Ondrej  Mihalik,F,,,23,6'2,159 lbs,Viktoria Plzen,Champions League Football,,,,,Czech Republic,,,37.0,159.0,6.166666666666667
Ubong Ekpai,F,,,24,5'9,150 lbs,Viktoria Plzen,Champions League Football,,,,,--,,,90.0,150.0,5.75
Marco Wölfli,G,,,38,6'1,192 lbs,Young Boys,Champions League Football,,,,,Switzerland,,,1.0,192.0,6.083333333333333
David Von Ballmoos,G,,,25,6'4,192 lbs,Young Boys,Champions League Football,,,,,Switzerland,,,26.0,192.0,6.333333333333333
Dario Marzino,G,,,23,6'0,170 lbs,Young Boys,Champions League Football,,,,,Switzerland,,,40.0,170.0,6.0
Frederik Sorensen,D,,,28,6'4,192 lbs,Young Boys,Champions League Football,,,,,Denmark,,,3.0,192.0,6.333333333333333
Ali Mohamed,D,,,23,6'3,172 lbs,Young Boys,Champions League Football,,,,,Guinea,,,4.0,172.0,6.25
Cedric Zesiger,D,,,22,6'3,174 lbs,Young Boys,Champions League Football,,,,,Switzerland,,,5.0,174.0,6.25
Nicolas Bürgy,D,,,25,6'1,163 lbs,Young Boys,Champions League Football,,,,,Switzerland,,,14.0,163.0,6.083333333333333
Ulisses Garcia,D,,,24,6'0,172 lbs,Young Boys,Champions League Football,,,,,Switzerland,,,21.0,172.0,6.0
Jordan Lefort,D,,,27,6'0,183 lbs,Young Boys,Champions League Football,,,,,France,,,25.0,183.0,6.0
Linus Obexer,D,,,23,5'9,152 lbs,Young Boys,Champions League Football,,,,,Switzerland,,,32.0,152.0,5.75
Jan Kronig,D,,,20,6'1,172 lbs,Young Boys,Champions League Football,,,,,--,,,51.0,172.0,6.083333333333333
Pascal Schüpbach,D,,,20,5'10,150 lbs,Young Boys,Champions League Football,,,,,Switzerland,,,60.0,150.0,5.833333333333333
Esteban Petignat,M,,,20,5'10,157 lbs,Young Boys,Champions League Football,,,,,Switzerland,,,6.0,157.0,5.833333333333333
Marvin Spielmann,M,,,24,6'0,161 lbs,Young Boys,Champions League Football,,,,,Switzerland,,,7.0,161.0,6.0
Vincent Sierro,M,,,24,6'1,163 lbs,Young Boys,Champions League Football,,,,,Switzerland,,,8.0,163.0,6.083333333333333
Miralem Sulejmani,M,,,31,5'10,161 lbs,Young Boys,Champions League Football,,,,,Serbia,,,10.0,161.0,5.833333333333333
Gianluca Gaudino,M,,,23,5'9,141 lbs,Young Boys,Champions League Football,,,,,Germany,,,11.0,141.0,5.75
Nicolas Ngamaleu,M,,,26,5'11,152 lbs,Young Boys,Champions League Football,,,,,Cameroon,,,13.0,152.0,5.916666666666667
Meschack Elia,M,,,24,5'8,--,Young Boys,Champions League Football,,,,,Congo DR,,,15.0,,5.666666666666667
Roger Assalé,M,,,26,5'6,141 lbs,Young Boys,Champions League Football,,,,,Ivory Coast,,,17.0,141.0,5.5
Jean-Pierre Nsamé,M,,,27,6'2,192 lbs,Young Boys,Champions League Football,,,,,Cameroon,,,18.0,192.0,6.166666666666667
Michel Aebischer,M,,,23,6'0,161 lbs,Young Boys,Champions League Football,,,,,Switzerland,,,20.0,161.0,6.0
Saidy Janko,M,,,24,5'11,183 lbs,Young Boys,Champions League Football,,,,,Switzerland,,,23.0,183.0,5.916666666666667
Fabian Lustenberger,M,,,32,6'0,161 lbs,Young Boys,Champions League Football,,,,,Switzerland,,,28.0,161.0,6.0
Sandro Lauper,M,,,23,6'1,159 lbs,Young Boys,Champions League Football,,,,,Switzerland,,,30.0,159.0,6.083333333333333
Christopher Martins,M,,,23,6'2,159 lbs,Young Boys,Champions League Football,,,,,Luxembourg,,,35.0,159.0,6.166666666666667
Breston Malula,M,,,19,6'4,192 lbs,Young Boys,Champions League Football,,,,,Congo DR,,,64.0,192.0,6.333333333333333
Christian Fassnacht,F,,,26,6'1,161 lbs,Young Boys,Champions League Football,,,,,Switzerland,,,16.0,161.0,6.083333333333333
Felix Mambimbi,F,,,19,5'7,139 lbs,Young Boys,Champions League Football,,,,,Switzerland,,,19.0,139.0,5.583333333333333
Pedrinho,F,,,21,5'9,161 lbs,Young Boys,Champions League Football,,,,,Brazil,,,27.0,161.0,5.75
Guillaume  Hoarau,F,,,36,6'4,185 lbs,Young Boys,Champions League Football,,,,,France,,,99.0,185.0,6.333333333333333
Mikhail Kerzhakov,G,,,33,6'3,181 lbs,Zenit St Petersburg,Champions League Football,,,,,Russia,,,41.0,181.0,6.25
Daniil Odoevskiy,G,,,17,6'3,172 lbs,Zenit St Petersburg,Champions League Football,,,,,--,,,71.0,172.0,6.25
Aleksander Vasyutin,G,,,25,6'3,174 lbs,Zenit St Petersburg,Champions League Football,,,,,Russia,,,78.0,174.0,6.25
Nikolay Rybikov,G,,,20,6'4,183 lbs,Zenit St Petersburg,Champions League Football,,,,,Russia,,,86.0,183.0,6.333333333333333
Andrey Lunev,G,,,28,6'2,174 lbs,Zenit St Petersburg,Champions League Football,,,,,Russia,,,99.0,174.0,6.166666666666667
Danil Krugovoi,D,,,22,5'9,152 lbs,Zenit St Petersburg,Champions League Football,,,,,Russia,,,4.0,152.0,5.75
Wilmar Barrios,D,,,26,5'10,152 lbs,Zenit St Petersburg,Champions League Football,,,,,Colombia,,,5.0,152.0,5.833333333333333
Dejan Lovren,D,,,31,6'2,183 lbs,Zenit St Petersburg,Champions League Football,,,,,Croatia,,,6.0,183.0,6.166666666666667
Vyacheslav Karavev,D,,,25,5'9,152 lbs,Zenit St Petersburg,Champions League Football,,,,,Russia,,,15.0,152.0,5.75
Denis Terentjev,D,,,28,5'11,152 lbs,Zenit St Petersburg,Champions League Football,,,,,Russia,,,34.0,152.0,5.916666666666667
Yaroslav Rakitskiy,D,,,31,5'11,152 lbs,Zenit St Petersburg,Champions League Football,,,,,Ukraine,,,44.0,152.0,5.916666666666667
Danila Prokhin,D,,,19,5'6,157 lbs,Zenit St Petersburg,Champions League Football,,,,,Russia,,,87.0,157.0,5.5
Yordan Osorio,M,,,29,5'11,152 lbs,Zenit St Petersburg,Champions League Football,,,,,Venezuela,,,,152.0,5.916666666666667
Douglas Santos,M,,,26,5'9,152 lbs,Zenit St Petersburg,Champions League Football,,,,,Brazil,,,3.0,152.0,5.75
Malcom,M,,,23,5'8,161 lbs,Zenit St Petersburg,Champions League Football,,,,,Brazil,,,8.0,161.0,5.666666666666667
Emiliano Rigoni,M,,,27,5'11,152 lbs,Zenit St Petersburg,Champions League Football,,,,,Argentina,,,10.0,152.0,5.916666666666667
Daler Kuziaev,M,,,27,6'0,159 lbs,Zenit St Petersburg,Champions League Football,,,,,Russia,,,14.0,159.0,6.0
Andrey Mostovoy,M,,,22,5'11,170 lbs,Zenit St Petersburg,Champions League Football,,,,,Russia,,,17.0,170.0,5.916666666666667
Oleg Shatov,M,,,30,5'8,161 lbs,Zenit St Petersburg,Champions League Football,,,,,Russia,,,17.0,161.0,5.666666666666667
Yury Zhirkov,M,,,37,5'11,163 lbs,Zenit St Petersburg,Champions League Football,,,,,Russia,,,18.0,163.0,5.916666666666667
Alex Sutormin,M,,,26,6'2,172 lbs,Zenit St Petersburg,Champions League Football,,,,,Russia,,,19.0,172.0,6.166666666666667
Aleksandr Erokhin,M,,,30,6'5,172 lbs,Zenit St Petersburg,Champions League Football,,,,,Russia,,,21.0,172.0,6.416666666666667
Magomed Ozdoev,M,,,27,5'11,170 lbs,Zenit St Petersburg,Champions League Football,,,,,Russia,,,27.0,170.0,5.916666666666667
Leon Musaev ,M,,,21,6'0,161 lbs,Zenit St Petersburg,Champions League Football,,,,,Russia,,,38.0,161.0,6.0
Daniil Shamkin,M,,,18,6'2,172 lbs,Zenit St Petersburg,Champions League Football,,,,,Russia,,,92.0,172.0,6.166666666666667
Sardar Azmoun,F,,,25,6'1,172 lbs,Zenit St Petersburg,Champions League Football,,,,,Iran,,,7.0,172.0,6.083333333333333
Sebastian Driussi,F,,,24,5'10,174 lbs,Zenit St Petersburg,Champions League Football,,,,,Argentina,,,11.0,174.0,5.833333333333333
Artem Dzyuba,F,,,32,6'5,201 lbs,Zenit St Petersburg,Champions League Football,,,,,Russia,,,22.0,201.0,6.416666666666667
Patrice Bergeron,,,,35,6'1,195 lbs,Boston Bruins,NHL,"Ancienne-Lorette, QC",,,,,R,07/24/85,37.0,195.0,6.083333333333333
Charlie Coyle,,,,28,6'3,218 lbs,Boston Bruins,NHL,"East Weymouth, MA",,,,,R,03/02/92,13.0,218.0,6.25
Trent Frederic,,,,22,6'2,203 lbs,Boston Bruins,NHL,"St. Louis, MO",,,,,L,02/11/98,82.0,203.0,6.166666666666667
David Krejci,,,,34,6'0,186 lbs,Boston Bruins,NHL,"Sternberk, Czechoslovakia",,,,,R,04/28/86,46.0,186.0,6.0
Sean Kuraly,,,,27,6'2,205 lbs,Boston Bruins,NHL,"Lewiston, NY",,,,,L,01/20/93,52.0,205.0,6.166666666666667
Par Lindholm,,,,28,5'11,187 lbs,Boston Bruins,NHL,--,,,,,L,10/05/91,26.0,187.0,5.916666666666667
Jack Studnicka,,,,21,6'1,171 lbs,Boston Bruins,NHL,"Windsor, ON",,,,,R,02/18/99,68.0,171.0,6.083333333333333
Anders Bjork,,,,24,6'0,186 lbs,Boston Bruins,NHL,"Mequon, WI",,,,,L,08/05/96,10.0,186.0,6.0
Jake DeBrusk,,,,23,6'0,174 lbs,Boston Bruins,NHL,"Edmonton, AB",,,,,L,10/17/96,74.0,174.0,6.0
Brad Marchand,,,,32,5'9,181 lbs,Boston Bruins,NHL,"Halifax, NS",,,,,L,05/11/88,63.0,181.0,5.75
Joakim Nordstrom,,,,28,6'1,189 lbs,Boston Bruins,NHL,"Stockholm, Sweden",,,,,L,02/25/92,20.0,189.0,6.083333333333333
Nick Ritchie,,,,24,6'2,234 lbs,Boston Bruins,NHL,"Orangeville, ON",,,,,L,12/05/95,21.0,234.0,6.166666666666667
Ondrej Kase,,,,24,6'0,180 lbs,Boston Bruins,NHL,"Kadan, Czech Republic",,,,,R,11/08/95,28.0,180.0,6.0
Karson Kuhlman,,,,24,5'11,185 lbs,Boston Bruins,NHL,"Esko, MN",,,,,R,09/26/95,83.0,185.0,5.916666666666667
David Pastrnak,,,,24,6'0,181 lbs,Boston Bruins,NHL,"Havirov, Czech Republic",,,,,L,05/25/96,88.0,181.0,6.0
Zach Senyshyn,,,,23,6'1,192 lbs,Boston Bruins,NHL,"Ottawa, ON",,,,,R,03/30/97,19.0,192.0,6.083333333333333
Chris Wagner,,,,29,6'0,195 lbs,Boston Bruins,NHL,"Wellesley, MA",,,,,R,05/27/91,14.0,195.0,6.0
Brandon Carlo,,,,23,6'5,203 lbs,Boston Bruins,NHL,"Colorado Springs, CO",,,,,R,11/26/96,25.0,203.0,6.416666666666667
Zdeno Chara,,,,43,6'9,250 lbs,Boston Bruins,NHL,"Trencin, Czechoslovakia",,,,,L,03/18/77,33.0,250.0,6.75
Connor Clifton,,,,25,5'11,190 lbs,Boston Bruins,NHL,"Long Branch, NJ",,,,,R,04/28/95,75.0,190.0,5.916666666666667
Matt Grzelcyk,,,,26,5'9,174 lbs,Boston Bruins,NHL,"Charlestown, MA",,,,,L,01/05/94,48.0,174.0,5.75
Torey Krug,,,,29,5'9,186 lbs,Boston Bruins,NHL,"Royal Oak, MI",,,,,L,04/12/91,47.0,186.0,5.75
Jeremy Lauzon,,,,23,6'3,202 lbs,Boston Bruins,NHL,"Val-D'Or, QC",,,,,L,04/28/97,79.0,202.0,6.25
Charlie McAvoy,,,,22,6'0,208 lbs,Boston Bruins,NHL,"Long Beach, NY",,,,,R,12/21/97,73.0,208.0,6.0
Kevan Miller,,,,32,6'2,210 lbs,Boston Bruins,NHL,"Los Angeles, CA",,,,,R,11/15/87,86.0,210.0,6.166666666666667
John Moore,,,,29,6'3,200 lbs,Boston Bruins,NHL,"Chicago, IL",,,,,L,11/19/90,27.0,200.0,6.25
Urho Vaakanainen,,,,21,6'1,188 lbs,Boston Bruins,NHL,"Joensuu, Finland",,,,,L,01/01/99,58.0,188.0,6.083333333333333
Jakub Zboril,,,,23,6'0,200 lbs,Boston Bruins,NHL,"Brno, Czech Republic",,,,,L,02/21/97,67.0,200.0,6.0
Jaroslav Halak,,,,35,5'11,186 lbs,Boston Bruins,NHL,"Bratislava, Czechoslovakia",,,,,L,05/13/85,41.0,186.0,5.916666666666667
Maxime Lagace,,,,27,6'2,190 lbs,Boston Bruins,NHL,"St-Augustin, QC",,,,,L,01/12/93,35.0,190.0,6.166666666666667
Tuukka Rask,,,,33,6'2,185 lbs,Boston Bruins,NHL,"Savonlinna, Finland",,,,,L,03/10/87,40.0,185.0,6.166666666666667
Dan Vladar,,,,23,6'5,185 lbs,Boston Bruins,NHL,"Prague, Czech Republic",,,,,L,08/20/97,80.0,185.0,6.416666666666667
Jack Eichel,,,,23,6'2,196 lbs,Buffalo Sabres,NHL,"North Chelmsford, MA",,,,,R,10/28/96,9.0,196.0,6.166666666666667
Zemgus Girgensons,,,,26,6'2,200 lbs,Buffalo Sabres,NHL,"Riga, Latvia",,,,,L,01/05/94,28.0,200.0,6.166666666666667
Marcus Johansson,,,,29,6'1,209 lbs,Buffalo Sabres,NHL,"Landskrona, Sweden",,,,,L,10/06/90,90.0,209.0,6.083333333333333
Dominik Kahun,,,,25,5'11,172 lbs,Buffalo Sabres,NHL,--,,,,,L,07/02/95,95.0,172.0,5.916666666666667
Sam Reinhart,,,,24,6'1,193 lbs,Buffalo Sabres,NHL,"North Vancouver, BC",,,,,R,11/06/95,23.0,193.0,6.083333333333333
Vladimir Sobotka,,,,33,5'11,189 lbs,Buffalo Sabres,NHL,"Trebic, Czechoslovakia",,,,,L,07/02/87,,189.0,5.916666666666667
Tage Thompson,,,,22,6'6,211 lbs,Buffalo Sabres,NHL,"Phoenix, AZ",,,,,R,10/30/97,72.0,211.0,6.5
Johan Larsson,,,,28,5'11,200 lbs,Buffalo Sabres,NHL,"Lau, Sweden",,,,,L,07/25/92,22.0,200.0,5.916666666666667
Jeff Skinner,,,,28,5'11,187 lbs,Buffalo Sabres,NHL,"Markham, ON",,,,,L,05/16/92,53.0,187.0,5.916666666666667
Jimmy Vesey,,,,27,6'3,199 lbs,Buffalo Sabres,NHL,"Boston, MA",,,,,L,05/26/93,13.0,199.0,6.25
Michael Frolik,,,,32,6'1,194 lbs,Buffalo Sabres,NHL,"Kladno, Czechoslovakia",,,,,L,02/17/88,67.0,194.0,6.083333333333333
Curtis Lazar,,,,25,6'0,209 lbs,Buffalo Sabres,NHL,"Salmon Arm, BC",,,,,R,02/02/95,27.0,209.0,6.0
Kyle Okposo,,,,32,6'0,218 lbs,Buffalo Sabres,NHL,"St. Paul, MN",,,,,R,04/16/88,21.0,218.0,6.0
Victor Olofsson,,,,25,5'11,157 lbs,Buffalo Sabres,NHL,"Ornskoldsvik, Sweden",,,,,L,07/18/95,68.0,157.0,5.916666666666667
Wayne Simmonds,,,,32,6'2,183 lbs,Buffalo Sabres,NHL,"Scarborough, ON",,,,,R,08/26/88,17.0,183.0,6.166666666666667
Rasmus Dahlin,,,,20,6'3,190 lbs,Buffalo Sabres,NHL,--,,,,,L,04/13/00,26.0,190.0,6.25
Matt Hunwick,,,,35,5'11,194 lbs,Buffalo Sabres,NHL,"Warren, MI",,,,,L,05/21/85,48.0,194.0,5.916666666666667
Henri Jokiharju,,,,21,6'0,188 lbs,Buffalo Sabres,NHL,"Oulu, Finland",,,,,R,06/17/99,10.0,188.0,6.0
Jake McCabe,,,,26,6'1,209 lbs,Buffalo Sabres,NHL,"Eau Claire, WI",,,,,L,10/12/93,19.0,209.0,6.083333333333333
Colin Miller,,,,27,6'1,196 lbs,Buffalo Sabres,NHL,"Sault Ste. Marie, ON",,,,,R,10/29/92,33.0,196.0,6.083333333333333
Brandon Montour,,,,26,6'0,192 lbs,Buffalo Sabres,NHL,"Brantford, ON",,,,,R,04/11/94,62.0,192.0,6.0
Lawrence Pilut,,,,24,5'11,180 lbs,Buffalo Sabres,NHL,--,,,,,L,12/30/95,24.0,180.0,5.916666666666667
Rasmus Ristolainen,,,,25,6'4,215 lbs,Buffalo Sabres,NHL,"Turku, Finland",,,,,R,10/27/94,55.0,215.0,6.333333333333333
Carter Hutton,,,,34,6'0,195 lbs,Buffalo Sabres,NHL,"Thunder Bay, ON",,,,,L,12/19/85,40.0,195.0,6.0
Linus Ullmark,,,,27,6'4,213 lbs,Buffalo Sabres,NHL,"Lugnvik, Sweden",,,,,L,07/31/93,35.0,213.0,6.333333333333333
Kyle Brodziak,,,,36,6'2,212 lbs,Detroit Red Wings,NHL,"St. Paul, AB",,,,,R,05/25/84,,212.0,6.166666666666667
Christoffer Ehn,,,,24,6'3,181 lbs,Detroit Red Wings,NHL,--,,,,,L,04/04/96,70.0,181.0,6.25
Robby Fabbri,,,,24,5'10,195 lbs,Detroit Red Wings,NHL,"Mississauga, ON",,,,,L,01/22/96,14.0,195.0,5.833333333333333
Valtteri Filppula,,,,36,6'0,196 lbs,Detroit Red Wings,NHL,"Vantaa, Finland",,,,,L,03/20/84,51.0,196.0,6.0
Sam Gagner,,,,31,5'11,202 lbs,Detroit Red Wings,NHL,"London, ON",,,,,R,08/10/89,89.0,202.0,5.916666666666667
Luke Glendening,,,,31,5'11,199 lbs,Detroit Red Wings,NHL,"Grand Rapids, MI",,,,,R,04/28/89,41.0,199.0,5.916666666666667
Darren Helm,,,,33,6'0,196 lbs,Detroit Red Wings,NHL,"Winnipeg, MB",,,,,L,01/21/87,43.0,196.0,6.0
Dylan Larkin,,,,24,6'1,190 lbs,Detroit Red Wings,NHL,"Waterford, MI",,,,,L,07/30/96,71.0,190.0,6.083333333333333
Frans Nielsen,,,,36,6'1,188 lbs,Detroit Red Wings,NHL,"Herning, Denmark",,,,,L,04/24/84,81.0,188.0,6.083333333333333
Justin Abdelkader,,,,33,6'2,218 lbs,Detroit Red Wings,NHL,"Muskegon, MI",,,,,L,02/25/87,8.0,218.0,6.166666666666667
Tyler Bertuzzi,,,,25,6'1,190 lbs,Detroit Red Wings,NHL,"Sudbury, ON",,,,,L,02/24/95,59.0,190.0,6.083333333333333
Adam Erne,,,,25,6'1,214 lbs,Detroit Red Wings,NHL,"New Haven, CT",,,,,L,04/20/95,73.0,214.0,6.083333333333333
Brendan Perlini,,,,24,6'3,211 lbs,Detroit Red Wings,NHL,"Guildford, ENG",,,,,L,04/27/96,29.0,211.0,6.25
Dmytro Timashov,,,,23,5'10,192 lbs,Detroit Red Wings,NHL,"Kirovograd, Ukraine",,,,,L,10/01/96,15.0,192.0,5.833333333333333
Henrik Zetterberg,,,,39,6'0,197 lbs,Detroit Red Wings,NHL,"Njurunda, Sweden",,,,,L,10/09/80,40.0,197.0,6.0
Anthony Mantha,,,,25,6'5,214 lbs,Detroit Red Wings,NHL,"Longueuil, QC",,,,,L,09/16/94,39.0,214.0,6.416666666666667
Filip Zadina,,,,20,6'0,195 lbs,Detroit Red Wings,NHL,"Pardubice, Czech Republic",,,,,L,11/27/99,11.0,195.0,6.0
Alex Biega,,,,32,5'10,199 lbs,Detroit Red Wings,NHL,"Montreal, QC",,,,,R,04/04/88,3.0,199.0,5.833333333333333
Madison Bowey,,,,25,6'1,195 lbs,Detroit Red Wings,NHL,"Winnipeg, MB",,,,,R,04/22/95,74.0,195.0,6.083333333333333
Trevor Daley,,,,36,5'11,195 lbs,Detroit Red Wings,NHL,"Toronto, ON",,,,,L,10/09/83,83.0,195.0,5.916666666666667
Danny DeKeyser,,,,30,6'3,191 lbs,Detroit Red Wings,NHL,"Macomb Township, MI",,,,,L,03/07/90,65.0,191.0,6.25
Jonathan Ericsson,,,,36,6'4,220 lbs,Detroit Red Wings,NHL,"Stockholm, Sweden",,,,,L,03/02/84,52.0,220.0,6.333333333333333
Cody Goloubef,,,,30,6'1,200 lbs,Detroit Red Wings,NHL,"Mississauga, ON",,,,,R,11/30/89,26.0,200.0,6.083333333333333
Filip Hronek,,,,22,6'0,163 lbs,Detroit Red Wings,NHL,"Hradec Kralove, Czech Republic",,,,,R,11/02/97,17.0,163.0,6.0
Gustav Lindstrom,,,,21,6'2,190 lbs,Detroit Red Wings,NHL,"Ostervala, Sweden",,,,,R,10/20/98,28.0,190.0,6.166666666666667
Patrik Nemeth,,,,28,6'3,219 lbs,Detroit Red Wings,NHL,"Stockholm, Sweden",,,,,L,02/08/92,22.0,219.0,6.25
Jonathan Bernier,,,,32,6'0,184 lbs,Detroit Red Wings,NHL,"Laval, QC",,,,,L,08/07/88,45.0,184.0,6.0
Jimmy Howard,,,,36,6'1,218 lbs,Detroit Red Wings,NHL,"Ogdensburg, NY",,,,,L,03/26/84,35.0,218.0,6.083333333333333
Noel Acciari,,,,28,5'10,208 lbs,Florida Panthers,NHL,"Johnston, RI",,,,,R,12/01/91,55.0,208.0,5.833333333333333
Aleksander Barkov,,,,24,6'3,213 lbs,Florida Panthers,NHL,"Tampere, Finland",,,,,L,09/02/95,16.0,213.0,6.25
Brian Boyle,,,,35,6'6,245 lbs,Florida Panthers,NHL,"Dorchester, MA",,,,,L,12/18/84,9.0,245.0,6.5
Jonathan Huberdeau,,,,27,6'1,188 lbs,Florida Panthers,NHL,"Saint-Jerome, QC",,,,,L,06/04/93,11.0,188.0,6.083333333333333
Eetu Luostarinen,,,,21,6'3,184 lbs,Florida Panthers,NHL,--,,,,,L,09/02/98,27.0,184.0,6.25
Aleksi Saarela,,,,23,5'10,200 lbs,Florida Panthers,NHL,"Helsinki, Finland",,,,,L,01/07/97,28.0,200.0,5.833333333333333
Colton Sceviour,,,,31,6'0,195 lbs,Florida Panthers,NHL,"Red Deer, AB",,,,,R,04/20/89,7.0,195.0,6.0
Dominic Toninato,,,,26,6'2,200 lbs,Florida Panthers,NHL,"Duluth, MN",,,,,L,03/09/94,14.0,200.0,6.166666666666667
Frank Vatrano,,,,26,5'9,201 lbs,Florida Panthers,NHL,"Springfield, MA",,,,,L,03/14/94,77.0,201.0,5.75
Lucas Wallmark,,,,24,6'0,176 lbs,Florida Panthers,NHL,"Umea, Sweden",,,,,L,09/05/95,71.0,176.0,6.0
Erik Haula,,,,29,5'11,188 lbs,Florida Panthers,NHL,"Pori, Finland",,,,,L,03/23/91,56.0,188.0,5.916666666666667
Mike Hoffman,,,,30,6'1,180 lbs,Florida Panthers,NHL,"Kitchener, ON",,,,,L,11/24/89,68.0,180.0,6.083333333333333
Dryden Hunt,,,,24,6'0,197 lbs,Florida Panthers,NHL,"Cranbrook, BC",,,,,L,11/14/95,73.0,197.0,6.0
Brett Connolly,,,,28,6'2,193 lbs,Florida Panthers,NHL,"Campbell River, BC",,,,,R,05/02/92,10.0,193.0,6.166666666666667
Evgenii Dadonov,,,,31,5'10,185 lbs,Florida Panthers,NHL,"Chelyabinsk, USSR",,,,,L,03/12/89,63.0,185.0,5.833333333333333
Owen Tippett,,,,21,6'1,216 lbs,Florida Panthers,NHL,"Peterborough, ON",,,,,R,02/16/99,74.0,216.0,6.083333333333333
Josh Brown,,,,26,6'5,215 lbs,Florida Panthers,NHL,"London, ON",,,,,R,01/21/94,2.0,215.0,6.416666666666667
Aaron Ekblad,,,,24,6'4,216 lbs,Florida Panthers,NHL,"Windsor, ON",,,,,R,02/07/96,5.0,216.0,6.333333333333333
Brady Keeper,,,,24,6'2,209 lbs,Florida Panthers,NHL,--,,,,,R,06/05/96,25.0,209.0,6.166666666666667
Michael Matheson,,,,26,6'2,192 lbs,Florida Panthers,NHL,"Pointe-Claire, QC",,,,,L,02/27/94,19.0,192.0,6.166666666666667
Chase Priskie,,,,24,6'0,185 lbs,Florida Panthers,NHL,"Pembroke Pines, FL",,,,,R,03/19/96,22.0,185.0,6.0
Mark Pysyk,,,,28,6'1,200 lbs,Florida Panthers,NHL,"Edmonton, AB",,,,,R,01/11/92,13.0,200.0,6.083333333333333
Riley Stillman,,,,22,6'1,196 lbs,Florida Panthers,NHL,"Peterborough, ON",,,,,L,03/09/98,61.0,196.0,6.083333333333333
Anton Stralman,,,,34,5'11,190 lbs,Florida Panthers,NHL,"Tibro, Sweden",,,,,R,08/01/86,6.0,190.0,5.916666666666667
Mackenzie Weegar,,,,26,6'0,212 lbs,Florida Panthers,NHL,"Ottawa, ON",,,,,R,01/07/94,52.0,212.0,6.0
Keith Yandle,,,,33,6'1,196 lbs,Florida Panthers,NHL,"Boston, MA",,,,,L,09/09/86,3.0,196.0,6.083333333333333
Sergei Bobrovsky,,,,31,6'2,187 lbs,Florida Panthers,NHL,"Novokuznetsk, USSR",,,,,L,09/20/88,72.0,187.0,6.166666666666667
Philippe Desrosiers,,,,25,6'1,204 lbs,Florida Panthers,NHL,"Saint-Hyacinthe, QC",,,,,L,08/16/95,30.0,204.0,6.083333333333333
Chris Driedger,,,,26,6'4,205 lbs,Florida Panthers,NHL,"Winnipeg, MB",,,,,L,05/18/94,60.0,205.0,6.333333333333333
Sam Montembeault,,,,23,6'3,208 lbs,Florida Panthers,NHL,"Becancour, QC",,,,,L,10/30/96,33.0,208.0,6.25
Paul Byron,,,,31,5'8,158 lbs,Montreal Canadiens,NHL,"Ottawa, ON",,,,,L,04/27/89,41.0,158.0,5.666666666666667
Phillip Danault,,,,27,6'0,201 lbs,Montreal Canadiens,NHL,"Victoriaville, QC",,,,,L,02/24/93,24.0,201.0,6.0
Max Domi,,,,25,5'10,198 lbs,Montreal Canadiens,NHL,"Winnipeg, MB",,,,,L,03/02/95,13.0,198.0,5.833333333333333
Jonathan Drouin,,,,25,5'11,188 lbs,Montreal Canadiens,NHL,"Ste-Agathe, QC",,,,,L,03/28/95,92.0,188.0,5.916666666666667
Jake Evans,,,,24,6'1,190 lbs,Montreal Canadiens,NHL,"Toronto, ON",,,,,R,06/02/96,71.0,190.0,6.083333333333333
Jesperi Kotkaniemi,,,,20,6'2,188 lbs,Montreal Canadiens,NHL,"Pori, Finland",,,,,L,07/06/00,15.0,188.0,6.166666666666667
Ryan Poehling,,,,21,6'2,185 lbs,Montreal Canadiens,NHL,"Lakeville, MN",,,,,L,01/03/99,25.0,185.0,6.166666666666667
Nick Suzuki,,,,21,5'11,201 lbs,Montreal Canadiens,NHL,"London, ON",,,,,R,08/10/99,14.0,201.0,5.916666666666667
Jordan Weal,,,,28,5'9,179 lbs,Montreal Canadiens,NHL,"Saskatoon, SK",,,,,R,04/15/92,43.0,179.0,5.75
Charles Hudon,,,,26,5'10,186 lbs,Montreal Canadiens,NHL,"Alma, QC",,,,,L,06/23/94,54.0,186.0,5.833333333333333
Artturi Lehkonen,,,,25,6'0,174 lbs,Montreal Canadiens,NHL,"Piikkio, Finland",,,,,L,07/04/95,62.0,174.0,6.0
Tomas Tatar,,,,29,5'11,185 lbs,Montreal Canadiens,NHL,"Ilava, Czechoslovakia",,,,,L,12/01/90,90.0,185.0,5.916666666666667
Joel Armia,,,,27,6'3,205 lbs,Montreal Canadiens,NHL,"Pori, Finland",,,,,R,05/31/93,40.0,205.0,6.25
Alex Belzile,,,,28,6'0,192 lbs,Montreal Canadiens,NHL,--,,,,,R,08/31/91,60.0,192.0,6.0
Brendan Gallagher,,,,28,5'9,184 lbs,Montreal Canadiens,NHL,"Edmonton, AB",,,,,R,05/06/92,11.0,184.0,5.75
Dale Weise,,,,32,6'2,205 lbs,Montreal Canadiens,NHL,"Winnipeg, MB",,,,,R,08/05/88,22.0,205.0,6.166666666666667
Karl Alzner,,,,31,6'3,214 lbs,Montreal Canadiens,NHL,"Burnaby, BC",,,,,L,09/24/88,27.0,214.0,6.25
Ben Chiarot,,,,29,6'3,219 lbs,Montreal Canadiens,NHL,"Hamilton, ON",,,,,L,05/09/91,8.0,219.0,6.25
Cale Fleury,,,,21,6'2,199 lbs,Montreal Canadiens,NHL,"Carlyle, SK",,,,,R,11/19/98,20.0,199.0,6.166666666666667
Christian Folin,,,,29,6'3,214 lbs,Montreal Canadiens,NHL,"Kungsbacka, Sweden",,,,,R,02/09/91,32.0,214.0,6.25
Noah Juulsen,,,,23,6'2,174 lbs,Montreal Canadiens,NHL,"Surrey, BC",,,,,R,04/02/97,58.0,174.0,6.166666666666667
Brett Kulak,,,,26,6'2,187 lbs,Montreal Canadiens,NHL,"Edmonton, AB",,,,,L,01/06/94,77.0,187.0,6.166666666666667
Victor Mete,,,,22,5'9,181 lbs,Montreal Canadiens,NHL,"Toronto, ON",,,,,L,06/07/98,53.0,181.0,5.75
Gustav Olofsson,,,,25,6'3,197 lbs,Montreal Canadiens,NHL,"Boras, Sweden",,,,,L,12/01/94,51.0,197.0,6.25
Xavier Ouellet,,,,27,6'1,200 lbs,Montreal Canadiens,NHL,"Bayonne, France",,,,,L,07/29/93,61.0,200.0,6.083333333333333
Jeff Petry,,,,32,6'3,204 lbs,Montreal Canadiens,NHL,"Ann Arbor, MI",,,,,R,12/09/87,26.0,204.0,6.25
Shea Weber,,,,35,6'4,236 lbs,Montreal Canadiens,NHL,"Sicamous, BC",,,,,R,08/14/85,6.0,236.0,6.333333333333333
Charlie Lindgren,,,,26,6'1,182 lbs,Montreal Canadiens,NHL,"Lakeville, MN",,,,,R,12/18/93,39.0,182.0,6.083333333333333
Michael McNiven,,,,23,6'1,214 lbs,Montreal Canadiens,NHL,"Winnipeg, MB",,,,,L,07/09/97,70.0,214.0,6.083333333333333
Carey Price,,,,33,6'3,216 lbs,Montreal Canadiens,NHL,"Vancouver, BC",,,,,L,08/16/87,31.0,216.0,6.25
Cayden Primeau,,,,21,6'3,198 lbs,Montreal Canadiens,NHL,"Voorhees, NJ",,,,,L,08/11/99,30.0,198.0,6.25
Artem Anisimov,,,,32,6'4,198 lbs,Ottawa Senators,NHL,"Yaroslavl, USSR",,,,,L,05/24/88,51.0,198.0,6.333333333333333
Jayce Hawryluk,,,,24,5'11,186 lbs,Ottawa Senators,NHL,"Yorkton, SK",,,,,R,01/01/96,79.0,186.0,5.916666666666667
Matthew Peca,,,,27,5'9,182 lbs,Ottawa Senators,NHL,"Petawawa, ON",,,,,L,04/27/93,53.0,182.0,5.75
Chris Tierney,,,,26,6'1,195 lbs,Ottawa Senators,NHL,"Keswick, ON",,,,,L,07/01/94,71.0,195.0,6.083333333333333
Colin White,,,,23,6'0,183 lbs,Ottawa Senators,NHL,"Boston, MA",,,,,R,01/30/97,36.0,183.0,6.0
Rudolfs Balcers,,,,23,5'11,175 lbs,Ottawa Senators,NHL,--,,,,,L,04/08/97,38.0,175.0,5.916666666666667
Mikkel Boedker,,,,30,6'0,210 lbs,Ottawa Senators,NHL,"Copenhagen, Denmark",,,,,L,12/16/89,89.0,210.0,6.0
Anthony Duclair,,,,25,5'11,185 lbs,Ottawa Senators,NHL,"Pointe-Claire, QC",,,,,L,08/26/95,10.0,185.0,5.916666666666667
Nick Paul,,,,25,6'4,230 lbs,Ottawa Senators,NHL,"Mississauga, ON",,,,,L,03/20/95,13.0,230.0,6.333333333333333
Brady Tkachuk,,,,20,6'3,196 lbs,Ottawa Senators,NHL,"St. Louis, MO",,,,,L,09/16/99,7.0,196.0,6.25
Connor Brown,,,,26,6'0,190 lbs,Ottawa Senators,NHL,"Toronto, ON",,,,,R,01/14/94,28.0,190.0,6.0
Bobby Ryan,,,,33,6'2,209 lbs,Ottawa Senators,NHL,"Cherry Hill, NJ",,,,,R,03/17/87,9.0,209.0,6.166666666666667
Scott Sabourin,,,,28,6'3,208 lbs,Ottawa Senators,NHL,"Orleans, ON",,,,,R,07/30/92,49.0,208.0,6.25
Mark Borowiecki,,,,31,6'2,205 lbs,Ottawa Senators,NHL,"Ottawa, ON",,,,,L,07/12/89,74.0,205.0,6.166666666666667
Thomas Chabot,,,,23,6'2,196 lbs,Ottawa Senators,NHL,"Sainte-Marie, QC",,,,,L,01/30/97,72.0,196.0,6.166666666666667
Andreas Englund,,,,24,6'4,203 lbs,Ottawa Senators,NHL,"Stockholm, Sweden",,,,,L,01/21/96,39.0,203.0,6.333333333333333
Ron Hainsey,,,,39,6'3,210 lbs,Ottawa Senators,NHL,"Bolton, CT",,,,,L,03/24/81,81.0,210.0,6.25
Mike Reilly,,,,27,6'2,195 lbs,Ottawa Senators,NHL,"Chicago, IL",,,,,L,07/13/93,5.0,195.0,6.166666666666667
Christian Wolanin,,,,25,6'1,192 lbs,Ottawa Senators,NHL,"Quebec City, QC",,,,,L,03/17/95,86.0,192.0,6.083333333333333
Nikita Zaitsev,,,,28,6'2,196 lbs,Ottawa Senators,NHL,"Moscow, USSR",,,,,R,10/29/91,22.0,196.0,6.166666666666667
Craig Anderson,,,,39,6'2,184 lbs,Ottawa Senators,NHL,"Park Ridge, IL",,,,,L,05/21/81,41.0,184.0,6.166666666666667
Marcus Hogberg,,,,25,6'5,209 lbs,Ottawa Senators,NHL,"Orebro, Sweden",,,,,L,11/25/94,35.0,209.0,6.416666666666667
Anders Nilsson,,,,30,6'6,229 lbs,Ottawa Senators,NHL,"Lulea, Sweden",,,,,L,03/19/90,31.0,229.0,6.5
Anthony Cirelli,,,,23,6'0,180 lbs,Tampa Bay Lightning,NHL,"Etobicoke, ON",,,,,L,07/15/97,71.0,180.0,6.0
Blake Coleman,,,,28,5'11,200 lbs,Tampa Bay Lightning,NHL,"Plano, TX",,,,,L,11/28/91,20.0,200.0,5.916666666666667
Tyler Johnson,,,,30,5'8,185 lbs,Tampa Bay Lightning,NHL,"Spokane, WA",,,,,R,07/29/90,9.0,185.0,5.666666666666667
Alex Killorn,,,,30,6'2,198 lbs,Tampa Bay Lightning,NHL,"Halifax, NS",,,,,L,09/14/89,17.0,198.0,6.166666666666667
Cedric Paquette,,,,27,6'1,198 lbs,Tampa Bay Lightning,NHL,"Gaspe, QC",,,,,L,08/13/93,13.0,198.0,6.083333333333333
Brayden Point,,,,24,5'10,160 lbs,Tampa Bay Lightning,NHL,"Calgary, AB",,,,,R,03/13/96,21.0,160.0,5.833333333333333
Steven Stamkos,,,,30,6'1,194 lbs,Tampa Bay Lightning,NHL,"Markham, ON",,,,,R,02/07/90,91.0,194.0,6.083333333333333
Mitchell Stephens,,,,23,5'11,188 lbs,Tampa Bay Lightning,NHL,"Peterborough, ON",,,,,R,02/05/97,67.0,188.0,5.916666666666667
Carter Verhaeghe,,,,25,6'1,181 lbs,Tampa Bay Lightning,NHL,"Toronto, ON",,,,,L,08/14/95,23.0,181.0,6.083333333333333
Barclay Goodrow,,,,27,6'2,215 lbs,Tampa Bay Lightning,NHL,"Toronto, ON",,,,,L,02/26/93,19.0,215.0,6.166666666666667
Yanni Gourde,,,,28,5'9,170 lbs,Tampa Bay Lightning,NHL,"St-Narcisse, QC",,,,,L,12/15/91,37.0,170.0,5.75
Patrick Maroon,,,,32,6'3,227 lbs,Tampa Bay Lightning,NHL,"St. Louis, MO",,,,,L,04/23/88,14.0,227.0,6.25
Ondrej Palat,,,,29,6'0,188 lbs,Tampa Bay Lightning,NHL,"Frydek-Mistek, Czech Republic",,,,,L,03/28/91,18.0,188.0,6.0
Mathieu Joseph,,,,23,6'1,166 lbs,Tampa Bay Lightning,NHL,"Laval, QC",,,,,R,02/09/97,7.0,166.0,6.083333333333333
Nikita Kucherov,,,,27,5'11,178 lbs,Tampa Bay Lightning,NHL,"Maikop, Russia",,,,,R,06/17/93,86.0,178.0,5.916666666666667
Alexander Volkov,,,,23,6'1,191 lbs,Tampa Bay Lightning,NHL,"Moscow, Russia",,,,,L,08/02/97,92.0,191.0,6.083333333333333
Zach Bogosian,,,,30,6'3,228 lbs,Tampa Bay Lightning,NHL,"Massena, NY",,,,,R,07/15/90,24.0,228.0,6.25
Erik Cernak,,,,23,6'4,225 lbs,Tampa Bay Lightning,NHL,"Kosice, Slovakia",,,,,R,05/28/97,81.0,225.0,6.333333333333333
Braydon Coburn,,,,35,6'5,226 lbs,Tampa Bay Lightning,NHL,"Calgary, AB",,,,,L,02/27/85,55.0,226.0,6.416666666666667
Victor Hedman,,,,29,6'6,223 lbs,Tampa Bay Lightning,NHL,"Ornskoldsvik, Sweden",,,,,L,12/18/90,77.0,223.0,6.5
Ryan McDonagh,,,,31,6'1,216 lbs,Tampa Bay Lightning,NHL,"St. Paul, MN",,,,,L,06/13/89,27.0,216.0,6.083333333333333
Jan Rutta,,,,30,6'3,200 lbs,Tampa Bay Lightning,NHL,"Pisek, Czechoslovakia",,,,,R,07/29/90,44.0,200.0,6.25
Luke Schenn,,,,30,6'2,229 lbs,Tampa Bay Lightning,NHL,"Saskatoon, SK",,,,,R,11/02/89,2.0,229.0,6.166666666666667
Mikhail Sergachev,,,,22,6'3,223 lbs,Tampa Bay Lightning,NHL,"Nizhnekamsk, Russia",,,,,L,06/25/98,98.0,223.0,6.25
Kevin Shattenkirk,,,,31,6'0,206 lbs,Tampa Bay Lightning,NHL,"Greenwich, CT",,,,,R,01/29/89,22.0,206.0,6.0
Curtis McElhinney,,,,37,6'3,205 lbs,Tampa Bay Lightning,NHL,"London, ON",,,,,L,05/23/83,35.0,205.0,6.25
Andrei Vasilevskiy,,,,26,6'3,207 lbs,Tampa Bay Lightning,NHL,"Tyumen, Russia",,,,,L,07/25/94,88.0,207.0,6.25
Scott Wedgewood,,,,28,6'1,211 lbs,Tampa Bay Lightning,NHL,"Etobicoke, ON",,,,,L,08/14/92,29.0,211.0,6.083333333333333
Frederik Gauthier,,,,25,6'5,234 lbs,Toronto Maple Leafs,NHL,"St-Lin, QC",,,,,L,04/26/95,33.0,234.0,6.416666666666667
Zach Hyman,,,,28,6'1,205 lbs,Toronto Maple Leafs,NHL,"Toronto, ON",,,,,R,06/09/92,11.0,205.0,6.083333333333333
Alexander Kerfoot,,,,26,5'10,175 lbs,Toronto Maple Leafs,NHL,"Vancouver, BC",,,,,L,08/11/94,15.0,175.0,5.833333333333333
Denis Malgin,,,,23,5'9,177 lbs,Toronto Maple Leafs,NHL,"Olten, Switzerland",,,,,R,01/18/97,62.0,177.0,5.75
Mitch Marner,,,,23,6'0,170 lbs,Toronto Maple Leafs,NHL,"Markham, ON",,,,,R,05/05/97,16.0,170.0,6.0
Auston Matthews,,,,22,6'2,216 lbs,Toronto Maple Leafs,NHL,"San Ramon, CA",,,,,L,09/17/97,34.0,216.0,6.166666666666667
Nic Petan,,,,25,5'9,179 lbs,Toronto Maple Leafs,NHL,"Delta, BC",,,,,L,03/22/95,61.0,179.0,5.75
Jason Spezza,,,,37,6'3,215 lbs,Toronto Maple Leafs,NHL,"Mississauga, ON",,,,,R,06/13/83,19.0,215.0,6.25
John Tavares,,,,29,6'1,211 lbs,Toronto Maple Leafs,NHL,"Mississauga, ON",,,,,L,09/20/90,91.0,211.0,6.083333333333333
Kyle Clifford,,,,29,6'2,206 lbs,Toronto Maple Leafs,NHL,"Ayr, ON",,,,,L,01/13/91,73.0,206.0,6.166666666666667
Pierre Engvall,,,,24,6'5,214 lbs,Toronto Maple Leafs,NHL,"Ljungby, Sweden",,,,,L,05/31/96,47.0,214.0,6.416666666666667
Andreas Johnsson,,,,25,5'10,183 lbs,Toronto Maple Leafs,NHL,"Gavle, Sweden",,,,,L,11/21/94,18.0,183.0,5.833333333333333
Nick Robertson,,,,18,5'9,164 lbs,Toronto Maple Leafs,NHL,"Arcadia, CA",,,,,L,09/11/01,89.0,164.0,5.75
Kasperi Kapanen,,,,24,6'1,180 lbs,Toronto Maple Leafs,NHL,"Kuopio, Finland",,,,,R,07/23/96,24.0,180.0,6.083333333333333
Ilya Mikheyev,,,,25,6'3,195 lbs,Toronto Maple Leafs,NHL,"Omsk, Russia",,,,,L,10/10/94,65.0,195.0,6.25
William Nylander,,,,24,6'0,188 lbs,Toronto Maple Leafs,NHL,"Calgary, AB",,,,,R,05/01/96,88.0,188.0,6.0
Tyson Barrie,,,,29,5'10,190 lbs,Toronto Maple Leafs,NHL,"Victoria, BC",,,,,R,07/26/91,94.0,190.0,5.833333333333333
Cody Ceci,,,,26,6'3,205 lbs,Toronto Maple Leafs,NHL,"Ottawa, ON",,,,,R,12/21/93,83.0,205.0,6.25
Travis Dermott,,,,23,6'0,208 lbs,Toronto Maple Leafs,NHL,"Newmarket, ON",,,,,L,12/22/96,23.0,208.0,6.0
Justin Holl,,,,28,6'3,205 lbs,Toronto Maple Leafs,NHL,"Edina, MN",,,,,R,01/30/92,3.0,205.0,6.25
Mac Hollowell,,,,21,5'9,170 lbs,Toronto Maple Leafs,NHL,"Niagara Falls, ON",,,,,R,09/26/98,81.0,170.0,5.75
Timothy Liljegren,,,,21,6'0,198 lbs,Toronto Maple Leafs,NHL,"Kristianstad, Sweden",,,,,R,04/30/99,37.0,198.0,6.0
Martin Marincin,,,,28,6'4,210 lbs,Toronto Maple Leafs,NHL,"Kosice, Czechoslovakia",,,,,L,02/18/92,52.0,210.0,6.333333333333333
Jake Muzzin,,,,31,6'3,216 lbs,Toronto Maple Leafs,NHL,"Woodstock, ON",,,,,L,02/21/89,8.0,216.0,6.25
Morgan Rielly,,,,26,6'1,205 lbs,Toronto Maple Leafs,NHL,"Vancouver, BC",,,,,L,03/09/94,44.0,205.0,6.083333333333333
Calle Rosen,,,,26,6'1,186 lbs,Toronto Maple Leafs,NHL,--,,,,,L,02/02/94,48.0,186.0,6.083333333333333
Rasmus Sandin,,,,20,5'11,183 lbs,Toronto Maple Leafs,NHL,"Uppsala, Sweden",,,,,L,03/07/00,38.0,183.0,5.916666666666667
Frederik Andersen,,,,30,6'4,220 lbs,Toronto Maple Leafs,NHL,"Herning, Denmark",,,,,L,10/02/89,31.0,220.0,6.333333333333333
Jack Campbell,,,,28,6'3,200 lbs,Toronto Maple Leafs,NHL,"Port Huron, MI",,,,,L,01/09/92,36.0,200.0,6.25
Kasimir Kaskisuo,,,,26,6'2,204 lbs,Toronto Maple Leafs,NHL,"Vantaa, Finland",,,,,L,10/02/93,50.0,204.0,6.166666666666667
Joseph Woll,,,,22,6'4,203 lbs,Toronto Maple Leafs,NHL,"St. Louis, MO",,,,,L,07/12/98,60.0,203.0,6.333333333333333
Drake Caggiula,,,,26,5'10,185 lbs,Chicago Blackhawks,NHL,"Pickering, ON",,,,,L,06/20/94,91.0,185.0,5.833333333333333
Ryan Carpenter,,,,29,6'0,195 lbs,Chicago Blackhawks,NHL,"Oviedo, FL",,,,,R,01/18/91,22.0,195.0,6.0
Kirby Dach,,,,19,6'4,197 lbs,Chicago Blackhawks,NHL,"St. Albert, ON",,,,,R,01/21/01,77.0,197.0,6.333333333333333
Matthew Highmore,,,,24,5'11,181 lbs,Chicago Blackhawks,NHL,"Halifax, NS",,,,,L,02/27/96,36.0,181.0,5.916666666666667
David Kampf,,,,25,6'2,195 lbs,Chicago Blackhawks,NHL,--,,,,,L,01/12/95,64.0,195.0,6.166666666666667
Philipp Kurashev,,,,20,6'0,190 lbs,Chicago Blackhawks,NHL,--,,,,,L,10/12/99,71.0,190.0,6.0
John Quenneville,,,,24,6'1,205 lbs,Chicago Blackhawks,NHL,"Edmonton, AB",,,,,L,04/16/96,47.0,205.0,6.083333333333333
Andrew Shaw,,,,29,5'11,179 lbs,Chicago Blackhawks,NHL,"Belleville, ON",,,,,R,07/20/91,65.0,179.0,5.916666666666667
Dylan Sikura,,,,25,5'11,166 lbs,Chicago Blackhawks,NHL,"Aurora, ON",,,,,L,07/01/95,95.0,166.0,5.916666666666667
Zack Smith,,,,32,6'2,209 lbs,Chicago Blackhawks,NHL,"Medicine Hat, AB",,,,,L,04/05/88,15.0,209.0,6.166666666666667
Dylan Strome,,,,23,6'3,200 lbs,Chicago Blackhawks,NHL,"Mississauga, ON",,,,,L,03/07/97,17.0,200.0,6.25
Jonathan Toews,,,,32,6'2,201 lbs,Chicago Blackhawks,NHL,"Winnipeg, MB",,,,,L,04/29/88,19.0,201.0,6.166666666666667
Brandon Hagel,,,,22,5'11,174 lbs,Chicago Blackhawks,NHL,"Morinville, AB",,,,,L,08/27/98,38.0,174.0,5.916666666666667
Dominik Kubalik,,,,25,6'2,179 lbs,Chicago Blackhawks,NHL,"Plzen, Czech Republic",,,,,L,08/21/95,8.0,179.0,6.166666666666667
Alex Nylander,,,,22,6'1,192 lbs,Chicago Blackhawks,NHL,"Calgary, AB",,,,,R,03/02/98,92.0,192.0,6.083333333333333
Brandon Saad,,,,27,6'1,202 lbs,Chicago Blackhawks,NHL,"Pittsburgh, PA",,,,,L,10/27/92,20.0,202.0,6.083333333333333
Alex DeBrincat,,,,22,5'7,165 lbs,Chicago Blackhawks,NHL,"Farmington Hills, MI",,,,,R,12/18/97,12.0,165.0,5.583333333333333
Mackenzie Entwistle,,,,21,6'3,184 lbs,Chicago Blackhawks,NHL,"Georgetown, ON",,,,,R,07/14/99,58.0,184.0,6.25
Patrick Kane,,,,31,5'10,177 lbs,Chicago Blackhawks,NHL,"Buffalo, NY",,,,,L,11/19/88,88.0,177.0,5.833333333333333
Nicolas Beaudin,,,,20,5'11,175 lbs,Chicago Blackhawks,NHL,"Chateauguay, QC",,,,,L,10/09/99,74.0,175.0,5.916666666666667
Adam Boqvist,,,,20,5'11,179 lbs,Chicago Blackhawks,NHL,"Falun, Sweden",,,,,R,08/15/00,27.0,179.0,5.916666666666667
Lucas Carlsson,,,,23,6'0,189 lbs,Chicago Blackhawks,NHL,"Gavle, Sweden",,,,,L,07/05/97,46.0,189.0,6.0
Duncan Keith,,,,37,6'1,192 lbs,Chicago Blackhawks,NHL,"Winnipeg, MB",,,,,L,07/16/83,2.0,192.0,6.083333333333333
Slater Koekkoek,,,,26,6'2,198 lbs,Chicago Blackhawks,NHL,"Winchester, ON",,,,,L,02/18/94,68.0,198.0,6.166666666666667
Olli Maatta,,,,26,6'2,206 lbs,Chicago Blackhawks,NHL,"Jyvaskyla, Finland",,,,,L,08/22/94,6.0,206.0,6.166666666666667
Connor Murphy,,,,27,6'4,212 lbs,Chicago Blackhawks,NHL,"Boston, MA",,,,,R,03/26/93,5.0,212.0,6.333333333333333
Alec Regula,,,,20,6'4,208 lbs,Chicago Blackhawks,NHL,"West Bloomfield, MI",,,,,R,08/06/00,75.0,208.0,6.333333333333333
Brent Seabrook,,,,35,6'3,220 lbs,Chicago Blackhawks,NHL,"Richmond, BC",,,,,R,04/20/85,7.0,220.0,6.25
Nick Seeler,,,,27,6'2,200 lbs,Chicago Blackhawks,NHL,"Eden Prairie, MN",,,,,L,06/03/93,55.0,200.0,6.166666666666667
Calvin de Haan,,,,29,6'1,197 lbs,Chicago Blackhawks,NHL,"Ottawa, ON",,,,,L,05/09/91,44.0,197.0,6.083333333333333
Corey Crawford,,,,35,6'2,216 lbs,Chicago Blackhawks,NHL,"Montreal, QC",,,,,L,12/31/84,50.0,216.0,6.166666666666667
Collin Delia,,,,26,6'2,190 lbs,Chicago Blackhawks,NHL,"Rancho Cucamonga, CA",,,,,L,06/20/94,60.0,190.0,6.166666666666667
Kevin Lankinen,,,,25,6'2,185 lbs,Chicago Blackhawks,NHL,"Helsinki, Finland",,,,,L,04/28/95,34.0,185.0,6.166666666666667
Malcolm Subban,,,,26,6'2,200 lbs,Chicago Blackhawks,NHL,"Toronto, ON",,,,,L,12/21/93,30.0,200.0,6.166666666666667
Shane Bowers,,,,21,6'2,186 lbs,Colorado Avalanche,NHL,"Halifax, NS",,,,,L,07/30/99,14.0,186.0,6.166666666666667
Sheldon Dries,,,,26,5'9,179 lbs,Colorado Avalanche,NHL,"Macomb, MI",,,,,L,04/23/94,15.0,179.0,5.75
Tyson Jost,,,,22,5'11,191 lbs,Colorado Avalanche,NHL,"St. Albert, AB",,,,,L,03/14/98,17.0,191.0,5.916666666666667
Nazem Kadri,,,,29,6'0,195 lbs,Colorado Avalanche,NHL,"London, ON",,,,,L,10/06/90,91.0,195.0,6.0
Nathan MacKinnon,,,,24,6'0,205 lbs,Colorado Avalanche,NHL,"Halifax, NS",,,,,R,09/01/95,29.0,205.0,6.0
Vladislav Namestnikov,,,,27,6'0,184 lbs,Colorado Avalanche,NHL,"Zhukovskiy, Russia",,,,,L,11/22/92,90.0,184.0,6.0
T.J. Tynan,,,,28,5'8,165 lbs,Colorado Avalanche,NHL,"Orland Park, IL",,,,,R,02/25/92,36.0,165.0,5.666666666666667
Colin Wilson,,,,30,6'1,216 lbs,Colorado Avalanche,NHL,"Greenwich, CT",,,,,L,10/20/89,22.0,216.0,6.083333333333333
Andre Burakovsky,,,,25,6'3,202 lbs,Colorado Avalanche,NHL,"Klagenfurt, Austria",,,,,L,02/09/95,95.0,202.0,6.25
Matt Calvert,,,,30,5'11,192 lbs,Colorado Avalanche,NHL,"Brandon, MB",,,,,L,12/24/89,11.0,192.0,5.916666666666667
J.T. Compher,,,,25,6'0,193 lbs,Colorado Avalanche,NHL,"Northbrook, IL",,,,,R,04/08/95,37.0,193.0,6.0
Gabriel Landeskog,,,,27,6'1,215 lbs,Colorado Avalanche,NHL,"Stockholm, Sweden",,,,,L,11/23/92,92.0,215.0,6.083333333333333
Matt Nieto,,,,27,5'11,190 lbs,Colorado Avalanche,NHL,"Long Beach, CA",,,,,L,11/05/92,83.0,190.0,5.916666666666667
Pierre-Edouard Bellemare,,,,35,6'0,198 lbs,Colorado Avalanche,NHL,"Paris, France",,,,,L,03/06/85,41.0,198.0,6.0
Joonas Donskoi,,,,28,6'0,190 lbs,Colorado Avalanche,NHL,"Raahe, Finland",,,,,R,04/13/92,72.0,190.0,6.0
Valeri Nichushkin,,,,25,6'4,210 lbs,Colorado Avalanche,NHL,"Chelyabinsk, Russia",,,,,L,03/04/95,13.0,210.0,6.333333333333333
Logan O'Connor,,,,24,6'0,175 lbs,Colorado Avalanche,NHL,"Missouri City, TX",,,,,R,08/14/96,25.0,175.0,6.0
Mikko Rantanen,,,,23,6'4,211 lbs,Colorado Avalanche,NHL,"Nousiainen, Finland",,,,,L,10/29/96,96.0,211.0,6.333333333333333
Mark Barberio,,,,30,6'1,207 lbs,Colorado Avalanche,NHL,"Montreal, QC",,,,,L,03/23/90,44.0,207.0,6.083333333333333
Bowen Byram,,,,19,6'1,190 lbs,Colorado Avalanche,NHL,"Cranbrook, BC",,,,,L,06/13/01,45.0,190.0,6.083333333333333
Ian Cole,,,,31,6'1,219 lbs,Colorado Avalanche,NHL,"Ann Arbor, MI",,,,,L,02/21/89,28.0,219.0,6.083333333333333
Kevin Connauton,,,,30,6'2,205 lbs,Colorado Avalanche,NHL,"Edmonton, AB",,,,,L,02/23/90,7.0,205.0,6.166666666666667
Samuel Girard,,,,22,5'9,166 lbs,Colorado Avalanche,NHL,"Roberval, QC",,,,,L,05/12/98,49.0,166.0,5.75
Ryan Graves,,,,25,6'4,226 lbs,Colorado Avalanche,NHL,"Yarmouth, NS",,,,,L,05/21/95,27.0,226.0,6.333333333333333
Erik Johnson,,,,32,6'4,225 lbs,Colorado Avalanche,NHL,"Bloomington, MN",,,,,R,03/21/88,6.0,225.0,6.333333333333333
Anton Lindholm,,,,25,5'11,191 lbs,Colorado Avalanche,NHL,"Skelleftea, Sweden",,,,,L,11/29/94,54.0,191.0,5.916666666666667
Cale Makar,,,,21,5'11,187 lbs,Colorado Avalanche,NHL,"Calgary, AB",,,,,R,10/30/98,8.0,187.0,5.916666666666667
Conor Timmins,,,,21,6'2,184 lbs,Colorado Avalanche,NHL,"St. Catharines, ON",,,,,R,09/18/98,20.0,184.0,6.166666666666667
Nikita Zadorov,,,,25,6'5,230 lbs,Colorado Avalanche,NHL,"Moscow, Russia",,,,,L,04/15/95,16.0,230.0,6.416666666666667
Pavel Francouz,,,,30,6'0,179 lbs,Colorado Avalanche,NHL,"Plzen, Czech Republic",,,,,R,06/03/90,39.0,179.0,6.0
Philipp Grubauer,,,,28,6'1,182 lbs,Colorado Avalanche,NHL,"Rosenheim, Germany",,,,,L,11/25/91,31.0,182.0,6.083333333333333
Michael Hutchinson,,,,30,6'3,200 lbs,Colorado Avalanche,NHL,"Barrie, ON",,,,,R,03/02/90,35.0,200.0,6.25
Andrew Cogliano,,,,33,5'10,184 lbs,Dallas Stars,NHL,"Toronto, ON",,,,,L,06/14/87,11.0,184.0,5.833333333333333
Ty Dellandrea,,,,20,6'0,185 lbs,Dallas Stars,NHL,"Toronto, ON",,,,,R,07/21/00,60.0,185.0,6.0
Jason Dickinson,,,,25,6'2,205 lbs,Dallas Stars,NHL,"Georgetown, ON",,,,,L,07/04/95,18.0,205.0,6.166666666666667
Justin Dowling,,,,29,5'10,180 lbs,Dallas Stars,NHL,"Cochrane, AB",,,,,L,10/01/90,37.0,180.0,5.833333333333333
Radek Faksa,,,,26,6'3,210 lbs,Dallas Stars,NHL,"Vitkov, Czech Republic",,,,,L,01/09/94,12.0,210.0,6.25
Martin Hanzal,,,,33,6'6,226 lbs,Dallas Stars,NHL,"Pisek, Czechoslovakia",,,,,L,02/20/87,40.0,226.0,6.5
Mattias Janmark,,,,27,6'1,190 lbs,Dallas Stars,NHL,"Stockholm, Sweden",,,,,L,12/08/92,13.0,190.0,6.083333333333333
Joe Pavelski,,,,36,5'11,190 lbs,Dallas Stars,NHL,"Plover, WI",,,,,R,07/11/84,16.0,190.0,5.916666666666667
Tyler Seguin,,,,28,6'1,195 lbs,Dallas Stars,NHL,"Brampton, ON",,,,,R,01/31/92,91.0,195.0,6.083333333333333
Jamie Benn,,,,31,6'2,210 lbs,Dallas Stars,NHL,"Victoria, BC",,,,,L,07/18/89,14.0,210.0,6.166666666666667
Blake Comeau,,,,34,6'1,202 lbs,Dallas Stars,NHL,"Meadow Lake, SK",,,,,R,02/18/86,15.0,202.0,6.083333333333333
Roope Hintz,,,,23,6'3,205 lbs,Dallas Stars,NHL,"Tampere, Finland",,,,,L,11/17/96,24.0,205.0,6.25
Joel Kiviranta,,,,24,5'10,175 lbs,Dallas Stars,NHL,"Vantaa, Finland",,,,,L,03/26/96,25.0,175.0,5.833333333333333
Jason Robertson,,,,21,6'3,210 lbs,Dallas Stars,NHL,"Arcadia, CA",,,,,L,07/22/99,21.0,210.0,6.25
Nick Caamano,,,,21,6'3,200 lbs,Dallas Stars,NHL,--,,,,,L,09/07/98,17.0,200.0,6.25
Denis Gurianov,,,,23,6'2,195 lbs,Dallas Stars,NHL,"Togliatti, Russia",,,,,L,06/07/97,34.0,195.0,6.166666666666667
Corey Perry,,,,35,6'3,210 lbs,Dallas Stars,NHL,"Peterborough, ON",,,,,R,05/16/85,10.0,210.0,6.25
Alexander Radulov,,,,34,6'1,200 lbs,Dallas Stars,NHL,"Nizhi Tagil, USSR",,,,,L,07/05/86,47.0,200.0,6.083333333333333
Gavin Bayreuther,,,,26,6'1,195 lbs,Dallas Stars,NHL,"Canaan, NH",,,,,L,05/12/94,44.0,195.0,6.083333333333333
Taylor Fedun,,,,32,6'1,201 lbs,Dallas Stars,NHL,"Edmonton, AB",,,,,R,06/04/88,42.0,201.0,6.083333333333333
Joel Hanley,,,,29,5'11,190 lbs,Dallas Stars,NHL,"Keswick, ON",,,,,R,06/08/91,39.0,190.0,5.916666666666667
Thomas Harley,,,,19,6'3,188 lbs,Dallas Stars,NHL,"Syracuse, NY",,,,,L,08/19/01,55.0,188.0,6.25
Miro Heiskanen,,,,21,6'1,172 lbs,Dallas Stars,NHL,"Espoo, Finland",,,,,L,07/18/99,4.0,172.0,6.083333333333333
Stephen Johns,,,,28,6'4,230 lbs,Dallas Stars,NHL,"Ellwood City, PA",,,,,R,04/18/92,28.0,230.0,6.333333333333333
John Klingberg,,,,28,6'2,190 lbs,Dallas Stars,NHL,"Gothenburg, Sweden",,,,,R,08/14/92,3.0,190.0,6.166666666666667
Esa Lindell,,,,26,6'3,215 lbs,Dallas Stars,NHL,"Vantaa, Finland",,,,,L,05/23/94,23.0,215.0,6.25
Jamie Oleksiak,,,,27,6'7,250 lbs,Dallas Stars,NHL,"Toronto, ON",,,,,L,12/21/92,2.0,250.0,6.583333333333333
Roman Polak,,,,34,6'1,235 lbs,Dallas Stars,NHL,"Ostrava, Czechoslovakia",,,,,R,04/28/86,45.0,235.0,6.083333333333333
Andrej Sekera,,,,34,6'0,200 lbs,Dallas Stars,NHL,"Bojnice, Czechoslovakia",,,,,L,06/08/86,5.0,200.0,6.0
Ben Bishop,,,,33,6'7,216 lbs,Dallas Stars,NHL,"Denver, CO",,,,,L,11/21/86,30.0,216.0,6.583333333333333
Landon Bow,,,,25,6'5,210 lbs,Dallas Stars,NHL,"Edmonton, AB",,,,,L,08/24/95,41.0,210.0,6.416666666666667
Anton Khudobin,,,,34,5'11,203 lbs,Dallas Stars,NHL,"Ust-Kamenogorsk, USSR",,,,,L,05/07/86,35.0,203.0,5.916666666666667
Jake Oettinger,,,,21,6'5,225 lbs,Dallas Stars,NHL,"Lakeville, MN",,,,,L,12/18/98,29.0,225.0,6.416666666666667
Ryan Donato,,,,24,6'0,181 lbs,Minnesota Wild,NHL,"Boston, MA",,,,,L,04/09/96,6.0,181.0,6.0
Joel Eriksson Ek,,,,23,6'1,206 lbs,Minnesota Wild,NHL,"Karlstad, Sweden",,,,,L,01/29/97,14.0,206.0,6.083333333333333
Alex Galchenyuk,,,,26,6'1,207 lbs,Minnesota Wild,NHL,"Milwaukee, WI",,,,,L,02/12/94,27.0,207.0,6.083333333333333
Luke Johnson,,,,25,5'11,198 lbs,Minnesota Wild,NHL,"Grand Forks, ND",,,,,R,09/19/94,41.0,198.0,5.916666666666667
Mikko Koivu,,,,37,6'3,215 lbs,Minnesota Wild,NHL,"Turku, Finland",,,,,L,03/12/83,9.0,215.0,6.25
Luke Kunin,,,,22,6'0,195 lbs,Minnesota Wild,NHL,"Chesterfield, MO",,,,,R,12/04/97,19.0,195.0,6.0
Victor Rask,,,,27,6'2,200 lbs,Minnesota Wild,NHL,"Leksand, Sweden",,,,,L,03/01/93,49.0,200.0,6.166666666666667
Kyle Rau,,,,27,5'8,177 lbs,Minnesota Wild,NHL,"Hoffman Estates, IL",,,,,L,10/24/92,37.0,177.0,5.666666666666667
Eric Staal,,,,35,6'4,205 lbs,Minnesota Wild,NHL,"Thunder Bay, ON",,,,,L,10/29/84,12.0,205.0,6.333333333333333
Nico Sturm,,,,25,6'3,211 lbs,Minnesota Wild,NHL,--,,,,,L,05/03/95,7.0,211.0,6.25
Kevin Fiala,,,,24,5'10,193 lbs,Minnesota Wild,NHL,"Uzwil, Switzerland",,,,,L,07/22/96,22.0,193.0,5.833333333333333
Marcus Foligno,,,,29,6'3,228 lbs,Minnesota Wild,NHL,"Buffalo, NY",,,,,L,08/10/91,17.0,228.0,6.25
Jordan Greenway,,,,23,6'6,226 lbs,Minnesota Wild,NHL,"Canton, NY",,,,,L,02/16/97,18.0,226.0,6.5
Zach Parise,,,,36,5'11,197 lbs,Minnesota Wild,NHL,"Minneapolis, MN",,,,,L,07/28/84,11.0,197.0,5.916666666666667
Ryan Hartman,,,,25,6'0,181 lbs,Minnesota Wild,NHL,"Hilton Head Island, SC",,,,,R,09/20/94,38.0,181.0,6.0
Gerald Mayhew,,,,27,5'10,175 lbs,Minnesota Wild,NHL,"Wyandotte, MI",,,,,R,12/31/92,26.0,175.0,5.833333333333333
Mats Zuccarello,,,,32,5'8,184 lbs,Minnesota Wild,NHL,"Oslo, Norway",,,,,L,09/01/87,36.0,184.0,5.666666666666667
Matt Bartkowski,,,,32,6'1,198 lbs,Minnesota Wild,NHL,"Pittsburgh, PA",,,,,L,06/04/88,44.0,198.0,6.083333333333333
Louis Belpedio,,,,24,5'11,196 lbs,Minnesota Wild,NHL,"Skokie, IL",,,,,R,05/14/96,47.0,196.0,5.916666666666667
Jonas Brodin,,,,27,6'1,194 lbs,Minnesota Wild,NHL,"Karlstad, Sweden",,,,,L,07/12/93,25.0,194.0,6.083333333333333
Matt Dumba,,,,26,6'0,189 lbs,Minnesota Wild,NHL,"Regina, SK",,,,,R,07/25/94,24.0,189.0,6.0
Brad Hunt,,,,32,5'9,187 lbs,Minnesota Wild,NHL,"Ridge Meadows, BC",,,,,L,08/24/88,77.0,187.0,5.75
Brennan Menell,,,,23,5'11,177 lbs,Minnesota Wild,NHL,"Woodbury, MN",,,,,R,05/24/97,61.0,177.0,5.916666666666667
Greg Pateryn,,,,30,6'2,223 lbs,Minnesota Wild,NHL,"Royal Oak, MI",,,,,R,06/20/90,29.0,223.0,6.166666666666667
Carson Soucy,,,,26,6'5,208 lbs,Minnesota Wild,NHL,"Viking, AB",,,,,L,07/27/94,21.0,208.0,6.416666666666667
Jared Spurgeon,,,,30,5'9,176 lbs,Minnesota Wild,NHL,"Edmonton, AB",,,,,R,11/29/89,46.0,176.0,5.75
Ryan Suter,,,,35,6'1,200 lbs,Minnesota Wild,NHL,"Madison, WI",,,,,L,01/21/85,20.0,200.0,6.083333333333333
Devan Dubnyk,,,,34,6'6,210 lbs,Minnesota Wild,NHL,"Regina, SK",,,,,L,05/04/86,40.0,210.0,6.5
Kaapo Kahkonen,,,,24,6'2,214 lbs,Minnesota Wild,NHL,"Helsinki, Finland",,,,,L,08/16/96,31.0,214.0,6.166666666666667
Mat Robson,,,,24,6'3,190 lbs,Minnesota Wild,NHL,"Mississauga, ON",,,,,L,03/26/96,42.0,190.0,6.25
Alex Stalock,,,,33,6'0,187 lbs,Minnesota Wild,NHL,"St. Paul, MN",,,,,L,07/28/87,32.0,187.0,6.0
Colin Blackwell,,,,27,5'9,190 lbs,Nashville Predators,NHL,"Lawrence, MA",,,,,R,03/28/93,42.0,190.0,5.75
Nick Bonino,,,,32,6'1,196 lbs,Nashville Predators,NHL,"Hartford, CT",,,,,L,04/20/88,13.0,196.0,6.083333333333333
Matt Duchene,,,,29,5'11,195 lbs,Nashville Predators,NHL,"Halliburton, ON",,,,,L,01/16/91,95.0,195.0,5.916666666666667
Filip Forsberg,,,,26,6'1,186 lbs,Nashville Predators,NHL,"Ostervala, Sweden",,,,,R,08/13/94,9.0,186.0,6.083333333333333
Mikael Granlund,,,,28,5'10,185 lbs,Nashville Predators,NHL,"Oulu, Finland",,,,,L,02/26/92,64.0,185.0,5.833333333333333
Rocco Grimaldi,,,,27,5'6,180 lbs,Nashville Predators,NHL,"Anaheim, CA",,,,,R,02/08/93,23.0,180.0,5.5
Calle Jarnkrok,,,,28,5'11,186 lbs,Nashville Predators,NHL,"Gavle, Sweden",,,,,R,09/25/91,19.0,186.0,5.916666666666667
Ryan Johansen,,,,28,6'3,218 lbs,Nashville Predators,NHL,"Vancouver, BC",,,,,R,07/31/92,92.0,218.0,6.25
Colton Sissons,,,,26,6'1,200 lbs,Nashville Predators,NHL,"North Vancouver, BC",,,,,R,11/05/93,10.0,200.0,6.083333333333333
Craig Smith,,,,30,6'1,202 lbs,Nashville Predators,NHL,"Madison, WI",,,,,R,09/05/89,15.0,202.0,6.083333333333333
Yakov Trenin,,,,23,6'2,201 lbs,Nashville Predators,NHL,"Chelyabinsk, Russia",,,,,L,01/13/97,32.0,201.0,6.166666666666667
Kyle Turris,,,,31,6'1,190 lbs,Nashville Predators,NHL,"New Westminster, BC",,,,,R,08/14/89,8.0,190.0,6.083333333333333
Daniel Carr,,,,28,6'0,191 lbs,Nashville Predators,NHL,"Leduc, AB",,,,,L,11/01/91,26.0,191.0,6.0
Austin Watson,,,,28,6'4,204 lbs,Nashville Predators,NHL,"Ann Arbor, MI",,,,,R,01/13/92,51.0,204.0,6.333333333333333
Viktor Arvidsson,,,,27,5'9,172 lbs,Nashville Predators,NHL,"Skelleftea, Sweden",,,,,R,04/08/93,33.0,172.0,5.75
Michael McCarron,,,,25,6'6,237 lbs,Nashville Predators,NHL,"Macomb Township, MI",,,,,R,03/07/95,47.0,237.0,6.5
Eeli Tolvanen,,,,21,5'10,189 lbs,Nashville Predators,NHL,"Vihti, Finland",,,,,L,04/22/99,28.0,189.0,5.833333333333333
Alexandre Carrier,,,,23,5'11,174 lbs,Nashville Predators,NHL,"Quebec City, QC",,,,,R,10/08/96,45.0,174.0,5.916666666666667
Mattias Ekholm,,,,30,6'4,204 lbs,Nashville Predators,NHL,"Borlange, Sweden",,,,,L,05/24/90,14.0,204.0,6.333333333333333
Ryan Ellis,,,,29,5'10,175 lbs,Nashville Predators,NHL,"Hamilton, ON",,,,,R,01/03/91,4.0,175.0,5.833333333333333
Dante Fabbro,,,,22,6'0,189 lbs,Nashville Predators,NHL,"Coquitlam, BC",,,,,R,06/20/98,57.0,189.0,6.0
Dan Hamhuis,,,,37,6'0,208 lbs,Nashville Predators,NHL,"Smithers, BC",,,,,L,12/13/82,5.0,208.0,6.0
Korbinian Holzer,,,,32,6'3,215 lbs,Nashville Predators,NHL,"Munich, Germany",,,,,R,02/16/88,22.0,215.0,6.25
Roman Josi,,,,30,6'1,192 lbs,Nashville Predators,NHL,"Bern, Switzerland",,,,,L,06/01/90,59.0,192.0,6.083333333333333
Jarred Tinordi,,,,28,6'6,230 lbs,Nashville Predators,NHL,"Millersville, MD",,,,,L,02/20/92,24.0,230.0,6.5
Yannick Weber,,,,31,5'11,200 lbs,Nashville Predators,NHL,"Zurich, Switzerland",,,,,R,09/23/88,7.0,200.0,5.916666666666667
Troy Grosenick,,,,31,6'1,185 lbs,Nashville Predators,NHL,"Brookfield, WI",,,,,L,08/27/89,1.0,185.0,6.083333333333333
Connor Ingram,,,,23,6'2,196 lbs,Nashville Predators,NHL,"Imperial, SK",,,,,L,03/31/97,39.0,196.0,6.166666666666667
Pekka Rinne,,,,37,6'5,204 lbs,Nashville Predators,NHL,"Kempele, Finland",,,,,L,11/03/82,35.0,204.0,6.416666666666667
Juuse Saros,,,,25,5'11,180 lbs,Nashville Predators,NHL,"Forssa, Finland",,,,,L,04/19/95,74.0,180.0,5.916666666666667
Tyler Bozak,,,,34,6'1,195 lbs,St. Louis Blues,NHL,"Regina, SK",,,,,R,03/19/86,21.0,195.0,6.083333333333333
Jordan Kyrou,,,,22,6'0,169 lbs,St. Louis Blues,NHL,"Toronto, ON",,,,,R,05/05/98,33.0,169.0,6.0
Ryan O'Reilly,,,,29,6'1,210 lbs,St. Louis Blues,NHL,"Clinton, ON",,,,,L,02/07/91,90.0,210.0,6.083333333333333
Brayden Schenn,,,,29,6'1,190 lbs,St. Louis Blues,NHL,"Saskatoon, SK",,,,,L,08/22/91,10.0,190.0,6.083333333333333
Oskar Sundqvist,,,,26,6'3,206 lbs,St. Louis Blues,NHL,"Boden, Sweden",,,,,R,03/23/94,70.0,206.0,6.25
Robert Thomas,,,,21,6'0,193 lbs,St. Louis Blues,NHL,"Aurora, ON",,,,,R,07/02/99,18.0,193.0,6.0
Ivan Barbashev,,,,24,6'0,195 lbs,St. Louis Blues,NHL,"Moscow, Russia",,,,,L,12/14/95,49.0,195.0,6.0
Sammy Blais,,,,24,6'2,205 lbs,St. Louis Blues,NHL,"Montmagny, QC",,,,,L,06/17/96,9.0,205.0,6.166666666666667
Jacob De La Rose,,,,25,6'3,214 lbs,St. Louis Blues,NHL,"Arvika, Sweden",,,,,L,05/20/95,61.0,214.0,6.25
Klim Kostin,,,,21,6'2,207 lbs,St. Louis Blues,NHL,"Penza, Russia",,,,,L,05/05/99,37.0,207.0,6.166666666666667
Mackenzie MacEachern,,,,26,6'3,205 lbs,St. Louis Blues,NHL,"Royal Oak, MI",,,,,L,03/09/94,28.0,205.0,6.25
David Perron,,,,32,6'0,200 lbs,St. Louis Blues,NHL,"Sherbrooke, QC",,,,,R,05/28/88,57.0,200.0,6.0
Zach Sanford,,,,25,6'4,207 lbs,St. Louis Blues,NHL,"Salem, MA",,,,,L,11/09/94,12.0,207.0,6.333333333333333
Jaden Schwartz,,,,28,5'10,188 lbs,St. Louis Blues,NHL,"Melfort, SK",,,,,L,06/25/92,17.0,188.0,5.833333333333333
Alexander Steen,,,,36,6'0,211 lbs,St. Louis Blues,NHL,"Winnipeg, MB",,,,,L,03/01/84,20.0,211.0,6.0
Troy Brouwer,,,,35,6'3,213 lbs,St. Louis Blues,NHL,"Vancouver, BC",,,,,R,08/17/85,36.0,213.0,6.25
Austin Poganski,,,,24,6'1,198 lbs,St. Louis Blues,NHL,"St. Cloud, MN",,,,,R,02/16/96,53.0,198.0,6.083333333333333
Vladimir Tarasenko,,,,28,6'0,219 lbs,St. Louis Blues,NHL,"Yaroslavl, USSR",,,,,L,12/13/91,91.0,219.0,6.0
Robert Bortuzzo,,,,31,6'4,221 lbs,St. Louis Blues,NHL,"Thunder Bay, ON",,,,,R,03/18/89,41.0,221.0,6.333333333333333
Jay Bouwmeester,,,,36,6'4,221 lbs,St. Louis Blues,NHL,"Edmonton, AB",,,,,L,09/27/83,19.0,221.0,6.333333333333333
Vince Dunn,,,,23,6'0,187 lbs,St. Louis Blues,NHL,"Lindsay, ON",,,,,L,10/29/96,29.0,187.0,6.0
Justin Faulk,,,,28,6'0,215 lbs,St. Louis Blues,NHL,"South St. Paul, MN",,,,,R,03/20/92,72.0,215.0,6.0
Carl Gunnarsson,,,,33,6'2,197 lbs,St. Louis Blues,NHL,"Orebro, Sweden",,,,,L,11/09/86,4.0,197.0,6.166666666666667
Niko Mikkola,,,,24,6'4,205 lbs,St. Louis Blues,NHL,--,,,,,L,04/27/96,77.0,205.0,6.333333333333333
Colton Parayko,,,,27,6'6,226 lbs,St. Louis Blues,NHL,"St. Albert, AB",,,,,R,05/12/93,55.0,226.0,6.5
Alex Pietrangelo,,,,30,6'3,205 lbs,St. Louis Blues,NHL,"King City, ON",,,,,R,01/18/90,27.0,205.0,6.25
Derrick Pouliot,,,,26,6'0,208 lbs,St. Louis Blues,NHL,"Estevan, SK",,,,,L,01/16/94,51.0,208.0,6.0
Marco Scandella,,,,30,6'3,205 lbs,St. Louis Blues,NHL,"Montreal, QC",,,,,L,02/23/90,6.0,205.0,6.25
Jake Walman,,,,24,6'1,202 lbs,St. Louis Blues,NHL,"Toronto, ON",,,,,L,02/20/96,46.0,202.0,6.083333333333333
Jake Allen,,,,30,6'2,203 lbs,St. Louis Blues,NHL,"Fredericton, NB",,,,,L,08/07/90,34.0,203.0,6.166666666666667
Jordan Binnington,,,,27,6'1,176 lbs,St. Louis Blues,NHL,"Richmond Hill, ON",,,,,L,07/11/93,50.0,176.0,6.083333333333333
Ville Husso,,,,25,6'3,205 lbs,St. Louis Blues,NHL,"Helsinki, Finland",,,,,L,02/06/95,35.0,205.0,6.25
Mason Appleton,,,,24,6'2,193 lbs,Winnipeg Jets,NHL,"Green Bay, WI",,,,,R,01/15/96,82.0,193.0,6.166666666666667
Andrew Copp,,,,26,6'1,206 lbs,Winnipeg Jets,NHL,"Ann Arbor, MI",,,,,L,07/08/94,9.0,206.0,6.083333333333333
Cody Eakin,,,,29,6'0,190 lbs,Winnipeg Jets,NHL,"Winnipeg, MB",,,,,L,05/24/91,20.0,190.0,6.0
David Gustafsson,,,,20,6'2,196 lbs,Winnipeg Jets,NHL,--,,,,,L,04/11/00,19.0,196.0,6.166666666666667
Jansen Harkins,,,,23,6'1,182 lbs,Winnipeg Jets,NHL,"Cleveland, OH",,,,,L,05/23/97,58.0,182.0,6.083333333333333
Mark Letestu,,,,35,5'10,197 lbs,Winnipeg Jets,NHL,"Elk Point, AB",,,,,R,02/04/85,22.0,197.0,5.833333333333333
Bryan Little,,,,32,6'0,191 lbs,Winnipeg Jets,NHL,"Edmonton, AB",,,,,R,11/12/87,18.0,191.0,6.0
Adam Lowry,,,,27,6'5,210 lbs,Winnipeg Jets,NHL,"St. Louis, MO",,,,,L,03/29/93,17.0,210.0,6.416666666666667
Mathieu Perreault,,,,32,5'10,188 lbs,Winnipeg Jets,NHL,"Drummondville, QC",,,,,L,01/05/88,85.0,188.0,5.833333333333333
Jack Roslovic,,,,23,6'1,182 lbs,Winnipeg Jets,NHL,"Columbus, OH",,,,,R,01/29/97,28.0,182.0,6.083333333333333
Mark Scheifele,,,,27,6'3,207 lbs,Winnipeg Jets,NHL,"Kitchener, ON",,,,,R,03/15/93,55.0,207.0,6.25
Nick Shore,,,,27,6'1,194 lbs,Winnipeg Jets,NHL,"Denver, CO",,,,,R,09/26/92,21.0,194.0,6.083333333333333
Gabriel Bourque,,,,29,5'10,206 lbs,Winnipeg Jets,NHL,"Rimouski, QC",,,,,L,09/23/90,57.0,206.0,5.833333333333333
Kyle Connor,,,,23,6'1,182 lbs,Winnipeg Jets,NHL,"Clinton Township, MI",,,,,L,12/09/96,81.0,182.0,6.083333333333333
Nikolaj Ehlers,,,,24,6'0,172 lbs,Winnipeg Jets,NHL,"Aalborg, Denmark",,,,,L,02/13/96,27.0,172.0,6.0
Patrik Laine,,,,22,6'4,206 lbs,Winnipeg Jets,NHL,"Tampere, Finland",,,,,R,04/19/98,29.0,206.0,6.333333333333333
Logan Shaw,,,,27,6'3,208 lbs,Winnipeg Jets,NHL,"Glace Bay, NS",,,,,R,10/05/92,38.0,208.0,6.25
Blake Wheeler,,,,33,6'5,225 lbs,Winnipeg Jets,NHL,"Robbinsdale, MN",,,,,R,08/31/86,26.0,225.0,6.416666666666667
Nathan Beaulieu,,,,27,6'2,205 lbs,Winnipeg Jets,NHL,"Strathroy, ON",,,,,L,12/05/92,88.0,205.0,6.166666666666667
Anthony Bitetto,,,,30,6'1,210 lbs,Winnipeg Jets,NHL,"Island Park, NY",,,,,L,07/15/90,2.0,210.0,6.083333333333333
Carl Dahlstrom,,,,25,6'4,231 lbs,Winnipeg Jets,NHL,"Stockholm, Sweden",,,,,L,01/28/95,23.0,231.0,6.333333333333333
Dylan DeMelo,,,,27,6'1,195 lbs,Winnipeg Jets,NHL,"London, ON",,,,,R,05/01/93,12.0,195.0,6.083333333333333
Dmitry Kulikov,,,,29,6'1,204 lbs,Winnipeg Jets,NHL,"Lipetsk, USSR",,,,,L,10/29/90,7.0,204.0,6.083333333333333
Josh Morrissey,,,,25,6'0,195 lbs,Winnipeg Jets,NHL,"Calgary, AB",,,,,L,03/28/95,44.0,195.0,6.0
Sami Niku,,,,23,6'0,176 lbs,Winnipeg Jets,NHL,--,,,,,L,10/10/96,8.0,176.0,6.0
Nelson Nogier,,,,24,6'2,191 lbs,Winnipeg Jets,NHL,"Saskatoon, SK",,,,,R,05/27/96,62.0,191.0,6.166666666666667
Neal Pionk,,,,25,6'0,186 lbs,Winnipeg Jets,NHL,--,,,,,R,07/29/95,4.0,186.0,6.0
Tucker Poolman,,,,27,6'3,210 lbs,Winnipeg Jets,NHL,"Dubuque, IA",,,,,R,06/08/93,3.0,210.0,6.25
Luca Sbisa,,,,30,6'2,198 lbs,Winnipeg Jets,NHL,"Ozleri, Italy",,,,,L,01/30/90,5.0,198.0,6.166666666666667
Mikhail Berdin,,,,22,6'2,163 lbs,Winnipeg Jets,NHL,"Ufa, Russia",,,,,L,03/01/98,60.0,163.0,6.166666666666667
Laurent Brossoit,,,,27,6'3,204 lbs,Winnipeg Jets,NHL,"Port Alberni, BC",,,,,L,03/23/93,30.0,204.0,6.25
Eric Comrie,,,,25,6'1,180 lbs,Winnipeg Jets,NHL,"Edmonton, AB",,,,,L,07/06/95,34.0,180.0,6.083333333333333
Connor Hellebuyck,,,,27,6'4,207 lbs,Winnipeg Jets,NHL,"Commerce, MI",,,,,L,05/19/93,37.0,207.0,6.333333333333333
Clark Bishop,,,,24,6'0,194 lbs,Carolina Hurricanes,NHL,"St. John's, NF",,,,,L,03/29/96,64.0,194.0,6.0
Morgan Geekie,,,,22,6'3,192 lbs,Carolina Hurricanes,NHL,--,,,,,R,07/20/98,43.0,192.0,6.25
Martin Necas,,,,21,6'1,178 lbs,Carolina Hurricanes,NHL,"Nove Mesto na Morave, Czech Republic",,,,,R,01/15/99,88.0,178.0,6.083333333333333
Jordan Staal,,,,31,6'4,220 lbs,Carolina Hurricanes,NHL,"Thunder Bay, ON",,,,,L,09/10/88,11.0,220.0,6.333333333333333
Vincent Trocheck,,,,27,5'10,182 lbs,Carolina Hurricanes,NHL,"Pittsburgh, PA",,,,,R,07/11/93,16.0,182.0,5.833333333333333
Sebastian Aho,,,,23,5'11,172 lbs,Carolina Hurricanes,NHL,"Rauma, Finland",,,,,L,07/26/97,20.0,172.0,5.916666666666667
Ryan Dzingel,,,,28,6'0,190 lbs,Carolina Hurricanes,NHL,"Wheaton, IL",,,,,L,03/09/92,18.0,190.0,6.0
Warren Foegele,,,,24,6'2,190 lbs,Carolina Hurricanes,NHL,"Markham, ON",,,,,L,04/01/96,13.0,190.0,6.166666666666667
Steven Lorentz,,,,24,6'4,206 lbs,Carolina Hurricanes,NHL,"Kitchener, ON",,,,,L,04/13/96,78.0,206.0,6.333333333333333
Jordan Martinook,,,,28,6'0,202 lbs,Carolina Hurricanes,NHL,"Brandon, MB",,,,,L,07/25/92,48.0,202.0,6.0
Max McCormick,,,,28,5'11,188 lbs,Carolina Hurricanes,NHL,"De Pere, WI",,,,,L,05/01/92,28.0,188.0,5.916666666666667
Brock McGinn,,,,26,6'0,185 lbs,Carolina Hurricanes,NHL,"Fergus, ON",,,,,L,02/02/94,23.0,185.0,6.0
Teuvo Teravainen,,,,25,5'11,178 lbs,Carolina Hurricanes,NHL,"Helsinki, Finland",,,,,L,09/11/94,86.0,178.0,5.916666666666667
Nino Niederreiter,,,,27,6'2,210 lbs,Carolina Hurricanes,NHL,"Chur, Switzerland",,,,,L,09/08/92,21.0,210.0,6.166666666666667
Andrei Svechnikov,,,,20,6'2,188 lbs,Carolina Hurricanes,NHL,"Barnaul, Russia",,,,,L,03/26/00,37.0,188.0,6.166666666666667
Justin Williams,,,,38,6'1,186 lbs,Carolina Hurricanes,NHL,"Cobourg, ON",,,,,R,10/04/81,14.0,186.0,6.083333333333333
Jake Bean,,,,22,6'1,186 lbs,Carolina Hurricanes,NHL,"Calgary, AB",,,,,L,06/09/98,24.0,186.0,6.083333333333333
Joel Edmundson,,,,27,6'4,220 lbs,Carolina Hurricanes,NHL,"Brandon, MB",,,,,L,06/28/93,6.0,220.0,6.333333333333333
Haydn Fleury,,,,24,6'3,208 lbs,Carolina Hurricanes,NHL,"Carlyle, SK",,,,,L,07/08/96,4.0,208.0,6.25
Jake Gardiner,,,,30,6'2,190 lbs,Carolina Hurricanes,NHL,"Deephaven, MN",,,,,L,07/04/90,51.0,190.0,6.166666666666667
Dougie Hamilton,,,,27,6'6,225 lbs,Carolina Hurricanes,NHL,"Toronto, ON",,,,,R,06/17/93,19.0,225.0,6.5
Roland McKeown,,,,24,6'1,195 lbs,Carolina Hurricanes,NHL,"Listowel, ON",,,,,R,01/20/96,55.0,195.0,6.083333333333333
Brett Pesce,,,,25,6'3,200 lbs,Carolina Hurricanes,NHL,"Tarrytown, NY",,,,,R,11/15/94,22.0,200.0,6.25
Brady Skjei,,,,26,6'3,210 lbs,Carolina Hurricanes,NHL,"Lakeville, MN",,,,,L,03/26/94,76.0,210.0,6.25
Jaccob Slavin,,,,26,6'2,205 lbs,Carolina Hurricanes,NHL,"Denver, CO",,,,,L,05/01/94,74.0,205.0,6.166666666666667
Sami Vatanen,,,,29,5'10,183 lbs,Carolina Hurricanes,NHL,"Jyvaskyla, Finland",,,,,R,06/03/91,45.0,183.0,5.833333333333333
Trevor van Riemsdyk,,,,29,6'2,188 lbs,Carolina Hurricanes,NHL,"Middletown, NJ",,,,,R,07/24/91,57.0,188.0,6.166666666666667
Anton Forsberg,,,,27,6'3,192 lbs,Carolina Hurricanes,NHL,"Harnosand, Sweden",,,,,L,11/27/92,31.0,192.0,6.25
Petr Mrazek,,,,28,6'2,183 lbs,Carolina Hurricanes,NHL,"Ostrava, Czechoslovakia",,,,,L,02/14/92,34.0,183.0,6.166666666666667
Alex Nedeljkovic,,,,24,6'0,201 lbs,Carolina Hurricanes,NHL,"Parma, OH",,,,,L,01/07/96,39.0,201.0,6.0
James Reimer,,,,32,6'2,217 lbs,Carolina Hurricanes,NHL,"Winnipeg, MB",,,,,L,03/15/88,47.0,217.0,6.166666666666667
Emil Bemstrom,,,,21,5'11,177 lbs,Columbus Blue Jackets,NHL,"Nykoping, Sweden",,,,,R,06/01/99,52.0,177.0,5.916666666666667
Brandon Dubinsky,,,,34,6'2,216 lbs,Columbus Blue Jackets,NHL,"Anchorage, AK",,,,,L,04/29/86,17.0,216.0,6.166666666666667
Pierre-Luc Dubois,,,,22,6'2,207 lbs,Columbus Blue Jackets,NHL,"Ste-Agathe-des-Monts, QC",,,,,L,06/24/98,18.0,207.0,6.166666666666667
Liam Foudy,,,,20,6'0,175 lbs,Columbus Blue Jackets,NHL,"Toronto, ON",,,,,L,02/04/00,19.0,175.0,6.0
Boone Jenner,,,,27,6'2,215 lbs,Columbus Blue Jackets,NHL,"Dorchester, ON",,,,,L,06/15/93,38.0,215.0,6.166666666666667
Stefan Matteau,,,,26,6'2,220 lbs,Columbus Blue Jackets,NHL,"Chicago, IL",,,,,L,02/23/94,23.0,220.0,6.166666666666667
Riley Nash,,,,31,6'1,200 lbs,Columbus Blue Jackets,NHL,"Consort, AB",,,,,R,05/09/89,20.0,200.0,6.083333333333333
Gustav Nyquist,,,,30,5'11,183 lbs,Columbus Blue Jackets,NHL,"Halmstad, Sweden",,,,,L,09/01/89,14.0,183.0,5.916666666666667
Devin Shore,,,,26,6'1,205 lbs,Columbus Blue Jackets,NHL,"Ajax, ON",,,,,L,07/19/94,74.0,205.0,6.083333333333333
Kevin Stenlund,,,,23,6'4,209 lbs,Columbus Blue Jackets,NHL,"Huddinge, Sweden",,,,,R,09/20/96,11.0,209.0,6.333333333333333
Alexandre Texier,,,,20,6'0,187 lbs,Columbus Blue Jackets,NHL,"St. Martin D'Heres, France",,,,,L,09/13/99,42.0,187.0,6.0
Alexander Wennberg,,,,25,6'1,197 lbs,Columbus Blue Jackets,NHL,"Stockholm, Sweden",,,,,L,09/22/94,10.0,197.0,6.083333333333333
Nick Foligno,,,,32,6'0,210 lbs,Columbus Blue Jackets,NHL,"Buffalo, NY",,,,,L,10/31/87,71.0,210.0,6.0
Nathan Gerbe,,,,33,5'4,169 lbs,Columbus Blue Jackets,NHL,"Oxford, MI",,,,,L,07/24/87,24.0,169.0,5.333333333333333
Eric Robinson,,,,25,6'2,200 lbs,Columbus Blue Jackets,NHL,"Bellmawr, NJ",,,,,L,06/14/95,50.0,200.0,6.166666666666667
Josh Anderson,,,,26,6'3,221 lbs,Columbus Blue Jackets,NHL,"Burlington, ON",,,,,R,05/07/94,77.0,221.0,6.25
Cam Atkinson,,,,31,5'8,180 lbs,Columbus Blue Jackets,NHL,"Riverside, CT",,,,,R,06/05/89,13.0,180.0,5.666666666666667
Oliver Bjorkstrand,,,,25,6'0,177 lbs,Columbus Blue Jackets,NHL,"Herning, Denmark",,,,,R,04/10/95,28.0,177.0,6.0
Gabriel Carlsson,,,,23,6'5,192 lbs,Columbus Blue Jackets,NHL,"Orebro, Sweden",,,,,L,01/02/97,53.0,192.0,6.416666666666667
Adam Clendening,,,,27,6'0,190 lbs,Columbus Blue Jackets,NHL,"Niagara Falls, NY",,,,,R,10/26/92,6.0,190.0,6.0
Vladislav Gavrikov,,,,24,6'3,205 lbs,Columbus Blue Jackets,NHL,"Yaroslavl, Russia",,,,,L,11/21/95,44.0,205.0,6.25
Scott Harrington,,,,27,6'2,216 lbs,Columbus Blue Jackets,NHL,"Kingston, ON",,,,,L,03/10/93,4.0,216.0,6.166666666666667
Seth Jones,,,,25,6'4,208 lbs,Columbus Blue Jackets,NHL,"Arlington, TX",,,,,R,10/03/94,3.0,208.0,6.333333333333333
Dean Kukan,,,,27,6'2,198 lbs,Columbus Blue Jackets,NHL,"Volketwil, Switzerland",,,,,L,07/08/93,46.0,198.0,6.166666666666667
Ryan Murray,,,,26,6'1,208 lbs,Columbus Blue Jackets,NHL,"Regina, SK",,,,,L,09/27/93,27.0,208.0,6.083333333333333
Markus Nutivaara,,,,26,6'0,185 lbs,Columbus Blue Jackets,NHL,"Oulu, Finland",,,,,L,06/06/94,65.0,185.0,6.0
Andrew Peeke,,,,22,6'3,194 lbs,Columbus Blue Jackets,NHL,--,,,,,R,03/17/98,2.0,194.0,6.25
David Savard,,,,29,6'2,227 lbs,Columbus Blue Jackets,NHL,"St. Hyacinthe, QC",,,,,R,10/22/90,58.0,227.0,6.166666666666667
Zach Werenski,,,,23,6'2,209 lbs,Columbus Blue Jackets,NHL,"Grosse Pointe, MI",,,,,L,07/19/97,8.0,209.0,6.166666666666667
Matiss Kivlenieks,,,,24,6'2,184 lbs,Columbus Blue Jackets,NHL,"Riga, Latvia",,,,,L,08/26/96,80.0,184.0,6.166666666666667
Joonas Korpisalo,,,,26,6'3,182 lbs,Columbus Blue Jackets,NHL,"Pori, Finland",,,,,L,04/28/94,70.0,182.0,6.25
Elvis Merzlikins,,,,26,6'3,183 lbs,Columbus Blue Jackets,NHL,"Riga, Latvia",,,,,L,04/13/94,90.0,183.0,6.25
John Hayden,,,,25,6'3,210 lbs,New Jersey Devils,NHL,"Chicago, IL",,,,,R,02/14/95,15.0,210.0,6.25
Nico Hischier,,,,21,6'1,175 lbs,New Jersey Devils,NHL,"Naters, Switzerland",,,,,L,01/04/99,13.0,175.0,6.083333333333333
Jack Hughes,,,,19,5'10,170 lbs,New Jersey Devils,NHL,"Orlando, FL",,,,,L,05/14/01,86.0,170.0,5.833333333333333
Janne Kuokkanen,,,,22,6'1,193 lbs,New Jersey Devils,NHL,"Oulunsalo, Finland",,,,,L,05/25/98,59.0,193.0,6.083333333333333
Michael McLeod,,,,22,6'2,188 lbs,New Jersey Devils,NHL,"Mississauga, ON",,,,,R,02/03/98,41.0,188.0,6.166666666666667
Kevin Rooney,,,,27,6'2,190 lbs,New Jersey Devils,NHL,"Canton, MA",,,,,L,05/21/93,16.0,190.0,6.166666666666667
Pavel Zacha,,,,23,6'3,210 lbs,New Jersey Devils,NHL,"Brno, Czech Republic",,,,,L,04/06/97,37.0,210.0,6.25
Travis Zajac,,,,35,6'2,185 lbs,New Jersey Devils,NHL,"Winnipeg, MB",,,,,R,05/13/85,19.0,185.0,6.166666666666667
Jesper Bratt,,,,22,5'10,175 lbs,New Jersey Devils,NHL,"Stockholm, Sweden",,,,,L,07/30/98,63.0,175.0,5.833333333333333
Nikita Gusev,,,,28,5'10,181 lbs,New Jersey Devils,NHL,"Moscow, Russia",,,,,L,07/08/92,97.0,181.0,5.833333333333333
Miles Wood,,,,24,6'2,215 lbs,New Jersey Devils,NHL,"Buffalo, NY",,,,,L,09/13/95,44.0,215.0,6.166666666666667
Joey Anderson,,,,22,5'11,190 lbs,New Jersey Devils,NHL,"Roseville, MN",,,,,R,06/19/98,14.0,190.0,5.916666666666667
Kyle Palmieri,,,,29,5'11,185 lbs,New Jersey Devils,NHL,"Smithtown, NY",,,,,R,02/01/91,21.0,185.0,5.916666666666667
Will Butcher,,,,25,5'10,191 lbs,New Jersey Devils,NHL,"Madison, WI",,,,,L,01/06/95,8.0,191.0,5.833333333333333
Connor Carrick,,,,26,5'10,191 lbs,New Jersey Devils,NHL,"Orland Park, IL",,,,,R,04/13/94,5.0,191.0,5.833333333333333
Fredrik Claesson,,,,27,6'1,196 lbs,New Jersey Devils,NHL,"Stockholm, Sweden",,,,,L,11/24/92,33.0,196.0,6.083333333333333
Dakota Mermis,,,,26,6'0,195 lbs,New Jersey Devils,NHL,"Alton, IL",,,,,L,01/05/94,32.0,195.0,6.0
Mirco Mueller,,,,25,6'3,210 lbs,New Jersey Devils,NHL,"Winterthur, Switzerland",,,,,L,03/21/95,25.0,210.0,6.25
Damon Severson,,,,26,6'2,205 lbs,New Jersey Devils,NHL,"Brandon, MB",,,,,R,08/07/94,28.0,205.0,6.166666666666667
P.K. Subban,,,,31,6'0,210 lbs,New Jersey Devils,NHL,"Toronto, ON",,,,,R,05/13/89,76.0,210.0,6.0
Matt Tennyson,,,,30,6'2,205 lbs,New Jersey Devils,NHL,"Minneapolis, MN",,,,,R,04/23/90,7.0,205.0,6.166666666666667
Mackenzie Blackwood,,,,23,6'4,225 lbs,New Jersey Devils,NHL,"Thunder Bay, ON",,,,,L,12/09/96,29.0,225.0,6.333333333333333
Cory Schneider,,,,34,6'2,205 lbs,New Jersey Devils,NHL,"Marblehead, MA",,,,,L,03/18/86,35.0,205.0,6.166666666666667
Mathew Barzal,,,,23,6'0,182 lbs,New York Islanders,NHL,"Coquitlam, BC",,,,,R,05/26/97,13.0,182.0,6.0
Derick Brassard,,,,32,6'1,205 lbs,New York Islanders,NHL,"Hull, QC",,,,,L,09/22/87,10.0,205.0,6.083333333333333
Casey Cizikas,,,,29,5'10,201 lbs,New York Islanders,NHL,"Toronto, ON",,,,,L,02/27/91,53.0,201.0,5.833333333333333
Leo Komarov,,,,33,5'11,200 lbs,New York Islanders,NHL,"Narva, USSR",,,,,L,01/23/87,47.0,200.0,5.916666666666667
Brock Nelson,,,,28,6'3,213 lbs,New York Islanders,NHL,"Minneapolis, MN",,,,,L,10/15/91,29.0,213.0,6.25
Jean-Gabriel Pageau,,,,27,5'10,180 lbs,New York Islanders,NHL,"Ottawa, ON",,,,,R,11/11/92,44.0,180.0,5.833333333333333
Josh Bailey,,,,30,6'1,211 lbs,New York Islanders,NHL,"Oshawa, ON",,,,,L,10/02/89,12.0,211.0,6.083333333333333
Anthony Beauvillier,,,,23,5'11,170 lbs,New York Islanders,NHL,"Sorel-Tracy, QC",,,,,L,06/08/97,18.0,170.0,5.916666666666667
Michael Dal Colle,,,,24,6'3,198 lbs,New York Islanders,NHL,"Richmond Hill, ON",,,,,L,06/20/96,28.0,198.0,6.25
Ross Johnston,,,,26,6'5,232 lbs,New York Islanders,NHL,"Charlottetown, PE",,,,,L,02/18/94,32.0,232.0,6.416666666666667
Otto Koivula,,,,21,6'4,219 lbs,New York Islanders,NHL,--,,,,,L,09/01/98,21.0,219.0,6.333333333333333
Andrew Ladd,,,,34,6'1,194 lbs,New York Islanders,NHL,"Maple Ridge, BC",,,,,L,12/12/85,16.0,194.0,6.083333333333333
Anders Lee,,,,30,6'3,221 lbs,New York Islanders,NHL,"St. Paul, MN",,,,,L,07/03/90,27.0,221.0,6.25
Matt Martin,,,,31,6'3,220 lbs,New York Islanders,NHL,"Windsor, ON",,,,,L,05/08/89,17.0,220.0,6.25
Cal Clutterbuck,,,,32,5'11,218 lbs,New York Islanders,NHL,"Welland, ON",,,,,R,11/18/87,15.0,218.0,5.916666666666667
Jordan Eberle,,,,30,5'11,184 lbs,New York Islanders,NHL,"Regina, SK",,,,,R,05/15/90,7.0,184.0,5.916666666666667
Tom Kuhnhackl,,,,28,6'2,196 lbs,New York Islanders,NHL,"Landshut, Germany",,,,,L,01/21/92,14.0,196.0,6.166666666666667
Sebastian Aho,,,,24,5'11,177 lbs,New York Islanders,NHL,"Umea, Sweden",,,,,L,02/17/96,38.0,177.0,5.916666666666667
Johnny Boychuk,,,,36,6'2,226 lbs,New York Islanders,NHL,"Edmonton, AB",,,,,R,01/19/84,55.0,226.0,6.166666666666667
Noah Dobson,,,,20,6'3,180 lbs,New York Islanders,NHL,"Summerside, PE",,,,,R,01/07/00,8.0,180.0,6.25
Andy Greene,,,,37,5'11,190 lbs,New York Islanders,NHL,"Trenton, MI",,,,,L,10/30/82,4.0,190.0,5.916666666666667
Thomas Hickey,,,,31,6'0,190 lbs,New York Islanders,NHL,"Calgary, AB",,,,,L,02/08/89,34.0,190.0,6.0
Nick Leddy,,,,29,6'0,200 lbs,New York Islanders,NHL,"Eden Prairie, MN",,,,,L,03/20/91,2.0,200.0,6.0
Scott Mayfield,,,,27,6'4,224 lbs,New York Islanders,NHL,"St. Louis, MO",,,,,R,10/14/92,24.0,224.0,6.333333333333333
Adam Pelech,,,,26,6'3,210 lbs,New York Islanders,NHL,"Toronto, ON",,,,,L,08/16/94,3.0,210.0,6.25
Ryan Pulock,,,,25,6'2,215 lbs,New York Islanders,NHL,"Dauphin, MB",,,,,R,10/06/94,6.0,215.0,6.166666666666667
Devon Toews,,,,26,6'1,191 lbs,New York Islanders,NHL,"Abbotsford, BC",,,,,L,02/21/94,25.0,191.0,6.083333333333333
Christopher Gibson,,,,27,6'1,195 lbs,New York Islanders,NHL,"Karkkila, Finland",,,,,L,12/27/92,33.0,195.0,6.083333333333333
Thomas Greiss,,,,34,6'1,220 lbs,New York Islanders,NHL,"Fussen, West Germany",,,,,L,01/29/86,1.0,220.0,6.083333333333333
Semyon Varlamov,,,,32,6'2,209 lbs,New York Islanders,NHL,"Kuybyshev,",,,,,L,04/27/88,40.0,209.0,6.166666666666667
Filip Chytil,,,,20,6'2,206 lbs,New York Rangers,NHL,"Kromerlz, Czech Republic",,,,,L,09/05/99,72.0,206.0,6.166666666666667
Steven Fogarty,,,,27,6'3,208 lbs,New York Rangers,NHL,"Chambersburg, PA",,,,,R,04/19/93,29.0,208.0,6.25
Micheal Haley,,,,34,5'11,205 lbs,New York Rangers,NHL,"Oshawa, ON",,,,,L,03/30/86,38.0,205.0,5.916666666666667
Brett Howden,,,,22,6'3,197 lbs,New York Rangers,NHL,"Calgary, AB",,,,,L,03/29/98,21.0,197.0,6.25
Vinni Lettieri,,,,25,5'11,185 lbs,New York Rangers,NHL,"Excelsior, MN",,,,,R,02/06/95,95.0,185.0,5.916666666666667
Greg McKegg,,,,28,6'0,191 lbs,New York Rangers,NHL,"St. Thomas, ON",,,,,L,06/17/92,14.0,191.0,6.0
Ryan Strome,,,,27,6'1,193 lbs,New York Rangers,NHL,"Mississauga, ON",,,,,R,07/11/93,16.0,193.0,6.083333333333333
Mika Zibanejad,,,,27,6'2,208 lbs,New York Rangers,NHL,"Stockholm, Sweden",,,,,R,04/18/93,93.0,208.0,6.166666666666667
Pavel Buchnevich,,,,25,6'3,196 lbs,New York Rangers,NHL,"Cherepovets, Russia",,,,,L,04/17/95,89.0,196.0,6.25
Phil Di Giuseppe,,,,26,6'0,193 lbs,New York Rangers,NHL,"Toronto, ON",,,,,L,10/09/93,33.0,193.0,6.0
Tim Gettinger,,,,22,6'6,218 lbs,New York Rangers,NHL,"Cleveland, OH",,,,,L,04/14/98,26.0,218.0,6.5
Chris Kreider,,,,29,6'3,216 lbs,New York Rangers,NHL,"Boxford, MA",,,,,L,04/30/91,20.0,216.0,6.25
Brendan Lemieux,,,,24,6'1,210 lbs,New York Rangers,NHL,"Denver, CO",,,,,L,03/15/96,48.0,210.0,6.083333333333333
Artemi Panarin,,,,28,5'11,170 lbs,New York Rangers,NHL,"Korkino,",,,,,R,10/30/91,10.0,170.0,5.916666666666667
Jesper Fast,,,,28,6'1,192 lbs,New York Rangers,NHL,"Nassjo, Sweden",,,,,R,12/02/91,17.0,192.0,6.083333333333333
Julien Gauthier,,,,22,6'4,226 lbs,New York Rangers,NHL,"Pointe-Aux-Trembles, QC",,,,,R,10/15/97,12.0,226.0,6.333333333333333
Kaapo Kakko,,,,19,6'3,199 lbs,New York Rangers,NHL,"Turku, Finland",,,,,L,02/13/01,24.0,199.0,6.25
Brandon Crawley,,,,23,6'1,202 lbs,New York Rangers,NHL,"Ridgewood, NJ",,,,,L,02/02/97,46.0,202.0,6.083333333333333
Tony DeAngelo,,,,24,5'11,180 lbs,New York Rangers,NHL,"Sewell, NJ",,,,,R,10/24/95,77.0,180.0,5.916666666666667
Adam Fox,,,,22,5'11,181 lbs,New York Rangers,NHL,"Jericho, NY",,,,,R,02/17/98,23.0,181.0,5.916666666666667
Libor Hajek,,,,22,6'2,204 lbs,New York Rangers,NHL,"Smrcek, Czech Republic",,,,,L,02/04/98,25.0,204.0,6.166666666666667
Vitali Kravtsov,,,,20,6'3,189 lbs,New York Rangers,NHL,--,,,,,R,12/23/99,74.0,189.0,6.25
Ryan Lindgren,,,,22,6'0,191 lbs,New York Rangers,NHL,"Burnsville, MN",,,,,L,02/11/98,55.0,191.0,6.0
Darren Raddysh,,,,24,6'1,200 lbs,New York Rangers,NHL,"Caledon, ON",,,,,R,02/28/96,44.0,200.0,6.083333333333333
Brendan Smith,,,,31,6'2,200 lbs,New York Rangers,NHL,"Toronto, ON",,,,,L,02/08/89,42.0,200.0,6.166666666666667
Marc Staal,,,,33,6'4,209 lbs,New York Rangers,NHL,"Thunder Bay, ON",,,,,L,01/13/87,18.0,209.0,6.333333333333333
Jacob Trouba,,,,26,6'3,209 lbs,New York Rangers,NHL,"Rochester, MI",,,,,R,02/26/94,8.0,209.0,6.25
Alexandar Georgiev,,,,24,6'1,179 lbs,New York Rangers,NHL,"Moscow, Russia",,,,,L,02/10/96,40.0,179.0,6.083333333333333
Henrik Lundqvist,,,,38,6'1,182 lbs,New York Rangers,NHL,"Are, Sweden",,,,,L,03/02/82,30.0,182.0,6.083333333333333
Igor Shesterkin,,,,24,6'2,182 lbs,New York Rangers,NHL,"Moscow, Russia",,,,,L,12/30/95,31.0,182.0,6.166666666666667
Andy Andreoff,,,,29,6'1,203 lbs,Philadelphia Flyers,NHL,"Pickering, ON",,,,,L,05/17/91,10.0,203.0,6.083333333333333
Connor Bunnaman,,,,22,6'1,207 lbs,Philadelphia Flyers,NHL,"Guelph, ON",,,,,L,04/16/98,82.0,207.0,6.083333333333333
Sean Couturier,,,,27,6'3,211 lbs,Philadelphia Flyers,NHL,"Phoenix, AZ",,,,,L,12/07/92,14.0,211.0,6.25
Morgan Frost,,,,21,5'11,170 lbs,Philadelphia Flyers,NHL,"Aurora, ON",,,,,L,05/14/99,48.0,170.0,5.916666666666667
Derek Grant,,,,30,6'3,215 lbs,Philadelphia Flyers,NHL,"Abbotsford, BC",,,,,L,04/20/90,38.0,215.0,6.25
Kevin Hayes,,,,28,6'5,216 lbs,Philadelphia Flyers,NHL,"Boston, MA",,,,,L,05/08/92,13.0,216.0,6.416666666666667
Travis Konecny,,,,23,5'10,184 lbs,Philadelphia Flyers,NHL,"London, ON",,,,,R,03/11/97,11.0,184.0,5.833333333333333
Scott Laughton,,,,26,6'1,190 lbs,Philadelphia Flyers,NHL,"Oakville, ON",,,,,L,05/30/94,21.0,190.0,6.083333333333333
Nolan Patrick,,,,21,6'2,199 lbs,Philadelphia Flyers,NHL,"Winnipeg, MB",,,,,R,09/19/98,19.0,199.0,6.166666666666667
Nate Thompson,,,,35,6'0,212 lbs,Philadelphia Flyers,NHL,"Anchorage, AK",,,,,L,10/05/84,44.0,212.0,6.0
Joel Farabee,,,,20,6'0,164 lbs,Philadelphia Flyers,NHL,"Cicero, NY",,,,,L,02/25/00,49.0,164.0,6.0
Claude Giroux,,,,32,5'11,185 lbs,Philadelphia Flyers,NHL,"Hearst, ON",,,,,R,01/12/88,28.0,185.0,5.916666666666667
Oskar Lindblom,,,,24,6'2,192 lbs,Philadelphia Flyers,NHL,"Gavle, Sweden",,,,,L,08/15/96,23.0,192.0,6.166666666666667
Michael Raffl,,,,31,6'0,200 lbs,Philadelphia Flyers,NHL,"Villach, Austria",,,,,L,12/01/88,12.0,200.0,6.0
James van Riemsdyk,,,,31,6'3,200 lbs,Philadelphia Flyers,NHL,"Middletown, NJ",,,,,L,05/04/89,25.0,200.0,6.25
Nicolas Aube-Kubel,,,,24,5'11,190 lbs,Philadelphia Flyers,NHL,"Slave Lake, AB",,,,,R,05/10/96,62.0,190.0,5.916666666666667
Tyler Pitlick,,,,28,6'2,202 lbs,Philadelphia Flyers,NHL,"Minneapolis, MN",,,,,R,11/01/91,18.0,202.0,6.166666666666667
Jakub Voracek,,,,31,6'2,214 lbs,Philadelphia Flyers,NHL,"Kladno, Czechoslovakia",,,,,L,08/15/89,93.0,214.0,6.166666666666667
Justin Braun,,,,33,6'2,205 lbs,Philadelphia Flyers,NHL,"St. Paul, MN",,,,,R,02/10/87,61.0,205.0,6.166666666666667
Mark Friedman,,,,24,5'11,185 lbs,Philadelphia Flyers,NHL,"Toronto, ON",,,,,R,12/25/95,59.0,185.0,5.916666666666667
Shayne Gostisbehere,,,,27,5'11,186 lbs,Philadelphia Flyers,NHL,"Pembroke Pines, FL",,,,,L,04/20/93,53.0,186.0,5.916666666666667
Robert Hagg,,,,25,6'2,204 lbs,Philadelphia Flyers,NHL,"Uppsala, Sweden",,,,,L,02/08/95,8.0,204.0,6.166666666666667
Samuel Morin,,,,25,6'7,227 lbs,Philadelphia Flyers,NHL,"Lac-Beauport, QC",,,,,L,07/12/95,55.0,227.0,6.583333333333333
Philippe Myers,,,,23,6'5,210 lbs,Philadelphia Flyers,NHL,"Moncton, NB",,,,,R,01/25/97,5.0,210.0,6.416666666666667
Matt Niskanen,,,,33,6'1,200 lbs,Philadelphia Flyers,NHL,"Virginia, MN",,,,,R,12/06/86,15.0,200.0,6.083333333333333
Ivan Provorov,,,,23,6'0,203 lbs,Philadelphia Flyers,NHL,"Yaroslavl, Russia",,,,,L,01/13/97,9.0,203.0,6.0
Travis Sanheim,,,,24,6'3,181 lbs,Philadelphia Flyers,NHL,"Elkhorn, MB",,,,,L,03/29/96,6.0,181.0,6.25
Andy Welinski,,,,27,6'1,206 lbs,Philadelphia Flyers,NHL,"Duluth, MN",,,,,R,04/27/93,3.0,206.0,6.083333333333333
Egor Zamula,,,,20,6'3,177 lbs,Philadelphia Flyers,NHL,"Chelyabinsk, Russia",,,,,L,03/30/00,54.0,177.0,6.25
Brian Elliott,,,,35,6'2,212 lbs,Philadelphia Flyers,NHL,"Newmarket, ON",,,,,L,04/09/85,37.0,212.0,6.166666666666667
Carter Hart,,,,22,6'2,180 lbs,Philadelphia Flyers,NHL,"Sherwood Park, AB",,,,,L,08/13/98,79.0,180.0,6.166666666666667
Alex Lyon,,,,27,6'1,201 lbs,Philadelphia Flyers,NHL,"Baudette, MN",,,,,L,12/09/92,34.0,201.0,6.083333333333333
Kirill Ustimenko,,,,21,6'3,187 lbs,Philadelphia Flyers,NHL,"Gomel, Belarus",,,,,L,01/29/99,67.0,187.0,6.25
Anthony Angello,,,,24,6'5,210 lbs,Pittsburgh Penguins,NHL,"Albany, NY",,,,,R,03/06/96,57.0,210.0,6.416666666666667
Zach Aston-Reese,,,,26,6'0,204 lbs,Pittsburgh Penguins,NHL,"Staten Island, NY",,,,,L,08/10/94,46.0,204.0,6.0
Nick Bjugstad,,,,28,6'6,218 lbs,Pittsburgh Penguins,NHL,"Minneapolis, MN",,,,,R,07/17/92,27.0,218.0,6.5
Teddy Blueger,,,,26,6'0,195 lbs,Pittsburgh Penguins,NHL,"Riga, Latvia",,,,,L,08/15/94,53.0,195.0,6.0
Sidney Crosby,,,,33,5'11,200 lbs,Pittsburgh Penguins,NHL,"Cole Harbour, NS",,,,,L,08/07/87,87.0,200.0,5.916666666666667
Jake Guentzel,,,,25,5'11,180 lbs,Pittsburgh Penguins,NHL,"Omaha, NE",,,,,L,10/06/94,59.0,180.0,5.916666666666667
Adam Johnson,,,,26,6'0,174 lbs,Pittsburgh Penguins,NHL,"Hibbing, MN",,,,,L,06/22/94,47.0,174.0,6.0
Sam Lafferty,,,,25,6'0,187 lbs,Pittsburgh Penguins,NHL,"Hollidaysburg, PA",,,,,R,03/06/95,37.0,187.0,6.0
Evgeni Malkin,,,,34,6'3,195 lbs,Pittsburgh Penguins,NHL,"Magnitogorsk, USSR",,,,,L,07/31/86,71.0,195.0,6.25
Patrick Marleau,,,,40,6'2,215 lbs,Pittsburgh Penguins,NHL,"Aneroid, SK",,,,,L,09/15/79,12.0,215.0,6.166666666666667
Jared McCann,,,,24,6'1,185 lbs,Pittsburgh Penguins,NHL,"Stratford, ON",,,,,L,05/31/96,19.0,185.0,6.083333333333333
Phil Varone,,,,29,5'10,193 lbs,Pittsburgh Penguins,NHL,"Vaughan, ON",,,,,L,12/04/90,44.0,193.0,5.833333333333333
Conor Sheary,,,,28,5'8,175 lbs,Pittsburgh Penguins,NHL,"Winchester, MA",,,,,L,06/08/92,43.0,175.0,5.666666666666667
Brandon Tanev,,,,28,6'0,170 lbs,Pittsburgh Penguins,NHL,"Toronto, ON",,,,,L,12/31/91,13.0,170.0,6.0
Jason Zucker,,,,28,5'11,188 lbs,Pittsburgh Penguins,NHL,"Newport Beach, CA",,,,,L,01/16/92,16.0,188.0,5.916666666666667
Patric Hornqvist,,,,33,5'11,189 lbs,Pittsburgh Penguins,NHL,"Sollentuna, Sweden",,,,,R,01/01/87,72.0,189.0,5.916666666666667
Evan Rodrigues,,,,27,5'10,176 lbs,Pittsburgh Penguins,NHL,"Toronto, ON",,,,,R,07/28/93,9.0,176.0,5.833333333333333
Bryan Rust,,,,28,5'11,192 lbs,Pittsburgh Penguins,NHL,"Pontiac, MI",,,,,R,05/11/92,17.0,192.0,5.916666666666667
Kevin Czuczman,,,,29,6'2,206 lbs,Pittsburgh Penguins,NHL,"Port Elgin, ON",,,,,L,01/09/91,7.0,206.0,6.166666666666667
Brian Dumoulin,,,,28,6'4,207 lbs,Pittsburgh Penguins,NHL,"Biddeford, ME",,,,,L,09/06/91,8.0,207.0,6.333333333333333
Jack Johnson,,,,33,6'1,230 lbs,Pittsburgh Penguins,NHL,"Indianapolis, IN",,,,,L,01/13/87,3.0,230.0,6.083333333333333
Pierre-Olivier Joseph,,,,21,6'2,163 lbs,Pittsburgh Penguins,NHL,"Laval, QC",,,,,L,07/01/99,73.0,163.0,6.166666666666667
Kris Letang,,,,33,6'0,201 lbs,Pittsburgh Penguins,NHL,"Montreal, QC",,,,,R,04/24/87,58.0,201.0,6.0
John Marino,,,,23,6'1,181 lbs,Pittsburgh Penguins,NHL,"Brockton, MA",,,,,R,05/21/97,6.0,181.0,6.083333333333333
Marcus Pettersson,,,,24,6'3,177 lbs,Pittsburgh Penguins,NHL,"Skelleftea, Sweden",,,,,L,05/08/96,28.0,177.0,6.25
Juuso Riikola,,,,26,6'0,190 lbs,Pittsburgh Penguins,NHL,"Joensuu, Finland",,,,,L,11/09/93,50.0,190.0,6.0
Chad Ruhwedel,,,,30,5'11,191 lbs,Pittsburgh Penguins,NHL,"San Diego, CA",,,,,R,05/07/90,2.0,191.0,5.916666666666667
Justin Schultz,,,,30,6'2,193 lbs,Pittsburgh Penguins,NHL,"Kelowna, BC",,,,,R,07/06/90,4.0,193.0,6.166666666666667
Casey DeSmith,,,,29,6'0,181 lbs,Pittsburgh Penguins,NHL,"Rochester, NH",,,,,L,08/13/91,1.0,181.0,6.0
Tristan Jarry,,,,25,6'2,194 lbs,Pittsburgh Penguins,NHL,"Surrey, BC",,,,,L,04/29/95,35.0,194.0,6.166666666666667
Emil Larmi,,,,23,6'0,185 lbs,Pittsburgh Penguins,NHL,"Lahti, Finland",,,,,L,09/26/96,60.0,185.0,6.0
Matt Murray,,,,26,6'4,178 lbs,Pittsburgh Penguins,NHL,"Thunder Bay, ON",,,,,L,05/25/94,30.0,178.0,6.333333333333333
Nicklas Backstrom,,,,32,6'1,213 lbs,Washington Capitals,NHL,"Gavle, Sweden",,,,,L,11/23/87,19.0,213.0,6.083333333333333
Travis Boyd,,,,26,5'11,185 lbs,Washington Capitals,NHL,"Edina, MN",,,,,R,09/14/93,72.0,185.0,5.916666666666667
Nic Dowd,,,,30,6'2,195 lbs,Washington Capitals,NHL,"Huntsville, AL",,,,,R,05/27/90,26.0,195.0,6.166666666666667
Lars Eller,,,,31,6'2,207 lbs,Washington Capitals,NHL,"Rodovre, Denmark",,,,,L,05/08/89,20.0,207.0,6.166666666666667
Evgeny Kuznetsov,,,,28,6'2,192 lbs,Washington Capitals,NHL,"Chelyabinsk, Russia",,,,,L,05/19/92,92.0,192.0,6.166666666666667
Philippe Maillet,,,,27,5'10,190 lbs,Washington Capitals,NHL,--,,,,,L,11/07/92,16.0,190.0,5.833333333333333
Connor McMichael,,,,19,6'0,183 lbs,Washington Capitals,NHL,"Ajax, ON",,,,,L,01/15/01,24.0,183.0,6.0
Brian Pinho,,,,25,6'1,193 lbs,Washington Capitals,NHL,"Beverly, MA",,,,,R,05/11/95,64.0,193.0,6.083333333333333
Jakub Vrana,,,,24,5'11,195 lbs,Washington Capitals,NHL,"Prague, Czech Republic",,,,,L,02/28/96,13.0,195.0,5.916666666666667
Carl Hagelin,,,,32,5'11,186 lbs,Washington Capitals,NHL,"Sodertalje, Sweden",,,,,L,08/23/88,62.0,186.0,5.916666666666667
Ilya Kovalchuk,,,,37,6'3,230 lbs,Washington Capitals,NHL,"Tver, USSR",,,,,R,04/15/83,17.0,230.0,6.25
Beck Malenstyn,,,,22,6'2,198 lbs,Washington Capitals,NHL,"White Rock, BC",,,,,L,02/04/98,47.0,198.0,6.166666666666667
Alex Ovechkin,,,,34,6'3,239 lbs,Washington Capitals,NHL,"Moscow, USSR",,,,,R,09/17/85,8.0,239.0,6.25
Garnet Hathaway,,,,28,6'2,208 lbs,Washington Capitals,NHL,"Naples, FL",,,,,R,11/23/91,21.0,208.0,6.166666666666667
T.J. Oshie,,,,33,6'0,189 lbs,Washington Capitals,NHL,"Mt. Vernon, WA",,,,,R,12/23/86,77.0,189.0,6.0
Richard Panik,,,,29,6'1,208 lbs,Washington Capitals,NHL,"Martin, Czechoslovakia",,,,,L,02/07/91,14.0,208.0,6.083333333333333
Daniel Sprong,,,,23,6'0,180 lbs,Washington Capitals,NHL,"Amsterdam, Netherlands",,,,,R,03/17/97,10.0,180.0,6.0
Tom Wilson,,,,26,6'4,215 lbs,Washington Capitals,NHL,"Toronto, ON",,,,,R,03/29/94,43.0,215.0,6.333333333333333
Alexander Alexeyev,,,,20,6'4,210 lbs,Washington Capitals,NHL,"St. Petersburg, Russia",,,,,L,11/15/99,27.0,210.0,6.333333333333333
John Carlson,,,,30,6'3,215 lbs,Washington Capitals,NHL,"Natick, MA",,,,,R,01/10/90,74.0,215.0,6.25
Brenden Dillon,,,,29,6'3,220 lbs,Washington Capitals,NHL,"Surrey, BC",,,,,L,11/13/90,4.0,220.0,6.25
Martin Fehervary,,,,20,6'1,190 lbs,Washington Capitals,NHL,"Bratislava, Slovakia",,,,,L,10/06/99,42.0,190.0,6.083333333333333
Radko Gudas,,,,30,6'0,204 lbs,Washington Capitals,NHL,"Prague, Czechoslovakia",,,,,R,06/05/90,33.0,204.0,6.0
Nick Jensen,,,,29,6'0,196 lbs,Washington Capitals,NHL,"St. Paul, MN",,,,,R,09/21/90,3.0,196.0,6.0
Michal Kempny,,,,29,6'0,194 lbs,Washington Capitals,NHL,"Hodonin, Czech Republic",,,,,L,09/08/90,6.0,194.0,6.0
Tyler Lewington,,,,25,6'2,202 lbs,Washington Capitals,NHL,"Edmonton, AB",,,,,R,12/05/94,78.0,202.0,6.166666666666667
Dmitry Orlov,,,,29,5'11,212 lbs,Washington Capitals,NHL,"Novokuznetsk, USSR",,,,,L,07/23/91,9.0,212.0,5.916666666666667
Jonas Siegenthaler,,,,23,6'3,206 lbs,Washington Capitals,NHL,"Zurich, Switzerland",,,,,L,05/06/97,34.0,206.0,6.25
Pheonix Copley,,,,28,6'4,196 lbs,Washington Capitals,NHL,"North Pole, AK",,,,,L,01/18/92,1.0,196.0,6.333333333333333
Braden Holtby,,,,30,6'2,217 lbs,Washington Capitals,NHL,"Lloydminster, SK",,,,,L,09/16/89,70.0,217.0,6.166666666666667
Vitek Vanecek,,,,24,6'1,187 lbs,Washington Capitals,NHL,"Havlickuv Brod, Czech Republic",,,,,L,01/09/96,41.0,187.0,6.083333333333333
Ryan Getzlaf,,,,35,6'4,221 lbs,Anaheim Ducks,NHL,"Regina, SK",,,,,R,05/10/85,15.0,221.0,6.333333333333333
Adam Henrique,,,,30,6'0,195 lbs,Anaheim Ducks,NHL,"Brantford, ON",,,,,L,02/06/90,14.0,195.0,6.0
Ryan Kesler,,,,35,6'2,202 lbs,Anaheim Ducks,NHL,"Livonia, MI",,,,,R,08/31/84,17.0,202.0,6.166666666666667
Isac Lundestrom,,,,20,6'0,187 lbs,Anaheim Ducks,NHL,"Gallivare, Sweden",,,,,L,11/06/99,48.0,187.0,6.0
Rickard Rakell,,,,27,6'2,201 lbs,Anaheim Ducks,NHL,"Sundbyberg, Sweden",,,,,R,05/05/93,67.0,201.0,6.166666666666667
Sam Steel,,,,22,5'11,186 lbs,Anaheim Ducks,NHL,"Edmonton, AB",,,,,L,02/03/98,34.0,186.0,5.916666666666667
Andrew Agozzino,,,,29,5'10,187 lbs,Anaheim Ducks,NHL,"Kleinburg, ON",,,,,L,01/03/91,26.0,187.0,5.833333333333333
Nicolas Deslauriers,,,,29,6'1,216 lbs,Anaheim Ducks,NHL,"Lassal, QC",,,,,L,02/22/91,20.0,216.0,6.083333333333333
Danton Heinen,,,,25,6'1,193 lbs,Anaheim Ducks,NHL,"Landley, BC",,,,,L,07/05/95,43.0,193.0,6.083333333333333
Max Jones,,,,22,6'3,220 lbs,Anaheim Ducks,NHL,"Rochester, MI",,,,,L,02/17/98,49.0,220.0,6.25
Sonny Milano,,,,24,6'1,205 lbs,Anaheim Ducks,NHL,"Massapequa, NY",,,,,L,05/12/96,22.0,205.0,6.083333333333333
Jakob Silfverberg,,,,29,6'2,196 lbs,Anaheim Ducks,NHL,"Gavle, Sweden",,,,,R,10/13/90,33.0,196.0,6.166666666666667
David Backes,,,,36,6'3,221 lbs,Anaheim Ducks,NHL,"Minneapolis, MN",,,,,R,05/01/84,21.0,221.0,6.25
Patrick Eaves,,,,36,6'0,200 lbs,Anaheim Ducks,NHL,"Calgary, AB",,,,,R,05/01/84,18.0,200.0,6.0
Carter Rowney,,,,31,6'2,208 lbs,Anaheim Ducks,NHL,"Sexsmith, AB",,,,,R,05/10/89,24.0,208.0,6.166666666666667
Kiefer Sherwood,,,,25,6'0,185 lbs,Anaheim Ducks,NHL,"New Albany, OH",,,,,R,03/31/95,64.0,185.0,6.0
Troy Terry,,,,22,6'1,175 lbs,Anaheim Ducks,NHL,"Denver, CO",,,,,R,09/10/97,61.0,175.0,6.083333333333333
Michael Del Zotto,,,,30,6'0,194 lbs,Anaheim Ducks,NHL,"North York, ON",,,,,L,06/24/90,44.0,194.0,6.0
Christian Djoos,,,,26,6'0,164 lbs,Anaheim Ducks,NHL,"Gothenburg, Sweden",,,,,L,08/06/94,29.0,164.0,6.0
Cam Fowler,,,,28,6'1,207 lbs,Anaheim Ducks,NHL,"Windsor, ON",,,,,L,12/05/91,4.0,207.0,6.083333333333333
Erik Gudbranson,,,,28,6'5,216 lbs,Anaheim Ducks,NHL,"Ottawa, ON",,,,,R,01/07/92,6.0,216.0,6.416666666666667
Jani Hakanpaa,,,,28,6'5,218 lbs,Anaheim Ducks,NHL,--,,,,,R,03/31/92,28.0,218.0,6.416666666666667
Matt Irwin,,,,32,6'1,207 lbs,Anaheim Ducks,NHL,"Victoria, BC",,,,,L,11/29/87,52.0,207.0,6.083333333333333
Jacob Larsson,,,,23,6'2,191 lbs,Anaheim Ducks,NHL,"Ljungby, Sweden",,,,,L,04/29/97,32.0,191.0,6.166666666666667
Hampus Lindholm,,,,26,6'3,205 lbs,Anaheim Ducks,NHL,"Heisingborg, Sweden",,,,,L,01/20/94,47.0,205.0,6.25
Josh Manson,,,,28,6'3,217 lbs,Anaheim Ducks,NHL,"Hinsdale, IL",,,,,R,10/07/91,42.0,217.0,6.25
John Gibson,,,,27,6'3,226 lbs,Anaheim Ducks,NHL,"Pittsburgh, PA",,,,,L,07/14/93,36.0,226.0,6.25
Ryan Miller,,,,40,6'2,168 lbs,Anaheim Ducks,NHL,"East Lansing, MI",,,,,L,07/17/80,30.0,168.0,6.166666666666667
Anthony Stolarz,,,,26,6'5,230 lbs,Anaheim Ducks,NHL,"Edison, NJ",,,,,L,01/20/94,31.0,230.0,6.416666666666667
Michael Chaput,,,,28,6'2,204 lbs,Arizona Coyotes,NHL,"Ile Bizard, QC",,,,,L,04/09/92,26.0,204.0,6.166666666666667
Christian Dvorak,,,,24,6'1,196 lbs,Arizona Coyotes,NHL,"Palos, IL",,,,,L,02/02/96,18.0,196.0,6.083333333333333
Barrett Hayton,,,,20,6'1,190 lbs,Arizona Coyotes,NHL,"Kitchener, ON",,,,,L,06/09/00,29.0,190.0,6.083333333333333
Vinnie Hinostroza,,,,26,5'9,173 lbs,Arizona Coyotes,NHL,"Chicago, IL",,,,,R,04/03/94,13.0,173.0,5.75
Clayton Keller,,,,22,5'10,175 lbs,Arizona Coyotes,NHL,"Chesterfield, MO",,,,,L,07/29/98,9.0,175.0,5.833333333333333
Brad Richardson,,,,35,6'0,197 lbs,Arizona Coyotes,NHL,"Belleville, ON",,,,,L,02/04/85,15.0,197.0,6.0
Nick Schmaltz,,,,24,6'0,179 lbs,Arizona Coyotes,NHL,"Madison, WI",,,,,R,02/23/96,8.0,179.0,6.0
Carl Soderberg,,,,34,6'3,210 lbs,Arizona Coyotes,NHL,"Malmo, Sweden",,,,,L,10/12/85,34.0,210.0,6.25
Derek Stepan,,,,30,6'0,196 lbs,Arizona Coyotes,NHL,"Hastings, MN",,,,,R,06/18/90,21.0,196.0,6.0
Brayden Burke,,,,23,5'10,165 lbs,Arizona Coyotes,NHL,"Edmonton, AB",,,,,L,01/01/97,80.0,165.0,5.833333333333333
Lawson Crouse,,,,23,6'4,220 lbs,Arizona Coyotes,NHL,"Mt. Brydges, ON",,,,,L,06/23/97,67.0,220.0,6.333333333333333
Taylor Hall,,,,28,6'1,200 lbs,Arizona Coyotes,NHL,"Calgary, AB",,,,,L,11/14/91,91.0,200.0,6.083333333333333
Hudson Fasching,,,,25,6'3,204 lbs,Arizona Coyotes,NHL,"Milwaukee, WI",,,,,R,07/28/95,24.0,204.0,6.25
Christian Fischer,,,,23,6'2,210 lbs,Arizona Coyotes,NHL,"Chicago, IL",,,,,R,04/15/97,36.0,210.0,6.166666666666667
Conor Garland,,,,24,5'8,163 lbs,Arizona Coyotes,NHL,"Scituate, MA",,,,,R,03/11/96,83.0,163.0,5.666666666666667
Michael Grabner,,,,32,6'1,185 lbs,Arizona Coyotes,NHL,"Villach, Austria",,,,,L,10/05/87,40.0,185.0,6.083333333333333
Phil Kessel,,,,32,6'0,202 lbs,Arizona Coyotes,NHL,"Madison, WI",,,,,R,10/02/87,81.0,202.0,6.0
Kyle Capobianco,,,,23,6'1,196 lbs,Arizona Coyotes,NHL,"Mississauga, ON",,,,,L,08/13/97,75.0,196.0,6.083333333333333
Jakob Chychrun,,,,22,6'2,200 lbs,Arizona Coyotes,NHL,"Boca Raton, FL",,,,,L,03/31/98,6.0,200.0,6.166666666666667
Jason Demers,,,,32,6'1,200 lbs,Arizona Coyotes,NHL,"Dorval, QC",,,,,R,06/09/88,55.0,200.0,6.083333333333333
Oliver Ekman-Larsson,,,,29,6'2,200 lbs,Arizona Coyotes,NHL,"Karlskrona, Sweden",,,,,L,07/17/91,23.0,200.0,6.166666666666667
Alex Goligoski,,,,35,5'11,185 lbs,Arizona Coyotes,NHL,"Grand Rapids, MN",,,,,L,07/30/85,33.0,185.0,5.916666666666667
Jordan Gross,,,,25,5'10,190 lbs,Arizona Coyotes,NHL,"Maple Grove, MN",,,,,R,05/09/95,79.0,190.0,5.833333333333333
Niklas Hjalmarsson,,,,33,6'3,197 lbs,Arizona Coyotes,NHL,"Eksjo, Sweden",,,,,L,06/06/87,4.0,197.0,6.25
Ilya Lyubushkin,,,,26,6'2,209 lbs,Arizona Coyotes,NHL,"Moscow, Russia",,,,,R,04/06/94,46.0,209.0,6.166666666666667
Aaron Ness,,,,30,5'10,184 lbs,Arizona Coyotes,NHL,"Bemidji, MN",,,,,L,05/18/90,42.0,184.0,5.833333333333333
Jordan Oesterle,,,,28,6'0,182 lbs,Arizona Coyotes,NHL,"Dearborn Heights, MI",,,,,L,06/11/92,82.0,182.0,6.0
Victor Soderstrom,,,,19,5'11,179 lbs,Arizona Coyotes,NHL,--,,,,,R,02/26/01,77.0,179.0,5.916666666666667
Adin Hill,,,,24,6'4,203 lbs,Arizona Coyotes,NHL,"Comox, BC",,,,,L,05/11/96,31.0,203.0,6.333333333333333
Darcy Kuemper,,,,30,6'5,215 lbs,Arizona Coyotes,NHL,"Saskatoon, SK",,,,,L,05/05/90,35.0,215.0,6.416666666666667
Antti Raanta,,,,31,6'0,193 lbs,Arizona Coyotes,NHL,"Rauma, Finland",,,,,L,05/12/89,32.0,193.0,6.0
Mikael Backlund,,,,31,6'1,200 lbs,Calgary Flames,NHL,"Vasteras, Sweden",,,,,L,03/17/89,11.0,200.0,6.083333333333333
Sam Bennett,,,,24,6'1,195 lbs,Calgary Flames,NHL,"Holland Landing, ON",,,,,L,06/20/96,93.0,195.0,6.083333333333333
Austin Czarnik,,,,27,5'9,167 lbs,Calgary Flames,NHL,"Detroit, MI",,,,,R,12/12/92,27.0,167.0,5.75
Dillon Dube,,,,22,5'11,185 lbs,Calgary Flames,NHL,"Golden, AB",,,,,L,07/20/98,29.0,185.0,5.916666666666667
Byron Froese,,,,29,6'0,205 lbs,Calgary Flames,NHL,"Winkler, MB",,,,,R,03/12/91,38.0,205.0,6.0
Mark Jankowski,,,,25,6'4,210 lbs,Calgary Flames,NHL,"Hamilton, ON",,,,,L,09/13/94,77.0,210.0,6.333333333333333
Elias Lindholm,,,,25,6'1,192 lbs,Calgary Flames,NHL,"Boden, Sweden",,,,,R,12/02/94,28.0,192.0,6.083333333333333
Sean Monahan,,,,25,6'3,196 lbs,Calgary Flames,NHL,"Brampton, ON",,,,,L,10/12/94,23.0,196.0,6.25
Alan Quine,,,,27,6'0,203 lbs,Calgary Flames,NHL,"Belleville, ON",,,,,L,02/25/93,89.0,203.0,6.0
Tobias Rieder,,,,27,5'11,188 lbs,Calgary Flames,NHL,"Landshut, Germany",,,,,L,01/10/93,16.0,188.0,5.916666666666667
Zac Rinaldo,,,,30,5'10,192 lbs,Calgary Flames,NHL,"Mississauga, ON",,,,,L,06/15/90,36.0,192.0,5.833333333333333
Derek Ryan,,,,33,5'10,170 lbs,Calgary Flames,NHL,"Spokane, WA",,,,,R,12/29/86,10.0,170.0,5.833333333333333
Johnny Gaudreau,,,,27,5'9,157 lbs,Calgary Flames,NHL,"Salem, NJ",,,,,L,08/13/93,13.0,157.0,5.75
Milan Lucic,,,,32,6'3,236 lbs,Calgary Flames,NHL,"Vancouver, BC",,,,,L,06/07/88,17.0,236.0,6.25
Andrew Mangiapane,,,,24,5'10,187 lbs,Calgary Flames,NHL,"Bolton, ON",,,,,L,04/04/96,88.0,187.0,5.833333333333333
Matthew Tkachuk,,,,22,6'2,200 lbs,Calgary Flames,NHL,"Scottsdale, AZ",,,,,L,12/11/97,19.0,200.0,6.166666666666667
Buddy Robinson,,,,28,6'6,226 lbs,Calgary Flames,NHL,"Bellmawr, NJ",,,,,R,09/30/91,53.0,226.0,6.5
Rasmus Andersson,,,,23,6'1,205 lbs,Calgary Flames,NHL,"Malmo, Sweden",,,,,R,10/27/96,4.0,205.0,6.083333333333333
T.J. Brodie,,,,30,6'2,180 lbs,Calgary Flames,NHL,"Chatham, ON",,,,,L,06/07/90,7.0,180.0,6.166666666666667
Derek Forbort,,,,28,6'4,216 lbs,Calgary Flames,NHL,"Duluth, MN",,,,,L,03/04/92,20.0,216.0,6.333333333333333
Mark Giordano,,,,36,6'1,201 lbs,Calgary Flames,NHL,"Toronto, ON",,,,,L,10/03/83,5.0,201.0,6.083333333333333
Erik Gustafsson,,,,28,6'0,176 lbs,Calgary Flames,NHL,"Nynashamn, Sweden",,,,,L,03/14/92,56.0,176.0,6.0
Travis Hamonic,,,,30,6'2,203 lbs,Calgary Flames,NHL,"Winnipeg, MB",,,,,R,08/16/90,24.0,203.0,6.166666666666667
Noah Hanifin,,,,23,6'3,206 lbs,Calgary Flames,NHL,"Boston, MA",,,,,L,01/25/97,55.0,206.0,6.25
Oliver Kylington,,,,23,6'0,183 lbs,Calgary Flames,NHL,"Stockholm, Sweden",,,,,L,05/19/97,58.0,183.0,6.0
Michael Stone,,,,30,6'3,210 lbs,Calgary Flames,NHL,"Winnipeg, MB",,,,,R,06/07/90,26.0,210.0,6.25
Juuso Valimaki,,,,21,6'2,211 lbs,Calgary Flames,NHL,"Tampere, Finland",,,,,L,10/06/98,8.0,211.0,6.166666666666667
Alexander Yelesin,,,,24,6'0,195 lbs,Calgary Flames,NHL,"Yaroslavl, Russia",,,,,R,02/07/96,45.0,195.0,6.0
Jon Gillies,,,,26,6'6,220 lbs,Calgary Flames,NHL,"Concord, NH",,,,,L,01/22/94,32.0,220.0,6.5
David Rittich,,,,28,6'3,201 lbs,Calgary Flames,NHL,"Jihlava, Czechoslovakia",,,,,L,08/19/92,33.0,201.0,6.25
Cam Talbot,,,,33,6'3,199 lbs,Calgary Flames,NHL,"Caledonia, ON",,,,,L,07/05/87,39.0,199.0,6.25
Artyom Zagidulin,,,,25,6'2,180 lbs,Calgary Flames,NHL,"Magnitogorsk, Russia",,,,,L,08/08/95,50.0,180.0,6.166666666666667
Andreas Athanasiou,,,,26,6'2,192 lbs,Edmonton Oilers,NHL,"London, ON",,,,,L,08/06/94,28.0,192.0,6.166666666666667
Leon Draisaitl,,,,24,6'1,214 lbs,Edmonton Oilers,NHL,"Cologne, Germany",,,,,L,10/27/95,29.0,214.0,6.083333333333333
Gaetan Haas,,,,28,6'0,181 lbs,Edmonton Oilers,NHL,--,,,,,R,01/31/92,91.0,181.0,6.0
Cooper Marody,,,,23,6'0,184 lbs,Edmonton Oilers,NHL,"Brighton, MI",,,,,R,12/20/96,65.0,184.0,6.0
Connor McDavid,,,,23,6'1,190 lbs,Edmonton Oilers,NHL,"Richmond Hill, ON",,,,,L,01/13/97,97.0,190.0,6.083333333333333
Ryan McLeod,,,,20,6'2,203 lbs,Edmonton Oilers,NHL,"Mississauga, ON",,,,,L,09/21/99,70.0,203.0,6.166666666666667
Ryan Nugent-Hopkins,,,,27,6'0,190 lbs,Edmonton Oilers,NHL,"Burnaby, BC",,,,,L,04/12/93,93.0,190.0,6.0
Riley Sheahan,,,,28,6'3,222 lbs,Edmonton Oilers,NHL,"St. Catharines, ON",,,,,L,12/07/91,23.0,222.0,6.25
Tyler Benson,,,,22,6'0,190 lbs,Edmonton Oilers,NHL,"Edmonton, AB",,,,,L,03/15/98,49.0,190.0,6.0
Tyler Ennis,,,,30,5'9,175 lbs,Edmonton Oilers,NHL,"Edmonton, AB",,,,,L,10/06/89,63.0,175.0,5.75
Jujhar Khaira,,,,26,6'4,219 lbs,Edmonton Oilers,NHL,"Surrey, BC",,,,,L,08/13/94,16.0,219.0,6.333333333333333
James Neal,,,,32,6'2,208 lbs,Edmonton Oilers,NHL,"Oshawa, ON",,,,,L,09/03/87,18.0,208.0,6.166666666666667
Joakim Nygard,,,,27,6'0,179 lbs,Edmonton Oilers,NHL,"Stockholm, Sweden",,,,,L,01/08/93,10.0,179.0,6.0
Josh Archibald,,,,27,5'10,176 lbs,Edmonton Oilers,NHL,"Regina, SK",,,,,R,10/06/92,15.0,176.0,5.833333333333333
Alex Chiasson,,,,29,6'4,208 lbs,Edmonton Oilers,NHL,"Montreal, QC",,,,,R,10/01/90,39.0,208.0,6.333333333333333
Zack Kassian,,,,29,6'3,207 lbs,Edmonton Oilers,NHL,"Windsor, ON",,,,,R,01/24/91,44.0,207.0,6.25
Patrick Russell,,,,27,6'1,203 lbs,Edmonton Oilers,NHL,"Birkerod, Denmark",,,,,R,01/04/93,52.0,203.0,6.083333333333333
Kailer Yamamoto,,,,21,5'8,154 lbs,Edmonton Oilers,NHL,"Spokane, WA",,,,,R,09/29/98,56.0,154.0,5.666666666666667
Ethan Bear,,,,23,5'11,197 lbs,Edmonton Oilers,NHL,"Regina, SK",,,,,R,06/26/97,74.0,197.0,5.916666666666667
Matthew Benning,,,,26,6'1,195 lbs,Edmonton Oilers,NHL,"Edmonton, AB",,,,,R,05/25/94,83.0,195.0,6.083333333333333
Evan Bouchard,,,,20,6'2,193 lbs,Edmonton Oilers,NHL,"Oakville, ON",,,,,R,10/20/99,75.0,193.0,6.166666666666667
Philip Broberg,,,,19,6'3,199 lbs,Edmonton Oilers,NHL,"Orebro, Sweden",,,,,L,06/25/01,86.0,199.0,6.25
Mike Green,,,,34,6'1,207 lbs,Edmonton Oilers,NHL,"Calgary, AB",,,,,R,10/12/85,27.0,207.0,6.083333333333333
Caleb Jones,,,,23,6'1,194 lbs,Edmonton Oilers,NHL,"Arlington, TX",,,,,L,06/06/97,82.0,194.0,6.083333333333333
Oscar Klefbom,,,,27,6'3,220 lbs,Edmonton Oilers,NHL,"Karlstad, Sweden",,,,,L,07/20/93,77.0,220.0,6.25
William Lagesson,,,,24,6'2,207 lbs,Edmonton Oilers,NHL,"Gothenburg, Sweden",,,,,L,02/22/96,84.0,207.0,6.166666666666667
Adam Larsson,,,,27,6'3,215 lbs,Edmonton Oilers,NHL,"Skelleftea, Sweden",,,,,R,11/12/92,6.0,215.0,6.25
Darnell Nurse,,,,25,6'4,220 lbs,Edmonton Oilers,NHL,"Hamilton, ON",,,,,L,02/04/95,25.0,220.0,6.333333333333333
Kris Russell,,,,33,5'10,170 lbs,Edmonton Oilers,NHL,"Caroline, AB",,,,,L,05/02/87,4.0,170.0,5.833333333333333
Mikko Koskinen,,,,32,6'6,202 lbs,Edmonton Oilers,NHL,"Vantaa, Finland",,,,,L,07/18/88,19.0,202.0,6.5
Stuart Skinner,,,,21,6'3,203 lbs,Edmonton Oilers,NHL,"Edmonton, AB",,,,,L,11/01/98,50.0,203.0,6.25
Mike Smith,,,,38,6'4,215 lbs,Edmonton Oilers,NHL,"Kingston, ON",,,,,L,03/22/82,41.0,215.0,6.333333333333333
Michael Amadio,,,,24,6'1,204 lbs,Los Angeles Kings,NHL,"Sault Ste. Marie, ON",,,,,R,05/13/96,10.0,204.0,6.083333333333333
Jeff Carter,,,,35,6'4,215 lbs,Los Angeles Kings,NHL,"London, ON",,,,,R,01/01/85,77.0,215.0,6.333333333333333
Alex Iafallo,,,,26,6'0,185 lbs,Los Angeles Kings,NHL,"Eden, NY",,,,,L,12/21/93,19.0,185.0,6.0
Anze Kopitar,,,,33,6'3,224 lbs,Los Angeles Kings,NHL,"Jesenice, Yugoslavia",,,,,L,08/24/87,11.0,224.0,6.25
Trevor Lewis,,,,33,6'1,199 lbs,Los Angeles Kings,NHL,"Salt Lake City, UT",,,,,R,01/08/87,22.0,199.0,6.083333333333333
Blake Lizotte,,,,22,5'9,175 lbs,Los Angeles Kings,NHL,"Lindstrom, MN",,,,,L,12/13/97,46.0,175.0,5.75
Gabriel Vilardi,,,,21,6'3,201 lbs,Los Angeles Kings,NHL,"Kingston, ON",,,,,R,08/16/99,42.0,201.0,6.25
Trevor Moore,,,,25,5'10,182 lbs,Los Angeles Kings,NHL,"Thousand Oaks, CA",,,,,L,03/31/95,12.0,182.0,5.833333333333333
Nikolai Prokhorkin,,,,26,6'3,190 lbs,Los Angeles Kings,NHL,"Chelyabinsk, Russia",,,,,L,09/17/93,74.0,190.0,6.25
Matt Roy,,,,25,6'0,208 lbs,Los Angeles Kings,NHL,"Detroit, MI",,,,,R,03/01/95,3.0,208.0,6.0
Austin Wagner,,,,23,6'1,185 lbs,Los Angeles Kings,NHL,"Calgary, AB",,,,,L,06/23/97,51.0,185.0,6.083333333333333
Dustin Brown,,,,35,6'0,206 lbs,Los Angeles Kings,NHL,"Ithaca, NY",,,,,R,11/04/84,23.0,206.0,6.0
Martin Frk,,,,26,6'1,205 lbs,Los Angeles Kings,NHL,"Pelhrimov, Czech Republic",,,,,R,10/05/93,29.0,205.0,6.083333333333333
Adrian Kempe,,,,23,6'2,202 lbs,Los Angeles Kings,NHL,"Ornskoldsvik, Sweden",,,,,L,09/13/96,9.0,202.0,6.166666666666667
Mikey Anderson,,,,21,6'0,197 lbs,Los Angeles Kings,NHL,"Fridley, MN",,,,,L,05/25/99,44.0,197.0,6.0
Drew Doughty,,,,30,6'1,195 lbs,Los Angeles Kings,NHL,"London, ON",,,,,R,12/08/89,8.0,195.0,6.083333333333333
Ben Hutton,,,,27,6'2,206 lbs,Los Angeles Kings,NHL,"Brockville, ON",,,,,L,04/20/93,15.0,206.0,6.166666666666667
Kurtis MacDermid,,,,26,6'5,233 lbs,Los Angeles Kings,NHL,"Sauble Beach, ON",,,,,L,03/25/94,56.0,233.0,6.416666666666667
Joakim Ryan,,,,27,5'11,185 lbs,Los Angeles Kings,NHL,"Rumson, NJ",,,,,L,06/17/93,6.0,185.0,5.916666666666667
Sean Walker,,,,25,5'11,196 lbs,Los Angeles Kings,NHL,"Keswick, ON",,,,,R,11/13/94,26.0,196.0,5.916666666666667
Cal Petersen,,,,25,6'1,185 lbs,Los Angeles Kings,NHL,"Waterloo, IA",,,,,R,10/19/94,40.0,185.0,6.083333333333333
Jonathan Quick,,,,34,6'1,216 lbs,Los Angeles Kings,NHL,"Milford, CT",,,,,L,01/21/86,32.0,216.0,6.083333333333333
Logan Couture,,,,31,6'1,200 lbs,San Jose Sharks,NHL,"Guelph, ON",,,,,L,03/28/89,39.0,200.0,6.083333333333333
Dylan Gambrell,,,,24,6'0,185 lbs,San Jose Sharks,NHL,--,,,,,R,08/26/96,7.0,185.0,6.0
Noah Gregor,,,,22,6'0,185 lbs,San Jose Sharks,NHL,"Beaumont, AB",,,,,L,07/28/98,73.0,185.0,6.0
Tomas Hertl,,,,26,6'2,215 lbs,San Jose Sharks,NHL,"Prague, Czech Republic",,,,,L,11/12/93,48.0,215.0,6.166666666666667
Joel Kellman,,,,26,5'11,192 lbs,San Jose Sharks,NHL,"Karlskrona, Sweden",,,,,L,05/24/94,46.0,192.0,5.916666666666667
Antti Suomela,,,,26,6'0,175 lbs,San Jose Sharks,NHL,"Espoo, Finland",,,,,L,05/17/94,40.0,175.0,6.0
Joe Thornton,,,,41,6'4,220 lbs,San Jose Sharks,NHL,"London, ON",,,,,L,07/02/79,19.0,220.0,6.333333333333333
Alex True,,,,23,6'5,200 lbs,San Jose Sharks,NHL,"Copenhagen, Denmark",,,,,L,07/17/97,70.0,200.0,6.416666666666667
Lean Bergmann,,,,21,6'2,205 lbs,San Jose Sharks,NHL,--,,,,,L,10/04/98,45.0,205.0,6.166666666666667
Evander Kane,,,,29,6'2,211 lbs,San Jose Sharks,NHL,"Vancouver, BC",,,,,L,08/02/91,9.0,211.0,6.166666666666667
Melker Karlsson,,,,30,6'0,180 lbs,San Jose Sharks,NHL,"Lychsele, Sweden",,,,,R,07/18/90,68.0,180.0,6.0
Kevin Labanc,,,,24,5'10,185 lbs,San Jose Sharks,NHL,"Brooklyn, NY",,,,,R,12/12/95,62.0,185.0,5.833333333333333
Timo Meier,,,,23,6'0,210 lbs,San Jose Sharks,NHL,"St. Gallen, Switzerland",,,,,L,10/08/96,28.0,210.0,6.0
Stefan Noesen,,,,27,6'2,205 lbs,San Jose Sharks,NHL,"Plano, TX",,,,,R,02/12/93,11.0,205.0,6.166666666666667
Marcus Sorensen,,,,28,5'10,175 lbs,San Jose Sharks,NHL,"Sodertalje, Sweden",,,,,L,04/07/92,20.0,175.0,5.833333333333333
Brent Burns,,,,35,6'5,230 lbs,San Jose Sharks,NHL,"Ajax, ON",,,,,R,03/09/85,88.0,230.0,6.416666666666667
Brandon Davidson,,,,29,6'2,208 lbs,San Jose Sharks,NHL,"Lethbridge, AB",,,,,L,08/21/91,21.0,208.0,6.166666666666667
Nick DeSimone,,,,25,6'2,195 lbs,San Jose Sharks,NHL,"East Amherst, NY",,,,,R,11/21/94,57.0,195.0,6.166666666666667
Mario Ferraro,,,,21,5'11,185 lbs,San Jose Sharks,NHL,"Toronto, ON",,,,,L,09/17/98,38.0,185.0,5.916666666666667
Tim Heed,,,,29,5'11,175 lbs,San Jose Sharks,NHL,"Gothenburg, Sweden",,,,,R,01/27/91,72.0,175.0,5.916666666666667
Erik Karlsson,,,,30,6'0,191 lbs,San Jose Sharks,NHL,"Landsbro, Sweden",,,,,R,05/31/90,65.0,191.0,6.0
Nikolai Knyzhov,,,,22,6'3,200 lbs,San Jose Sharks,NHL,--,,,,,L,03/20/98,71.0,200.0,6.25
Jacob Middleton,,,,24,6'3,210 lbs,San Jose Sharks,NHL,"Wainwright, AB",,,,,L,01/02/96,67.0,210.0,6.25
Dalton Prout,,,,30,6'3,230 lbs,San Jose Sharks,NHL,"Windsor, ON",,,,,R,03/13/90,5.0,230.0,6.25
Radim Simek,,,,27,5'11,205 lbs,San Jose Sharks,NHL,--,,,,,L,09/20/92,51.0,205.0,5.916666666666667
Marc-Edouard Vlasic,,,,33,6'1,205 lbs,San Jose Sharks,NHL,"Montreal, QC",,,,,L,03/30/87,44.0,205.0,6.083333333333333
Aaron Dell,,,,31,6'0,205 lbs,San Jose Sharks,NHL,"Airdrie, AB",,,,,L,05/04/89,30.0,205.0,6.0
Martin Jones,,,,30,6'4,190 lbs,San Jose Sharks,NHL,"North Vancouver, BC",,,,,R,01/10/90,31.0,190.0,6.333333333333333
Jay Beagle,,,,34,6'3,215 lbs,Vancouver Canucks,NHL,"Calgary, AB",,,,,R,10/16/85,83.0,215.0,6.25
Adam Gaudette,,,,23,6'1,184 lbs,Vancouver Canucks,NHL,"Braintree, MA",,,,,R,10/03/96,88.0,184.0,6.083333333333333
Tyler Graovac,,,,27,6'5,208 lbs,Vancouver Canucks,NHL,"Brampton, ON",,,,,L,04/27/93,44.0,208.0,6.416666666666667
Bo Horvat,,,,25,6'0,206 lbs,Vancouver Canucks,NHL,"London, ON",,,,,L,04/05/95,53.0,206.0,6.0
Zack MacEwen,,,,24,6'3,205 lbs,Vancouver Canucks,NHL,"Charlottetown, PE",,,,,R,07/08/96,71.0,205.0,6.25
J.T. Miller,,,,27,6'1,218 lbs,Vancouver Canucks,NHL,"East Palestine, OH",,,,,L,03/14/93,9.0,218.0,6.083333333333333
Tyler Motte,,,,25,5'9,192 lbs,Vancouver Canucks,NHL,"Port Huron, MI",,,,,L,03/10/95,64.0,192.0,5.75
Elias Pettersson,,,,21,6'2,165 lbs,Vancouver Canucks,NHL,"Sundsvall, Sweden",,,,,L,11/12/98,40.0,165.0,6.166666666666667
Brandon Sutter,,,,31,6'3,190 lbs,Vancouver Canucks,NHL,"Red Deer, AB",,,,,R,02/14/89,20.0,190.0,6.25
Loui Eriksson,,,,35,6'2,196 lbs,Vancouver Canucks,NHL,"Goteborg, Sweden",,,,,L,07/17/85,21.0,196.0,6.166666666666667
Micheal Ferland,,,,28,6'2,208 lbs,Vancouver Canucks,NHL,"Swan River, MB",,,,,L,04/20/92,79.0,208.0,6.166666666666667
Josh Leivo,,,,27,6'2,195 lbs,Vancouver Canucks,NHL,"Innisfil, ON",,,,,R,05/26/93,17.0,195.0,6.166666666666667
Tanner Pearson,,,,28,6'1,208 lbs,Vancouver Canucks,NHL,"Kitchener, ON",,,,,L,08/10/92,70.0,208.0,6.083333333333333
Antoine Roussel,,,,30,6'0,200 lbs,Vancouver Canucks,NHL,"Roubaix, France",,,,,L,11/21/89,26.0,200.0,6.0
Justin Bailey,,,,25,6'4,214 lbs,Vancouver Canucks,NHL,"Buffalo, NY",,,,,R,07/01/95,38.0,214.0,6.333333333333333
Brock Boeser,,,,23,6'1,200 lbs,Vancouver Canucks,NHL,"Burnsville, MN",,,,,R,02/25/97,6.0,200.0,6.083333333333333
Tyler Toffoli,,,,28,6'0,200 lbs,Vancouver Canucks,NHL,"Toronto, ON",,,,,R,04/24/92,73.0,200.0,6.0
Jake Virtanen,,,,24,6'1,208 lbs,Vancouver Canucks,NHL,"New Westminster, BC",,,,,R,08/17/96,18.0,208.0,6.083333333333333
Jordie Benn,,,,33,6'2,200 lbs,Vancouver Canucks,NHL,"Victoria, BC",,,,,L,07/26/87,4.0,200.0,6.166666666666667
Jalen Chatfield,,,,24,6'1,188 lbs,Vancouver Canucks,NHL,"Ypsilanti, MI",,,,,R,05/15/96,63.0,188.0,6.083333333333333
Alexander Edler,,,,34,6'3,215 lbs,Vancouver Canucks,NHL,"Ostersund, Sweden",,,,,L,04/21/86,23.0,215.0,6.25
Oscar Fantenberg,,,,28,6'0,203 lbs,Vancouver Canucks,NHL,--,,,,,L,10/07/91,5.0,203.0,6.0
Quinn Hughes,,,,20,5'10,170 lbs,Vancouver Canucks,NHL,"Orlando, FL",,,,,L,10/14/99,43.0,170.0,5.833333333333333
Olli Juolevi,,,,22,6'2,182 lbs,Vancouver Canucks,NHL,"Helsinki, Finland",,,,,L,05/05/98,48.0,182.0,6.166666666666667
Tyler Myers,,,,30,6'8,229 lbs,Vancouver Canucks,NHL,"Houston, TX",,,,,R,02/01/90,57.0,229.0,6.666666666666667
Brogan Rafferty,,,,25,6'0,195 lbs,Vancouver Canucks,NHL,"Dundee, IL",,,,,R,05/28/95,3.0,195.0,6.0
Troy Stecher,,,,26,5'11,191 lbs,Vancouver Canucks,NHL,"Richmond, BC",,,,,R,04/07/94,51.0,191.0,5.916666666666667
Chris Tanev,,,,30,6'2,185 lbs,Vancouver Canucks,NHL,"Toronto, ON",,,,,R,12/20/89,8.0,185.0,6.166666666666667
Thatcher Demko,,,,24,6'4,204 lbs,Vancouver Canucks,NHL,"San Diego, CA",,,,,L,12/08/95,35.0,204.0,6.333333333333333
Louis Domingue,,,,28,6'3,208 lbs,Vancouver Canucks,NHL,"Saint-Hyacinthe, QC",,,,,R,03/06/92,30.0,208.0,6.25
Jacob Markstrom,,,,30,6'6,196 lbs,Vancouver Canucks,NHL,"Gavle, Sweden",,,,,L,01/31/90,25.0,196.0,6.5
Patrick Brown,,,,28,5'11,215 lbs,Vegas Golden Knights,NHL,"New York, NY",,,,,R,05/29/92,38.0,215.0,5.916666666666667
Nick Cousins,,,,27,5'11,188 lbs,Vegas Golden Knights,NHL,"Belleville, ON",,,,,L,07/20/93,21.0,188.0,5.916666666666667
Reid Duke,,,,24,6'0,185 lbs,Vegas Golden Knights,NHL,"Calgary, AB",,,,,R,01/28/96,37.0,185.0,6.0
William Karlsson,,,,27,6'1,188 lbs,Vegas Golden Knights,NHL,"Marsta, Sweden",,,,,L,01/08/93,71.0,188.0,6.083333333333333
Peyton Krebs,,,,19,5'11,180 lbs,Vegas Golden Knights,NHL,"Okotoks, AB",,,,,L,01/26/01,,180.0,5.916666666666667
Jonathan Marchessault,,,,29,5'9,174 lbs,Vegas Golden Knights,NHL,"Cap-Rouge, QC",,,,,R,12/27/90,81.0,174.0,5.75
Tomas Nosek,,,,27,6'3,210 lbs,Vegas Golden Knights,NHL,"Pardubice, Czech Republic",,,,,L,09/01/92,92.0,210.0,6.25
Nicolas Roy,,,,23,6'4,208 lbs,Vegas Golden Knights,NHL,"Amos, QC",,,,,R,02/05/97,10.0,208.0,6.333333333333333
Paul Stastny,,,,34,6'0,202 lbs,Vegas Golden Knights,NHL,"Quebec City, QC",,,,,L,12/27/85,26.0,202.0,6.0
Chandler Stephenson,,,,26,6'0,204 lbs,Vegas Golden Knights,NHL,"Saskatoon, SK",,,,,L,04/22/94,20.0,204.0,6.0
William Carrier,,,,25,6'2,212 lbs,Vegas Golden Knights,NHL,"Pierrefonds, QC",,,,,L,12/20/94,28.0,212.0,6.166666666666667
Max Pacioretty,,,,31,6'2,213 lbs,Vegas Golden Knights,NHL,"New Canaan, CT",,,,,L,11/20/88,67.0,213.0,6.166666666666667
Gage Quinney,,,,25,5'11,200 lbs,Vegas Golden Knights,NHL,"Las Vegas, NV",,,,,L,07/29/95,72.0,200.0,5.916666666666667
Keegan Kolesar,,,,23,6'2,227 lbs,Vegas Golden Knights,NHL,"Brandon, MB",,,,,R,04/08/97,55.0,227.0,6.166666666666667
Ryan Reaves,,,,33,6'1,225 lbs,Vegas Golden Knights,NHL,"Winnipeg, MB",,,,,R,01/20/87,75.0,225.0,6.083333333333333
Reilly Smith,,,,29,6'0,185 lbs,Vegas Golden Knights,NHL,"Toronto, ON",,,,,L,04/01/91,19.0,185.0,6.0
Mark Stone,,,,28,6'3,205 lbs,Vegas Golden Knights,NHL,"Winnipeg, MB",,,,,R,05/13/92,61.0,205.0,6.25
Alex Tuch,,,,24,6'4,217 lbs,Vegas Golden Knights,NHL,"Syracuse, NY",,,,,R,05/10/96,89.0,217.0,6.333333333333333
Dylan Coghlan,,,,22,6'2,190 lbs,Vegas Golden Knights,NHL,"Duncan, BC",,,,,R,02/19/98,52.0,190.0,6.166666666666667
Deryk Engelland,,,,38,6'2,210 lbs,Vegas Golden Knights,NHL,"Edmonton, AB",,,,,R,04/03/82,5.0,210.0,6.166666666666667
Nicolas Hague,,,,21,6'6,215 lbs,Vegas Golden Knights,NHL,"Kitchener, ON",,,,,L,12/05/98,14.0,215.0,6.5
Nick Holden,,,,33,6'4,210 lbs,Vegas Golden Knights,NHL,"St. Albert, AB",,,,,L,05/15/87,22.0,210.0,6.333333333333333
Alec Martinez,,,,33,6'1,210 lbs,Vegas Golden Knights,NHL,"Rochester Hills, MI",,,,,L,07/26/87,23.0,210.0,6.083333333333333
Brayden McNabb,,,,29,6'4,216 lbs,Vegas Golden Knights,NHL,"Saskatoon, SK",,,,,L,01/21/91,3.0,216.0,6.333333333333333
Jon Merrill,,,,28,6'3,205 lbs,Vegas Golden Knights,NHL,"Oklahoma City, OK",,,,,L,02/03/92,15.0,205.0,6.25
Nate Schmidt,,,,29,6'0,191 lbs,Vegas Golden Knights,NHL,"St. Cloud, MN",,,,,L,07/16/91,88.0,191.0,6.0
Shea Theodore,,,,25,6'2,195 lbs,Vegas Golden Knights,NHL,"Langley, BC",,,,,L,08/03/95,27.0,195.0,6.166666666666667
Zach Whitecloud,,,,23,6'1,196 lbs,Vegas Golden Knights,NHL,"Brandon, MB",,,,,R,11/28/96,2.0,196.0,6.083333333333333
Oscar Dansk,,,,26,6'3,204 lbs,Vegas Golden Knights,NHL,"Stockholm, Sweden",,,,,L,02/28/94,35.0,204.0,6.25
Marc-Andre Fleury,,,,35,6'2,180 lbs,Vegas Golden Knights,NHL,"Sorel, QC",,,,,L,11/28/84,29.0,180.0,6.166666666666667
Robin Lehner,,,,29,6'4,239 lbs,Vegas Golden Knights,NHL,"Gothenburg, Sweden",,,,,L,07/24/91,90.0,239.0,6.333333333333333
Jaylyn Agnew,F,,,23,5'11,--,Atlanta Dream,WNBA,,,Creighton,,,,,5.0,,5.916666666666667
Monique Billings,F,,,24,6'4,185 lbs,Atlanta Dream,WNBA,,,UCLA,,,,,25.0,185.0,6.333333333333333
Brittany Brewer,F,,,22,6'5,--,Atlanta Dream,WNBA,,,Texas Tech,,,,,20.0,,6.416666666666667
Kalani Brown,C,,,23,6'7,245 lbs,Atlanta Dream,WNBA,,,Baylor,,,,,22.0,245.0,6.583333333333333
Chennedy Carter,G,,,21,5'9,--,Atlanta Dream,WNBA,,,Texas A&M,,,,,3.0,,5.75
Kaela Davis,G,,,25,6'2,170 lbs,Atlanta Dream,WNBA,,,South Carolina,,,,,3.0,170.0,6.166666666666667
Blake Dietrick,G,,,26,5'10,157 lbs,Atlanta Dream,WNBA,,,Princeton,,,,,11.0,157.0,5.833333333333333
Glory Johnson,F,,,29,6'3,170 lbs,Atlanta Dream,WNBA,,,Tennessee,,,,,0.0,170.0,6.25
Betnijah Laney,F,,,26,6'0,160 lbs,Atlanta Dream,WNBA,,,Rutgers,,,,,44.0,160.0,6.0
Shekinna Stricklen,F,,,29,6'2,211 lbs,Atlanta Dream,WNBA,,,Tennessee,,,,,40.0,211.0,6.166666666666667
Elizabeth Williams,C,,,26,6'3,200 lbs,Atlanta Dream,WNBA,,,Duke,,,,,1.0,200.0,6.25
Courtney Williams,G,,,26,5'8,133 lbs,Atlanta Dream,WNBA,,,South Florida,,,,,10.0,133.0,5.666666666666667
Sydney Colson,G,,,30,5'8,140 lbs,Chicago Sky,WNBA,,,Texas A&M,,,,,51.0,140.0,5.666666666666667
Kahleah Copper,G,,,25,6'1,155 lbs,Chicago Sky,WNBA,,,Rutgers,,,,,2.0,155.0,6.083333333333333
Diamond DeShields,G,,,25,6'1,154 lbs,Chicago Sky,WNBA,,,Tennessee,,,,,1.0,154.0,6.083333333333333
Stefanie Dolson,C,,,28,6'5,214 lbs,Chicago Sky,WNBA,,,Connecticut,,,,,31.0,214.0,6.416666666666667
Kiah Gillespie,F,,,23,6'2,--,Chicago Sky,WNBA,,,Florida State,,,,,,,6.166666666666667
Ruthy Hebard,F,,,22,6'4,--,Chicago Sky,WNBA,,,Oregon,,,,,24.0,,6.333333333333333
Alisia Jenkins,F,,,--,--,--,Chicago Sky,WNBA,,,--,,,,,12.0,,
Stephanie Mavunga,F,,,25,6'3,205 lbs,Chicago Sky,WNBA,,,Ohio State,,,,,23.0,205.0,6.25
Cheyenne Parker,F,,,27,6'4,190 lbs,Chicago Sky,WNBA,,,Middle Tennessee,,,,,32.0,190.0,6.333333333333333
Allie Quigley,G,,,33,5'10,140 lbs,Chicago Sky,WNBA,,,DePaul,,,,,14.0,140.0,5.833333333333333
Azura Stevens,F,,,24,6'6,180 lbs,Chicago Sky,WNBA,,,Connecticut,,,,,30.0,180.0,6.5
Courtney Vandersloot,G,,,31,5'8,145 lbs,Chicago Sky,WNBA,,,Gonzaga,,,,,22.0,145.0,5.666666666666667
Gabby Williams,F,,,23,5'11,170 lbs,Chicago Sky,WNBA,,,Connecticut,,,,,15.0,170.0,5.916666666666667
DeWanna Bonner,F,,,32,6'4,143 lbs,Connecticut Sun,WNBA,,,Auburn,,,,,24.0,143.0,6.333333333333333
Essence Carson,F,,,34,6'0,165 lbs,Connecticut Sun,WNBA,,,Rutgers,,,,,17.0,165.0,6.0
Kaila Charles,G,,,22,6'1,167 lbs,Connecticut Sun,WNBA,,,Maryland,,,,,3.0,167.0,6.083333333333333
Natisha Hiedeman,G,,,23,5'8,135 lbs,Connecticut Sun,WNBA,,,Marquette,,,,,2.0,135.0,5.666666666666667
Bria Holmes,G,,,26,6'1,170 lbs,Connecticut Sun,WNBA,,,West Virginia,,,,,32.0,170.0,6.083333333333333
Briann January,G,,,33,5'8,144 lbs,Connecticut Sun,WNBA,,,Arizona State,,,,,20.0,144.0,5.666666666666667
Jonquel Jones,F,,,26,6'6,190 lbs,Connecticut Sun,WNBA,,,Clemson,,,,,35.0,190.0,6.5
Brionna Jones,C,,,24,6'3,230 lbs,Connecticut Sun,WNBA,,,Maryland,,,,,42.0,230.0,6.25
Beatrice Mompremier,F,,,23,6'4,--,Connecticut Sun,WNBA,,,Miami (FL),,,,,1.0,,6.333333333333333
Kaleena Mosqueda-Lewis,F,,,26,5'11,180 lbs,Connecticut Sun,WNBA,,,Connecticut,,,,,23.0,180.0,5.916666666666667
Theresa Plaisance,F,,,27,6'5,200 lbs,Connecticut Sun,WNBA,,,LSU,,,,,55.0,200.0,6.416666666666667
Jasmine Thomas,G,,,30,5'9,143 lbs,Connecticut Sun,WNBA,,,Duke,,,,,5.0,143.0,5.75
Alyssa Thomas,F,,,28,6'2,185 lbs,Connecticut Sun,WNBA,,,Maryland,,,,,25.0,185.0,6.166666666666667
Natalie Achonwa,C,,,27,6'3,190 lbs,Indiana Fever,WNBA,,,Notre Dame,,,,,11.0,190.0,6.25
Julie Allemand,G,,,23,5'8,147 lbs,Indiana Fever,WNBA,,,--,,,,,20.0,147.0,5.666666666666667
Kennedy Burke,F,,,23,6'1,182 lbs,Indiana Fever,WNBA,,,UCLA,,,,,8.0,182.0,6.083333333333333
Lauren Cox,F,,,22,6'4,--,Indiana Fever,WNBA,,,Baylor,,,,,13.0,,6.333333333333333
Kathleen Doyle,G,,,21,5'9,--,Indiana Fever,WNBA,,,Iowa,,,,,2.0,,5.75
Candice Dupree,F,,,35,6'2,178 lbs,Indiana Fever,WNBA,,,Temple,,,,,4.0,178.0,6.166666666666667
Jantel Lavender,F,,,31,6'4,185 lbs,Indiana Fever,WNBA,,,Purdue,,,,,7.0,185.0,6.333333333333333
Teaira McCowan,C,,,23,6'7,239 lbs,Indiana Fever,WNBA,,,Mississippi State,,,,,15.0,239.0,6.583333333333333
Tiffany Mitchell,G,,,25,5'9,152 lbs,Indiana Fever,WNBA,,,South Carolina,,,,,25.0,152.0,5.75
Kelsey Mitchell,G,,,24,5'8,160 lbs,Indiana Fever,WNBA,,,Ohio State,,,,,0.0,160.0,5.666666666666667
Kamiah Smalls,F,,,22,5'10,--,Indiana Fever,WNBA,,,James Madison,,,,,3.0,,5.833333333333333
Erica Wheeler,G,,,28,5'7,143 lbs,Indiana Fever,WNBA,,,Rutgers,,,,,17.0,143.0,5.583333333333333
Layshia Clarendon,G,,,29,5'9,158 lbs,New York Liberty,WNBA,,,California,,,,,7.0,158.0,5.75
Asia Durr,G,,,23,5'10,151 lbs,New York Liberty,WNBA,,,Louisville,,,,,25.0,151.0,5.833333333333333
Joyner Holmes,F,,,22,6'3,--,New York Liberty,WNBA,,,Texas,,,,,10.0,,6.25
Sabrina Ionescu,G,,,22,5'11,--,New York Liberty,WNBA,,,Oregon,,,,,20.0,,5.916666666666667
Jazmine Jones,G,,,23,6'0,--,New York Liberty,WNBA,,,Louisville,,,,,4.0,,6.0
Paris Kea,G,,,24,5'9,142 lbs,New York Liberty,WNBA,,,North Carolina,,,,,22.0,142.0,5.75
Kia Nurse,G,,,24,6'0,168 lbs,New York Liberty,WNBA,,,Connecticut,,,,,5.0,168.0,6.0
Leaonna Odom,F,,,22,6'2,--,New York Liberty,WNBA,,,Duke,,,,,0.0,,6.166666666666667
Kylee Shook,F,,,22,6'4,--,New York Liberty,WNBA,,,Louisville,,,,,24.0,,6.333333333333333
Kiah Stokes,C,,,27,6'3,191 lbs,New York Liberty,WNBA,,,Connecticut,,,,,41.0,191.0,6.25
Megan Walker,F,,,20,6'1,--,New York Liberty,WNBA,,,Connecticut,,,,,3.0,,6.083333333333333
Jocelyn Willoughby,G,,,22,6'0,--,New York Liberty,WNBA,,,Virginia,,,,,13.0,,6.0
Amanda Zahui B.,C,,,26,6'5,250 lbs,New York Liberty,WNBA,,,Minnesota,,,,,17.0,250.0,6.416666666666667
Ariel Atkins,G,,,23,5'8,167 lbs,Washington Mystics,WNBA,,,Texas,,,,,7.0,167.0,5.666666666666667
Tina Charles,C,,,31,6'4,192 lbs,Washington Mystics,WNBA,,,Connecticut,,,,,31.0,192.0,6.333333333333333
Alaina Coates,C,,,25,6'4,225 lbs,Washington Mystics,WNBA,,,South Carolina,,,,,81.0,225.0,6.333333333333333
Elena Delle Donne,F,,,30,6'5,187 lbs,Washington Mystics,WNBA,,,Delaware,,,,,11.0,187.0,6.416666666666667
Jacki Gemelos,G,,,31,6'0,165 lbs,Washington Mystics,WNBA,,,USC,,,,,88.0,165.0,6.0
Tianna Hawkins,F,,,29,6'3,186 lbs,Washington Mystics,WNBA,,,Maryland,,,,,21.0,186.0,6.25
Myisha Hines-Allen,F,,,23,6'1,200 lbs,Washington Mystics,WNBA,,,Louisville,,,,,2.0,200.0,6.083333333333333
Stella Johnson,G,,,22,5'10,--,Washington Mystics,WNBA,,,Rider,,,,,4.0,,5.833333333333333
Kiara Leslie,G,,,24,6'0,175 lbs,Washington Mystics,WNBA,,,North Carolina State,,,,,1.0,175.0,6.0
Emma Meesseman,G,,,27,6'4,191 lbs,Washington Mystics,WNBA,,,--,,,,,33.0,191.0,6.333333333333333
Leilani Mitchell,G,,,34,5'5,138 lbs,Washington Mystics,WNBA,,,Utah,,,,,5.0,138.0,5.416666666666667
Aerial Powers,F,,,26,5'9,159 lbs,Washington Mystics,WNBA,,,Michigan State,,,,,23.0,159.0,5.75
Sug Sutton,F,,,21,5'8,--,Washington Mystics,WNBA,,,Texas,,,,,0.0,,5.666666666666667
Bella Alarie,F,,,22,6'4,--,Dallas Wings,WNBA,,,Princeton,,,,,32.0,,6.333333333333333
Allisha Gray,G,,,25,6'0,167 lbs,Dallas Wings,WNBA,,,South Carolina,,,,,15.0,167.0,6.0
Megan Gustafson,F,,,23,6'3,195 lbs,Dallas Wings,WNBA,,,Iowa,,,,,10.0,195.0,6.25
Tyasha Harris,G,,,22,5'10,--,Dallas Wings,WNBA,,,South Carolina,,,,,52.0,,5.833333333333333
Isabelle Harrison,C,,,26,6'3,183 lbs,Dallas Wings,WNBA,,,Tennessee,,,,,20.0,183.0,6.25
Marina Mabrey,G,,,23,5'11,170 lbs,Dallas Wings,WNBA,,,Notre Dame,,,,,5.0,170.0,5.916666666666667
Astou Ndour,C,,,25,6'5,150 lbs,Dallas Wings,WNBA,,,--,,,,,45.0,150.0,6.416666666666667
Arike Ogunbowale,G,,,23,5'8,165 lbs,Dallas Wings,WNBA,,,Notre Dame,,,,,24.0,165.0,5.666666666666667
Satou Sabally,F,,,22,6'4,--,Dallas Wings,WNBA,,,Oregon,,,,,0.0,,6.333333333333333
Katie Lou Samuelson,G,,,22,6'3,163 lbs,Dallas Wings,WNBA,,,Connecticut,,,,,33.0,163.0,6.25
Kayla Thornton,F,,,27,6'1,190 lbs,Dallas Wings,WNBA,,,UTEP,,,,,6.0,190.0,6.083333333333333
Lindsay Allen,G,,,25,5'8,144 lbs,Las Vegas Aces,WNBA,,,Notre Dame,,,,,15.0,144.0,5.666666666666667
Cierra Burdick,F,,,26,6'2,160 lbs,Las Vegas Aces,WNBA,,,Tennessee,,,,,11.0,160.0,6.166666666666667
Liz Cambage,C,,,28,6'8,216 lbs,Las Vegas Aces,WNBA,,,--,,,,,8.0,216.0,6.666666666666667
Dearica Hamby,F,,,26,6'3,189 lbs,Las Vegas Aces,WNBA,,,Wake Forest,,,,,5.0,189.0,6.25
Kayla McBride,G,,,27,5'10,174 lbs,Las Vegas Aces,WNBA,,,Notre Dame,,,,,21.0,174.0,5.833333333333333
Angel McCoughtry,F,,,33,6'1,173 lbs,Las Vegas Aces,WNBA,,,Louisville,,,,,35.0,173.0,6.083333333333333
Kelsey Plum,G,,,25,5'8,145 lbs,Las Vegas Aces,WNBA,,,Washington,,,,,10.0,145.0,5.666666666666667
Danielle Robinson,G,,,30,5'9,137 lbs,Las Vegas Aces,WNBA,,,Oklahoma,,,,,3.0,137.0,5.75
Sugar Rodgers,G,,,30,5'9,161 lbs,Las Vegas Aces,WNBA,,,Georgetown,,,,,14.0,161.0,5.75
Carolyn Swords,C,,,30,6'6,215 lbs,Las Vegas Aces,WNBA,,,Boston College,,,,,4.0,215.0,6.5
A'ja Wilson,C,,,23,6'4,195 lbs,Las Vegas Aces,WNBA,,,South Carolina,,,,,22.0,195.0,6.333333333333333
Jackie Young,G,,,22,6'0,165 lbs,Las Vegas Aces,WNBA,,,Notre Dame,,,,,0.0,165.0,6.0
Kristine Anigwe,C,,,23,6'4,200 lbs,Los Angeles Sparks,WNBA,,,California,,,,,31.0,200.0,6.333333333333333
Seimone Augustus,G,,,36,6'0,174 lbs,Los Angeles Sparks,WNBA,,,LSU,,,,,33.0,174.0,6.0
Te'a Cooper,G,,,23,5'8,--,Los Angeles Sparks,WNBA,,,Baylor,,,,,4.0,,5.666666666666667
Chelsea Gray,G,,,27,5'11,170 lbs,Los Angeles Sparks,WNBA,,,Duke,,,,,12.0,170.0,5.916666666666667
Reshanda Gray,F,,,27,6'2,192 lbs,Los Angeles Sparks,WNBA,,,California,,,,,1.0,192.0,6.166666666666667
Marie Gulich,C,,,25,6'5,205 lbs,Los Angeles Sparks,WNBA,,,Oregon State,,,,,21.0,205.0,6.416666666666667
Nneka Ogwumike,F,,,29,6'2,174 lbs,Los Angeles Sparks,WNBA,,,Stanford,,,,,30.0,174.0,6.166666666666667
Candace Parker,F,,,34,6'4,175 lbs,Los Angeles Sparks,WNBA,,,Tennessee,,,,,3.0,175.0,6.333333333333333
Tierra Ruffin-Pratt,G,,,29,5'11,183 lbs,Los Angeles Sparks,WNBA,,,North Carolina,,,,,10.0,183.0,5.916666666666667
Brittney Sykes,G,,,26,5'9,154 lbs,Los Angeles Sparks,WNBA,,,Syracuse,,,,,15.0,154.0,5.75
Sydney Wiese,G,,,24,6'0,165 lbs,Los Angeles Sparks,WNBA,,,Oregon State,,,,,24.0,165.0,6.0
Riquna Williams,G,,,29,5'7,165 lbs,Los Angeles Sparks,WNBA,,,Miami (FL),,,,,2.0,165.0,5.583333333333333
Kayla Alexander,C,,,29,6'4,195 lbs,Minnesota Lynx,WNBA,,,Syracuse,,,,,40.0,195.0,6.333333333333333
Rachel Banham,G,,,26,5'9,168 lbs,Minnesota Lynx,WNBA,,,Minnesota,,,,,15.0,168.0,5.75
Lexie Brown,G,,,25,5'9,158 lbs,Minnesota Lynx,WNBA,,,Duke,,,,,4.0,158.0,5.75
Bridget Carleton,G,,,23,6'1,195 lbs,Minnesota Lynx,WNBA,,,Iowa State,,,,,6.0,195.0,6.083333333333333
Napheesa Collier,F,,,23,6'1,182 lbs,Minnesota Lynx,WNBA,,,Connecticut,,,,,24.0,182.0,6.083333333333333
Crystal Dangerfield,G,,,22,5'5,--,Minnesota Lynx,WNBA,,,Connecticut,,,,,2.0,,5.416666666666667
Damiris Dantas,F,,,27,6'3,206 lbs,Minnesota Lynx,WNBA,,,--,,,,,12.0,206.0,6.25
Sylvia Fowles,C,,,34,6'6,227 lbs,Minnesota Lynx,WNBA,,,LSU,,,,,34.0,227.0,6.5
Mikiah Herbert Harrigan,F,,,21,6'2,--,Minnesota Lynx,WNBA,,,South Carolina,,,,,21.0,,6.166666666666667
Shenise Johnson,G,,,29,5'11,172 lbs,Minnesota Lynx,WNBA,,,Miami (FL),,,,,42.0,172.0,5.916666666666667
Erica McCall,F,,,24,6'3,184 lbs,Minnesota Lynx,WNBA,,,Stanford,,,,,22.0,184.0,6.25
Odyssey Sims,G,,,27,5'8,163 lbs,Minnesota Lynx,WNBA,,,Baylor,,,,,1.0,163.0,5.666666666666667
Jessica Breland,F,,,32,6'2,166 lbs,Phoenix Mercury,WNBA,,,North Carolina,,,,,51.0,166.0,6.166666666666667
Nia Coffey,F,,,24,6'1,182 lbs,Phoenix Mercury,WNBA,,,Northwestern,,,,,10.0,182.0,6.083333333333333
Sophie Cunningham,G,,,23,6'1,170 lbs,Phoenix Mercury,WNBA,,,Missouri,,,,,9.0,170.0,6.083333333333333
Skylar Diggins-Smith,G,,,29,5'9,145 lbs,Phoenix Mercury,WNBA,,,Notre Dame,,,,,4.0,145.0,5.75
Brittney Griner,C,,,29,6'9,205 lbs,Phoenix Mercury,WNBA,,,Baylor,,,,,42.0,205.0,6.75
Bria Hartley,G,,,27,5'8,148 lbs,Phoenix Mercury,WNBA,,,Connecticut,,,,,14.0,148.0,5.666666666666667
Shey Peddy,G,,,31,5'8,147 lbs,Phoenix Mercury,WNBA,,,Temple,,,,,10.0,147.0,5.666666666666667
Alanna Smith,F,,,23,6'4,180 lbs,Phoenix Mercury,WNBA,,,Stanford,,,,,11.0,180.0,6.333333333333333
Diana Taurasi,G,,,37,6'0,163 lbs,Phoenix Mercury,WNBA,,,Connecticut,,,,,3.0,163.0,6.0
Brianna Turner,F,,,23,6'3,170 lbs,Phoenix Mercury,WNBA,,,Notre Dame,,,,,21.0,170.0,6.25
Kia Vaughn,C,,,33,6'4,205 lbs,Phoenix Mercury,WNBA,,,Rutgers,,,,,1.0,205.0,6.333333333333333
Shatori Walker-Kimbrough,G,,,25,5'9,140 lbs,Phoenix Mercury,WNBA,,,Maryland,,,,,2.0,140.0,5.75
Sue Bird,G,,,39,5'9,150 lbs,Seattle Storm,WNBA,,,Connecticut,,,,,10.0,150.0,5.75
Jordin Canada,G,,,24,5'6,135 lbs,Seattle Storm,WNBA,,,UCLA,,,,,21.0,135.0,5.5
Alysha Clark,F,,,32,5'11,167 lbs,Seattle Storm,WNBA,,,Middle Tennessee,,,,,32.0,167.0,5.916666666666667
Natasha Howard,F,,,28,6'3,165 lbs,Seattle Storm,WNBA,,,Florida State,,,,,6.0,165.0,6.25
Crystal Langhorne,F,,,33,6'2,185 lbs,Seattle Storm,WNBA,,,Maryland,,,,,1.0,185.0,6.166666666666667
Jewell Loyd,G,,,26,5'10,148 lbs,Seattle Storm,WNBA,,,Notre Dame,,,,,24.0,148.0,5.833333333333333
Ezi Magbegor,C,,,20,6'4,176 lbs,Seattle Storm,WNBA,,,--,,,,,13.0,176.0,6.333333333333333
Epiphanny Prince,G,,,32,5'9,179 lbs,Seattle Storm,WNBA,,,Rutgers,,,,,11.0,179.0,5.75
Mercedes Russell,C,,,24,6'6,195 lbs,Seattle Storm,WNBA,,,Tennessee,,,,,2.0,195.0,6.5
Breanna Stewart,F,,,25,6'4,170 lbs,Seattle Storm,WNBA,,,Connecticut,,,,,30.0,170.0,6.333333333333333
Morgan Tuck,F,,,26,6'2,207 lbs,Seattle Storm,WNBA,,,Connecticut,,,,,3.0,207.0,6.166666666666667
Sami Whitcomb,G,,,31,5'10,145 lbs,Seattle Storm,WNBA,,,Washington,,,,,33.0,145.0,5.833333333333333
