customer_id,customer_state,highest_education,employment_status,gender,income,residence_type,marital_status,sales_channel,coverage,policy,vehicle_class,vehicle_size,monthly_premium,months_since_last_claim,total_claim_amount,customer_lifetime_value
AA11235,Nevada,Bachelor,Medical Leave,Female,11167.0,Suburban,Married,Branch,Basic,Personal,Two-Door Car,Midsize,73.0,0.0,1350.4,2568.84
AA16582,Washington,Bachelor,Medical Leave,Male,14072.0,Suburban,Divorced,Agent,Basic,Personal,Four-Door Car,Midsize,71.0,13.0,1511.2,24127.5
AA34092,California,Associate,Employed,Male,33635.0,Suburban,Married,Web,Extended,Personal,Luxury SUV,Midsize,240.0,1.0,2152.0,28799.95
AA56476,Arizona,High School,Employed,Female,74454.0,Suburban,Single,Call Center,Basic,Corporate,Four-Door Car,Midsize,71.0,25.0,1340.8,5595.39
AA69265,Nevada,Bachelor,Employed,Female,60817.0,Suburban,Single,Web,Premium,Personal,Four-Door Car,Midsize,103.0,3.0,1494.4,3964.73
AA71604,Arizona,Master,Employed,Female,87560.0,Suburban,Married,Web,Extended,Personal,Two-Door Car,Midsize,98.0,4.0,1470.4,11986.59
AA93585,California,Associate,Employed,Male,97024.0,Urban,Married,Branch,Premium,Personal,SUV,Midsize,177.0,0.0,1686.8200000000002,7083.64
AB21519,California,Associate,Employed,Female,93272.0,Urban,Married,Branch,Extended,Personal,Four-Door Car,Midsize,95.0,3.0,1281.1100000000001,3861.49
AB23825,California,Associate,Employed,Male,21509.0,Suburban,Single,Agent,Extended,Personal,Two-Door Car,Midsize,81.0,24.0,1413.49,8888.88
AB26022,Oregon,High School,Retired,Male,26487.0,Suburban,Single,Call Center,Basic,Corporate,SUV,Midsize,112.0,0.0,1602.4299999999998,7998.35
AB45325,Arizona,High School,Employed,Male,74215.0,Suburban,Married,Branch,Basic,Personal,Two-Door Car,Small,64.0,27.0,1345.18,2577.32
AB60627,California,High School,Employed,Male,77517.0,Rural,Married,Branch,Extended,Corporate,SUV,Midsize,129.0,19.0,1098.92,15467.79
AB62982,Oregon,Doctoral,Employed,Female,77521.0,Suburban,Married,Call Center,Basic,Personal,Two-Door Car,Small,73.0,6.0,1350.4,5918.07
AB69140,California,Master,Employed,Male,36007.0,Suburban,Married,Branch,Basic,Personal,Four-Door Car,Small,70.0,14.0,1336.0,25093.57
AB72731,California,Bachelor,Employed,Female,28358.0,Rural,Married,Call Center,Basic,Personal,Sports Car,Midsize,117.0,24.0,1084.02,4639.98
AB73565,California,Bachelor,Employed,Male,96748.0,Suburban,Married,Branch,Extended,Personal,Two-Door Car,Midsize,96.0,13.0,1460.8,7725.54
AC22873,Arizona,High School,Medical Leave,Female,17120.0,Suburban,Married,Agent,Extended,Special,SUV,Midsize,125.0,14.0,1717.29,4853.1
AC24378,Arizona,High School,Employed,Female,48552.0,Urban,Married,Call Center,Extended,Corporate,Four-Door Car,Midsize,94.0,5.0,1262.75,7477.18
AC40767,Washington,Bachelor,Employed,Male,68041.0,Urban,Single,Branch,Basic,Personal,Two-Door Car,Midsize,64.0,10.0,1165.57,2497.81
AC58002,California,Bachelor,Employed,Female,53907.0,Urban,Married,Branch,Basic,Corporate,Four-Door Car,Midsize,71.0,1.0,1189.91,5666.87
AC67315,Nevada,Bachelor,Employed,Female,96950.0,Suburban,Married,Agent,Basic,Personal,Sports Car,Large,115.0,20.0,1633.13,13862.1
AC75391,Arizona,Associate,Employed,Female,35091.0,Suburban,Divorced,Branch,Basic,Corporate,Two-Door Car,Midsize,74.0,27.0,1418.93,5768.09
AC79024,Nevada,Bachelor,Employed,Male,23241.0,Suburban,Married,Agent,Basic,Personal,Two-Door Car,Small,70.0,11.0,1504.0,5533.23
AD12500,California,High School,Employed,Female,42696.0,Suburban,Single,Call Center,Extended,Personal,Luxury Car,Small,228.0,17.0,2273.74,17822.56
AD38685,California,Associate,Employed,Male,62464.0,Urban,Married,Agent,Basic,Personal,Sports Car,Midsize,109.0,23.0,1400.18,8658.86
AD56037,Arizona,High School,Employed,Male,87050.0,Suburban,Married,Agent,Extended,Personal,SUV,Midsize,129.0,1.0,1619.2,5160.25
AD89594,California,Associate,Employed,Male,28651.0,Urban,Single,Agent,Basic,Personal,Four-Door Car,Midsize,67.0,4.0,1302.27,12817.41
AD95939,California,Bachelor,Employed,Male,28773.0,Suburban,Single,Web,Extended,Personal,Luxury Car,Midsize,229.0,14.0,2099.2,26511.6
AE23906,Arizona,Associate,Employed,Male,37256.0,Rural,Married,Branch,Basic,Personal,Four-Door Car,Midsize,62.0,15.0,1128.97,9816.53
AE60813,Oregon,Associate,Employed,Female,75090.0,Rural,Married,Branch,Basic,Personal,Four-Door Car,Midsize,63.0,10.0,1101.34,4993.03
AE62631,Oregon,Bachelor,Employed,Male,20662.0,Suburban,Married,Agent,Basic,Personal,Two-Door Car,Midsize,72.0,10.0,1373.32,8427.72
AE74442,California,Bachelor,Employed,Female,61584.0,Urban,Married,Agent,Basic,Corporate,Four-Door Car,Midsize,61.0,18.0,1205.29,7379.46
AE89300,Arizona,Bachelor,Employed,Female,82634.0,Urban,Single,Agent,Basic,Personal,SUV,Midsize,104.0,8.0,1324.1,8224.77
AE90216,California,Bachelor,Employed,Male,75644.0,Suburban,Divorced,Branch,Basic,Personal,Two-Door Car,Midsize,65.0,5.0,1467.8,4974.8
AF10970,Arizona,Bachelor,Employed,Female,96163.0,Suburban,Married,Call Center,Basic,Corporate,Four-Door Car,Midsize,73.0,23.0,1350.4,5973.14
AF17671,Washington,Bachelor,Employed,Female,56337.0,Suburban,Married,Web,Extended,Personal,Four-Door Car,Midsize,97.0,26.0,1465.6,7765.23
AF20716,Oregon,Bachelor,Employed,Male,74241.0,Rural,Married,Agent,Basic,Personal,Two-Door Car,Midsize,61.0,21.0,1138.59,2429.37
AF36894,California,Bachelor,Employed,Male,33640.0,Suburban,Married,Agent,Basic,Corporate,SUV,Midsize,113.0,20.0,1542.4,4392.98
AF37776,California,Bachelor,Employed,Female,80192.0,Rural,Married,Call Center,Extended,Personal,SUV,Large,129.0,8.0,1200.66,10419.17
AF41118,California,Associate,Medical Leave,Male,10710.0,Suburban,Married,Branch,Extended,Personal,Two-Door Car,Small,94.0,12.0,1451.2,7255.71
AF48816,Arizona,Bachelor,Employed,Female,87382.0,Suburban,Married,Web,Basic,Personal,Four-Door Car,Large,72.0,26.0,1345.6,5792.67
AF49625,Oregon,Bachelor,Employed,Female,75838.0,Urban,Single,Agent,Extended,Corporate,Two-Door Car,Small,90.0,6.0,1428.91,7189.11
AF69537,Arizona,Associate,Employed,Male,59630.0,Suburban,Married,Agent,Premium,Personal,SUV,Midsize,185.0,9.0,1888.0,7329.78
AF81450,California,High School,Disabled,Male,28657.0,Suburban,Married,Branch,Basic,Personal,SUV,Small,100.0,4.0,1588.74,11431.73
AG32304,Nevada,Associate,Employed,Female,39133.0,Rural,Married,Call Center,Basic,Personal,Four-Door Car,Midsize,67.0,25.0,1090.52,5418.73
AG45299,California,Associate,Employed,Male,76763.0,Rural,Divorced,Web,Basic,Personal,SUV,Small,108.0,12.0,1186.46,8595.73
AG47947,Washington,High School,Employed,Female,81872.0,Rural,Married,Web,Premium,Personal,Four-Door Car,Midsize,115.0,10.0,1256.44,14024.36
AG58599,Oregon,High School,Employed,Female,26004.0,Suburban,Married,Web,Basic,Personal,Four-Door Car,Midsize,70.0,12.0,1336.0,2805.1
AG62087,California,Bachelor,Employed,Male,30335.0,Urban,Married,Agent,Extended,Corporate,Four-Door Car,Midsize,87.0,17.0,1326.13,3412.57
AG62140,California,Associate,Employed,Female,33716.0,Suburban,Married,Agent,Basic,Personal,Four-Door Car,Small,68.0,18.0,1349.43,5386.33
AG85127,Oregon,Bachelor,Employed,Male,61409.0,Urban,Married,Web,Basic,Special,Four-Door Car,Midsize,68.0,30.0,1264.04,8085.45
AH17051,California,Bachelor,Employed,Male,29695.0,Suburban,Married,Branch,Extended,Personal,Four-Door Car,Midsize,94.0,34.0,1554.1399999999999,14700.5
AH22694,California,Doctoral,Employed,Male,24317.0,Suburban,Married,Call Center,Basic,Corporate,Four-Door Car,Midsize,73.0,2.0,1350.4,5850.45
AH39293,California,Associate,Employed,Male,72302.0,Suburban,Divorced,Agent,Basic,Personal,Two-Door Car,Midsize,66.0,6.0,1316.8,2616.61
AH41065,Washington,High School,Employed,Male,58851.0,Suburban,Married,Web,Extended,Personal,Four-Door Car,Midsize,79.0,11.0,1494.19,18943.27
AH41449,Nevada,Associate,Employed,Male,24666.0,Rural,Married,Branch,Basic,Personal,Sports Car,Midsize,101.0,32.0,1151.84,7907.13
AH53588,California,Associate,Retired,Male,26802.0,Suburban,Married,Agent,Basic,Personal,Two-Door Car,Midsize,66.0,7.0,1316.8,4636.55
AH55475,Arizona,Associate,Employed,Male,44246.0,Suburban,Married,Web,Extended,Personal,SUV,Small,122.0,1.0,1585.6,33053.27
AH58807,Arizona,Associate,Employed,Female,84650.0,Urban,Married,Agent,Basic,Personal,Luxury Car,Midsize,185.0,13.0,1660.47,51426.25
AH65907,California,Bachelor,Employed,Female,51790.0,Suburban,Married,Agent,Basic,Personal,Four-Door Car,Large,71.0,12.0,1340.8,2859.41
AH84063,Oregon,Associate,Employed,Female,89642.0,Rural,Married,Call Center,Extended,Corporate,SUV,Midsize,121.0,11.0,1086.32,4719.45
AH89786,Oregon,High School,Retired,Male,16997.0,Suburban,Married,Branch,Basic,Personal,Two-Door Car,Midsize,65.0,35.0,1468.0,2174.11
AH92481,California,Associate,Employed,Female,53219.0,Suburban,Married,Call Center,Basic,Corporate,SUV,Midsize,117.0,24.0,1561.6,4673.2
AH97088,Nevada,High School,Employed,Male,84417.0,Rural,Divorced,Agent,Extended,Personal,Two-Door Car,Midsize,98.0,5.0,1139.71,7803.5
AH99727,Arizona,Bachelor,Disabled,Female,11612.0,Suburban,Married,Branch,Basic,Personal,Four-Door Car,Midsize,71.0,20.0,1340.8,5623.31
AI11191,Arizona,High School,Employed,Female,77853.0,Rural,Single,Branch,Basic,Personal,SUV,Midsize,106.0,12.0,1165.24,4228.25
AI14767,California,High School,Employed,Female,37455.0,Suburban,Married,Call Center,Basic,Personal,SUV,Small,114.0,13.0,1547.2,40688.53
AI47152,Nevada,Associate,Employed,Female,35434.0,Urban,Married,Agent,Basic,Personal,Four-Door Car,Midsize,66.0,19.0,1297.05,7992.78
AI49188,Nevada,Bachelor,Employed,Female,48767.0,Suburban,Married,Agent,Premium,Personal,Two-Door Car,Midsize,108.0,18.0,1566.47,12887.43
AI58313,Nevada,Associate,Employed,Female,75425.0,Suburban,Divorced,Call Center,Basic,Personal,Sports Car,Midsize,116.0,25.0,1663.6399999999999,36946.06
AI58500,Arizona,Associate,Employed,Female,26554.0,Suburban,Married,Web,Basic,Personal,Two-Door Car,Small,68.0,18.0,1391.69,2689.17
AI61368,Nevada,High School,Medical Leave,Female,22510.0,Suburban,Single,Web,Extended,Personal,Four-Door Car,Small,95.0,19.0,1456.0,17651.96
AI74959,California,High School,Employed,Male,25927.0,Suburban,Single,Web,Basic,Personal,SUV,Midsize,103.0,6.0,1674.97,3933.81
AI85843,Arizona,Master,Employed,Female,33288.0,Urban,Married,Branch,Extended,Personal,Four-Door Car,Midsize,86.0,1.0,1221.8600000000001,6756.65
AJ32539,Oregon,Bachelor,Employed,Male,25860.0,Suburban,Married,Web,Basic,Personal,Four-Door Car,Midsize,72.0,12.0,1345.6,2829.31
AJ69778,Oregon,High School,Employed,Female,77135.0,Rural,Divorced,Web,Extended,Personal,Four-Door Car,Midsize,84.0,3.0,1098.37,6514.43
AJ89107,Arizona,High School,Employed,Male,27072.0,Suburban,Married,Branch,Extended,Personal,Four-Door Car,Large,93.0,24.0,1565.3400000000001,7349.33
AJ89108,California,Bachelor,Employed,Female,51643.0,Suburban,Single,Agent,Premium,Personal,Luxury Car,Midsize,283.0,16.0,2358.4,11009.13
AK11669,Arizona,Doctoral,Employed,Female,59232.0,Suburban,Divorced,Branch,Extended,Corporate,Two-Door Car,Midsize,85.0,6.0,1408.0,10130.93
AK46006,Oregon,Bachelor,Medical Leave,Male,18047.0,Suburban,Married,Call Center,Extended,Personal,Luxury SUV,Midsize,242.0,5.0,2350.38,36293.15
AK54675,California,Bachelor,Employed,Female,84863.0,Suburban,Divorced,Call Center,Extended,Corporate,SUV,Large,138.0,28.0,1691.7,5535.96
AK59340,California,High School,Employed,Male,42360.0,Rural,Single,Branch,Basic,Corporate,Four-Door Car,Midsize,71.0,29.0,1099.51,5601.14
AK72422,California,Associate,Disabled,Male,21070.0,Suburban,Divorced,Call Center,Premium,Corporate,Sports Car,Small,195.0,6.0,2404.0,29049.71
AL21967,Oregon,Master,Employed,Male,74243.0,Rural,Married,Call Center,Extended,Corporate,Four-Door Car,Midsize,84.0,34.0,1071.31,10171.48
AL27471,Oregon,Doctoral,Employed,Male,30821.0,Urban,Married,Web,Extended,Personal,Four-Door Car,Midsize,97.0,27.0,1451.32,3911.12
AL43475,California,Associate,Employed,Female,44938.0,Suburban,Married,Branch,Basic,Personal,Luxury Car,Large,183.0,7.0,3069.31,7373.23
AL43715,Nevada,Master,Employed,Male,67541.0,Rural,Married,Agent,Premium,Personal,Four-Door Car,Midsize,104.0,10.0,1203.8899999999999,8310.7
AL46984,California,High School,Employed,Male,43259.0,Suburban,Married,Branch,Basic,Personal,Four-Door Car,Midsize,73.0,12.0,1350.4,8730.42
AM17304,Arizona,Master,Employed,Female,45356.0,Suburban,Single,Call Center,Extended,Personal,Four-Door Car,Midsize,90.0,31.0,1462.04,7218.38
AM26598,Arizona,Associate,Employed,Female,89672.0,Urban,Married,Agent,Basic,Personal,Four-Door Car,Midsize,72.0,7.0,1309.57,2913.49
AM29546,Oregon,Associate,Employed,Male,57733.0,Suburban,Married,Call Center,Basic,Personal,Two-Door Car,Midsize,66.0,24.0,1393.53,5225.03
AM30008,California,High School,Employed,Male,28327.0,Suburban,Single,Web,Basic,Personal,Luxury Car,Midsize,185.0,29.0,1888.0,14131.12
AM34581,Oregon,Bachelor,Employed,Female,24432.0,Rural,Married,Branch,Extended,Corporate,Two-Door Car,Midsize,87.0,19.0,1071.11,6680.15
AM36670,California,Associate,Employed,Female,54827.0,Rural,Single,Branch,Basic,Personal,Four-Door Car,Large,64.0,17.0,1132.95,4997.78
AM52614,Oregon,Bachelor,Employed,Female,41402.0,Suburban,Divorced,Branch,Basic,Personal,Sports Car,Midsize,119.0,26.0,1571.2,4477.45
AM53473,Arizona,Bachelor,Employed,Female,60087.0,Suburban,Single,Agent,Basic,Special,Four-Door Car,Small,74.0,21.0,1355.2,5821.79
AM57175,Oregon,High School,Employed,Female,62473.0,Suburban,Divorced,Branch,Extended,Personal,Four-Door Car,Small,76.0,6.0,1507.56,15000.84
AM72411,Oregon,High School,Medical Leave,Male,23253.0,Suburban,Divorced,Branch,Basic,Personal,Two-Door Car,Midsize,61.0,20.0,1292.8,2279.7
AM79057,Oregon,Bachelor,Employed,Female,69024.0,Urban,Married,Web,Basic,Personal,Four-Door Car,Midsize,61.0,27.0,1238.53,2287.92
AM88377,California,Bachelor,Retired,Female,10180.0,Suburban,Married,Branch,Basic,Corporate,Two-Door Car,Midsize,65.0,17.0,1455.65,5049.77
AM89558,Nevada,Associate,Retired,Male,26802.0,Suburban,Married,Agent,Basic,Corporate,Two-Door Car,Midsize,66.0,7.0,1316.8,4636.55
AM92343,Oregon,High School,Employed,Female,67616.0,Urban,Married,Agent,Extended,Personal,Four-Door Car,Midsize,96.0,25.0,1340.31,11599.5
AM97901,Nevada,Associate,Employed,Female,84831.0,Suburban,Single,Branch,Premium,Special,Sports Car,Midsize,192.0,13.0,2336.9300000000003,22986.15
AM99192,Arizona,Associate,Employed,Male,42743.0,Rural,Married,Call Center,Basic,Personal,SUV,Midsize,117.0,5.0,1101.29,9061.95
AN32867,California,Bachelor,Employed,Male,81285.0,Suburban,Single,Branch,Extended,Personal,Four-Door Car,Midsize,81.0,18.0,1441.77,3124.93
AN36757,Oregon,Master,Employed,Male,66851.0,Urban,Married,Branch,Extended,Personal,Four-Door Car,Midsize,92.0,10.0,1408.55,22056.0
AN57220,Oregon,Bachelor,Employed,Female,96917.0,Rural,Married,Web,Basic,Special,Four-Door Car,Midsize,61.0,24.0,1071.94,17263.64
AN79079,Arizona,Doctoral,Employed,Male,40870.0,Suburban,Married,Agent,Basic,Personal,SUV,Large,105.0,3.0,1504.0,12731.95
AN80983,Oregon,Associate,Employed,Male,85721.0,Suburban,Married,Web,Basic,Corporate,Four-Door Car,Midsize,65.0,12.0,1312.0,5218.34
AO20938,Arizona,High School,Employed,Female,31433.0,Suburban,Married,Call Center,Basic,Personal,SUV,Small,100.0,5.0,1635.02,32021.4
AO40386,Oregon,Associate,Retired,Male,27504.0,Suburban,Divorced,Branch,Extended,Personal,Four-Door Car,Small,91.0,26.0,1436.8,22647.22
AO42003,Oregon,Associate,Employed,Female,55907.0,Suburban,Married,Agent,Basic,Corporate,SUV,Large,104.0,23.0,1499.2,16681.33
AO74776,California,High School,Employed,Female,27824.0,Suburban,Married,Agent,Basic,Personal,SUV,Large,118.0,32.0,1566.4,9427.68
AO77635,California,Associate,Employed,Female,28987.0,Rural,Married,Branch,Basic,Personal,SUV,Midsize,102.0,8.0,1245.69,4005.72
AO98601,Washington,Bachelor,Employed,Male,54500.0,Suburban,Married,Agent,Basic,Corporate,Two-Door Car,Small,63.0,28.0,1302.4,5018.89
AP27994,Oregon,High School,Disabled,Female,23124.0,Suburban,Married,Agent,Basic,Special,Sports Car,Midsize,112.0,27.0,1537.6,4372.49
AP47670,California,High School,Employed,Male,29465.0,Suburban,Married,Call Center,Basic,Personal,Four-Door Car,Midsize,63.0,6.0,1302.4,2497.91
AP52126,Oregon,Associate,Employed,Female,68562.0,Rural,Married,Branch,Basic,Personal,SUV,Midsize,108.0,29.0,1228.5,13151.83
AP52565,Arizona,High School,Employed,Female,70328.0,Urban,Married,Branch,Extended,Corporate,Four-Door Car,Midsize,84.0,11.0,1293.23,6746.43
AP56340,Washington,Bachelor,Disabled,Male,13103.0,Suburban,Married,Agent,Basic,Personal,Four-Door Car,Midsize,72.0,21.0,1458.0,5384.67
AP59947,California,Bachelor,Employed,Female,55843.0,Suburban,Married,Call Center,Basic,Corporate,Two-Door Car,Midsize,64.0,3.0,1307.2,7690.16
AP66226,Nevada,Bachelor,Medical Leave,Male,18505.0,Suburban,Married,Web,Basic,Personal,Four-Door Car,Midsize,66.0,15.0,1316.8,4479.49
AP67935,California,Associate,Employed,Male,64749.0,Urban,Married,Branch,Basic,Special,Four-Door Car,Midsize,64.0,24.0,1302.57,7619.52
AP89323,Nevada,Associate,Employed,Female,40516.0,Suburban,Divorced,Agent,Basic,Personal,Four-Door Car,Small,70.0,9.0,1336.0,2728.84
AP95078,Oregon,Bachelor,Employed,Male,37229.0,Suburban,Married,Branch,Basic,Personal,Four-Door Car,Midsize,67.0,9.0,1321.6,7855.32
AQ25590,Washington,High School,Medical Leave,Female,20282.0,Suburban,Divorced,Agent,Extended,Personal,Two-Door Car,Midsize,79.0,19.0,1507.55,5445.37
AQ51159,Arizona,High School,Employed,Female,38676.0,Rural,Married,Branch,Basic,Personal,Four-Door Car,Midsize,72.0,24.0,1146.12,8586.8
AQ51368,Oregon,Bachelor,Employed,Female,72540.0,Suburban,Married,Call Center,Extended,Corporate,Two-Door Car,Midsize,88.0,7.0,1631.74,10656.88
AQ52711,Oregon,Bachelor,Employed,Female,65337.0,Suburban,Married,Agent,Premium,Personal,SUV,Large,173.0,9.0,1830.4,6897.51
AQ70619,California,High School,Employed,Male,71024.0,Urban,Married,Agent,Basic,Corporate,Four-Door Car,Midsize,65.0,26.0,1266.6399999999999,13046.65
AQ91207,California,High School,Employed,Male,38667.0,Urban,Married,Branch,Basic,Personal,Four-Door Car,Midsize,63.0,9.0,1293.07,2487.65
AQ94108,Oregon,Associate,Employed,Female,56704.0,Rural,Married,Branch,Basic,Corporate,Four-Door Car,Midsize,71.0,33.0,1084.72,8507.83
AR17553,California,Master,Medical Leave,Male,22944.0,Suburban,Married,Branch,Extended,Corporate,Four-Door Car,Midsize,80.0,26.0,1488.27,6111.05
AR25213,Arizona,High School,Employed,Male,40858.0,Suburban,Married,Agent,Basic,Personal,Luxury SUV,Large,184.0,10.0,1883.2,7282.97
AR40217,Oregon,High School,Employed,Female,42754.0,Urban,Divorced,Agent,Basic,Personal,Two-Door Car,Midsize,65.0,5.0,1279.72,19079.1
AR47849,Nevada,Bachelor,Employed,Female,48567.0,Suburban,Single,Agent,Extended,Personal,SUV,Midsize,130.0,12.0,1624.0,5015.01
AR69517,California,Associate,Retired,Male,25251.0,Suburban,Divorced,Web,Basic,Corporate,Four-Door Car,Midsize,66.0,13.0,1316.8,11790.5
AR75105,California,Associate,Retired,Female,21073.0,Suburban,Divorced,Agent,Basic,Personal,SUV,Small,106.0,25.0,1508.8,7805.31
AR83514,Arizona,High School,Employed,Female,59522.0,Suburban,Married,Web,Extended,Corporate,Four-Door Car,Small,89.0,0.0,1427.2,7153.67
AR96516,Oregon,Bachelor,Employed,Female,50217.0,Suburban,Married,Web,Basic,Personal,Two-Door Car,Midsize,74.0,18.0,1355.2,5914.95
AS17174,Oregon,High School,Employed,Male,95697.0,Rural,Married,Agent,Basic,Personal,Two-Door Car,Midsize,61.0,16.0,1114.27,2471.53
AS18084,California,Associate,Medical Leave,Female,25370.0,Suburban,Married,Branch,Basic,Personal,Sports Car,Large,102.0,10.0,1489.6,11638.9
AS26192,Oregon,High School,Employed,Male,50406.0,Rural,Divorced,Call Center,Basic,Corporate,Four-Door Car,Midsize,70.0,20.0,1132.21,5519.08
AS48176,Oregon,Bachelor,Retired,Male,14973.0,Suburban,Divorced,Branch,Basic,Personal,SUV,Midsize,115.0,2.0,1828.0,12168.74
AS55478,Oregon,Bachelor,Employed,Male,26670.0,Suburban,Married,Call Center,Extended,Corporate,Four-Door Car,Small,98.0,23.0,1541.23,3874.87
AS60178,Nevada,Bachelor,Employed,Female,54655.0,Urban,Married,Agent,Basic,Corporate,Four-Door Car,Small,70.0,34.0,1186.6100000000001,2796.87
AS77287,California,Associate,Disabled,Male,25452.0,Suburban,Single,Agent,Basic,Personal,Sports Car,Midsize,107.0,20.0,1954.69,8099.57
AS78838,California,Bachelor,Medical Leave,Male,29735.0,Suburban,Single,Agent,Basic,Personal,Four-Door Car,Midsize,69.0,3.0,1331.2,2453.57
AS93181,Arizona,Bachelor,Disabled,Female,14985.0,Suburban,Married,Call Center,Basic,Personal,Sports Car,Midsize,116.0,12.0,1571.3200000000002,4506.58
AS97690,Arizona,Associate,Employed,Male,54483.0,Suburban,Married,Call Center,Basic,Personal,Two-Door Car,Midsize,61.0,6.0,1292.8,2411.26
AT13963,Washington,Master,Employed,Female,43946.0,Urban,Divorced,Call Center,Extended,Corporate,Sports Car,Midsize,133.0,13.0,1415.99,15865.17
AT18041,California,High School,Employed,Female,63471.0,Suburban,Married,Agent,Basic,Personal,Two-Door Car,Large,67.0,0.0,1387.72,2682.7
AT24793,Oregon,Associate,Employed,Male,25352.0,Suburban,Married,Call Center,Premium,Special,Sports Car,Midsize,173.0,10.0,1830.4,6863.12
AT26484,Nevada,Associate,Employed,Male,25221.0,Suburban,Married,Web,Premium,Special,Four-Door Car,Small,103.0,10.0,1616.01,3818.47
AT29024,California,High School,Employed,Female,27005.0,Suburban,Married,Agent,Basic,Corporate,Four-Door Car,Small,61.0,10.0,1311.84,4892.63
AT30076,Nevada,High School,Employed,Female,31727.0,Suburban,Single,Agent,Extended,Personal,Four-Door Car,Small,92.0,1.0,1495.75,3536.65
AT31367,California,Associate,Retired,Female,18577.0,Suburban,Divorced,Branch,Extended,Corporate,Four-Door Car,Midsize,86.0,21.0,1412.8,6273.91
AT33529,California,Doctoral,Employed,Female,30893.0,Rural,Divorced,Branch,Basic,Corporate,Four-Door Car,Midsize,70.0,25.0,1085.42,2776.75
AT41276,California,Bachelor,Employed,Male,36554.0,Suburban,Married,Call Center,Basic,Personal,Two-Door Car,Small,70.0,6.0,1433.3899999999999,8110.54
AT49447,California,Bachelor,Employed,Male,99359.0,Rural,Married,Call Center,Extended,Personal,Two-Door Car,Midsize,95.0,16.0,1233.27,7591.83
AT55072,Arizona,Associate,Employed,Male,65733.0,Suburban,Married,Agent,Premium,Personal,Four-Door Car,Midsize,113.0,13.0,1684.95,9103.9
AT79008,California,Bachelor,Employed,Female,40006.0,Rural,Divorced,Branch,Premium,Personal,Two-Door Car,Midsize,114.0,34.0,1132.57,9065.26
AT84725,Washington,Associate,Retired,Male,28215.0,Suburban,Single,Agent,Basic,Personal,Two-Door Car,Midsize,65.0,15.0,1468.0,4650.06
AT86990,Arizona,Bachelor,Employed,Female,28738.0,Rural,Divorced,Agent,Basic,Personal,Two-Door Car,Midsize,62.0,2.0,1081.61,2487.26
AT89553,California,Associate,Retired,Male,23091.0,Suburban,Married,Agent,Extended,Personal,Four-Door Car,Midsize,96.0,28.0,1460.8,5926.73
AT93647,California,Associate,Employed,Female,60252.0,Urban,Married,Agent,Basic,Personal,Four-Door Car,Midsize,65.0,10.0,1182.44,2605.57
AU11344,Oregon,Bachelor,Employed,Female,35666.0,Rural,Divorced,Call Center,Extended,Personal,SUV,Small,131.0,12.0,1312.1100000000001,5142.39
AU13233,California,High School,Employed,Female,71401.0,Urban,Married,Agent,Basic,Personal,Four-Door Car,Midsize,73.0,15.0,1287.33,5908.75
AU23837,Oregon,Bachelor,Employed,Female,64014.0,Urban,Single,Agent,Basic,Corporate,Four-Door Car,Large,63.0,26.0,1295.87,5010.38
AU45793,Arizona,Doctoral,Employed,Male,30817.0,Rural,Divorced,Branch,Extended,Corporate,Four-Door Car,Midsize,88.0,25.0,1091.83,3436.13
AU62013,California,Doctoral,Employed,Female,67572.0,Urban,Married,Branch,Basic,Personal,Sports Car,Small,102.0,7.0,1296.21,24826.89
AU71562,Washington,High School,Employed,Female,27179.0,Suburban,Married,Branch,Basic,Personal,Four-Door Car,Midsize,74.0,32.0,1355.2,2936.73
AU75025,Oregon,Associate,Employed,Male,58089.0,Suburban,Married,Agent,Basic,Personal,SUV,Midsize,118.0,31.0,1566.4,4686.47
AU77281,Oregon,Associate,Employed,Female,63860.0,Urban,Married,Agent,Basic,Personal,Four-Door Car,Midsize,62.0,26.0,1208.6,2472.47
AU91447,Oregon,Doctoral,Employed,Male,40870.0,Suburban,Married,Agent,Basic,Special,SUV,Large,105.0,3.0,1504.0,12731.95
AU94279,California,High School,Employed,Male,24976.0,Suburban,Single,Agent,Basic,Personal,Two-Door Car,Midsize,72.0,2.0,1566.2,5493.02
AU98438,Arizona,Bachelor,Employed,Female,94812.0,Rural,Married,Branch,Basic,Personal,Four-Door Car,Midsize,70.0,11.0,1121.03,2833.98
AV17528,Nevada,High School,Employed,Female,42600.0,Suburban,Married,Branch,Basic,Personal,Sports Car,Midsize,115.0,10.0,1660.1399999999999,9233.19
AV49798,Arizona,Associate,Employed,Male,94263.0,Rural,Married,Branch,Extended,Personal,Four-Door Car,Midsize,98.0,33.0,1112.42,7842.87
AV72430,Oregon,Master,Employed,Male,75526.0,Suburban,Married,Branch,Premium,Personal,Four-Door Car,Small,103.0,26.0,1494.4,16531.7
AV76907,Oregon,Associate,Employed,Female,40864.0,Rural,Married,Agent,Basic,Personal,SUV,Midsize,109.0,16.0,1166.94,4282.95
AV93209,California,High School,Employed,Female,31283.0,Suburban,Married,Agent,Premium,Personal,Four-Door Car,Midsize,104.0,18.0,1499.2,12487.58
AV96010,Oregon,Associate,Employed,Male,40097.0,Rural,Single,Call Center,Extended,Personal,Two-Door Car,Midsize,92.0,23.0,1227.22,3289.12
AW27717,California,High School,Disabled,Female,12503.0,Rural,Single,Branch,Extended,Personal,Four-Door Car,Midsize,92.0,4.0,1120.7,20531.65
AW36627,California,High School,Employed,Female,58577.0,Urban,Married,Agent,Basic,Personal,SUV,Midsize,110.0,6.0,1303.87,4428.03
AW77988,Oregon,High School,Disabled,Male,17588.0,Suburban,Single,Web,Basic,Personal,Luxury Car,Midsize,192.0,24.0,2382.4,35850.6
AW84946,Arizona,Bachelor,Employed,Male,36349.0,Urban,Married,Agent,Basic,Personal,SUV,Midsize,117.0,13.0,1326.79,4479.6
AW86033,California,Associate,Disabled,Male,18287.0,Suburban,Married,Agent,Basic,Personal,Two-Door Car,Midsize,61.0,6.0,1292.8,2119.89
AX28231,Washington,High School,Employed,Male,49345.0,Urban,Married,Agent,Basic,Personal,Two-Door Car,Midsize,69.0,10.0,1251.08,5431.37
AX39008,Oregon,Bachelor,Employed,Male,80409.0,Urban,Divorced,Call Center,Basic,Personal,Two-Door Car,Midsize,74.0,28.0,1262.98,26113.36
AX56708,California,High School,Retired,Male,20862.0,Suburban,Divorced,Agent,Basic,Personal,Four-Door Car,Small,68.0,1.0,1326.4,4794.48
AX70794,California,High School,Employed,Male,47122.0,Suburban,Single,Branch,Basic,Personal,Two-Door Car,Midsize,62.0,6.0,1297.6,2449.32
AX71238,California,High School,Employed,Male,38096.0,Suburban,Divorced,Agent,Extended,Personal,Two-Door Car,Midsize,99.0,3.0,1475.2,3963.4
AX71707,Arizona,Associate,Employed,Female,67881.0,Suburban,Married,Branch,Extended,Personal,Two-Door Car,Midsize,79.0,6.0,1391.04,6383.48
AX86150,Washington,High School,Employed,Male,62777.0,Rural,Single,Agent,Basic,Personal,Two-Door Car,Midsize,67.0,34.0,1101.29,2656.71
AX86552,California,Associate,Medical Leave,Male,24053.0,Suburban,Divorced,Web,Extended,Personal,Four-Door Car,Midsize,87.0,33.0,1624.53,6198.79
AY18433,Washington,High School,Employed,Female,45473.0,Rural,Married,Branch,Extended,Special,Two-Door Car,Midsize,76.0,10.0,1188.94,27382.82
AY19539,California,Associate,Retired,Male,13528.0,Suburban,Single,Agent,Extended,Personal,Four-Door Car,Midsize,86.0,21.0,1412.8,6005.85
AY26056,Arizona,Associate,Employed,Female,63892.0,Rural,Married,Agent,Basic,Personal,Four-Door Car,Midsize,66.0,2.0,1090.71,7948.57
AY30324,Oregon,Bachelor,Employed,Female,99074.0,Urban,Married,Call Center,Extended,Special,Two-Door Car,Midsize,77.0,4.0,1208.3899999999999,6189.44
AY40674,Washington,Bachelor,Employed,Female,26583.0,Suburban,Married,Agent,Extended,Personal,SUV,Midsize,128.0,6.0,1614.4,4821.42
AY43037,Oregon,High School,Employed,Male,36670.0,Suburban,Single,Branch,Basic,Corporate,Luxury Car,Midsize,189.0,30.0,1907.2,14709.0
AY52869,California,Associate,Retired,Male,10621.0,Suburban,Single,Agent,Basic,Personal,Four-Door Car,Midsize,67.0,28.0,1321.6,4386.28
AY55759,California,High School,Employed,Female,92766.0,Suburban,Married,Agent,Basic,Personal,Two-Door Car,Large,71.0,17.0,1379.03,20096.89
AY59197,Nevada,Associate,Employed,Male,27769.0,Rural,Married,Agent,Extended,Special,SUV,Small,121.0,24.0,1123.15,9521.22
AY73718,California,Bachelor,Employed,Female,96535.0,Urban,Single,Agent,Basic,Personal,Four-Door Car,Midsize,66.0,11.0,1271.07,5243.45
AY88788,Oregon,Associate,Employed,Female,69841.0,Urban,Married,Branch,Basic,Personal,Luxury SUV,Midsize,192.0,0.0,1878.81,15417.68
AY98473,Arizona,Associate,Employed,Female,32989.0,Suburban,Married,Web,Basic,Personal,SUV,Small,102.0,25.0,1489.6,24186.88
AY99324,Oregon,Associate,Disabled,Male,21853.0,Suburban,Married,Agent,Extended,Personal,Four-Door Car,Midsize,86.0,10.0,1412.8,6555.36
AZ15952,Oregon,Bachelor,Employed,Male,52373.0,Rural,Divorced,Web,Premium,Personal,Four-Door Car,Midsize,111.0,2.0,1186.16,8749.5
AZ31562,Arizona,Associate,Medical Leave,Male,22520.0,Suburban,Married,Branch,Basic,Personal,Four-Door Car,Midsize,73.0,17.0,1350.4,5498.94
AZ34845,California,Bachelor,Employed,Female,77846.0,Urban,Married,Agent,Basic,Personal,Sports Car,Midsize,119.0,8.0,1342.47,4798.24
AZ38648,Washington,Master,Retired,Female,21514.0,Urban,Married,Agent,Basic,Personal,Two-Door Car,Midsize,62.0,0.0,1257.25,11981.98
AZ50087,California,Bachelor,Employed,Male,32787.0,Suburban,Married,Branch,Extended,Personal,Two-Door Car,Large,86.0,3.0,1568.58,6807.27
AZ62651,Oregon,High School,Employed,Male,56855.0,Suburban,Single,Web,Premium,Corporate,Luxury SUV,Midsize,255.0,12.0,2836.0,9951.71
AZ64856,California,High School,Employed,Female,34452.0,Suburban,Married,Agent,Extended,Personal,SUV,Large,126.0,2.0,1604.8,5048.05
AZ68184,Washington,High School,Employed,Male,76514.0,Suburban,Married,Agent,Basic,Personal,SUV,Midsize,112.0,19.0,1573.94,9028.31
AZ74055,Oregon,High School,Employed,Male,52405.0,Suburban,Married,Call Center,Premium,Personal,Four-Door Car,Midsize,103.0,2.0,1494.4,4115.58
AZ75509,Arizona,Bachelor,Employed,Female,31678.0,Rural,Married,Branch,Basic,Personal,Two-Door Car,Midsize,63.0,7.0,1076.63,2479.92
AZ77669,Oregon,High School,Employed,Male,91423.0,Urban,Married,Web,Basic,Personal,SUV,Midsize,109.0,3.0,1435.8,8696.91
AZ87715,California,High School,Employed,Female,81713.0,Urban,Divorced,Branch,Basic,Personal,Four-Door Car,Midsize,74.0,0.0,1332.22,26864.2
AZ90068,California,Associate,Employed,Male,89219.0,Suburban,Single,Branch,Basic,Personal,Four-Door Car,Midsize,73.0,12.0,1350.4,8193.16
AZ95587,Arizona,Bachelor,Employed,Female,61222.0,Urban,Single,Branch,Extended,Special,Four-Door Car,Small,89.0,20.0,1392.6,10388.55
BA17836,California,High School,Employed,Male,57340.0,Rural,Single,Agent,Basic,Corporate,Four-Door Car,Midsize,67.0,7.0,1159.3899999999999,7868.17
BA19651,California,High School,Employed,Male,43875.0,Urban,Divorced,Agent,Extended,Corporate,Four-Door Car,Midsize,78.0,18.0,1289.47,6134.39
BA38428,Arizona,High School,Employed,Male,73168.0,Suburban,Married,Agent,Basic,Corporate,Four-Door Car,Midsize,70.0,21.0,1425.8,5639.94
BA49679,Arizona,Bachelor,Employed,Female,52348.0,Suburban,Divorced,Branch,Basic,Personal,Two-Door Car,Midsize,65.0,33.0,1312.0,7590.91
BA51898,Arizona,Bachelor,Employed,Male,39426.0,Urban,Married,Branch,Basic,Special,SUV,Midsize,114.0,33.0,1412.88,4521.19
BA52133,California,Master,Employed,Male,22908.0,Suburban,Married,Call Center,Basic,Personal,Four-Door Car,Small,68.0,30.0,1387.77,5344.99
BA56812,Oregon,Master,Employed,Male,21020.0,Rural,Divorced,Branch,Extended,Corporate,Four-Door Car,Midsize,80.0,1.0,1178.37,6185.34
BA75404,Oregon,Doctoral,Employed,Female,77221.0,Urban,Married,Call Center,Basic,Personal,Four-Door Car,Midsize,71.0,2.0,1259.59,5789.85
BA87216,California,Associate,Employed,Male,50555.0,Suburban,Divorced,Web,Extended,Personal,Four-Door Car,Large,88.0,9.0,1422.4,20878.41
BA97018,Arizona,High School,Medical Leave,Male,21616.0,Suburban,Single,Web,Extended,Personal,Two-Door Car,Midsize,93.0,4.0,1944.85,6608.17
BB11622,Nevada,Master,Employed,Male,47761.0,Rural,Married,Agent,Extended,Personal,SUV,Small,131.0,2.0,1232.71,10552.17
BB19609,California,Associate,Employed,Male,29977.0,Rural,Married,Agent,Extended,Personal,SUV,Small,133.0,16.0,1255.66,15769.11
BB21794,Oregon,Bachelor,Employed,Female,29853.0,Rural,Single,Agent,Basic,Personal,Four-Door Car,Midsize,69.0,8.0,1076.59,5394.91
BB41401,Arizona,High School,Employed,Male,26876.0,Suburban,Single,Agent,Extended,Personal,Four-Door Car,Midsize,76.0,17.0,1364.8,6005.21
BB65725,California,Associate,Employed,Male,57293.0,Urban,Married,Agent,Basic,Corporate,Sports Car,Midsize,102.0,19.0,1348.0,8061.2
BC31913,Arizona,Bachelor,Employed,Female,73903.0,Suburban,Married,Web,Basic,Corporate,Four-Door Car,Small,73.0,30.0,1439.3600000000001,11718.42
BC34309,California,Master,Employed,Female,64341.0,Rural,Single,Agent,Basic,Personal,Four-Door Car,Small,61.0,4.0,1079.93,2435.15
BC35753,Arizona,Associate,Employed,Female,45525.0,Suburban,Married,Agent,Basic,Personal,Two-Door Car,Small,66.0,1.0,1316.8,2671.3
BC43958,California,High School,Employed,Male,44788.0,Suburban,Married,Agent,Basic,Corporate,Four-Door Car,Small,61.0,6.0,1386.03,7285.03
BC47264,California,Associate,Employed,Female,62192.0,Rural,Single,Agent,Extended,Special,Two-Door Car,Midsize,98.0,30.0,1243.29,7684.89
BC48076,Washington,Master,Employed,Female,48689.0,Suburban,Married,Call Center,Basic,Personal,Luxury Car,Midsize,191.0,15.0,1985.19,7783.78
BC51708,California,High School,Employed,Male,51659.0,Suburban,Married,Agent,Basic,Personal,Four-Door Car,Midsize,64.0,19.0,1307.2,5074.84
BC52397,Arizona,Associate,Employed,Male,67952.0,Rural,Married,Branch,Basic,Personal,Two-Door Car,Midsize,71.0,16.0,1167.41,2843.56
BC53363,Oregon,High School,Employed,Female,23031.0,Suburban,Married,Web,Premium,Special,SUV,Midsize,148.0,26.0,1710.4,35227.3
BC53546,Oregon,Bachelor,Employed,Male,35396.0,Suburban,Divorced,Call Center,Basic,Personal,Two-Door Car,Midsize,70.0,32.0,1336.0,5500.58
BC62782,Arizona,Associate,Employed,Female,48534.0,Suburban,Married,Call Center,Basic,Personal,SUV,Small,115.0,29.0,1552.0,13575.68
BC66536,Arizona,High School,Employed,Female,84869.0,Suburban,Married,Web,Extended,Corporate,Four-Door Car,Midsize,85.0,5.0,1408.0,6883.69
BC66921,Nevada,High School,Employed,Female,41228.0,Suburban,Single,Branch,Basic,Personal,Four-Door Car,Small,71.0,19.0,1340.8,2816.57
BC75105,California,Associate,Employed,Male,45587.0,Urban,Divorced,Agent,Extended,Personal,Four-Door Car,Midsize,81.0,8.0,1380.6,2860.44
BC86800,California,Bachelor,Employed,Female,84598.0,Suburban,Married,Call Center,Extended,Personal,Two-Door Car,Small,89.0,8.0,1639.27,3579.77
BC87161,Oregon,Bachelor,Employed,Male,92296.0,Suburban,Married,Agent,Basic,Personal,Two-Door Car,Midsize,69.0,4.0,1331.2,2759.98
BC87551,California,High School,Employed,Female,36301.0,Suburban,Single,Branch,Basic,Corporate,SUV,Midsize,118.0,11.0,1647.95,32306.29
BC90645,California,Master,Employed,Female,55479.0,Rural,Single,Branch,Basic,Personal,Four-Door Car,Midsize,68.0,5.0,1117.96,2675.03
BC97773,Nevada,Master,Employed,Female,91368.0,Suburban,Divorced,Agent,Basic,Personal,Four-Door Car,Large,71.0,13.0,1395.33,2864.54
BD12981,California,Associate,Employed,Female,39337.0,Urban,Single,Agent,Basic,Personal,Four-Door Car,Midsize,74.0,29.0,1277.23,5732.69
BD16530,Arizona,Bachelor,Employed,Female,70258.0,Urban,Divorced,Agent,Basic,Personal,Four-Door Car,Midsize,69.0,20.0,1225.15,8293.48
BD35524,California,Bachelor,Disabled,Male,15776.0,Suburban,Married,Call Center,Basic,Personal,Two-Door Car,Midsize,69.0,20.0,1337.6,2640.49
BD35676,Arizona,Master,Employed,Male,35296.0,Urban,Single,Branch,Extended,Personal,SUV,Midsize,126.0,19.0,1452.62,29194.37
BD36887,Nevada,Associate,Employed,Female,37478.0,Suburban,Married,Agent,Basic,Personal,Sports Car,Midsize,105.0,4.0,1653.69,4171.19
BD53342,Washington,Associate,Employed,Female,21604.0,Suburban,Divorced,Branch,Extended,Personal,Four-Door Car,Midsize,79.0,14.0,1379.2,3096.51
BD58297,California,Bachelor,Employed,Female,76356.0,Suburban,Married,Branch,Basic,Personal,Two-Door Car,Midsize,71.0,4.0,1340.8,2862.56
BD69478,California,Associate,Employed,Male,51883.0,Suburban,Married,Call Center,Basic,Personal,Two-Door Car,Small,66.0,8.0,1623.75,5194.65
BD70337,California,High School,Medical Leave,Male,26307.0,Urban,Married,Call Center,Basic,Personal,Four-Door Car,Midsize,73.0,26.0,1313.19,24706.92
BD77090,Washington,Bachelor,Employed,Female,79090.0,Urban,Married,Branch,Basic,Personal,SUV,Midsize,107.0,2.0,1289.04,8609.16
BD84823,Oregon,High School,Employed,Male,57449.0,Suburban,Single,Agent,Premium,Personal,Four-Door Car,Midsize,103.0,6.0,1494.4,12157.33
BD89564,Nevada,Associate,Employed,Male,66839.0,Suburban,Single,Branch,Premium,Personal,Sports Car,Midsize,154.0,33.0,1739.2,5989.77
BE17305,Nevada,Master,Employed,Male,52653.0,Urban,Single,Branch,Extended,Personal,Two-Door Car,Midsize,81.0,19.0,1230.3,3193.46
BE25221,Arizona,High School,Medical Leave,Male,20072.0,Suburban,Married,Agent,Extended,Corporate,Four-Door Car,Midsize,82.0,35.0,1473.27,6182.62
BE33446,Arizona,Bachelor,Employed,Female,48567.0,Suburban,Single,Agent,Extended,Personal,SUV,Midsize,130.0,12.0,1624.0,5015.01
BE54454,Washington,High School,Employed,Male,70828.0,Suburban,Married,Branch,Basic,Personal,Four-Door Car,Small,62.0,8.0,1297.6,5028.58
BE55425,Oregon,Associate,Employed,Male,28095.0,Suburban,Married,Web,Extended,Personal,Four-Door Car,Midsize,82.0,18.0,1393.6,6403.58
BE61743,Washington,Bachelor,Employed,Male,86657.0,Urban,Married,Web,Basic,Personal,Sports Car,Small,103.0,22.0,1316.23,4109.79
BE62503,Washington,Associate,Retired,Female,24589.0,Suburban,Married,Branch,Extended,Personal,Two-Door Car,Midsize,82.0,33.0,1511.5,9206.6
BE65350,Oregon,High School,Employed,Female,43573.0,Suburban,Married,Agent,Basic,Personal,Two-Door Car,Large,66.0,30.0,1409.68,5261.04
BE69929,Arizona,Associate,Employed,Female,27872.0,Urban,Married,Branch,Basic,Personal,Two-Door Car,Midsize,61.0,19.0,1186.8600000000001,4820.7
BE75190,California,Associate,Employed,Male,28754.0,Suburban,Single,Web,Extended,Corporate,Four-Door Car,Midsize,89.0,9.0,1427.2,10155.3
BE92692,Oregon,Bachelor,Employed,Male,69236.0,Rural,Married,Branch,Basic,Personal,Four-Door Car,Midsize,63.0,31.0,1110.87,2487.78
BF45697,California,Associate,Employed,Male,83086.0,Urban,Married,Agent,Basic,Personal,Four-Door Car,Midsize,71.0,1.0,1320.49,5670.13
BF54215,California,Master,Employed,Female,87810.0,Rural,Married,Agent,Extended,Personal,Four-Door Car,Midsize,94.0,15.0,1225.6399999999999,11373.99
BF55854,Nevada,Associate,Employed,Female,29505.0,Suburban,Married,Call Center,Premium,Personal,Luxury Car,Small,284.0,2.0,2979.44,11250.1
BF56053,Washington,Bachelor,Medical Leave,Female,18643.0,Suburban,Married,Agent,Premium,Corporate,Four-Door Car,Midsize,119.0,34.0,1571.2,9320.24
BG15419,Nevada,Bachelor,Employed,Female,86355.0,Rural,Married,Agent,Basic,Personal,Sports Car,Large,118.0,27.0,1285.42,14195.36
BG30513,California,Associate,Retired,Female,13663.0,Suburban,Single,Branch,Extended,Personal,Four-Door Car,Small,97.0,1.0,1465.6,25464.82
BG42047,Nevada,Associate,Medical Leave,Male,17658.0,Suburban,Married,Web,Basic,Personal,Four-Door Car,Large,65.0,10.0,1312.0,2511.94
BG44829,Oregon,High School,Employed,Female,74835.0,Rural,Married,Branch,Extended,Corporate,SUV,Midsize,133.0,14.0,1107.65,10760.18
BG48083,Nevada,Bachelor,Employed,Female,23751.0,Suburban,Single,Web,Extended,Personal,Two-Door Car,Midsize,82.0,4.0,1586.92,6386.28
BG51419,Washington,Associate,Employed,Male,58842.0,Suburban,Married,Branch,Premium,Corporate,Four-Door Car,Midsize,110.0,6.0,1528.0,4362.93
BG55927,California,Associate,Disabled,Female,17705.0,Suburban,Married,Agent,Premium,Personal,Two-Door Car,Midsize,108.0,7.0,1668.74,12206.89
BG73480,Oregon,High School,Employed,Female,64706.0,Rural,Single,Agent,Extended,Corporate,SUV,Midsize,135.0,0.0,1077.13,5323.87
BG76355,Washington,Bachelor,Employed,Female,68964.0,Rural,Married,Web,Extended,Personal,Four-Door Car,Midsize,78.0,15.0,1115.09,6274.12
BG80246,Arizona,Associate,Disabled,Female,22679.0,Suburban,Married,Branch,Basic,Personal,Two-Door Car,Small,72.0,25.0,1345.6,5570.18
BG84194,Oregon,Associate,Employed,Male,90760.0,Rural,Married,Branch,Basic,Special,SUV,Midsize,103.0,5.0,1133.48,4037.5
BG85305,Nevada,Doctoral,Employed,Male,36633.0,Suburban,Single,Call Center,Extended,Personal,Four-Door Car,Midsize,96.0,20.0,1460.8,3757.8
BG95711,California,Associate,Employed,Female,57264.0,Rural,Divorced,Branch,Extended,Personal,Four-Door Car,Midsize,84.0,0.0,1129.25,16477.48
BG96711,California,Bachelor,Employed,Male,24732.0,Suburban,Divorced,Branch,Basic,Corporate,Four-Door Car,Small,67.0,4.0,1321.6,2576.38
BH11344,Oregon,Doctoral,Employed,Female,37009.0,Rural,Single,Branch,Basic,Corporate,Two-Door Car,Midsize,71.0,1.0,1145.67,2806.7
BH28530,California,High School,Employed,Male,51204.0,Suburban,Married,Web,Premium,Personal,Sports Car,Midsize,181.0,28.0,1929.55,21592.1
BH35016,Nevada,Bachelor,Employed,Female,63933.0,Suburban,Divorced,Call Center,Basic,Personal,Two-Door Car,Midsize,70.0,35.0,1424.88,16706.12
BH35482,Washington,Doctoral,Employed,Male,70412.0,Rural,Married,Web,Basic,Corporate,Two-Door Car,Midsize,61.0,27.0,1136.29,4930.95
BH36570,California,Bachelor,Employed,Male,72208.0,Suburban,Married,Branch,Basic,Personal,Two-Door Car,Small,73.0,3.0,1350.4,5912.78
BH36973,Oregon,Associate,Employed,Female,63401.0,Urban,Married,Agent,Basic,Personal,Four-Door Car,Midsize,68.0,1.0,1202.94,2730.35
BH43379,Oregon,Bachelor,Employed,Female,29698.0,Urban,Divorced,Branch,Extended,Personal,Four-Door Car,Large,83.0,17.0,1215.88,3147.97
BH52611,California,Bachelor,Employed,Female,27362.0,Urban,Married,Branch,Premium,Personal,SUV,Midsize,144.0,23.0,1422.78,11447.51
BH61054,California,Associate,Employed,Female,61040.0,Suburban,Married,Web,Extended,Personal,Two-Door Car,Midsize,78.0,21.0,1391.94,6269.59
BH61137,Arizona,Bachelor,Employed,Female,68144.0,Suburban,Married,Web,Basic,Personal,Four-Door Car,Large,70.0,29.0,1336.0,8173.5
BH68769,Oregon,Bachelor,Employed,Male,42259.0,Suburban,Married,Call Center,Extended,Personal,Two-Door Car,Small,81.0,1.0,1529.5,6347.5
BH86846,Washington,High School,Employed,Male,92079.0,Rural,Married,Agent,Basic,Corporate,Four-Door Car,Midsize,65.0,12.0,1114.8,20708.26
BI27443,Arizona,Associate,Employed,Female,36428.0,Urban,Divorced,Agent,Extended,Personal,SUV,Midsize,124.0,34.0,1559.4099999999999,4896.56
BI34286,Oregon,Master,Employed,Male,47259.0,Suburban,Married,Branch,Extended,Corporate,Four-Door Car,Midsize,81.0,22.0,1388.8,6515.03
BI34376,California,Doctoral,Employed,Female,45703.0,Suburban,Married,Agent,Extended,Personal,Two-Door Car,Small,98.0,17.0,1470.4,7879.93
BI38192,Oregon,High School,Employed,Female,22862.0,Suburban,Married,Agent,Basic,Personal,Two-Door Car,Midsize,67.0,9.0,1321.6,7937.06
BI76326,California,Associate,Employed,Female,52135.0,Urban,Single,Call Center,Premium,Personal,SUV,Small,156.0,6.0,1430.51,12275.34
BJ13380,Oregon,Bachelor,Employed,Female,91603.0,Suburban,Single,Agent,Basic,Personal,Four-Door Car,Small,69.0,4.0,1472.67,5335.38
BJ18904,Arizona,Associate,Medical Leave,Male,14616.0,Suburban,Married,Agent,Basic,Personal,SUV,Small,106.0,16.0,1575.26,3964.53
BJ22117,Washington,Master,Employed,Male,53390.0,Urban,Married,Branch,Basic,Personal,Four-Door Car,Midsize,64.0,13.0,1279.0,5133.41
BJ26599,Oregon,Bachelor,Retired,Male,20263.0,Suburban,Single,Agent,Basic,Personal,Four-Door Car,Small,63.0,31.0,1373.45,4200.82
BJ53923,Arizona,High School,Employed,Male,51978.0,Rural,Married,Agent,Basic,Corporate,Four-Door Car,Midsize,66.0,18.0,1144.78,2600.27
BJ65040,Arizona,High School,Employed,Female,93558.0,Suburban,Married,Agent,Basic,Personal,Four-Door Car,Midsize,67.0,19.0,1478.23,2733.43
BJ82316,Oregon,Bachelor,Employed,Male,44428.0,Suburban,Single,Call Center,Basic,Corporate,SUV,Midsize,104.0,17.0,1499.2,12036.62
BK43823,Oregon,High School,Employed,Female,25419.0,Suburban,Married,Call Center,Premium,Personal,Four-Door Car,Midsize,101.0,13.0,1584.5700000000002,12052.98
BK47926,California,High School,Employed,Male,98118.0,Suburban,Single,Branch,Extended,Personal,Four-Door Car,Small,83.0,28.0,1398.4,6375.08
BK57087,California,Associate,Employed,Female,38223.0,Suburban,Married,Branch,Basic,Personal,SUV,Midsize,112.0,27.0,1537.6,4347.16
BK59444,California,Master,Employed,Female,72196.0,Rural,Single,Branch,Basic,Personal,Four-Door Car,Midsize,68.0,8.0,1152.18,18929.33
BK61065,California,Master,Employed,Male,56005.0,Suburban,Married,Branch,Basic,Personal,Four-Door Car,Small,68.0,31.0,1326.4,5479.56
BK73302,California,Bachelor,Employed,Male,61638.0,Suburban,Divorced,Web,Extended,Corporate,Four-Door Car,Midsize,82.0,3.0,1544.3400000000001,3167.89
BK76107,Oregon,High School,Employed,Female,81872.0,Rural,Married,Web,Premium,Personal,Four-Door Car,Midsize,115.0,10.0,1256.44,14024.36
BK76340,California,High School,Disabled,Male,16924.0,Suburban,Single,Branch,Extended,Personal,Luxury SUV,Midsize,226.0,23.0,2084.8,8278.72
BK83393,California,Bachelor,Employed,Female,55475.0,Urban,Divorced,Agent,Basic,Personal,SUV,Midsize,116.0,18.0,1412.47,32317.03
BK85520,Oregon,Associate,Employed,Female,25915.0,Suburban,Single,Agent,Basic,Corporate,Two-Door Car,Midsize,64.0,13.0,1317.98,4996.56
BL29046,Oregon,Doctoral,Employed,Female,68931.0,Urban,Married,Branch,Basic,Corporate,Four-Door Car,Midsize,66.0,32.0,1309.58,5332.46
BL29240,Oregon,Bachelor,Employed,Male,81893.0,Rural,Married,Call Center,Basic,Corporate,Four-Door Car,Midsize,73.0,20.0,1151.38,2858.29
BL42392,Arizona,Doctoral,Medical Leave,Male,18779.0,Urban,Married,Agent,Basic,Personal,Four-Door Car,Large,63.0,10.0,1215.26,4826.83
BL44722,Nevada,High School,Employed,Female,46587.0,Suburban,Divorced,Call Center,Premium,Personal,Four-Door Car,Midsize,119.0,34.0,1571.2,41787.9
BL54814,Arizona,Associate,Employed,Male,72648.0,Rural,Married,Agent,Basic,Personal,Four-Door Car,Large,61.0,0.0,1120.85,4871.15
BL55947,California,Associate,Employed,Male,76675.0,Rural,Married,Agent,Basic,Personal,Four-Door Car,Small,72.0,5.0,1141.72,5815.26
BL66157,California,Bachelor,Employed,Female,96413.0,Suburban,Married,Web,Extended,Personal,Four-Door Car,Small,99.0,3.0,1560.05,3979.72
BL79888,Oregon,High School,Employed,Female,20090.0,Suburban,Married,Agent,Basic,Personal,Sports Car,Midsize,109.0,10.0,1523.2,34611.38
BL89983,California,High School,Employed,Female,34337.0,Suburban,Married,Web,Premium,Special,Four-Door Car,Large,113.0,20.0,1542.4,9035.67
BL90769,California,Bachelor,Employed,Female,33190.0,Suburban,Divorced,Web,Basic,Personal,SUV,Midsize,106.0,18.0,1508.8,33473.35
BL93527,Arizona,High School,Employed,Male,44025.0,Suburban,Single,Branch,Basic,Personal,Two-Door Car,Midsize,69.0,0.0,1331.2,2728.04
BM15160,California,High School,Employed,Female,44624.0,Rural,Married,Web,Basic,Special,Four-Door Car,Midsize,71.0,10.0,1073.88,8496.35
BM16805,California,Associate,Disabled,Female,12470.0,Suburban,Married,Agent,Basic,Corporate,SUV,Midsize,103.0,30.0,1618.69,11435.23
BM27144,California,Associate,Employed,Female,57446.0,Rural,Divorced,Agent,Basic,Personal,Four-Door Car,Midsize,64.0,20.0,1077.45,7653.28
BM28359,Oregon,High School,Employed,Male,33818.0,Urban,Single,Agent,Basic,Personal,Four-Door Car,Large,72.0,6.0,1341.88,5453.71
BM30720,Nevada,High School,Employed,Female,27649.0,Suburban,Single,Web,Basic,Personal,Four-Door Car,Small,63.0,3.0,1302.4,7341.79
BM31989,Arizona,Associate,Employed,Male,24012.0,Rural,Married,Agent,Premium,Personal,Four-Door Car,Midsize,112.0,30.0,1082.21,8754.16
BM46418,Nevada,Associate,Employed,Male,30606.0,Urban,Married,Branch,Basic,Personal,Two-Door Car,Midsize,71.0,11.0,1253.05,2772.84
BM55732,Nevada,High School,Employed,Female,74460.0,Suburban,Married,Web,Basic,Corporate,Two-Door Car,Midsize,69.0,3.0,1331.2,8337.19
BM66931,Arizona,High School,Employed,Female,92801.0,Urban,Married,Web,Basic,Personal,SUV,Midsize,100.0,24.0,1407.05,4048.16
BM70908,Arizona,Associate,Employed,Male,58289.0,Suburban,Single,Agent,Basic,Personal,Two-Door Car,Midsize,62.0,18.0,1297.6,2255.31
BM71358,Arizona,High School,Employed,Male,44695.0,Rural,Divorced,Call Center,Extended,Personal,Four-Door Car,Midsize,91.0,26.0,1147.95,10787.12
BM92346,California,High School,Employed,Female,66676.0,Suburban,Married,Agent,Extended,Personal,Four-Door Car,Small,97.0,0.0,1558.1,3919.37
BN38134,Washington,Bachelor,Employed,Female,39428.0,Rural,Married,Branch,Extended,Personal,Two-Door Car,Large,84.0,19.0,1072.33,6727.62
BN46866,Oregon,Associate,Employed,Male,45345.0,Rural,Married,Web,Basic,Personal,Four-Door Car,Large,72.0,28.0,1099.04,5677.47
BN74259,Arizona,High School,Employed,Male,45360.0,Suburban,Divorced,Branch,Basic,Corporate,Four-Door Car,Midsize,73.0,16.0,1350.4,2833.8
BN74268,Arizona,Associate,Employed,Female,28045.0,Suburban,Married,Branch,Extended,Personal,Four-Door Car,Midsize,99.0,7.0,1475.2,11763.15
BN80677,Oregon,Bachelor,Employed,Male,25023.0,Suburban,Single,Branch,Extended,Corporate,Two-Door Car,Midsize,82.0,31.0,1397.1399999999999,12734.21
BN83547,Nevada,High School,Employed,Female,40706.0,Rural,Married,Agent,Basic,Personal,Four-Door Car,Midsize,71.0,30.0,1166.12,2858.45
BN87372,Oregon,Bachelor,Employed,Male,75644.0,Suburban,Divorced,Branch,Basic,Personal,Two-Door Car,Midsize,65.0,5.0,1467.8,4974.8
BN89470,California,Associate,Medical Leave,Male,29327.0,Suburban,Married,Agent,Premium,Special,Four-Door Car,Small,118.0,26.0,1627.9,4561.27
BN91755,California,Master,Employed,Female,44723.0,Urban,Married,Call Center,Extended,Personal,SUV,Midsize,124.0,26.0,1341.09,4975.17
BO15959,Washington,Associate,Employed,Female,88105.0,Suburban,Married,Agent,Extended,Personal,Four-Door Car,Midsize,86.0,5.0,1412.8,27929.96
BO21461,California,Associate,Employed,Male,98879.0,Rural,Single,Call Center,Basic,Personal,Four-Door Car,Midsize,73.0,14.0,1108.67,2859.8
BO42776,Washington,Bachelor,Employed,Male,21442.0,Suburban,Married,Agent,Basic,Corporate,SUV,Midsize,108.0,16.0,1518.4,25360.1
BO46265,Oregon,Associate,Medical Leave,Male,13432.0,Suburban,Married,Branch,Extended,Personal,Four-Door Car,Small,92.0,5.0,1610.5700000000002,6906.2
BO58202,California,Bachelor,Disabled,Female,22590.0,Rural,Single,Call Center,Basic,Personal,Two-Door Car,Midsize,67.0,7.0,1085.68,2424.22
BO81145,Arizona,Bachelor,Employed,Male,21723.0,Suburban,Single,Call Center,Basic,Personal,SUV,Midsize,104.0,31.0,1748.8,7894.5
BO92934,California,High School,Disabled,Male,24392.0,Suburban,Married,Agent,Extended,Personal,Four-Door Car,Small,93.0,2.0,1446.4,10387.25
BP23267,California,Bachelor,Employed,Female,39547.0,Suburban,Married,Branch,Extended,Personal,Luxury SUV,Midsize,202.0,11.0,1969.6,73225.96
BP25150,Arizona,Associate,Employed,Female,54898.0,Urban,Single,Call Center,Basic,Corporate,Two-Door Car,Small,69.0,25.0,1176.24,5417.74
BP28492,Arizona,Associate,Employed,Female,38713.0,Suburban,Divorced,Call Center,Basic,Corporate,Four-Door Car,Midsize,66.0,31.0,1316.8,4834.71
BP34620,California,Bachelor,Disabled,Female,19949.0,Suburban,Married,Branch,Basic,Corporate,Four-Door Car,Midsize,74.0,0.0,1355.2,5615.07
BP35803,California,Associate,Employed,Female,29194.0,Urban,Single,Agent,Extended,Personal,Four-Door Car,Midsize,89.0,28.0,1424.47,3425.73
BP49831,Washington,Bachelor,Employed,Female,23656.0,Suburban,Single,Branch,Extended,Corporate,Four-Door Car,Midsize,80.0,11.0,1384.0,2926.52
BP53979,California,Bachelor,Employed,Female,48829.0,Urban,Single,Agent,Basic,Personal,Four-Door Car,Midsize,64.0,23.0,1300.31,2516.21
BP54465,Arizona,Master,Employed,Female,43922.0,Rural,Married,Web,Extended,Personal,Four-Door Car,Midsize,88.0,26.0,1108.7,10546.66
BP69529,Arizona,Bachelor,Employed,Male,30604.0,Suburban,Divorced,Agent,Extended,Corporate,SUV,Midsize,131.0,35.0,1984.17,9915.9
BP90016,California,Master,Employed,Male,78032.0,Urban,Married,Agent,Basic,Corporate,SUV,Small,103.0,8.0,1323.6100000000001,8302.32
BP92643,Arizona,High School,Employed,Female,59207.0,Suburban,Single,Agent,Premium,Personal,Four-Door Car,Midsize,116.0,23.0,1556.8,13770.98
BQ12347,Arizona,High School,Employed,Male,72874.0,Suburban,Married,Branch,Basic,Special,Four-Door Car,Small,70.0,26.0,1336.0,5630.79
BQ15946,Oregon,Doctoral,Employed,Male,56270.0,Suburban,Married,Branch,Extended,Personal,Four-Door Car,Midsize,83.0,23.0,1398.4,6685.07
BQ20851,California,Master,Employed,Male,73556.0,Urban,Divorced,Agent,Basic,Personal,SUV,Midsize,104.0,31.0,1497.68,8295.98
BQ28323,Oregon,High School,Employed,Female,63833.0,Urban,Married,Agent,Basic,Personal,Four-Door Car,Large,73.0,17.0,1199.46,5935.82
BQ32117,California,Doctoral,Employed,Male,40870.0,Suburban,Married,Agent,Basic,Personal,SUV,Large,105.0,3.0,1504.0,12731.95
BQ41371,Oregon,Bachelor,Employed,Female,46897.0,Suburban,Married,Branch,Basic,Personal,Four-Door Car,Small,70.0,16.0,1344.38,5626.53
BQ51616,Oregon,High School,Employed,Female,86732.0,Rural,Married,Call Center,Basic,Personal,Luxury SUV,Midsize,180.0,0.0,1204.37,7263.6
BQ60673,California,Bachelor,Employed,Male,32946.0,Suburban,Married,Branch,Basic,Corporate,Two-Door Car,Small,66.0,13.0,1316.8,5205.02
BQ88033,Oregon,Associate,Employed,Male,82554.0,Rural,Married,Branch,Extended,Personal,Sports Car,Midsize,132.0,6.0,1154.75,42389.01
BQ94892,Oregon,Associate,Employed,Male,62873.0,Urban,Divorced,Call Center,Extended,Personal,Four-Door Car,Midsize,81.0,0.0,1207.75,3230.58
BQ94931,Oregon,Associate,Employed,Female,28812.0,Urban,Married,Branch,Extended,Special,Four-Door Car,Midsize,93.0,17.0,1425.53,7388.18
BR13613,Oregon,Associate,Retired,Male,13528.0,Suburban,Single,Agent,Extended,Personal,Four-Door Car,Midsize,86.0,21.0,1412.8,6005.85
BR22486,California,Associate,Employed,Female,82940.0,Suburban,Single,Agent,Basic,Personal,Four-Door Car,Midsize,63.0,12.0,1332.85,5039.44
BR28896,Nevada,High School,Employed,Male,64706.0,Urban,Single,Web,Extended,Personal,Two-Door Car,Large,81.0,5.0,1372.91,3176.36
BR40272,California,Associate,Employed,Male,49009.0,Suburban,Married,Branch,Premium,Personal,Four-Door Car,Midsize,105.0,17.0,1504.0,8247.95
BR44176,California,High School,Employed,Female,76157.0,Suburban,Married,Call Center,Premium,Personal,Two-Door Car,Small,116.0,15.0,1556.8,4669.23
BR50492,Arizona,Bachelor,Employed,Male,85058.0,Urban,Married,Call Center,Extended,Personal,SUV,Midsize,137.0,34.0,1595.37,49423.8
BR69566,Oregon,Associate,Employed,Male,31739.0,Suburban,Divorced,Call Center,Basic,Personal,Two-Door Car,Small,71.0,10.0,1469.88,14019.83
BR76202,California,Master,Employed,Female,79487.0,Suburban,Divorced,Branch,Basic,Personal,SUV,Midsize,114.0,20.0,1547.2,4626.8
BR77413,Arizona,Associate,Employed,Male,58089.0,Suburban,Married,Agent,Basic,Personal,SUV,Midsize,118.0,31.0,1566.4,4686.47
BS26376,California,High School,Employed,Male,96306.0,Rural,Divorced,Agent,Extended,Corporate,Four-Door Car,Midsize,95.0,12.0,1185.3600000000001,7519.13
BS34332,Oregon,High School,Employed,Female,83576.0,Suburban,Married,Web,Basic,Personal,Two-Door Car,Midsize,69.0,35.0,1331.2,5557.93
BS53322,California,High School,Employed,Female,77738.0,Urban,Married,Call Center,Basic,Personal,SUV,Small,118.0,18.0,1463.46,14196.97
BS87947,California,Bachelor,Employed,Female,94395.0,Suburban,Married,Web,Extended,Personal,Four-Door Car,Midsize,83.0,23.0,1582.69,3350.69
BS91566,Arizona,Associate,Employed,Female,58161.0,Rural,Married,Call Center,Basic,Corporate,Four-Door Car,Large,68.0,19.0,1140.75,5431.22
BS91742,Washington,Associate,Employed,Male,49659.0,Suburban,Divorced,Web,Extended,Personal,Luxury Car,Large,234.0,31.0,2684.8,18370.57
BS94221,Arizona,Associate,Disabled,Female,26184.0,Suburban,Married,Branch,Basic,Special,Two-Door Car,Large,62.0,1.0,1297.6,2354.32
BS95225,California,Associate,Medical Leave,Male,14151.0,Suburban,Single,Branch,Basic,Personal,Four-Door Car,Midsize,72.0,5.0,1345.6,2617.7
BS96517,Washington,Associate,Employed,Female,47455.0,Urban,Single,Agent,Basic,Personal,Four-Door Car,Midsize,61.0,1.0,1278.8,2375.0
BT20606,Arizona,Doctoral,Employed,Male,83308.0,Suburban,Married,Agent,Basic,Personal,Four-Door Car,Midsize,73.0,3.0,1419.47,5837.53
BT49333,Arizona,High School,Employed,Male,47746.0,Rural,Married,Agent,Basic,Personal,SUV,Midsize,106.0,9.0,1246.7,4260.77
BT61680,Arizona,High School,Employed,Female,24851.0,Suburban,Single,Agent,Basic,Personal,SUV,Midsize,103.0,8.0,1604.29,32069.88
BT76268,California,Associate,Employed,Female,22061.0,Suburban,Married,Branch,Basic,Personal,Four-Door Car,Midsize,74.0,25.0,1355.2,5878.2
BT78461,California,Associate,Employed,Female,96399.0,Urban,Married,Agent,Basic,Personal,Four-Door Car,Midsize,70.0,1.0,1307.9,11288.17
BU14748,Arizona,High School,Employed,Male,50755.0,Suburban,Married,Agent,Extended,Personal,Two-Door Car,Midsize,91.0,21.0,1436.8,3618.69
BU15334,California,Master,Employed,Female,29462.0,Suburban,Single,Branch,Basic,Corporate,SUV,Large,107.0,28.0,1513.6,4170.69
BU17847,Arizona,Master,Employed,Male,37722.0,Rural,Single,Agent,Basic,Personal,Sports Car,Midsize,116.0,8.0,1158.08,9075.77
BU41599,Washington,Master,Employed,Female,62739.0,Urban,Divorced,Call Center,Basic,Personal,Two-Door Car,Midsize,70.0,29.0,1239.33,5581.76
BU53191,Arizona,Bachelor,Employed,Female,34133.0,Rural,Divorced,Call Center,Basic,Personal,SUV,Small,111.0,0.0,1226.97,8834.32
BU61331,Arizona,Associate,Employed,Male,46417.0,Rural,Married,Branch,Basic,Corporate,Four-Door Car,Midsize,74.0,16.0,1164.75,5875.21
BU70181,Arizona,Master,Employed,Male,88997.0,Rural,Divorced,Branch,Basic,Personal,Four-Door Car,Small,72.0,9.0,1174.04,5757.44
BU71528,California,Associate,Disabled,Male,17301.0,Suburban,Married,Call Center,Premium,Personal,Four-Door Car,Small,105.0,1.0,1638.54,8053.27
BU72276,California,Bachelor,Employed,Female,25134.0,Suburban,Married,Call Center,Basic,Personal,Four-Door Car,Small,67.0,3.0,1321.6,5318.9
BU72633,Nevada,Master,Employed,Male,66661.0,Suburban,Single,Agent,Basic,Personal,SUV,Midsize,119.0,23.0,1571.2,42561.63
BU79786,Washington,Bachelor,Employed,Female,56274.0,Suburban,Married,Agent,Basic,Corporate,Two-Door Car,Midsize,69.0,32.0,1384.81,2763.52
BV22194,Arizona,High School,Employed,Female,88178.0,Suburban,Married,Call Center,Basic,Personal,Two-Door Car,Midsize,70.0,32.0,1336.0,14194.15
BV25135,California,Bachelor,Employed,Male,28314.0,Suburban,Single,Agent,Extended,Personal,SUV,Midsize,121.0,21.0,1580.8,4647.42
BV33510,Arizona,High School,Employed,Female,24631.0,Suburban,Married,Web,Extended,Personal,Four-Door Car,Large,83.0,25.0,1398.4,26413.55
BV35683,Arizona,Bachelor,Employed,Female,62902.0,Rural,Married,Web,Basic,Personal,Two-Door Car,Midsize,69.0,14.0,1159.38,8256.3
BV36386,California,Associate,Employed,Female,40864.0,Rural,Married,Agent,Basic,Personal,SUV,Midsize,109.0,16.0,1166.94,4282.95
BV53716,Oregon,High School,Employed,Female,93348.0,Rural,Married,Call Center,Basic,Personal,Four-Door Car,Midsize,65.0,23.0,1108.57,5266.42
BV55014,Oregon,Bachelor,Employed,Male,24445.0,Suburban,Single,Agent,Basic,Personal,Two-Door Car,Midsize,63.0,18.0,1302.4,7268.74
BV57364,Arizona,Associate,Employed,Male,50825.0,Urban,Married,Agent,Basic,Personal,SUV,Midsize,102.0,3.0,1369.6100000000001,8092.88
BV63942,Washington,High School,Employed,Male,76184.0,Suburban,Married,Agent,Premium,Corporate,Two-Door Car,Small,111.0,23.0,1532.8,9002.41
BV79904,California,Master,Employed,Female,44818.0,Rural,Divorced,Web,Basic,Personal,Two-Door Car,Midsize,67.0,25.0,1136.88,7956.15
BV86143,California,High School,Employed,Female,26876.0,Urban,Married,Call Center,Basic,Personal,Four-Door Car,Midsize,66.0,12.0,1219.21,21034.02
BV98316,Arizona,Bachelor,Employed,Female,93721.0,Suburban,Married,Agent,Extended,Personal,Four-Door Car,Large,80.0,22.0,1489.59,6520.82
BW25236,Arizona,Associate,Employed,Male,72215.0,Urban,Married,Web,Basic,Personal,Four-Door Car,Midsize,66.0,22.0,1247.91,18453.58
BW46202,Oregon,Bachelor,Medical Leave,Female,28804.0,Rural,Married,Web,Extended,Personal,Two-Door Car,Large,78.0,6.0,1076.03,5995.41
BW52697,California,Associate,Employed,Female,86132.0,Urban,Married,Call Center,Basic,Personal,Two-Door Car,Midsize,68.0,30.0,1301.44,5505.06
BW65176,Arizona,Associate,Employed,Male,43499.0,Suburban,Married,Call Center,Extended,Personal,Four-Door Car,Midsize,80.0,8.0,1529.49,3141.25
BW79345,Nevada,High School,Employed,Female,78796.0,Suburban,Divorced,Call Center,Basic,Personal,Two-Door Car,Midsize,61.0,15.0,1292.8,4945.07
BW80872,Washington,High School,Employed,Male,34549.0,Rural,Married,Web,Premium,Personal,Four-Door Car,Midsize,111.0,8.0,1125.93,4434.41
BW88060,California,High School,Disabled,Female,16994.0,Suburban,Married,Call Center,Basic,Personal,SUV,Midsize,112.0,25.0,1806.4,8783.17
BW94308,Washington,High School,Employed,Female,92766.0,Suburban,Married,Agent,Basic,Personal,Two-Door Car,Large,71.0,17.0,1379.03,20096.89
BX20227,Oregon,Associate,Employed,Female,72608.0,Suburban,Married,Agent,Extended,Personal,Four-Door Car,Midsize,82.0,26.0,1393.6,6521.37
BX20846,Oregon,Associate,Employed,Female,93272.0,Urban,Married,Branch,Extended,Personal,Four-Door Car,Midsize,95.0,3.0,1281.1100000000001,3861.49
BX45636,California,High School,Employed,Female,91763.0,Urban,Married,Call Center,Basic,Special,SUV,Small,113.0,22.0,1441.99,9161.66
BX51438,Arizona,Bachelor,Employed,Male,56218.0,Urban,Married,Web,Basic,Personal,Four-Door Car,Midsize,72.0,17.0,1302.94,2781.45
BX88206,Nevada,High School,Employed,Female,51294.0,Rural,Married,Web,Basic,Corporate,SUV,Midsize,116.0,19.0,1113.24,18572.01
BX88330,Washington,Associate,Employed,Female,90918.0,Urban,Single,Agent,Basic,Personal,Four-Door Car,Midsize,64.0,22.0,1163.41,7615.37
BY22068,Arizona,High School,Employed,Male,39335.0,Suburban,Married,Agent,Extended,Corporate,Luxury SUV,Midsize,201.0,0.0,1964.8,23950.37
BY54111,Oregon,High School,Disabled,Male,21159.0,Suburban,Married,Branch,Basic,Personal,Four-Door Car,Midsize,73.0,35.0,1350.4,19378.91
BY59578,California,Associate,Employed,Male,63189.0,Suburban,Married,Agent,Extended,Personal,Four-Door Car,Midsize,88.0,16.0,1569.12,3497.48
BY62906,Arizona,High School,Employed,Male,22971.0,Suburban,Married,Web,Basic,Personal,SUV,Midsize,101.0,24.0,1562.02,27990.36
BY75330,California,Bachelor,Employed,Male,96866.0,Urban,Divorced,Agent,Basic,Personal,SUV,Small,113.0,26.0,1377.3899999999999,26939.51
BY78730,Oregon,High School,Employed,Female,52583.0,Urban,Single,Agent,Basic,Special,SUV,Small,113.0,12.0,1528.2,8879.79
BY88565,California,Associate,Employed,Female,48203.0,Suburban,Divorced,Call Center,Basic,Personal,Four-Door Car,Midsize,66.0,20.0,1413.24,5219.75
BZ36030,Oregon,Associate,Employed,Male,62575.0,Suburban,Married,Call Center,Premium,Personal,Two-Door Car,Midsize,106.0,5.0,1508.8,12590.94
BZ44726,Nevada,High School,Employed,Female,49825.0,Suburban,Married,Agent,Basic,Corporate,Two-Door Car,Midsize,70.0,14.0,1336.0,16477.77
BZ47770,Washington,Bachelor,Employed,Female,62088.0,Rural,Married,Agent,Basic,Corporate,Two-Door Car,Midsize,64.0,6.0,1073.26,5083.79
BZ65376,Arizona,Bachelor,Medical Leave,Male,27689.0,Suburban,Married,Web,Extended,Personal,Luxury SUV,Midsize,239.0,0.0,3893.24,8581.28
BZ71120,Oregon,Associate,Employed,Female,89918.0,Urban,Married,Branch,Basic,Personal,SUV,Midsize,105.0,15.0,1367.23,8456.46
BZ85280,Oregon,Associate,Medical Leave,Male,10334.0,Urban,Married,Agent,Basic,Personal,Four-Door Car,Midsize,64.0,5.0,1296.96,7284.26
BZ92811,California,High School,Employed,Female,88122.0,Suburban,Married,Call Center,Premium,Corporate,SUV,Midsize,148.0,15.0,1840.23,5948.99
CA14631,California,High School,Employed,Male,56188.0,Rural,Married,Web,Extended,Special,Four-Door Car,Large,86.0,20.0,1175.97,6552.4
CA29908,Oregon,High School,Employed,Male,65903.0,Suburban,Married,Agent,Basic,Personal,Four-Door Car,Midsize,66.0,4.0,1316.8,18522.29
CA45756,Arizona,Master,Employed,Female,60426.0,Rural,Single,Call Center,Basic,Corporate,Two-Door Car,Midsize,62.0,0.0,1133.28,22185.88
CA47176,Oregon,Bachelor,Disabled,Male,17103.0,Suburban,Married,Branch,Extended,Personal,Two-Door Car,Small,87.0,24.0,1417.6,9671.98
CA52541,California,Associate,Employed,Female,94903.0,Suburban,Married,Agent,Extended,Corporate,Two-Door Car,Small,94.0,3.0,1451.2,3808.12
CA54112,Nevada,Doctoral,Employed,Male,47725.0,Rural,Married,Call Center,Basic,Personal,Two-Door Car,Midsize,63.0,10.0,1142.21,15119.56
CA55066,Arizona,High School,Employed,Male,57449.0,Suburban,Single,Agent,Premium,Personal,Four-Door Car,Midsize,103.0,6.0,1494.4,12157.33
CA56041,Nevada,Associate,Employed,Female,63878.0,Urban,Married,Call Center,Basic,Personal,SUV,Small,113.0,32.0,1370.29,9120.07
CA70404,California,High School,Employed,Male,62455.0,Urban,Married,Branch,Extended,Personal,Two-Door Car,Small,77.0,27.0,1338.1399999999999,6104.85
CA79988,Oregon,Associate,Employed,Male,33124.0,Rural,Single,Call Center,Basic,Personal,Four-Door Car,Large,67.0,35.0,1080.12,2552.91
CA86085,Washington,High School,Employed,Male,67176.0,Suburban,Single,Branch,Basic,Personal,Four-Door Car,Large,72.0,20.0,1345.6,5608.32
CA96230,California,Doctoral,Employed,Male,99443.0,Rural,Married,Branch,Basic,Personal,SUV,Midsize,117.0,6.0,1228.05,9189.52
CB15842,California,High School,Employed,Male,40420.0,Suburban,Married,Agent,Basic,Special,SUV,Midsize,104.0,2.0,1499.2,8207.7
CB17191,California,High School,Employed,Female,30646.0,Rural,Married,Agent,Extended,Corporate,Four-Door Car,Midsize,81.0,26.0,1128.58,3240.67
CB44654,Arizona,Bachelor,Employed,Male,59665.0,Urban,Single,Agent,Basic,Personal,Two-Door Car,Midsize,62.0,33.0,1167.1399999999999,2409.76
CB52667,Washington,High School,Employed,Female,92589.0,Suburban,Married,Call Center,Basic,Personal,Four-Door Car,Large,65.0,29.0,1312.0,5279.48
CB59349,California,Master,Employed,Male,60646.0,Suburban,Married,Agent,Extended,Personal,SUV,Midsize,134.0,31.0,1643.2,16261.59
CB61335,California,High School,Employed,Female,21687.0,Suburban,Married,Agent,Extended,Personal,Four-Door Car,Midsize,88.0,10.0,1603.1,6950.1
CB62406,Arizona,High School,Employed,Male,43758.0,Suburban,Married,Call Center,Premium,Corporate,SUV,Midsize,171.0,16.0,2129.9300000000003,6803.6
CB64729,Nevada,Bachelor,Employed,Male,20215.0,Suburban,Single,Call Center,Premium,Personal,Four-Door Car,Midsize,112.0,10.0,1537.6,8417.16
CB78049,California,Associate,Employed,Male,66114.0,Rural,Single,Branch,Extended,Personal,Four-Door Car,Midsize,92.0,12.0,1178.84,3299.34
CB95310,Arizona,Doctoral,Employed,Female,83502.0,Suburban,Married,Branch,Basic,Personal,Four-Door Car,Midsize,68.0,25.0,1368.96,2747.43
CB96381,California,Associate,Employed,Female,46244.0,Urban,Divorced,Agent,Basic,Corporate,Four-Door Car,Midsize,62.0,8.0,1255.29,14590.25
CC15295,Oregon,Bachelor,Employed,Female,24028.0,Suburban,Married,Agent,Extended,Personal,Four-Door Car,Small,82.0,14.0,1393.6,9743.35
CC16034,Oregon,High School,Employed,Female,51747.0,Suburban,Married,Web,Basic,Personal,Four-Door Car,Midsize,71.0,8.0,1340.8,17103.79
CC30924,Oregon,Associate,Employed,Male,30110.0,Urban,Married,Agent,Premium,Corporate,Sports Car,Small,159.0,20.0,1466.44,6262.66
CC31456,Arizona,Bachelor,Employed,Male,37548.0,Rural,Married,Web,Extended,Special,Four-Door Car,Midsize,81.0,12.0,1160.6,6457.56
CC43119,California,Bachelor,Employed,Female,62018.0,Rural,Married,Web,Basic,Corporate,Two-Door Car,Midsize,73.0,2.0,1090.09,2921.49
CC85895,Nevada,Bachelor,Employed,Female,56481.0,Urban,Married,Branch,Basic,Personal,SUV,Midsize,106.0,7.0,1273.25,8509.02
CC88237,California,High School,Employed,Male,56154.0,Suburban,Single,Web,Basic,Personal,Two-Door Car,Small,67.0,6.0,1386.16,5257.24
CC92362,California,Bachelor,Disabled,Male,18141.0,Suburban,Married,Call Center,Premium,Personal,Four-Door Car,Small,116.0,2.0,1722.4,8936.37
CC93587,California,Associate,Employed,Male,92949.0,Urban,Married,Web,Basic,Personal,Two-Door Car,Midsize,74.0,21.0,1337.31,5926.39
CC94413,Oregon,Bachelor,Employed,Female,41154.0,Suburban,Married,Agent,Basic,Personal,Four-Door Car,Small,72.0,6.0,1345.6,5701.28
CD14267,Nevada,Associate,Employed,Male,60334.0,Rural,Married,Web,Premium,Corporate,Four-Door Car,Large,106.0,5.0,1111.16,4235.18
CD38665,California,High School,Employed,Male,41433.0,Suburban,Married,Call Center,Basic,Personal,Luxury Car,Midsize,183.0,24.0,2317.6,14510.44
CD48033,Oregon,Doctoral,Employed,Male,40870.0,Suburban,Married,Agent,Basic,Personal,SUV,Large,105.0,3.0,1504.0,12731.95
CD55111,California,Master,Employed,Male,73359.0,Rural,Married,Call Center,Extended,Corporate,Two-Door Car,Midsize,94.0,17.0,1107.19,30154.68
CD68182,Oregon,Associate,Employed,Female,42460.0,Urban,Married,Agent,Extended,Personal,Two-Door Car,Midsize,91.0,28.0,1347.48,3671.82
CD71877,Nevada,Bachelor,Employed,Female,49564.0,Rural,Single,Agent,Premium,Corporate,Sports Car,Midsize,193.0,22.0,1286.37,22620.75
CD76093,Nevada,Associate,Employed,Male,59847.0,Suburban,Married,Call Center,Basic,Corporate,Luxury Car,Midsize,192.0,28.0,1921.6,7596.29
CD86811,Arizona,Bachelor,Retired,Male,17622.0,Suburban,Divorced,Agent,Basic,Personal,Four-Door Car,Midsize,65.0,1.0,1312.0,4458.11
CD88896,Nevada,High School,Employed,Female,43860.0,Rural,Single,Agent,Basic,Corporate,Four-Door Car,Midsize,65.0,15.0,1156.12,2514.59
CE10235,California,Bachelor,Employed,Female,85023.0,Suburban,Married,Agent,Extended,Personal,Four-Door Car,Midsize,85.0,4.0,1408.0,3409.68
CE11308,Washington,Associate,Employed,Male,30244.0,Urban,Married,Call Center,Extended,Personal,Four-Door Car,Midsize,92.0,11.0,1383.1100000000001,3575.04
CE11667,Oregon,Associate,Employed,Male,64801.0,Urban,Married,Web,Basic,Corporate,Four-Door Car,Midsize,64.0,23.0,1268.47,7582.11
CE16324,Nevada,Associate,Employed,Female,59414.0,Urban,Married,Call Center,Extended,Personal,Two-Door Car,Midsize,91.0,23.0,1340.32,7288.3
CE17166,California,Associate,Employed,Male,56225.0,Suburban,Divorced,Agent,Extended,Personal,Four-Door Car,Small,97.0,10.0,1465.6,7596.14
CE17855,Oregon,Master,Employed,Female,68745.0,Suburban,Married,Branch,Extended,Personal,Four-Door Car,Midsize,80.0,5.0,1473.6100000000001,3238.93
CE21829,Oregon,Associate,Employed,Male,37233.0,Rural,Divorced,Call Center,Extended,Personal,SUV,Small,136.0,29.0,1242.55,10856.18
CE46475,California,Associate,Medical Leave,Female,22571.0,Suburban,Single,Web,Basic,Corporate,Four-Door Car,Large,63.0,29.0,1302.4,4605.04
CE56187,Oregon,Master,Employed,Female,54514.0,Urban,Divorced,Branch,Basic,Personal,SUV,Midsize,109.0,5.0,1286.23,4363.12
CE69971,Oregon,Master,Medical Leave,Female,19064.0,Rural,Married,Agent,Extended,Personal,Four-Door Car,Midsize,98.0,23.0,1136.25,7403.45
CE71123,California,Bachelor,Employed,Female,33235.0,Rural,Single,Call Center,Basic,Personal,SUV,Small,110.0,18.0,1113.8,12751.28
CE72177,California,High School,Employed,Female,39626.0,Suburban,Married,Agent,Basic,Personal,Four-Door Car,Large,69.0,23.0,1485.71,5461.55
CE75354,California,Bachelor,Employed,Female,36685.0,Suburban,Married,Branch,Basic,Corporate,Four-Door Car,Midsize,74.0,15.0,1355.2,5923.21
CF15086,California,Associate,Employed,Male,76375.0,Rural,Married,Branch,Extended,Personal,Four-Door Car,Midsize,96.0,21.0,1138.42,3838.11
CF15252,Arizona,Bachelor,Employed,Female,48054.0,Suburban,Married,Call Center,Basic,Personal,SUV,Midsize,109.0,2.0,1523.2,4344.52
CF15558,California,Master,Employed,Female,39161.0,Urban,Married,Call Center,Basic,Personal,Two-Door Car,Small,63.0,18.0,1284.0,5004.26
CF26052,Arizona,Bachelor,Employed,Female,49182.0,Rural,Married,Web,Basic,Personal,Two-Door Car,Midsize,70.0,6.0,1165.41,8436.35
CF26207,California,Associate,Retired,Male,26806.0,Suburban,Married,Agent,Basic,Personal,Four-Door Car,Midsize,63.0,32.0,1302.4,7019.18
CF27806,California,Bachelor,Employed,Female,54507.0,Suburban,Married,Agent,Extended,Personal,SUV,Midsize,138.0,20.0,1702.99,5470.06
CF40646,California,Associate,Employed,Male,70082.0,Suburban,Married,Web,Basic,Personal,SUV,Small,119.0,17.0,1571.2,4743.62
CF41619,Nevada,Associate,Employed,Male,20934.0,Suburban,Married,Branch,Basic,Personal,Four-Door Car,Small,61.0,14.0,1292.8,2329.46
CF44171,California,Bachelor,Retired,Female,23904.0,Suburban,Single,Agent,Extended,Personal,SUV,Midsize,123.0,1.0,1590.4,4334.06
CF57022,Oregon,Bachelor,Medical Leave,Male,17269.0,Suburban,Married,Branch,Extended,Personal,SUV,Small,139.0,3.0,1667.2,10442.65
CF62430,Nevada,Bachelor,Employed,Female,70973.0,Suburban,Divorced,Agent,Basic,Personal,SUV,Small,114.0,6.0,1547.2,9129.87
CF62992,Oregon,High School,Employed,Female,53074.0,Urban,Married,Agent,Basic,Personal,Two-Door Car,Midsize,61.0,5.0,1268.77,2471.08
CG15505,California,Master,Employed,Female,22705.0,Suburban,Divorced,Agent,Extended,Personal,Luxury SUV,Midsize,239.0,19.0,2294.7,19160.99
CG39505,Oregon,Bachelor,Disabled,Male,18665.0,Suburban,Divorced,Web,Basic,Personal,Four-Door Car,Midsize,66.0,9.0,1583.28,7251.33
CG43444,California,Bachelor,Employed,Female,33599.0,Rural,Divorced,Branch,Extended,Personal,Four-Door Car,Small,80.0,23.0,1111.27,9388.98
CG60089,Washington,Bachelor,Employed,Male,37449.0,Rural,Married,Branch,Premium,Personal,Four-Door Car,Midsize,111.0,18.0,1170.56,12898.59
CG69038,Washington,Associate,Employed,Male,38157.0,Rural,Married,Branch,Basic,Personal,Two-Door Car,Midsize,61.0,2.0,1081.53,4817.99
CG90504,Oregon,Associate,Medical Leave,Female,12964.0,Suburban,Single,Web,Basic,Personal,Two-Door Car,Midsize,65.0,2.0,1362.77,4770.55
CG92708,Nevada,Associate,Employed,Female,69600.0,Urban,Married,Web,Basic,Personal,Four-Door Car,Small,74.0,35.0,1341.4,2951.29
CG94611,Oregon,Associate,Medical Leave,Male,25630.0,Suburban,Single,Agent,Extended,Corporate,Two-Door Car,Midsize,86.0,8.0,1412.8,3016.44
CH38655,Oregon,Bachelor,Employed,Male,90456.0,Rural,Married,Agent,Basic,Personal,Four-Door Car,Midsize,71.0,26.0,1165.06,14203.62
CH50584,Oregon,High School,Employed,Male,71449.0,Suburban,Divorced,Call Center,Basic,Personal,SUV,Small,102.0,17.0,1734.4,32474.77
CH81088,Oregon,Bachelor,Employed,Female,71333.0,Urban,Married,Call Center,Extended,Personal,Four-Door Car,Midsize,93.0,9.0,1343.76,3721.06
CH85057,Oregon,Doctoral,Employed,Female,45354.0,Rural,Married,Agent,Premium,Personal,Luxury SUV,Midsize,285.0,5.0,1540.1399999999999,11463.99
CH85444,Oregon,Associate,Disabled,Male,25943.0,Suburban,Married,Branch,Premium,Corporate,Two-Door Car,Small,110.0,26.0,2067.33,4145.71
CH95772,California,Associate,Employed,Male,68321.0,Urban,Single,Branch,Basic,Personal,Four-Door Car,Midsize,66.0,31.0,1198.26,2565.12
CH97539,Washington,Bachelor,Employed,Female,40001.0,Rural,Divorced,Branch,Basic,Personal,Four-Door Car,Midsize,70.0,26.0,1142.57,8286.96
CH97666,California,Bachelor,Retired,Male,12454.0,Suburban,Married,Web,Basic,Personal,Sports Car,Midsize,100.0,4.0,1720.0,3683.47
CI27304,California,Associate,Employed,Male,40269.0,Urban,Married,Agent,Extended,Personal,Four-Door Car,Midsize,81.0,0.0,1329.98,9320.09
CI38171,Washington,Bachelor,Employed,Female,42780.0,Suburban,Single,Call Center,Basic,Personal,Luxury SUV,Midsize,181.0,11.0,1868.8,13798.48
CI38330,Washington,Bachelor,Employed,Male,72217.0,Rural,Married,Branch,Basic,Personal,Four-Door Car,Midsize,64.0,13.0,1091.15,2549.79
CI51999,Arizona,Associate,Medical Leave,Male,12266.0,Suburban,Married,Branch,Basic,Personal,SUV,Midsize,114.0,25.0,1732.05,8161.17
CI60365,California,High School,Employed,Female,20090.0,Suburban,Married,Agent,Basic,Special,Sports Car,Midsize,109.0,10.0,1523.2,34611.38
CI95726,Nevada,High School,Employed,Female,82477.0,Suburban,Married,Agent,Extended,Personal,Two-Door Car,Large,90.0,1.0,1432.0,3644.83
CI99444,Nevada,Associate,Employed,Female,92381.0,Urban,Married,Call Center,Basic,Special,Four-Door Car,Midsize,72.0,24.0,1234.77,2926.89
CJ15590,Oregon,Bachelor,Employed,Female,32720.0,Suburban,Divorced,Branch,Basic,Personal,Four-Door Car,Midsize,67.0,13.0,1321.6,2695.18
CJ29883,Arizona,Doctoral,Employed,Female,68931.0,Urban,Married,Branch,Basic,Personal,Four-Door Car,Midsize,66.0,32.0,1309.58,5332.46
CJ31839,California,Bachelor,Employed,Male,99981.0,Urban,Married,Web,Basic,Special,Four-Door Car,Small,71.0,2.0,1204.87,2859.53
CJ51511,Arizona,High School,Disabled,Female,11432.0,Suburban,Married,Agent,Basic,Corporate,SUV,Small,119.0,11.0,1571.2,13466.92
CJ59481,Washington,Associate,Employed,Male,90893.0,Rural,Married,Agent,Basic,Personal,Two-Door Car,Midsize,70.0,8.0,1070.71,2837.11
CJ63667,Oregon,Master,Disabled,Female,25663.0,Suburban,Married,Branch,Basic,Corporate,Sports Car,Midsize,114.0,20.0,1663.13,31803.31
CJ64468,Oregon,Associate,Medical Leave,Female,12964.0,Suburban,Single,Web,Basic,Personal,Two-Door Car,Midsize,65.0,2.0,1362.77,4770.55
CJ72056,California,Bachelor,Employed,Male,65636.0,Suburban,Married,Call Center,Basic,Personal,Four-Door Car,Midsize,67.0,15.0,1321.6,8013.9
CJ81391,Oregon,Associate,Employed,Male,64801.0,Urban,Married,Web,Basic,Personal,Four-Door Car,Midsize,64.0,23.0,1268.47,7582.11
CJ97736,Oregon,Associate,Employed,Female,31364.0,Suburban,Married,Web,Basic,Personal,Four-Door Car,Small,74.0,28.0,1461.27,5828.18
CK15380,California,High School,Disabled,Female,20814.0,Urban,Married,Call Center,Basic,Personal,Four-Door Car,Midsize,72.0,16.0,1288.59,2784.91
CK19789,California,Master,Employed,Female,62773.0,Rural,Married,Branch,Basic,Personal,Four-Door Car,Midsize,73.0,19.0,1080.67,5887.18
CK29372,California,Associate,Employed,Female,23840.0,Suburban,Married,Call Center,Basic,Personal,Four-Door Car,Small,64.0,32.0,1307.2,5070.35
CK31454,Arizona,Bachelor,Employed,Female,35625.0,Urban,Married,Agent,Basic,Special,Four-Door Car,Midsize,65.0,10.0,1288.57,5107.16
CK35310,Nevada,High School,Employed,Female,27083.0,Suburban,Divorced,Web,Basic,Personal,Four-Door Car,Small,73.0,15.0,1525.6,2839.57
CK36026,Arizona,Bachelor,Medical Leave,Female,23870.0,Suburban,Married,Web,Extended,Personal,Two-Door Car,Midsize,91.0,4.0,1500.58,3440.36
CK85904,California,High School,Disabled,Female,11432.0,Suburban,Married,Agent,Basic,Corporate,SUV,Small,119.0,11.0,1571.2,13466.92
CL10476,Arizona,Associate,Disabled,Male,24245.0,Suburban,Married,Agent,Basic,Corporate,Two-Door Car,Large,63.0,0.0,1302.4,7079.79
CL38124,Oregon,Bachelor,Employed,Female,83879.0,Urban,Married,Agent,Basic,Personal,Four-Door Car,Midsize,69.0,3.0,1212.15,19688.32
CL38926,Oregon,Bachelor,Medical Leave,Male,10458.0,Suburban,Single,Call Center,Basic,Corporate,SUV,Midsize,102.0,11.0,1489.6,7198.42
CL52383,Arizona,Bachelor,Employed,Female,33232.0,Urban,Married,Branch,Extended,Special,Four-Door Car,Midsize,94.0,21.0,1435.53,11160.08
CL73599,Arizona,Bachelor,Employed,Female,79090.0,Urban,Married,Branch,Basic,Personal,SUV,Midsize,107.0,2.0,1289.04,8609.16
CL97519,California,Associate,Employed,Male,25187.0,Suburban,Married,Call Center,Extended,Personal,SUV,Midsize,121.0,8.0,1580.8,4683.44
CM38959,California,Associate,Employed,Female,70311.0,Suburban,Married,Branch,Basic,Personal,Two-Door Car,Midsize,66.0,18.0,1341.4,8033.91
CM42637,Oregon,Bachelor,Disabled,Male,23129.0,Suburban,Married,Agent,Basic,Personal,Four-Door Car,Midsize,70.0,10.0,1491.65,7880.34
CM48429,California,High School,Employed,Male,31157.0,Urban,Married,Branch,Basic,Personal,SUV,Midsize,100.0,23.0,1444.53,23554.39
CM55703,Washington,Associate,Employed,Female,33746.0,Suburban,Divorced,Agent,Basic,Personal,Two-Door Car,Midsize,74.0,1.0,1355.2,2896.92
CM59084,Oregon,High School,Retired,Female,25147.0,Suburban,Single,Agent,Basic,Corporate,SUV,Midsize,101.0,7.0,1694.6,3600.93
CM66204,Arizona,Associate,Employed,Female,26335.0,Urban,Married,Call Center,Basic,Personal,SUV,Large,113.0,32.0,1355.82,26770.45
CM73149,California,Bachelor,Employed,Female,31189.0,Suburban,Single,Agent,Extended,Personal,Sports Car,Large,122.0,18.0,1585.6,14244.73
CM84035,Arizona,Associate,Employed,Male,41692.0,Rural,Single,Call Center,Premium,Corporate,Four-Door Car,Midsize,101.0,21.0,1245.97,11320.83
CM94209,Oregon,High School,Employed,Female,92147.0,Urban,Married,Agent,Extended,Personal,Four-Door Car,Midsize,77.0,25.0,1278.48,3086.72
CM94425,Arizona,Bachelor,Employed,Male,61953.0,Urban,Divorced,Branch,Basic,Personal,SUV,Midsize,113.0,5.0,1497.05,4416.21
CM95716,California,Bachelor,Employed,Male,44216.0,Rural,Married,Agent,Basic,Personal,Four-Door Car,Large,71.0,24.0,1072.21,8434.46
CN13435,California,Associate,Employed,Female,44369.0,Urban,Married,Call Center,Basic,Personal,Four-Door Car,Midsize,68.0,13.0,1185.29,5493.7
CN17219,Oregon,Associate,Employed,Male,27961.0,Suburban,Married,Agent,Basic,Personal,Two-Door Car,Small,72.0,15.0,1345.6,25581.61
CN22369,California,Bachelor,Retired,Male,18608.0,Suburban,Divorced,Web,Basic,Special,Four-Door Car,Midsize,71.0,13.0,1340.8,2538.63
CN23147,Oregon,Bachelor,Employed,Male,48804.0,Suburban,Married,Branch,Premium,Corporate,Four-Door Car,Midsize,112.0,1.0,1537.6,13057.17
CN24514,Arizona,Associate,Employed,Female,46618.0,Rural,Married,Agent,Basic,Personal,Four-Door Car,Large,67.0,22.0,1099.09,8119.83
CN29830,California,High School,Employed,Male,26689.0,Suburban,Married,Agent,Basic,Corporate,Four-Door Car,Midsize,64.0,34.0,1424.71,2495.46
CN30964,California,Bachelor,Employed,Female,31517.0,Suburban,Married,Agent,Extended,Personal,Two-Door Car,Small,84.0,33.0,1604.8,6685.8
CN31328,Arizona,Associate,Employed,Female,46946.0,Suburban,Divorced,Web,Basic,Personal,Four-Door Car,Midsize,70.0,10.0,1336.0,5480.7
CN49086,California,Doctoral,Employed,Male,57709.0,Suburban,Married,Branch,Extended,Corporate,SUV,Midsize,125.0,10.0,1600.0,5073.28
CN90378,California,High School,Employed,Female,54780.0,Rural,Married,Agent,Extended,Personal,Four-Door Car,Large,88.0,22.0,1135.26,6862.51
CN91738,Oregon,Bachelor,Employed,Male,56228.0,Urban,Single,Call Center,Basic,Personal,Two-Door Car,Midsize,65.0,4.0,1276.88,2520.3
CO12132,California,High School,Employed,Female,52583.0,Urban,Single,Agent,Basic,Personal,SUV,Small,113.0,12.0,1528.2,8879.79
CO15448,California,Associate,Employed,Male,74212.0,Urban,Married,Call Center,Basic,Personal,Four-Door Car,Small,73.0,16.0,1188.88,2908.02
CO19402,California,Bachelor,Employed,Female,99617.0,Rural,Married,Agent,Basic,Personal,SUV,Midsize,109.0,1.0,1074.93,13265.51
CO23919,Oregon,Bachelor,Employed,Female,90607.0,Rural,Single,Agent,Basic,Special,SUV,Midsize,109.0,1.0,1243.47,30718.81
CO44221,California,Associate,Employed,Male,98473.0,Suburban,Married,Branch,Basic,Personal,Four-Door Car,Midsize,72.0,19.0,1345.6,2929.92
CO44659,Arizona,Bachelor,Employed,Female,43510.0,Urban,Married,Agent,Extended,Personal,Four-Door Car,Midsize,83.0,8.0,1238.09,3337.59
CO53249,Arizona,Associate,Employed,Male,82800.0,Suburban,Married,Agent,Basic,Corporate,Four-Door Car,Midsize,70.0,12.0,1442.19,8408.32
CO53758,California,High School,Employed,Male,70999.0,Suburban,Married,Agent,Basic,Corporate,Four-Door Car,Small,63.0,5.0,1305.6,5059.99
CO56168,California,High School,Employed,Male,62638.0,Urban,Married,Agent,Basic,Personal,SUV,Small,100.0,20.0,1441.99,3964.53
CO71312,Arizona,High School,Disabled,Female,10384.0,Suburban,Married,Agent,Premium,Personal,SUV,Midsize,151.0,5.0,1914.4299999999998,11469.63
CO91673,California,Bachelor,Medical Leave,Female,29031.0,Suburban,Married,Agent,Basic,Personal,Four-Door Car,Midsize,61.0,7.0,1292.8,4547.32
CP27565,Oregon,Bachelor,Employed,Male,44428.0,Suburban,Single,Call Center,Basic,Special,SUV,Midsize,104.0,17.0,1499.2,12036.62
CP28581,Arizona,Associate,Employed,Male,59230.0,Rural,Married,Branch,Basic,Personal,SUV,Midsize,107.0,11.0,1245.08,8513.59
CP30637,California,High School,Employed,Female,71153.0,Rural,Married,Web,Extended,Corporate,Sports Car,Midsize,122.0,1.0,1209.02,4916.3
CP47989,Oregon,High School,Employed,Female,29734.0,Suburban,Divorced,Web,Basic,Corporate,Two-Door Car,Midsize,63.0,12.0,1649.8400000000001,17208.06
CP66511,Oregon,High School,Employed,Male,92038.0,Urban,Married,Agent,Basic,Personal,Two-Door Car,Small,65.0,4.0,1178.41,2562.6
CP74755,Oregon,Associate,Employed,Female,39192.0,Suburban,Divorced,Branch,Basic,Corporate,Four-Door Car,Midsize,71.0,7.0,1352.79,2846.17
CP76842,Nevada,Associate,Employed,Female,95438.0,Rural,Married,Call Center,Extended,Corporate,Two-Door Car,Midsize,83.0,25.0,1099.22,3352.87
CP85232,Arizona,Associate,Employed,Male,58778.0,Rural,Married,Agent,Extended,Special,SUV,Small,126.0,6.0,1302.03,44795.47
CP87192,California,Associate,Medical Leave,Female,23843.0,Urban,Married,Branch,Extended,Personal,Four-Door Car,Midsize,79.0,1.0,1344.69,6120.19
CP92616,Nevada,High School,Employed,Male,83006.0,Urban,Married,Agent,Extended,Personal,Luxury SUV,Small,235.0,8.0,2065.05,46805.22
CP93345,California,Bachelor,Employed,Female,85300.0,Urban,Divorced,Call Center,Basic,Corporate,Four-Door Car,Large,73.0,8.0,1319.87,2857.99
CP98451,Oregon,Associate,Employed,Female,91025.0,Urban,Married,Agent,Basic,Personal,SUV,Midsize,112.0,26.0,1327.68,9057.94
CP99334,Oregon,Associate,Employed,Female,60108.0,Suburban,Married,Agent,Extended,Personal,Four-Door Car,Midsize,78.0,0.0,1507.06,3142.81
CQ15251,Oregon,Bachelor,Employed,Female,65629.0,Rural,Married,Call Center,Basic,Personal,Four-Door Car,Large,64.0,21.0,1089.41,5150.42
CQ19667,Oregon,Bachelor,Employed,Female,49853.0,Suburban,Single,Branch,Premium,Personal,Four-Door Car,Midsize,109.0,17.0,1679.53,4257.48
CQ21583,Oregon,Doctoral,Medical Leave,Male,17932.0,Suburban,Married,Call Center,Extended,Personal,Four-Door Car,Midsize,79.0,8.0,1379.2,21274.34
CQ72935,Arizona,Bachelor,Employed,Male,75644.0,Suburban,Divorced,Branch,Basic,Personal,Two-Door Car,Midsize,65.0,5.0,1467.8,4974.8
CQ76030,Oregon,High School,Disabled,Male,26514.0,Suburban,Married,Agent,Extended,Personal,Four-Door Car,Small,91.0,16.0,1655.2,6974.92
CQ76876,California,Associate,Employed,Female,82753.0,Rural,Married,Web,Premium,Personal,Four-Door Car,Midsize,114.0,3.0,1264.67,13749.37
CQ78705,Oregon,Associate,Employed,Female,92681.0,Suburban,Divorced,Web,Extended,Personal,Four-Door Car,Midsize,91.0,8.0,1436.8,7145.3
CQ80529,Oregon,Associate,Employed,Female,57283.0,Urban,Single,Web,Basic,Personal,SUV,Midsize,106.0,9.0,1337.96,4080.82
CQ81839,Oregon,Associate,Employed,Female,21897.0,Suburban,Single,Web,Extended,Personal,SUV,Midsize,139.0,19.0,1667.2,21418.36
CR12479,Nevada,Associate,Employed,Female,40046.0,Rural,Divorced,Agent,Basic,Personal,Four-Door Car,Small,73.0,10.0,1118.51,2868.6
CR20811,California,Bachelor,Employed,Female,60642.0,Urban,Married,Agent,Extended,Personal,SUV,Midsize,133.0,34.0,1428.28,10660.9
CR33417,Washington,Master,Employed,Female,36529.0,Rural,Married,Agent,Basic,Personal,SUV,Midsize,118.0,6.0,1255.01,4762.16
CR37971,Oregon,Bachelor,Employed,Male,95018.0,Urban,Married,Web,Extended,Personal,Four-Door Car,Large,97.0,21.0,1315.88,3900.91
CR40615,Arizona,Bachelor,Disabled,Male,22076.0,Suburban,Single,Web,Extended,Personal,Four-Door Car,Midsize,85.0,30.0,1422.77,3106.48
CR41258,Nevada,Associate,Employed,Male,53304.0,Rural,Married,Branch,Basic,Personal,Four-Door Car,Midsize,65.0,14.0,1116.32,2590.32
CR48975,Washington,High School,Employed,Male,65196.0,Suburban,Married,Branch,Basic,Personal,Four-Door Car,Midsize,67.0,0.0,1396.08,24084.54
CR57148,Oregon,Master,Employed,Female,47945.0,Rural,Married,Branch,Basic,Personal,Two-Door Car,Midsize,74.0,32.0,1128.44,5960.58
CR59224,California,Bachelor,Medical Leave,Male,29120.0,Suburban,Married,Agent,Basic,Corporate,Two-Door Car,Midsize,72.0,31.0,1345.6,5556.91
CR83581,California,Associate,Disabled,Male,27816.0,Suburban,Married,Agent,Basic,Personal,SUV,Small,118.0,4.0,1566.4,7712.06
CR85257,Oregon,High School,Employed,Male,99761.0,Suburban,Single,Branch,Basic,Corporate,Two-Door Car,Midsize,63.0,0.0,1452.25,4996.55
CR86548,Nevada,Master,Employed,Female,67248.0,Suburban,Divorced,Call Center,Basic,Personal,SUV,Midsize,102.0,19.0,1489.6,12349.7
CR92272,Arizona,Doctoral,Employed,Female,57664.0,Urban,Married,Agent,Basic,Personal,SUV,Midsize,100.0,21.0,1344.93,8051.57
CR99369,Arizona,High School,Employed,Male,34528.0,Urban,Married,Agent,Basic,Corporate,Four-Door Car,Large,69.0,22.0,1183.6,5377.91
CS15289,Oregon,Master,Employed,Female,79041.0,Rural,Married,Branch,Basic,Personal,Luxury SUV,Small,199.0,14.0,1419.26,16138.42
CS26667,Washington,Associate,Employed,Male,49078.0,Suburban,Single,Branch,Extended,Special,Four-Door Car,Midsize,97.0,10.0,1484.01,22332.44
CS29328,Nevada,Bachelor,Disabled,Male,10743.0,Suburban,Married,Branch,Basic,Personal,Two-Door Car,Midsize,70.0,12.0,1336.0,4875.32
CS30372,Oregon,Bachelor,Employed,Male,21881.0,Rural,Married,Agent,Basic,Corporate,Four-Door Car,Midsize,69.0,9.0,1133.1,5420.34
CS32416,Oregon,Bachelor,Employed,Male,68004.0,Suburban,Single,Agent,Basic,Corporate,Two-Door Car,Midsize,72.0,6.0,1416.34,5595.76
CS35098,California,Associate,Employed,Male,93920.0,Urban,Married,Web,Extended,Corporate,Four-Door Car,Midsize,84.0,20.0,1213.03,10212.02
CS51928,Arizona,Bachelor,Employed,Male,83777.0,Urban,Married,Branch,Basic,Personal,Sports Car,Small,112.0,18.0,1377.35,4508.86
CS84396,Arizona,Bachelor,Employed,Male,53305.0,Suburban,Single,Call Center,Basic,Corporate,Two-Door Car,Small,63.0,32.0,1302.4,4883.12
CS93971,Arizona,Associate,Retired,Female,21073.0,Suburban,Divorced,Agent,Basic,Personal,SUV,Small,106.0,25.0,1508.8,7805.31
CT11176,California,Bachelor,Employed,Female,24914.0,Rural,Married,Web,Basic,Personal,Four-Door Car,Midsize,66.0,6.0,1138.73,2615.3
CT41158,Washington,Associate,Employed,Male,66446.0,Urban,Divorced,Branch,Extended,Corporate,SUV,Large,136.0,8.0,1639.46,10747.03
CT50487,California,High School,Employed,Female,55274.0,Suburban,Married,Call Center,Basic,Corporate,Two-Door Car,Midsize,71.0,14.0,1484.73,2851.16
CT53265,California,Associate,Medical Leave,Female,18834.0,Suburban,Married,Agent,Basic,Personal,Two-Door Car,Midsize,69.0,20.0,1453.9,2656.85
CT74097,Nevada,Associate,Employed,Male,51817.0,Suburban,Divorced,Branch,Extended,Personal,SUV,Small,129.0,20.0,1712.83,14789.62
CT88432,Arizona,Bachelor,Employed,Female,58682.0,Urban,Married,Branch,Basic,Corporate,Four-Door Car,Midsize,61.0,24.0,1206.81,4883.81
CU10179,California,Associate,Employed,Female,82528.0,Rural,Married,Agent,Extended,Personal,Sports Car,Small,131.0,10.0,1258.04,5263.92
CU13711,Oregon,Doctoral,Employed,Female,95579.0,Urban,Single,Agent,Basic,Personal,Four-Door Car,Midsize,67.0,19.0,1308.63,10864.27
CU19735,Arizona,High School,Employed,Male,44986.0,Suburban,Married,Call Center,Basic,Corporate,SUV,Midsize,101.0,14.0,1624.02,8041.2
CU26127,California,Bachelor,Employed,Female,71731.0,Urban,Single,Branch,Extended,Corporate,SUV,Midsize,130.0,12.0,1599.65,15656.03
CU36986,California,High School,Employed,Female,55897.0,Suburban,Married,Branch,Premium,Personal,Four-Door Car,Midsize,104.0,33.0,1499.2,4165.17
CU69816,California,Bachelor,Medical Leave,Male,22885.0,Suburban,Married,Web,Basic,Corporate,Four-Door Car,Midsize,73.0,20.0,1386.25,2721.75
CU84967,California,High School,Employed,Female,58577.0,Urban,Married,Agent,Basic,Personal,SUV,Midsize,110.0,6.0,1303.87,4428.03
CV13878,California,High School,Employed,Female,75474.0,Suburban,Married,Call Center,Basic,Personal,Two-Door Car,Midsize,62.0,12.0,1297.6,2489.75
CV24005,Oregon,High School,Employed,Male,29590.0,Suburban,Married,Agent,Basic,Corporate,Two-Door Car,Small,66.0,17.0,1467.5,2599.31
CV31235,Arizona,Bachelor,Employed,Male,50989.0,Urban,Married,Agent,Extended,Corporate,Four-Door Car,Midsize,80.0,3.0,1256.0,3184.36
CV35709,Oregon,High School,Employed,Female,81872.0,Rural,Married,Web,Premium,Corporate,Four-Door Car,Midsize,115.0,10.0,1256.44,14024.36
CV48634,Nevada,Associate,Employed,Male,29431.0,Rural,Married,Call Center,Basic,Personal,SUV,Midsize,103.0,29.0,1237.9,12128.45
CV57391,Arizona,Bachelor,Employed,Female,50398.0,Urban,Single,Web,Basic,Personal,Four-Door Car,Midsize,71.0,18.0,1339.42,22261.02
CV63337,Oregon,Bachelor,Employed,Female,37273.0,Suburban,Divorced,Branch,Extended,Personal,Two-Door Car,Large,88.0,10.0,1422.4,3499.14
CV64725,California,High School,Employed,Male,55366.0,Suburban,Divorced,Agent,Extended,Personal,Four-Door Car,Midsize,86.0,11.0,1455.71,6545.8
CV70978,California,Bachelor,Employed,Male,97592.0,Suburban,Divorced,Agent,Basic,Personal,Four-Door Car,Midsize,65.0,10.0,1312.0,7756.44
CV75841,California,Associate,Employed,Male,97321.0,Rural,Single,Agent,Premium,Personal,Four-Door Car,Midsize,110.0,35.0,1074.74,4369.5
CV78865,Arizona,High School,Employed,Male,95399.0,Rural,Married,Branch,Basic,Personal,Two-Door Car,Midsize,68.0,1.0,1078.0,2698.01
CV86445,Arizona,High School,Employed,Male,86876.0,Rural,Married,Call Center,Basic,Personal,Four-Door Car,Midsize,68.0,9.0,1118.81,8139.53
CV90092,Oregon,Associate,Employed,Male,82680.0,Suburban,Married,Branch,Basic,Corporate,Four-Door Car,Midsize,68.0,8.0,1326.4,8184.69
CW12066,Oregon,Associate,Medical Leave,Female,25370.0,Suburban,Married,Branch,Basic,Corporate,Sports Car,Large,102.0,10.0,1489.6,11638.9
CW13886,California,Associate,Employed,Male,48428.0,Urban,Married,Call Center,Basic,Personal,Four-Door Car,Midsize,72.0,8.0,1223.73,8514.39
CW15758,Oregon,Associate,Employed,Female,71888.0,Suburban,Married,Agent,Basic,Personal,SUV,Small,115.0,14.0,1552.0,9215.54
CW16221,Oregon,Bachelor,Employed,Female,45254.0,Suburban,Divorced,Web,Extended,Corporate,Four-Door Car,Midsize,93.0,4.0,1446.4,7090.47
CW38361,California,Bachelor,Employed,Male,61706.0,Rural,Married,Call Center,Basic,Corporate,SUV,Small,110.0,6.0,1223.91,8744.73
CW49887,California,Master,Employed,Female,79487.0,Suburban,Divorced,Branch,Basic,Special,SUV,Midsize,114.0,20.0,1547.2,4626.8
CW57351,Nevada,Associate,Employed,Female,62409.0,Urban,Divorced,Agent,Extended,Personal,Four-Door Car,Small,89.0,16.0,1392.69,10662.63
CW57656,Oregon,Associate,Employed,Female,75457.0,Rural,Married,Agent,Extended,Personal,Four-Door Car,Midsize,93.0,0.0,1151.57,11196.02
CW80905,Nevada,High School,Employed,Male,70958.0,Rural,Married,Agent,Basic,Personal,Sports Car,Midsize,115.0,1.0,1115.4,9212.61
CW85845,California,High School,Employed,Female,25151.0,Urban,Married,Agent,Basic,Corporate,Four-Door Car,Midsize,69.0,22.0,1318.04,2754.46
CW92156,Washington,Associate,Employed,Female,37435.0,Urban,Single,Branch,Basic,Personal,SUV,Midsize,105.0,3.0,1314.44,4070.05
CW98743,California,Associate,Employed,Female,22538.0,Suburban,Married,Agent,Basic,Personal,Four-Door Car,Midsize,64.0,6.0,1423.79,2554.03
CX12134,Nevada,High School,Employed,Male,32471.0,Suburban,Single,Agent,Premium,Personal,Two-Door Car,Midsize,110.0,0.0,1528.0,4220.61
CX18273,Arizona,Master,Employed,Male,35754.0,Urban,Married,Agent,Basic,Personal,Luxury Car,Midsize,199.0,21.0,1612.97,15797.99
CX22458,California,Master,Employed,Male,37722.0,Rural,Single,Agent,Basic,Personal,Sports Car,Midsize,116.0,8.0,1158.08,9075.77
CX34236,Oregon,Associate,Employed,Male,37937.0,Suburban,Married,Call Center,Basic,Personal,SUV,Midsize,116.0,11.0,1556.8,9095.05
CX58204,Nevada,High School,Disabled,Female,13050.0,Suburban,Married,Agent,Basic,Personal,SUV,Midsize,102.0,1.0,1734.4,8079.83
CX65318,Arizona,Master,Employed,Male,31737.0,Suburban,Married,Agent,Extended,Personal,Luxury SUV,Midsize,218.0,17.0,2046.4,17420.57
CX85598,Arizona,Bachelor,Employed,Male,51240.0,Urban,Single,Branch,Basic,Personal,Four-Door Car,Midsize,70.0,0.0,1283.85,5365.98
CX89767,California,High School,Employed,Female,46097.0,Urban,Married,Call Center,Basic,Personal,Four-Door Car,Large,61.0,9.0,1197.07,4714.04
CX99919,Nevada,Associate,Retired,Female,28321.0,Suburban,Single,Branch,Basic,Corporate,SUV,Midsize,111.0,34.0,1537.3899999999999,4130.63
CY33307,California,Associate,Employed,Female,32403.0,Rural,Married,Agent,Basic,Corporate,Four-Door Car,Midsize,71.0,31.0,1097.41,5583.83
CY45848,Oregon,Bachelor,Employed,Female,82214.0,Rural,Married,Branch,Premium,Personal,Four-Door Car,Midsize,106.0,11.0,1239.1399999999999,4273.59
CY47265,Oregon,High School,Retired,Female,10312.0,Suburban,Married,Agent,Extended,Personal,Four-Door Car,Large,78.0,10.0,1486.28,2886.45
CY80935,Oregon,High School,Employed,Male,31226.0,Suburban,Married,Agent,Extended,Personal,Four-Door Car,Midsize,93.0,31.0,1446.4,14748.92
CY90231,Nevada,Master,Employed,Male,44096.0,Suburban,Divorced,Branch,Basic,Personal,Four-Door Car,Small,72.0,28.0,1345.6,25253.1
CY97519,California,Associate,Employed,Male,26334.0,Suburban,Married,Branch,Basic,Corporate,Two-Door Car,Small,63.0,3.0,1453.6,17086.75
CZ19025,Oregon,High School,Employed,Female,47888.0,Suburban,Single,Web,Basic,Personal,Four-Door Car,Small,64.0,23.0,1545.08,2489.17
CZ35936,California,High School,Employed,Female,54094.0,Urban,Single,Agent,Basic,Corporate,SUV,Midsize,112.0,9.0,1502.99,8791.44
CZ56843,California,Associate,Employed,Male,39930.0,Suburban,Single,Call Center,Extended,Personal,Four-Door Car,Midsize,86.0,22.0,1412.8,9708.5
CZ57208,California,Bachelor,Employed,Female,30205.0,Suburban,Single,Agent,Basic,Personal,Luxury SUV,Large,195.0,24.0,2329.96,15245.25
CZ62883,California,Bachelor,Employed,Female,34854.0,Suburban,Married,Call Center,Extended,Corporate,Four-Door Car,Midsize,95.0,35.0,1456.0,11378.89
DA10870,Arizona,Bachelor,Employed,Male,40675.0,Suburban,Married,Call Center,Extended,Personal,Four-Door Car,Small,81.0,30.0,1563.73,6289.8
DA20472,California,High School,Employed,Male,95697.0,Rural,Married,Agent,Basic,Personal,Sports Car,Midsize,107.0,29.0,1178.01,8564.77
DA20791,California,Associate,Employed,Male,66457.0,Suburban,Married,Branch,Extended,Personal,Four-Door Car,Midsize,95.0,2.0,1456.0,3774.86
DA26490,California,Bachelor,Employed,Male,21366.0,Suburban,Married,Branch,Basic,Personal,Two-Door Car,Small,63.0,20.0,1302.4,4920.49
DA28072,Arizona,Master,Employed,Female,21841.0,Suburban,Married,Call Center,Extended,Corporate,Four-Door Car,Midsize,91.0,33.0,1436.8,7380.09
DA34555,California,Associate,Employed,Female,80138.0,Urban,Married,Branch,Extended,Personal,Four-Door Car,Midsize,83.0,3.0,1209.43,3363.0
DA35744,Oregon,Doctoral,Employed,Male,66776.0,Rural,Single,Agent,Basic,Corporate,Four-Door Car,Small,71.0,11.0,1131.81,16796.34
DA40009,Washington,Bachelor,Employed,Female,34200.0,Rural,Divorced,Agent,Basic,Corporate,Four-Door Car,Midsize,70.0,27.0,1167.3,2750.54
DA54619,Oregon,High School,Employed,Female,34337.0,Suburban,Married,Web,Premium,Personal,Four-Door Car,Large,113.0,20.0,1542.4,9035.67
DA57177,Oregon,Associate,Employed,Female,40864.0,Rural,Married,Agent,Basic,Personal,SUV,Midsize,109.0,16.0,1166.94,4282.95
DA61021,California,Master,Employed,Male,40467.0,Urban,Married,Agent,Basic,Personal,Luxury SUV,Midsize,197.0,1.0,1518.78,15167.04
DA69469,Oregon,Associate,Employed,Female,36068.0,Rural,Married,Branch,Extended,Personal,Two-Door Car,Midsize,97.0,0.0,1113.37,26843.12
DA73502,Oregon,Bachelor,Employed,Male,78618.0,Urban,Divorced,Agent,Basic,Personal,Two-Door Car,Midsize,66.0,7.0,1225.58,2619.34
DA74095,Arizona,Bachelor,Employed,Female,42800.0,Suburban,Married,Call Center,Premium,Personal,Sports Car,Midsize,153.0,4.0,1734.4,6102.31
DA79544,Oregon,Bachelor,Employed,Male,88126.0,Rural,Married,Branch,Basic,Personal,Four-Door Car,Midsize,64.0,27.0,1151.97,2551.35
DA84476,Oregon,Associate,Retired,Male,26806.0,Suburban,Married,Agent,Basic,Corporate,Four-Door Car,Midsize,63.0,32.0,1302.4,7019.18
DA99797,Oregon,Bachelor,Employed,Female,33871.0,Suburban,Single,Call Center,Extended,Personal,SUV,Midsize,136.0,2.0,1933.62,15978.91
DB17162,Arizona,High School,Employed,Male,64324.0,Suburban,Married,Branch,Basic,Personal,Four-Door Car,Small,67.0,7.0,1321.6,5363.41
DB26077,Arizona,High School,Retired,Female,18866.0,Suburban,Married,Call Center,Extended,Personal,SUV,Midsize,126.0,4.0,1604.8,4873.44
DB28487,California,High School,Disabled,Female,22249.0,Suburban,Married,Call Center,Basic,Personal,Four-Door Car,Midsize,64.0,4.0,1455.19,17041.44
DB28979,California,Bachelor,Employed,Male,23530.0,Suburban,Divorced,Agent,Basic,Corporate,Two-Door Car,Midsize,65.0,22.0,1312.0,7478.31
DB34757,Arizona,Associate,Employed,Male,80129.0,Rural,Married,Branch,Basic,Personal,Four-Door Car,Midsize,66.0,6.0,1165.24,2630.21
DB42794,California,Associate,Employed,Male,58842.0,Suburban,Married,Branch,Premium,Personal,Four-Door Car,Midsize,110.0,6.0,1528.0,4362.93
DB50188,California,Associate,Employed,Male,23006.0,Suburban,Married,Branch,Basic,Personal,SUV,Midsize,113.0,17.0,1792.1,4448.64
DB71122,California,Doctoral,Medical Leave,Female,15144.0,Urban,Married,Agent,Extended,Personal,Four-Door Car,Midsize,90.0,2.0,1372.65,3515.83
DB75522,California,Associate,Employed,Female,22436.0,Suburban,Married,Branch,Extended,Special,Four-Door Car,Small,89.0,24.0,1427.2,6988.4
DB79306,California,Associate,Employed,Male,25480.0,Urban,Married,Web,Basic,Personal,SUV,Small,117.0,26.0,1486.55,4416.35
DB79694,Arizona,High School,Employed,Female,57693.0,Suburban,Divorced,Agent,Extended,Corporate,Four-Door Car,Midsize,76.0,16.0,1547.2,5979.72
DB91647,California,Associate,Employed,Male,99239.0,Suburban,Single,Web,Basic,Personal,Four-Door Car,Small,74.0,9.0,1379.38,5816.71
DB93245,Arizona,Doctoral,Employed,Female,87455.0,Urban,Divorced,Call Center,Basic,Corporate,Four-Door Car,Midsize,71.0,10.0,1329.24,2853.6
DC31768,Arizona,Bachelor,Employed,Male,49793.0,Suburban,Married,Agent,Extended,Personal,SUV,Small,121.0,3.0,1640.8400000000001,4783.92
DC46685,California,Associate,Medical Leave,Female,25370.0,Suburban,Married,Branch,Basic,Corporate,Sports Car,Large,102.0,10.0,1489.6,11638.9
DC46965,Nevada,Master,Medical Leave,Male,11343.0,Rural,Married,Agent,Basic,Personal,Four-Door Car,Midsize,72.0,14.0,1154.75,5507.24
DC62428,Arizona,High School,Employed,Male,20244.0,Suburban,Married,Branch,Basic,Personal,Four-Door Car,Midsize,65.0,6.0,1312.0,5091.1
DC70690,Arizona,Associate,Employed,Female,51737.0,Suburban,Single,Web,Basic,Personal,Four-Door Car,Midsize,71.0,13.0,1430.16,5598.01
DC79319,California,Bachelor,Employed,Female,29160.0,Suburban,Single,Branch,Extended,Personal,Two-Door Car,Midsize,87.0,25.0,1417.6,3351.57
DC85335,Oregon,Associate,Employed,Male,49821.0,Suburban,Married,Web,Basic,Personal,Four-Door Car,Small,61.0,26.0,1333.31,4538.12
DD27563,Oregon,High School,Employed,Male,86687.0,Urban,Single,Agent,Extended,Personal,Four-Door Car,Large,80.0,4.0,1274.16,6342.47
DD28380,Arizona,Associate,Medical Leave,Female,11854.0,Suburban,Married,Call Center,Premium,Personal,Four-Door Car,Midsize,113.0,19.0,1807.72,13118.74
DD44177,California,Doctoral,Disabled,Female,21986.0,Suburban,Divorced,Branch,Basic,Personal,Two-Door Car,Midsize,63.0,1.0,1333.7,2395.57
DD68171,Arizona,Bachelor,Employed,Female,59496.0,Rural,Married,Agent,Extended,Personal,Four-Door Car,Midsize,88.0,22.0,1189.1399999999999,3527.85
DD89544,Arizona,Bachelor,Employed,Male,64929.0,Suburban,Married,Agent,Extended,Corporate,Luxury SUV,Midsize,240.0,13.0,2261.67,18704.85
DD94148,California,Associate,Employed,Male,29530.0,Urban,Married,Web,Basic,Personal,Two-Door Car,Midsize,74.0,31.0,1222.48,5792.44
DE18949,Oregon,Associate,Employed,Female,57029.0,Rural,Married,Call Center,Basic,Corporate,Two-Door Car,Small,68.0,24.0,1135.79,16344.61
DE21533,California,Bachelor,Employed,Male,93870.0,Suburban,Divorced,Call Center,Basic,Personal,Four-Door Car,Midsize,69.0,1.0,1331.2,5473.16
DE23903,Oregon,Bachelor,Employed,Female,59848.0,Rural,Married,Call Center,Basic,Personal,Two-Door Car,Midsize,73.0,5.0,1131.6100000000001,5905.97
DE28132,Oregon,Associate,Employed,Male,42165.0,Suburban,Single,Branch,Extended,Corporate,SUV,Large,123.0,22.0,1799.67,4747.73
DE34457,Oregon,Doctoral,Employed,Female,70602.0,Urban,Married,Call Center,Basic,Personal,SUV,Small,116.0,8.0,1481.34,9416.91
DE37110,California,Master,Employed,Male,42532.0,Rural,Single,Call Center,Basic,Personal,Sports Car,Midsize,118.0,13.0,1200.6399999999999,4645.57
DE53644,California,Bachelor,Employed,Female,23059.0,Suburban,Married,Web,Basic,Personal,Two-Door Car,Midsize,66.0,22.0,1372.43,5192.36
DE55857,Washington,Bachelor,Employed,Female,64997.0,Suburban,Single,Agent,Basic,Personal,Four-Door Car,Small,63.0,7.0,1383.44,2465.44
DE59454,Nevada,Bachelor,Employed,Male,72202.0,Suburban,Married,Branch,Basic,Corporate,Two-Door Car,Small,63.0,12.0,1453.6,2557.59
DE71115,Washington,High School,Employed,Male,68463.0,Suburban,Married,Call Center,Basic,Personal,Four-Door Car,Midsize,70.0,19.0,1336.0,2772.5
DE78840,Nevada,Bachelor,Medical Leave,Female,19019.0,Suburban,Married,Branch,Basic,Personal,Luxury SUV,Midsize,186.0,7.0,2003.05,6991.25
DF21541,Arizona,Associate,Disabled,Female,23170.0,Suburban,Divorced,Call Center,Basic,Personal,Four-Door Car,Midsize,71.0,21.0,1340.8,2646.57
DF40318,Oregon,Master,Employed,Male,79751.0,Suburban,Married,Web,Basic,Corporate,Two-Door Car,Small,63.0,15.0,1392.24,2551.23
DF49110,Oregon,Doctoral,Employed,Male,89420.0,Urban,Married,Call Center,Basic,Personal,Four-Door Car,Midsize,67.0,3.0,1212.46,8100.24
DF62718,California,High School,Employed,Female,83488.0,Suburban,Married,Agent,Extended,Personal,Four-Door Car,Large,90.0,14.0,1432.78,7294.4
DF65548,California,Master,Employed,Female,26680.0,Suburban,Married,Agent,Premium,Personal,Two-Door Car,Small,106.0,11.0,1508.8,8613.46
DF66914,Arizona,Bachelor,Employed,Female,45331.0,Suburban,Married,Agent,Basic,Personal,SUV,Midsize,100.0,0.0,1572.6399999999999,32227.08
DF71709,California,Associate,Medical Leave,Male,12439.0,Suburban,Divorced,Agent,Premium,Corporate,Two-Door Car,Midsize,115.0,22.0,1552.0,12624.96
DF74270,Nevada,Bachelor,Employed,Male,80321.0,Rural,Married,Agent,Basic,Corporate,SUV,Midsize,105.0,25.0,1166.97,38230.21
DF94525,Oregon,Associate,Medical Leave,Male,25854.0,Suburban,Single,Branch,Basic,Personal,Four-Door Car,Midsize,68.0,24.0,1396.28,4860.62
DF97701,Oregon,Bachelor,Employed,Female,63867.0,Suburban,Married,Branch,Extended,Corporate,Four-Door Car,Midsize,89.0,21.0,1432.3600000000001,7069.74
DG23204,California,Doctoral,Employed,Female,27734.0,Urban,Married,Call Center,Basic,Personal,Four-Door Car,Midsize,65.0,12.0,1193.34,2595.56
DG30586,Oregon,Bachelor,Retired,Female,23376.0,Suburban,Divorced,Call Center,Extended,Personal,Four-Door Car,Midsize,78.0,19.0,1374.4,2867.31
DG31826,California,Bachelor,Employed,Male,86305.0,Rural,Married,Call Center,Basic,Corporate,Four-Door Car,Midsize,62.0,1.0,1080.73,4984.62
DG33206,Washington,Doctoral,Employed,Female,41854.0,Urban,Married,Agent,Premium,Personal,Four-Door Car,Midsize,110.0,17.0,1481.27,8861.9
DG34434,California,Bachelor,Employed,Female,28909.0,Suburban,Married,Agent,Basic,Corporate,Two-Door Car,Midsize,66.0,15.0,1456.7,5246.28
DG46291,Nevada,High School,Employed,Female,96276.0,Urban,Married,Call Center,Premium,Personal,Four-Door Car,Midsize,117.0,33.0,1553.5,9500.08
DG51590,Arizona,Bachelor,Employed,Female,36800.0,Urban,Single,Agent,Extended,Personal,Two-Door Car,Midsize,91.0,20.0,1236.6399999999999,25401.52
DG68667,Arizona,Doctoral,Medical Leave,Male,12617.0,Suburban,Divorced,Branch,Basic,Personal,SUV,Midsize,108.0,5.0,1648.9299999999998,8123.96
DG80424,Washington,Associate,Employed,Female,77411.0,Urban,Married,Agent,Basic,Personal,Four-Door Car,Midsize,67.0,30.0,1257.9,2691.57
DG90902,California,Associate,Employed,Female,45106.0,Suburban,Married,Agent,Basic,Personal,Four-Door Car,Midsize,73.0,22.0,1350.4,17476.64
DH13219,Washington,Bachelor,Employed,Male,57428.0,Suburban,Married,Call Center,Extended,Corporate,Four-Door Car,Midsize,85.0,34.0,1414.65,3402.78
DH14632,Oregon,Associate,Employed,Female,34695.0,Rural,Single,Call Center,Basic,Personal,SUV,Small,113.0,1.0,1100.32,8750.22
DH18269,Arizona,Associate,Medical Leave,Male,16040.0,Suburban,Divorced,Branch,Extended,Personal,Two-Door Car,Midsize,96.0,29.0,1611.48,10614.64
DH25145,Arizona,High School,Employed,Female,26975.0,Suburban,Married,Web,Basic,Personal,Two-Door Car,Small,73.0,14.0,1548.33,5809.26
DH41343,Washington,Associate,Employed,Male,92834.0,Suburban,Married,Call Center,Basic,Special,Four-Door Car,Large,61.0,15.0,1292.8,2443.67
DH68234,California,Master,Employed,Male,56070.0,Rural,Divorced,Branch,Basic,Personal,Two-Door Car,Midsize,74.0,5.0,1087.99,20498.83
DH68319,Oregon,Associate,Employed,Female,62506.0,Suburban,Married,Branch,Basic,Personal,Two-Door Car,Large,69.0,3.0,1331.2,2787.5
DH93217,California,Master,Employed,Female,52651.0,Suburban,Single,Call Center,Extended,Personal,Two-Door Car,Small,94.0,34.0,1451.2,29874.74
DH93540,Oregon,Associate,Retired,Male,28215.0,Suburban,Single,Agent,Basic,Personal,Two-Door Car,Midsize,65.0,15.0,1468.0,4650.06
DH99299,California,Associate,Employed,Male,83846.0,Suburban,Married,Agent,Basic,Personal,Four-Door Car,Large,74.0,22.0,1355.2,8717.05
DI22093,California,Associate,Employed,Male,56480.0,Urban,Married,Call Center,Extended,Personal,Four-Door Car,Midsize,87.0,13.0,1384.7,10330.44
DI65961,Arizona,High School,Employed,Male,34644.0,Suburban,Married,Agent,Basic,Personal,Four-Door Car,Midsize,66.0,7.0,1316.8,7832.57
DI89983,California,Bachelor,Medical Leave,Male,16513.0,Suburban,Divorced,Branch,Basic,Personal,Four-Door Car,Midsize,71.0,23.0,1340.8,5223.43
DJ11965,California,Associate,Retired,Female,12902.0,Suburban,Divorced,Agent,Extended,Personal,Sports Car,Midsize,139.0,3.0,1667.2,4904.89
DJ22229,Washington,Bachelor,Retired,Female,16794.0,Suburban,Single,Branch,Extended,Personal,Four-Door Car,Midsize,96.0,7.0,1460.8,13759.15
DJ27518,California,High School,Employed,Female,63657.0,Suburban,Single,Agent,Extended,Corporate,Sports Car,Midsize,128.0,1.0,1614.4,10089.79
DJ34695,California,High School,Employed,Male,60180.0,Suburban,Married,Branch,Basic,Corporate,Luxury Car,Midsize,183.0,14.0,1988.53,21920.81
DJ42087,California,High School,Employed,Female,24581.0,Suburban,Married,Branch,Premium,Personal,Four-Door Car,Midsize,101.0,2.0,1484.8,11923.75
DJ47372,California,Doctoral,Disabled,Male,23202.0,Suburban,Divorced,Call Center,Extended,Personal,Four-Door Car,Midsize,96.0,29.0,1460.8,10831.13
DJ52170,California,High School,Employed,Male,73168.0,Suburban,Married,Agent,Basic,Special,Four-Door Car,Midsize,70.0,21.0,1425.8,5639.94
DJ87316,Oregon,High School,Employed,Male,43736.0,Suburban,Married,Branch,Extended,Personal,SUV,Midsize,128.0,0.0,1614.4,10209.93
DJ91267,Nevada,Bachelor,Employed,Female,34226.0,Rural,Married,Agent,Extended,Personal,Luxury SUV,Small,244.0,29.0,1494.4,29091.24
DJ93289,California,High School,Employed,Female,66707.0,Rural,Married,Agent,Basic,Personal,Two-Door Car,Large,61.0,19.0,1071.98,4887.34
DK19711,California,Associate,Employed,Male,25564.0,Urban,Divorced,Agent,Basic,Personal,Four-Door Car,Midsize,71.0,29.0,1228.52,5495.18
DK26322,Washington,High School,Medical Leave,Male,26887.0,Suburban,Single,Web,Basic,Special,SUV,Small,113.0,32.0,1542.4,12321.84
DK32872,Nevada,High School,Employed,Female,66957.0,Suburban,Married,Web,Extended,Personal,SUV,Midsize,131.0,31.0,1628.8,5234.33
DK41858,Arizona,Associate,Employed,Female,80480.0,Urban,Married,Agent,Basic,Personal,Four-Door Car,Midsize,72.0,6.0,1242.84,5791.61
DK49336,Arizona,Associate,Employed,Male,48029.0,Suburban,Married,Agent,Basic,Corporate,Four-Door Car,Midsize,61.0,7.0,1292.8,4809.22
DK66277,California,High School,Employed,Male,98859.0,Suburban,Divorced,Web,Basic,Personal,Four-Door Car,Small,70.0,3.0,1504.0,2805.18
DK69871,Nevada,Master,Employed,Male,53691.0,Urban,Divorced,Call Center,Basic,Personal,Four-Door Car,Midsize,67.0,13.0,1175.98,24138.06
DK81475,Nevada,Associate,Employed,Male,95301.0,Suburban,Married,Call Center,Basic,Personal,SUV,Large,114.0,34.0,1547.2,4619.45
DK92014,Arizona,High School,Disabled,Female,11904.0,Suburban,Single,Web,Basic,Personal,Two-Door Car,Small,61.0,34.0,1292.8,4254.62
DK92504,Arizona,High School,Employed,Male,54726.0,Suburban,Married,Branch,Extended,Corporate,Luxury Car,Small,219.0,30.0,2051.2,8779.09
DK93464,Nevada,Bachelor,Employed,Female,56202.0,Urban,Married,Agent,Premium,Personal,Two-Door Car,Midsize,107.0,19.0,1513.51,8571.48
DK94262,Oregon,High School,Employed,Male,46754.0,Suburban,Married,Web,Basic,Personal,SUV,Midsize,106.0,5.0,1513.8200000000002,8507.13
DK98861,Arizona,Associate,Employed,Female,94125.0,Urban,Married,Call Center,Basic,Personal,SUV,Midsize,109.0,33.0,1341.68,13160.34
DL17162,Arizona,Associate,Employed,Male,42961.0,Suburban,Married,Web,Extended,Personal,Four-Door Car,Midsize,83.0,24.0,1398.4,26453.94
DL20327,Oregon,Associate,Employed,Female,54539.0,Urban,Married,Agent,Basic,Personal,Four-Door Car,Midsize,63.0,5.0,1287.45,7635.55
DL34364,California,High School,Disabled,Male,28523.0,Suburban,Married,Agent,Extended,Corporate,Four-Door Car,Large,77.0,15.0,1369.6,2914.09
DL36983,Oregon,High School,Employed,Female,23791.0,Suburban,Divorced,Agent,Premium,Personal,Two-Door Car,Midsize,110.0,11.0,1615.27,8495.16
DL45122,California,Bachelor,Employed,Male,75556.0,Suburban,Married,Agent,Extended,Corporate,Four-Door Car,Small,84.0,24.0,1498.93,3329.89
DL53457,California,Associate,Medical Leave,Female,22571.0,Suburban,Single,Web,Basic,Personal,Four-Door Car,Large,63.0,29.0,1302.4,4605.04
DL55489,Oregon,High School,Employed,Male,21195.0,Suburban,Married,Web,Basic,Corporate,Four-Door Car,Midsize,72.0,23.0,1345.6,5764.65
DM22923,Oregon,Bachelor,Disabled,Male,27398.0,Suburban,Single,Branch,Basic,Personal,Four-Door Car,Midsize,68.0,4.0,1326.4,2331.33
DM34321,California,Master,Retired,Female,11652.0,Suburban,Married,Call Center,Extended,Personal,Two-Door Car,Small,89.0,23.0,1526.48,3420.66
DM42912,California,Associate,Disabled,Female,21135.0,Suburban,Married,Call Center,Extended,Personal,SUV,Midsize,130.0,14.0,1678.95,4980.19
DM59629,California,Bachelor,Employed,Female,47606.0,Suburban,Divorced,Agent,Extended,Personal,Two-Door Car,Small,81.0,24.0,1388.8,6411.68
DM59806,California,Doctoral,Employed,Female,73853.0,Suburban,Single,Agent,Extended,Personal,Four-Door Car,Small,89.0,7.0,1427.2,3571.35
DM74502,Nevada,Associate,Employed,Female,93087.0,Suburban,Married,Agent,Extended,Corporate,Sports Car,Midsize,131.0,14.0,1628.8,5227.1
DM76654,California,Associate,Employed,Male,22022.0,Suburban,Single,Branch,Extended,Personal,SUV,Large,136.0,35.0,1979.2,46611.87
DM79012,Oregon,Master,Employed,Female,65706.0,Suburban,Married,Web,Extended,Personal,Four-Door Car,Small,91.0,19.0,1436.8,7380.98
DM95829,California,Associate,Medical Leave,Male,16244.0,Suburban,Married,Call Center,Basic,Personal,Two-Door Car,Midsize,68.0,4.0,1623.22,2523.96
DN14211,Oregon,Associate,Medical Leave,Male,17150.0,Suburban,Married,Agent,Basic,Personal,Two-Door Car,Midsize,65.0,28.0,1689.8,15032.9
DN29808,California,Associate,Employed,Female,28919.0,Suburban,Married,Agent,Basic,Corporate,Four-Door Car,Midsize,72.0,18.0,1518.4,2846.25
DN30013,Oregon,Associate,Employed,Female,53295.0,Urban,Married,Branch,Basic,Personal,Four-Door Car,Small,70.0,12.0,1250.42,5568.89
DN34058,Washington,Bachelor,Employed,Female,68211.0,Suburban,Married,Branch,Extended,Corporate,Four-Door Car,Small,99.0,9.0,1475.2,28119.29
DN46994,California,Bachelor,Employed,Female,72633.0,Rural,Married,Agent,Basic,Personal,Four-Door Car,Midsize,67.0,28.0,1155.76,5403.59
DN66715,California,Master,Employed,Female,97131.0,Suburban,Married,Agent,Basic,Personal,Four-Door Car,Small,64.0,5.0,1307.2,5181.62
DN71979,Arizona,Associate,Employed,Male,74755.0,Suburban,Divorced,Web,Basic,Personal,Luxury Car,Midsize,195.0,10.0,2404.0,7772.58
DN76322,Oregon,Associate,Employed,Female,24723.0,Suburban,Married,Branch,Extended,Corporate,Sports Car,Midsize,129.0,20.0,1619.2,10295.47
DN77617,California,Associate,Employed,Female,47306.0,Rural,Married,Branch,Basic,Corporate,Four-Door Car,Midsize,74.0,8.0,1097.72,5907.08
DN92191,California,Master,Employed,Male,68717.0,Suburban,Divorced,Branch,Basic,Personal,Four-Door Car,Small,70.0,4.0,1810.9099999999999,8383.68
DO20853,Oregon,High School,Disabled,Female,14254.0,Suburban,Married,Branch,Extended,Corporate,SUV,Large,124.0,21.0,1595.2,4775.48
DO48071,California,Associate,Employed,Female,40516.0,Rural,Married,Web,Basic,Personal,Two-Door Car,Small,70.0,21.0,1137.17,2795.41
DO51363,Oregon,Bachelor,Employed,Female,26318.0,Suburban,Married,Call Center,Extended,Personal,Two-Door Car,Midsize,96.0,23.0,1679.3899999999999,3785.75
DO83789,Arizona,Associate,Employed,Female,71661.0,Suburban,Married,Branch,Basic,Personal,Four-Door Car,Small,65.0,7.0,1312.0,5206.03
DO93657,California,Master,Employed,Male,57134.0,Suburban,Married,Branch,Extended,Personal,Two-Door Car,Midsize,91.0,6.0,1436.8,7285.1
DO95670,Arizona,Doctoral,Employed,Male,57709.0,Suburban,Married,Branch,Extended,Personal,SUV,Midsize,125.0,10.0,1600.0,5073.28
DO98345,Oregon,High School,Employed,Male,72517.0,Urban,Married,Web,Extended,Personal,Two-Door Car,Midsize,82.0,33.0,1371.46,13156.75
DP13082,California,Bachelor,Employed,Male,76358.0,Rural,Married,Agent,Basic,Personal,Four-Door Car,Midsize,66.0,25.0,1086.46,23594.68
DP19210,California,Master,Employed,Female,23823.0,Suburban,Married,Branch,Basic,Corporate,Sports Car,Midsize,115.0,5.0,1567.48,9191.73
DP26592,Oregon,High School,Employed,Male,86617.0,Urban,Single,Agent,Basic,Personal,Four-Door Car,Midsize,63.0,9.0,1188.33,2518.11
DP33625,Arizona,Associate,Employed,Male,50825.0,Urban,Married,Agent,Basic,Personal,SUV,Midsize,102.0,3.0,1369.6100000000001,8092.88
DP39365,California,Master,Employed,Male,77026.0,Urban,Married,Agent,Premium,Corporate,Four-Door Car,Midsize,110.0,9.0,1472.03,8798.8
DP45816,Arizona,High School,Employed,Female,61486.0,Urban,Married,Branch,Extended,Personal,Two-Door Car,Small,97.0,5.0,1465.26,11638.67
DP46882,California,High School,Retired,Female,10312.0,Suburban,Married,Agent,Extended,Corporate,Four-Door Car,Large,78.0,10.0,1486.28,2886.45
DP50640,California,Bachelor,Employed,Male,47346.0,Suburban,Married,Call Center,Basic,Personal,Four-Door Car,Small,65.0,6.0,1312.0,2548.84
DP50922,California,High School,Employed,Male,72109.0,Suburban,Married,Web,Basic,Personal,Sports Car,Midsize,105.0,31.0,1504.0,12663.99
DP57381,Nevada,Associate,Employed,Male,71467.0,Urban,Divorced,Branch,Extended,Personal,Two-Door Car,Midsize,86.0,5.0,1324.88,20446.6
DP77737,Oregon,High School,Medical Leave,Female,28513.0,Suburban,Married,Call Center,Basic,Personal,SUV,Midsize,100.0,4.0,1480.0,15114.4
DP87594,Oregon,Bachelor,Employed,Female,66023.0,Urban,Married,Branch,Basic,Personal,Two-Door Car,Midsize,70.0,11.0,1265.63,2816.76
DP92488,Washington,Doctoral,Employed,Female,74592.0,Suburban,Married,Agent,Basic,Personal,Two-Door Car,Midsize,67.0,9.0,1321.6,2727.52
DQ19343,California,High School,Employed,Female,57925.0,Urban,Single,Agent,Basic,Corporate,Two-Door Car,Midsize,72.0,33.0,1204.62,5583.07
DQ19344,California,Associate,Employed,Male,33046.0,Rural,Married,Branch,Extended,Personal,Four-Door Car,Midsize,79.0,14.0,1181.54,3112.05
DQ28641,Nevada,High School,Medical Leave,Male,14315.0,Suburban,Married,Branch,Basic,Personal,Four-Door Car,Midsize,71.0,33.0,1511.2,2665.22
DQ35195,Arizona,Bachelor,Employed,Female,52494.0,Suburban,Single,Agent,Premium,Corporate,Two-Door Car,Small,119.0,5.0,1571.2,9275.68
DQ50538,Nevada,Bachelor,Employed,Male,63800.0,Suburban,Married,Branch,Basic,Personal,SUV,Midsize,113.0,9.0,1542.4,9050.76
DQ55516,California,Bachelor,Employed,Female,20472.0,Suburban,Single,Agent,Extended,Corporate,SUV,Midsize,139.0,34.0,1667.2,5408.89
DQ58142,Arizona,High School,Employed,Male,37759.0,Suburban,Married,Web,Basic,Corporate,SUV,Midsize,108.0,9.0,1518.4,8561.56
DQ69331,Washington,High School,Retired,Male,27972.0,Suburban,Married,Web,Basic,Personal,Four-Door Car,Midsize,61.0,7.0,1292.8,2227.07
DQ71306,Oregon,High School,Medical Leave,Male,19013.0,Suburban,Married,Call Center,Extended,Corporate,Four-Door Car,Midsize,95.0,1.0,1456.0,3649.66
DQ79499,Oregon,Doctoral,Employed,Female,59965.0,Suburban,Married,Branch,Extended,Personal,SUV,Midsize,131.0,7.0,1905.03,10541.11
DQ98402,Nevada,High School,Employed,Female,82477.0,Suburban,Married,Agent,Extended,Corporate,Two-Door Car,Large,90.0,1.0,1432.0,3644.83
DR38127,California,Associate,Employed,Male,46703.0,Suburban,Single,Branch,Premium,Personal,Four-Door Car,Small,108.0,0.0,1678.1,8573.46
DR68556,Oregon,High School,Employed,Male,85067.0,Urban,Married,Branch,Basic,Personal,Four-Door Car,Midsize,65.0,34.0,1256.24,7857.36
DR84843,Arizona,Bachelor,Employed,Male,72731.0,Rural,Married,Agent,Basic,Personal,Four-Door Car,Midsize,65.0,10.0,1125.7,2584.53
DR93103,Arizona,Master,Employed,Female,36212.0,Rural,Married,Agent,Basic,Personal,Two-Door Car,Midsize,73.0,25.0,1119.03,17556.99
DS32060,California,Associate,Employed,Male,20046.0,Suburban,Married,Web,Extended,Personal,Two-Door Car,Midsize,87.0,15.0,1417.6,6766.56
DS46955,California,Master,Employed,Female,41456.0,Urban,Married,Branch,Basic,Personal,Four-Door Car,Midsize,73.0,11.0,1257.38,2919.71
DS47984,Arizona,Master,Employed,Male,60244.0,Urban,Married,Agent,Extended,Personal,Four-Door Car,Midsize,83.0,3.0,1326.28,3238.0
DS50601,Nevada,Bachelor,Employed,Male,98192.0,Suburban,Married,Agent,Extended,Personal,Four-Door Car,Large,84.0,2.0,1403.2,10003.25
DS57918,California,Bachelor,Medical Leave,Male,27500.0,Urban,Divorced,Branch,Basic,Corporate,SUV,Large,114.0,25.0,1472.28,33718.84
DS62172,Oregon,Bachelor,Employed,Female,54183.0,Suburban,Divorced,Web,Basic,Personal,Four-Door Car,Large,70.0,1.0,1336.0,2764.02
DS75515,California,Bachelor,Employed,Male,72333.0,Urban,Married,Agent,Basic,Personal,Two-Door Car,Large,70.0,10.0,1177.22,2813.31
DT35588,Oregon,Associate,Employed,Male,60475.0,Suburban,Married,Branch,Premium,Personal,Four-Door Car,Midsize,107.0,9.0,1513.6,4330.39
DT59560,California,High School,Employed,Female,67486.0,Urban,Married,Branch,Premium,Personal,Two-Door Car,Large,118.0,3.0,1529.49,4757.24
DT77901,Oregon,Bachelor,Retired,Female,14290.0,Suburban,Married,Agent,Premium,Personal,Luxury SUV,Midsize,271.0,20.0,2300.8,10179.72
DT85712,California,Doctoral,Employed,Male,34378.0,Suburban,Married,Branch,Basic,Personal,SUV,Midsize,102.0,12.0,1489.6,4118.54
DU39756,Nevada,Master,Employed,Female,29462.0,Suburban,Single,Branch,Basic,Corporate,SUV,Large,107.0,28.0,1513.6,4170.69
DU50092,Oregon,Associate,Employed,Female,77237.0,Suburban,Married,Web,Premium,Personal,Luxury SUV,Midsize,283.0,33.0,2358.4,56675.94
DU60004,Nevada,Associate,Employed,Female,76769.0,Rural,Married,Web,Extended,Corporate,Four-Door Car,Midsize,88.0,6.0,1170.1100000000001,3560.63
DU66620,Nevada,Associate,Medical Leave,Male,19065.0,Suburban,Married,Call Center,Basic,Personal,Two-Door Car,Midsize,61.0,28.0,1292.8,4582.69
DU66880,Arizona,High School,Employed,Male,58544.0,Suburban,Married,Agent,Premium,Personal,Four-Door Car,Midsize,114.0,19.0,1769.79,13583.62
DU68331,Oregon,Associate,Employed,Female,30493.0,Rural,Married,Branch,Basic,Personal,Two-Door Car,Midsize,62.0,15.0,1108.09,7316.65
DV22542,California,High School,Employed,Male,58620.0,Urban,Divorced,Branch,Basic,Personal,Two-Door Car,Large,68.0,8.0,1292.1399999999999,2722.41
DV24592,Oregon,Associate,Employed,Female,63860.0,Urban,Married,Agent,Basic,Personal,Four-Door Car,Midsize,62.0,26.0,1208.6,2472.47
DV27428,Oregon,High School,Employed,Male,62634.0,Rural,Single,Call Center,Basic,Personal,SUV,Midsize,116.0,10.0,1122.02,13776.74
DV36320,California,High School,Employed,Female,80991.0,Urban,Married,Branch,Extended,Personal,Luxury SUV,Midsize,223.0,5.0,1937.33,17995.87
DV58197,California,Bachelor,Employed,Female,62902.0,Rural,Married,Web,Basic,Personal,Two-Door Car,Midsize,69.0,14.0,1159.38,8256.3
DV62119,Arizona,Doctoral,Employed,Female,76114.0,Suburban,Married,Agent,Extended,Personal,Four-Door Car,Midsize,88.0,6.0,1422.4,3548.15
DW11738,California,Master,Medical Leave,Male,19834.0,Suburban,Divorced,Agent,Basic,Personal,Four-Door Car,Small,64.0,26.0,1460.8,4241.64
DW19309,Oregon,High School,Employed,Male,65726.0,Suburban,Married,Agent,Premium,Corporate,SUV,Midsize,177.0,35.0,1849.6,14226.5
DW20514,California,Associate,Disabled,Male,25539.0,Suburban,Married,Web,Basic,Personal,SUV,Small,112.0,15.0,1585.0700000000002,8438.46
DW29763,Arizona,High School,Employed,Male,32653.0,Suburban,Married,Agent,Basic,Personal,Two-Door Car,Large,67.0,4.0,1321.6,5271.98
DW37404,California,Bachelor,Employed,Female,20532.0,Urban,Divorced,Branch,Basic,Personal,Four-Door Car,Large,67.0,20.0,1282.66,7858.05
DW62043,Oregon,Associate,Employed,Female,30216.0,Suburban,Divorced,Call Center,Basic,Corporate,Four-Door Car,Midsize,63.0,18.0,1302.4,2452.06
DW62397,Oregon,Master,Retired,Female,10337.0,Suburban,Married,Branch,Basic,Personal,Four-Door Car,Small,67.0,16.0,1321.6,22806.47
DW71192,Oregon,High School,Employed,Male,52018.0,Suburban,Divorced,Agent,Extended,Personal,Four-Door Car,Midsize,78.0,17.0,1374.4,5971.31
DW72437,Oregon,Master,Employed,Female,43386.0,Urban,Married,Call Center,Basic,Personal,Two-Door Car,Midsize,68.0,13.0,1315.35,2731.4
DW72445,Oregon,Associate,Employed,Male,52782.0,Suburban,Married,Agent,Extended,Personal,Four-Door Car,Small,85.0,20.0,1541.0900000000001,3259.89
DW88734,California,Bachelor,Employed,Male,84895.0,Suburban,Married,Call Center,Basic,Corporate,Two-Door Car,Small,67.0,24.0,1321.6,2683.49
DW96592,California,Bachelor,Employed,Male,71391.0,Urban,Married,Agent,Basic,Personal,Four-Door Car,Midsize,67.0,29.0,1284.0,8044.87
DX31066,Washington,Associate,Employed,Female,94041.0,Rural,Married,Agent,Basic,Personal,Four-Door Car,Midsize,66.0,14.0,1159.76,2667.27
DX34647,California,Associate,Employed,Female,43137.0,Suburban,Married,Call Center,Extended,Personal,Two-Door Car,Large,96.0,8.0,1460.8,7761.27
DX65548,Arizona,Associate,Employed,Female,38713.0,Suburban,Divorced,Call Center,Basic,Personal,Four-Door Car,Midsize,66.0,31.0,1316.8,4834.71
DX80961,Arizona,Bachelor,Employed,Female,85322.0,Suburban,Married,Agent,Extended,Personal,SUV,Midsize,134.0,32.0,1735.49,16265.59
DX91392,California,High School,Employed,Male,51066.0,Suburban,Single,Call Center,Basic,Personal,Four-Door Car,Midsize,74.0,23.0,1787.99,5780.18
DX98298,Washington,High School,Employed,Male,57506.0,Suburban,Married,Agent,Basic,Personal,Sports Car,Small,102.0,24.0,1615.24,4082.17
DY17416,Oregon,Associate,Employed,Male,49539.0,Urban,Single,Agent,Extended,Personal,Two-Door Car,Midsize,79.0,15.0,1286.94,6031.52
DY18947,Arizona,High School,Employed,Female,60423.0,Rural,Married,Call Center,Premium,Personal,Four-Door Car,Midsize,114.0,23.0,1137.6100000000001,9152.49
DY22043,Oregon,High School,Employed,Female,88768.0,Suburban,Married,Branch,Basic,Personal,Two-Door Car,Small,68.0,17.0,1326.4,5499.45
DY22077,Arizona,Bachelor,Employed,Male,97361.0,Suburban,Single,Agent,Basic,Corporate,Four-Door Car,Midsize,73.0,6.0,1350.4,8622.84
DY27653,Oregon,High School,Employed,Female,56178.0,Suburban,Married,Branch,Extended,Personal,Four-Door Car,Midsize,94.0,1.0,1451.2,3755.81
DY30071,Oregon,Bachelor,Employed,Male,69387.0,Rural,Married,Agent,Basic,Personal,Four-Door Car,Small,71.0,16.0,1071.52,5659.24
DY34638,Oregon,High School,Disabled,Female,11432.0,Suburban,Married,Agent,Basic,Personal,SUV,Small,119.0,11.0,1571.2,13466.92
DY34902,Oregon,High School,Employed,Female,81182.0,Suburban,Single,Branch,Basic,Corporate,Four-Door Car,Small,64.0,3.0,1307.2,5168.15
DY38083,California,Bachelor,Employed,Male,82664.0,Rural,Married,Agent,Basic,Personal,SUV,Midsize,114.0,24.0,1133.43,8838.09
DY49235,Arizona,Associate,Disabled,Female,25237.0,Suburban,Divorced,Agent,Basic,Personal,Four-Door Car,Midsize,69.0,23.0,1378.35,5205.75
DY57308,California,Bachelor,Employed,Female,22373.0,Urban,Married,Branch,Basic,Personal,SUV,Small,112.0,11.0,1419.75,8835.16
DY69629,Oregon,Associate,Employed,Female,21604.0,Suburban,Divorced,Branch,Extended,Corporate,Four-Door Car,Midsize,79.0,14.0,1379.2,3096.51
DY87071,Arizona,High School,Employed,Male,96306.0,Rural,Divorced,Agent,Extended,Personal,Four-Door Car,Midsize,95.0,12.0,1185.3600000000001,7519.13
DY87989,Oregon,Bachelor,Medical Leave,Male,14072.0,Suburban,Divorced,Agent,Basic,Corporate,Four-Door Car,Midsize,71.0,13.0,1511.2,24127.5
DY92795,Oregon,Bachelor,Employed,Female,83252.0,Suburban,Married,Call Center,Extended,Personal,Four-Door Car,Midsize,80.0,4.0,1384.0,3226.85
DZ35379,Arizona,High School,Employed,Female,69512.0,Urban,Married,Branch,Basic,Personal,Two-Door Car,Midsize,72.0,3.0,1196.98,5781.02
DZ38951,Oregon,High School,Medical Leave,Male,19831.0,Suburban,Married,Agent,Extended,Personal,Four-Door Car,Midsize,83.0,8.0,1398.4,6439.0
DZ45471,Nevada,Associate,Employed,Male,64801.0,Urban,Married,Web,Basic,Personal,Four-Door Car,Midsize,64.0,23.0,1268.47,7582.11
DZ48278,Nevada,High School,Employed,Male,38798.0,Urban,Married,Web,Basic,Personal,Four-Door Car,Midsize,72.0,24.0,1332.95,2853.51
DZ62350,California,High School,Employed,Male,24744.0,Suburban,Divorced,Call Center,Basic,Personal,Four-Door Car,Midsize,65.0,1.0,1312.0,2514.28
DZ64604,California,High School,Employed,Male,60774.0,Suburban,Married,Branch,Premium,Personal,SUV,Small,154.0,13.0,1739.2,12269.42
DZ85842,California,High School,Retired,Male,17920.0,Suburban,Married,Branch,Basic,Personal,Four-Door Car,Midsize,72.0,14.0,1424.38,8105.81
DZ89536,Oregon,Master,Employed,Male,60244.0,Urban,Married,Agent,Extended,Corporate,Four-Door Car,Midsize,83.0,3.0,1326.28,3238.0
EA23961,California,Associate,Employed,Female,80797.0,Urban,Married,Web,Basic,Personal,Four-Door Car,Small,64.0,21.0,1300.94,5166.19
EA25683,Washington,High School,Employed,Male,63786.0,Urban,Single,Branch,Basic,Corporate,Luxury SUV,Midsize,196.0,30.0,1798.0,7778.53
EA27048,California,High School,Employed,Female,64125.0,Urban,Married,Branch,Basic,Personal,SUV,Large,108.0,3.0,1369.82,8646.5
EA40332,Oregon,Bachelor,Employed,Male,35822.0,Suburban,Divorced,Agent,Premium,Personal,SUV,Midsize,197.0,25.0,2404.87,15394.87
EA54906,California,High School,Employed,Female,38874.0,Urban,Divorced,Branch,Extended,Corporate,Four-Door Car,Midsize,94.0,6.0,1331.17,7501.66
EA61783,California,Bachelor,Employed,Female,35868.0,Suburban,Single,Branch,Basic,Personal,SUV,Midsize,110.0,20.0,1528.0,26232.85
EA68909,California,Bachelor,Employed,Male,48473.0,Suburban,Single,Agent,Basic,Personal,Four-Door Car,Midsize,63.0,1.0,1302.4,2444.9
EA87824,Arizona,Associate,Employed,Female,96832.0,Suburban,Married,Branch,Extended,Personal,Two-Door Car,Small,85.0,19.0,1408.0,6864.65
EB12732,Oregon,High School,Employed,Female,96357.0,Urban,Married,Branch,Basic,Personal,Four-Door Car,Midsize,71.0,4.0,1238.25,2847.97
EB52195,Oregon,Associate,Employed,Female,40639.0,Urban,Married,Branch,Basic,Personal,Four-Door Car,Midsize,67.0,21.0,1301.6,7981.44
EB55390,Oregon,Master,Employed,Female,43731.0,Urban,Married,Web,Basic,Special,Four-Door Car,Midsize,64.0,35.0,1162.46,2548.51
EB61889,California,High School,Medical Leave,Male,25322.0,Suburban,Divorced,Call Center,Extended,Corporate,Sports Car,Midsize,126.0,23.0,1886.03,9486.04
EB66698,California,High School,Employed,Male,86689.0,Suburban,Single,Agent,Extended,Corporate,Two-Door Car,Small,85.0,3.0,1408.0,3371.86
EB72052,Oregon,Associate,Employed,Male,33345.0,Suburban,Divorced,Call Center,Basic,Personal,SUV,Midsize,102.0,34.0,1694.08,12105.29
EB86696,California,Bachelor,Employed,Male,21808.0,Suburban,Married,Call Center,Basic,Special,SUV,Midsize,119.0,0.0,1571.2,4755.37
EC13382,Oregon,Master,Retired,Female,21514.0,Urban,Married,Agent,Basic,Corporate,Two-Door Car,Midsize,62.0,0.0,1257.25,11981.98
EC22495,Oregon,High School,Employed,Male,52082.0,Suburban,Married,Branch,Extended,Personal,Four-Door Car,Small,79.0,2.0,1379.2,3145.46
EC28314,California,Bachelor,Employed,Male,86305.0,Rural,Married,Call Center,Basic,Personal,Four-Door Car,Midsize,62.0,1.0,1080.73,4984.62
EC28398,Oregon,Master,Disabled,Female,22886.0,Suburban,Divorced,Agent,Basic,Corporate,Four-Door Car,Small,65.0,9.0,1312.0,5096.67
EC44438,Nevada,Bachelor,Medical Leave,Female,19352.0,Suburban,Married,Branch,Basic,Personal,Four-Door Car,Small,65.0,16.0,1724.46,2467.62
EC51047,California,Bachelor,Employed,Female,31991.0,Suburban,Single,Agent,Extended,Personal,Four-Door Car,Small,81.0,15.0,1548.3200000000002,8915.17
EC71857,Washington,Doctoral,Employed,Female,28519.0,Rural,Married,Agent,Basic,Personal,Four-Door Car,Midsize,61.0,9.0,1111.87,2432.96
EC71986,Washington,High School,Medical Leave,Female,26736.0,Suburban,Married,Agent,Basic,Personal,Four-Door Car,Midsize,63.0,6.0,1367.93,2429.28
EC78254,Washington,Associate,Employed,Female,53986.0,Rural,Married,Branch,Basic,Corporate,Four-Door Car,Midsize,70.0,22.0,1127.89,8409.67
EC94366,Oregon,Doctoral,Medical Leave,Male,20101.0,Urban,Married,Agent,Extended,Corporate,Four-Door Car,Midsize,96.0,28.0,1291.54,3776.32
ED13353,Oregon,High School,Medical Leave,Male,10629.0,Suburban,Single,Web,Basic,Personal,Four-Door Car,Small,74.0,17.0,1532.8,5274.2
ED29955,California,Bachelor,Employed,Male,61542.0,Suburban,Married,Agent,Basic,Personal,Four-Door Car,Midsize,67.0,33.0,1321.6,5284.04
ED44765,Oregon,High School,Employed,Female,25318.0,Suburban,Married,Call Center,Basic,Personal,Four-Door Car,Small,63.0,4.0,1302.4,7367.65
ED50963,California,High School,Employed,Female,32808.0,Suburban,Married,Branch,Basic,Personal,Four-Door Car,Small,68.0,1.0,1541.7,2688.86
ED59130,Arizona,Bachelor,Employed,Male,74900.0,Suburban,Married,Call Center,Extended,Personal,Luxury SUV,Midsize,208.0,31.0,1998.4,16705.1
ED61615,California,High School,Employed,Male,26189.0,Suburban,Single,Agent,Basic,Personal,Four-Door Car,Small,69.0,6.0,1331.2,7950.18
ED65109,California,Associate,Employed,Female,81839.0,Rural,Married,Agent,Basic,Personal,Four-Door Car,Midsize,65.0,23.0,1074.67,5207.99
ED80746,California,Bachelor,Medical Leave,Male,19634.0,Suburban,Married,Branch,Extended,Corporate,Two-Door Car,Small,98.0,29.0,1470.4,7426.46
ED82243,California,Associate,Retired,Male,26806.0,Suburban,Married,Agent,Basic,Personal,Four-Door Car,Midsize,63.0,32.0,1302.4,7019.18
ED89934,California,Associate,Employed,Female,58946.0,Urban,Married,Agent,Extended,Personal,SUV,Midsize,121.0,5.0,1486.72,4823.56
ED90879,Nevada,Bachelor,Employed,Male,20757.0,Rural,Single,Agent,Premium,Corporate,Four-Door Car,Midsize,102.0,6.0,1216.43,7325.92
EE28119,Arizona,Bachelor,Employed,Female,69921.0,Urban,Divorced,Agent,Premium,Personal,Two-Door Car,Midsize,118.0,28.0,1373.23,4670.06
EE48429,Nevada,High School,Employed,Female,80584.0,Suburban,Divorced,Branch,Basic,Personal,Two-Door Car,Small,65.0,33.0,1312.0,2601.47
EE49066,Oregon,High School,Employed,Female,62365.0,Suburban,Married,Branch,Basic,Corporate,Four-Door Car,Midsize,62.0,0.0,1297.6,4969.53
EE53627,Oregon,High School,Disabled,Male,12131.0,Urban,Single,Call Center,Basic,Personal,Four-Door Car,Midsize,64.0,32.0,1251.45,2242.09
EE57466,Arizona,High School,Retired,Female,22283.0,Suburban,Divorced,Branch,Basic,Personal,Four-Door Car,Midsize,65.0,16.0,1572.0700000000002,2397.04
EE59791,California,High School,Employed,Female,56617.0,Suburban,Married,Call Center,Basic,Personal,Four-Door Car,Small,74.0,18.0,1355.2,5931.28
EE95568,California,Bachelor,Employed,Female,89892.0,Urban,Single,Call Center,Extended,Personal,SUV,Midsize,135.0,9.0,1526.25,10954.38
EE96187,Oregon,High School,Employed,Female,92423.0,Urban,Married,Branch,Extended,Personal,Four-Door Car,Midsize,88.0,5.0,1404.24,7109.34
EE98024,California,Associate,Medical Leave,Female,25866.0,Suburban,Married,Agent,Premium,Personal,Four-Door Car,Small,109.0,20.0,1523.2,4236.3
EE99484,Washington,High School,Employed,Female,43860.0,Rural,Single,Agent,Basic,Corporate,Four-Door Car,Midsize,65.0,15.0,1156.12,2514.59
EF13716,Oregon,Associate,Employed,Male,60462.0,Urban,Married,Agent,Basic,Personal,Four-Door Car,Large,68.0,14.0,1216.93,2697.33
EF21564,Nevada,Master,Employed,Male,84491.0,Rural,Single,Agent,Basic,Personal,SUV,Midsize,110.0,0.0,1156.28,4383.15
EF41225,California,Associate,Employed,Female,40711.0,Suburban,Married,Web,Extended,Personal,SUV,Midsize,121.0,12.0,1580.8,14627.93
EF84269,California,Associate,Employed,Female,51489.0,Rural,Married,Web,Extended,Personal,SUV,Midsize,139.0,14.0,1236.74,5568.66
EF87528,Arizona,Associate,Retired,Male,26802.0,Suburban,Married,Agent,Basic,Special,Two-Door Car,Midsize,66.0,7.0,1316.8,4636.55
EF99768,California,High School,Employed,Female,37800.0,Suburban,Divorced,Call Center,Basic,Corporate,SUV,Large,112.0,0.0,1662.72,4424.58
EG10175,California,Master,Employed,Female,57474.0,Urban,Divorced,Agent,Extended,Personal,Two-Door Car,Large,97.0,21.0,1280.04,7781.9
EG16813,Arizona,Associate,Employed,Female,75963.0,Rural,Divorced,Branch,Basic,Corporate,Two-Door Car,Midsize,69.0,4.0,1102.15,5515.25
EG21289,California,Associate,Employed,Female,58419.0,Rural,Married,Call Center,Basic,Personal,Luxury Car,Midsize,191.0,29.0,1202.47,7764.27
EG36536,Arizona,Bachelor,Employed,Male,24031.0,Suburban,Divorced,Web,Basic,Personal,Sports Car,Small,109.0,0.0,1523.2,8496.06
EG40670,California,Bachelor,Disabled,Female,28334.0,Suburban,Single,Agent,Extended,Special,Four-Door Car,Midsize,83.0,3.0,1537.77,6232.69
EG54606,California,Bachelor,Employed,Male,21371.0,Suburban,Married,Branch,Basic,Personal,Four-Door Car,Small,66.0,13.0,1590.02,5218.97
EG56026,Nevada,High School,Employed,Female,69263.0,Suburban,Married,Agent,Extended,Personal,Two-Door Car,Midsize,81.0,8.0,1494.85,3275.16
EG62398,California,High School,Employed,Female,29066.0,Suburban,Married,Branch,Basic,Personal,SUV,Midsize,100.0,13.0,1844.23,7998.14
EG81847,California,High School,Employed,Female,31027.0,Suburban,Single,Call Center,Extended,Personal,SUV,Midsize,124.0,30.0,1597.58,14255.23
EG94326,Nevada,High School,Employed,Male,77265.0,Suburban,Married,Call Center,Basic,Personal,SUV,Small,107.0,23.0,1513.6,4277.27
EH13261,California,Master,Employed,Male,50512.0,Suburban,Single,Branch,Basic,Personal,Four-Door Car,Large,67.0,19.0,1351.4,2637.15
EH16250,Arizona,Bachelor,Employed,Male,25290.0,Suburban,Single,Call Center,Basic,Personal,Four-Door Car,Midsize,66.0,0.0,1382.09,7705.28
EH22538,California,High School,Employed,Male,43846.0,Rural,Married,Call Center,Basic,Personal,Four-Door Car,Large,65.0,16.0,1125.52,2574.2
EH24828,Nevada,Associate,Employed,Male,58652.0,Suburban,Married,Agent,Basic,Personal,Four-Door Car,Small,64.0,14.0,1307.2,2389.77
EH27304,California,Doctoral,Employed,Female,56502.0,Suburban,Single,Branch,Basic,Personal,Four-Door Car,Midsize,74.0,15.0,1355.2,2955.5
EH37385,Arizona,Master,Employed,Female,22849.0,Suburban,Married,Call Center,Basic,Personal,Sports Car,Midsize,109.0,5.0,1523.2,8789.88
EH51056,California,High School,Employed,Male,93102.0,Suburban,Married,Branch,Basic,Personal,Two-Door Car,Small,68.0,24.0,1578.95,2750.88
EH69733,Arizona,Bachelor,Employed,Male,78092.0,Urban,Married,Branch,Extended,Corporate,Four-Door Car,Midsize,84.0,34.0,1344.02,3349.64
EH86912,California,Associate,Disabled,Male,28617.0,Suburban,Married,Agent,Basic,Personal,SUV,Midsize,112.0,20.0,1797.6,8420.43
EI10204,Oregon,High School,Medical Leave,Female,28513.0,Suburban,Married,Call Center,Basic,Personal,SUV,Midsize,100.0,4.0,1480.0,15114.4
EI17022,Washington,Bachelor,Retired,Male,14973.0,Suburban,Divorced,Branch,Basic,Corporate,SUV,Midsize,115.0,2.0,1828.0,12168.74
EI17753,Oregon,High School,Employed,Female,58577.0,Urban,Married,Agent,Basic,Personal,SUV,Midsize,110.0,6.0,1303.87,4428.03
EI32190,Arizona,Doctoral,Employed,Male,67534.0,Rural,Married,Agent,Extended,Personal,Four-Door Car,Small,87.0,2.0,1104.91,6921.0
EI45850,California,Bachelor,Disabled,Female,25970.0,Suburban,Married,Branch,Basic,Personal,Four-Door Car,Small,72.0,18.0,1430.82,7778.01
EI46264,California,High School,Employed,Male,56621.0,Rural,Married,Branch,Basic,Personal,Four-Door Car,Midsize,65.0,27.0,1084.03,2537.81
EI57866,Arizona,Master,Employed,Male,60942.0,Urban,Married,Call Center,Basic,Special,Two-Door Car,Large,64.0,11.0,1288.21,2584.82
EI58541,Washington,Associate,Retired,Female,14030.0,Suburban,Married,Branch,Basic,Personal,Two-Door Car,Large,72.0,11.0,1345.6,2719.51
EI58852,Arizona,High School,Employed,Female,24930.0,Suburban,Married,Branch,Extended,Personal,Four-Door Car,Midsize,76.0,7.0,1364.8,21205.38
EI89831,Nevada,Bachelor,Employed,Female,96961.0,Rural,Married,Call Center,Basic,Corporate,Two-Door Car,Midsize,64.0,24.0,1081.38,7743.92
EI91403,California,High School,Employed,Male,34946.0,Suburban,Married,Call Center,Basic,Personal,Two-Door Car,Small,65.0,30.0,1420.3600000000001,2578.27
EJ19449,California,Associate,Medical Leave,Female,17576.0,Suburban,Married,Call Center,Basic,Special,Four-Door Car,Midsize,71.0,29.0,1398.5,2722.21
EJ67407,Arizona,High School,Employed,Male,95191.0,Urban,Divorced,Agent,Premium,Corporate,Four-Door Car,Midsize,101.0,6.0,1316.1100000000001,8024.51
EJ73184,California,Bachelor,Employed,Female,83413.0,Rural,Married,Web,Basic,Personal,SUV,Midsize,118.0,0.0,1134.8,4743.69
EJ77557,California,High School,Employed,Male,76407.0,Suburban,Married,Agent,Extended,Personal,Four-Door Car,Midsize,91.0,22.0,1436.8,7294.58
EJ77678,Oregon,Master,Employed,Female,75690.0,Suburban,Married,Branch,Extended,Personal,Four-Door Car,Small,80.0,17.0,1384.0,3235.36
EJ86526,Oregon,Bachelor,Employed,Female,49480.0,Rural,Married,Web,Basic,Corporate,Four-Door Car,Midsize,70.0,17.0,1072.69,5490.78
EJ90880,California,Associate,Employed,Male,28786.0,Suburban,Married,Agent,Basic,Personal,Four-Door Car,Midsize,71.0,30.0,1345.62,2790.46
EJ96266,California,Associate,Employed,Female,26472.0,Suburban,Married,Branch,Basic,Personal,Four-Door Car,Midsize,74.0,22.0,1355.2,2965.72
EJ97834,Nevada,High School,Employed,Female,93987.0,Urban,Single,Branch,Basic,Personal,Two-Door Car,Midsize,65.0,9.0,1251.32,2619.48
EK10022,California,Bachelor,Employed,Male,36261.0,Suburban,Divorced,Web,Basic,Corporate,SUV,Midsize,118.0,14.0,2197.71,14057.42
EK13316,Arizona,Bachelor,Employed,Female,53249.0,Suburban,Married,Web,Basic,Personal,Four-Door Car,Large,67.0,32.0,1343.34,5416.41
EK87467,Arizona,Associate,Medical Leave,Female,17576.0,Suburban,Married,Call Center,Basic,Personal,Four-Door Car,Midsize,71.0,29.0,1398.5,2722.21
EK87864,Arizona,Associate,Employed,Female,38977.0,Rural,Married,Agent,Basic,Special,Four-Door Car,Midsize,70.0,27.0,1139.49,2821.95
EK91340,Oregon,Bachelor,Employed,Male,31266.0,Suburban,Married,Branch,Basic,Corporate,Luxury Car,Large,193.0,6.0,1926.4,7546.61
EK95340,Washington,Master,Employed,Male,49564.0,Suburban,Divorced,Web,Premium,Corporate,Four-Door Car,Small,105.0,8.0,1661.6100000000001,8355.51
EL11108,Oregon,Doctoral,Employed,Female,25575.0,Suburban,Married,Branch,Basic,Personal,SUV,Midsize,117.0,10.0,1561.6,14191.6
EL41362,California,Associate,Employed,Female,99839.0,Suburban,Married,Agent,Basic,Personal,Four-Door Car,Small,66.0,17.0,1468.2,5329.13
EL42453,Washington,Bachelor,Employed,Male,41372.0,Suburban,Married,Branch,Basic,Personal,Four-Door Car,Small,64.0,21.0,1307.2,2519.57
EL44544,Oregon,High School,Employed,Female,57591.0,Suburban,Divorced,Agent,Basic,Corporate,Four-Door Car,Midsize,66.0,5.0,1316.8,13009.24
EL55611,California,High School,Employed,Female,51705.0,Urban,Married,Agent,Extended,Personal,SUV,Midsize,139.0,26.0,1545.29,5555.49
EL61402,Arizona,Bachelor,Employed,Female,74257.0,Urban,Married,Agent,Extended,Personal,Four-Door Car,Large,76.0,16.0,1214.59,6098.46
EL67979,California,Associate,Employed,Male,22346.0,Suburban,Single,Call Center,Basic,Personal,Four-Door Car,Large,64.0,7.0,1307.2,17223.07
EL70257,California,High School,Employed,Female,48315.0,Suburban,Divorced,Agent,Basic,Personal,Four-Door Car,Midsize,71.0,34.0,1340.8,8404.4
EL77795,California,Associate,Employed,Female,23339.0,Suburban,Married,Branch,Extended,Corporate,SUV,Midsize,138.0,8.0,1666.31,5437.91
EL81968,Oregon,Bachelor,Employed,Male,66726.0,Urban,Married,Call Center,Extended,Personal,Two-Door Car,Midsize,97.0,3.0,1335.84,7661.39
EL89222,California,Bachelor,Employed,Female,79090.0,Urban,Married,Branch,Basic,Personal,SUV,Midsize,107.0,2.0,1289.04,8609.16
EL92515,Oregon,Associate,Employed,Female,41121.0,Suburban,Divorced,Call Center,Extended,Personal,Four-Door Car,Midsize,94.0,20.0,1451.2,11211.59
EL93539,California,Master,Employed,Male,88997.0,Rural,Divorced,Branch,Basic,Special,Four-Door Car,Small,72.0,9.0,1174.04,5757.44
EL99335,California,Associate,Retired,Female,20608.0,Suburban,Divorced,Branch,Basic,Personal,Four-Door Car,Small,73.0,10.0,1350.4,2685.18
EM16179,Arizona,Associate,Employed,Female,69011.0,Suburban,Single,Call Center,Basic,Personal,Four-Door Car,Midsize,70.0,3.0,1336.0,8274.15
EM27919,California,Bachelor,Retired,Male,17622.0,Suburban,Divorced,Agent,Basic,Personal,Four-Door Car,Midsize,65.0,1.0,1312.0,4458.11
EM29359,Nevada,Associate,Medical Leave,Male,17483.0,Suburban,Married,Web,Basic,Personal,Luxury Car,Large,183.0,24.0,2317.6,7126.6
EM32982,Arizona,Doctoral,Employed,Female,53519.0,Urban,Married,Call Center,Basic,Corporate,SUV,Midsize,111.0,7.0,1520.04,4472.33
EM39400,Nevada,Bachelor,Employed,Male,79181.0,Urban,Divorced,Branch,Basic,Personal,Four-Door Car,Midsize,72.0,1.0,1241.28,2840.3
EM43724,Nevada,Bachelor,Employed,Female,33555.0,Rural,Married,Agent,Basic,Personal,Four-Door Car,Midsize,63.0,17.0,1101.9,2509.11
EM77767,Oregon,Associate,Employed,Female,72462.0,Urban,Married,Call Center,Basic,Personal,Two-Door Car,Midsize,68.0,8.0,1272.74,10932.21
EM85557,Washington,Associate,Employed,Female,54292.0,Suburban,Married,Agent,Basic,Personal,Four-Door Car,Small,67.0,4.0,1321.6,8021.07
EM89554,Oregon,Bachelor,Employed,Female,48091.0,Rural,Married,Branch,Basic,Personal,SUV,Midsize,108.0,30.0,1132.04,8617.55
EN27946,California,High School,Employed,Male,40211.0,Suburban,Married,Call Center,Premium,Personal,Two-Door Car,Small,106.0,5.0,1710.74,8391.13
EN31802,California,High School,Employed,Male,74140.0,Suburban,Married,Web,Basic,Personal,SUV,Midsize,101.0,31.0,1484.8,36168.34
EN32990,Arizona,Associate,Employed,Female,89158.0,Urban,Single,Branch,Basic,Personal,Four-Door Car,Midsize,67.0,34.0,1272.2,5350.0
EN38348,Oregon,High School,Employed,Female,45039.0,Rural,Married,Agent,Extended,Personal,Four-Door Car,Large,96.0,27.0,1192.1399999999999,23207.27
EN54716,Oregon,Doctoral,Disabled,Female,21986.0,Suburban,Divorced,Branch,Basic,Personal,Two-Door Car,Midsize,63.0,1.0,1333.7,2395.57
EN60878,Oregon,Bachelor,Disabled,Male,23712.0,Urban,Single,Branch,Extended,Personal,Four-Door Car,Midsize,85.0,2.0,1376.13,6183.11
EN61670,Arizona,Doctoral,Employed,Female,68931.0,Urban,Married,Branch,Basic,Personal,Four-Door Car,Midsize,66.0,32.0,1309.58,5332.46
EN65835,Arizona,Bachelor,Employed,Female,24964.0,Suburban,Married,Agent,Premium,Personal,SUV,Midsize,185.0,0.0,1888.0,58753.88
EN72010,Oregon,Associate,Disabled,Male,20545.0,Suburban,Single,Agent,Basic,Personal,Two-Door Car,Midsize,70.0,23.0,1336.0,7271.43
EN77569,Oregon,Associate,Employed,Female,94903.0,Suburban,Married,Agent,Extended,Special,Two-Door Car,Small,94.0,3.0,1451.2,3808.12
EN89709,Arizona,Doctoral,Disabled,Female,18241.0,Rural,Married,Agent,Basic,Personal,Two-Door Car,Midsize,65.0,17.0,1151.99,2555.54
EN97874,Oregon,High School,Employed,Female,55037.0,Suburban,Married,Agent,Extended,Corporate,Four-Door Car,Midsize,80.0,20.0,1481.82,6446.71
EO17010,California,Master,Employed,Male,30887.0,Urban,Married,Agent,Basic,Personal,SUV,Large,119.0,15.0,1444.17,4751.28
EO24423,Arizona,Master,Disabled,Male,22239.0,Suburban,Married,Branch,Basic,Personal,Four-Door Car,Small,62.0,34.0,1297.6,2404.63
EO40136,Arizona,Associate,Employed,Female,93403.0,Urban,Divorced,Web,Basic,Personal,Four-Door Car,Small,73.0,18.0,1295.22,2912.25
EO42272,California,Bachelor,Employed,Female,44856.0,Suburban,Divorced,Branch,Basic,Corporate,Four-Door Car,Small,66.0,24.0,1316.8,10148.42
EO56466,Oregon,Associate,Medical Leave,Male,22070.0,Suburban,Married,Agent,Basic,Special,Four-Door Car,Midsize,72.0,25.0,1345.6,24660.49
EO75698,Oregon,Bachelor,Employed,Female,83894.0,Rural,Married,Agent,Premium,Personal,Four-Door Car,Midsize,110.0,6.0,1082.02,22242.52
EO77382,Arizona,Bachelor,Employed,Female,53503.0,Suburban,Single,Agent,Premium,Personal,Four-Door Car,Midsize,114.0,3.0,1547.2,8873.53
EO87464,Oregon,High School,Employed,Male,31383.0,Suburban,Married,Agent,Extended,Corporate,Four-Door Car,Midsize,99.0,24.0,1475.2,7915.98
EO91797,Nevada,Master,Employed,Female,32370.0,Urban,Married,Agent,Extended,Corporate,SUV,Midsize,130.0,31.0,1487.74,15641.26
EO95166,Oregon,Bachelor,Employed,Male,41167.0,Urban,Divorced,Branch,Premium,Personal,Four-Door Car,Large,118.0,16.0,1554.96,4617.84
EO95328,Oregon,Bachelor,Employed,Female,89284.0,Suburban,Married,Agent,Basic,Personal,Two-Door Car,Small,67.0,7.0,1321.6,7920.11
EO99750,Nevada,Master,Employed,Female,29053.0,Rural,Married,Web,Premium,Personal,Sports Car,Small,181.0,34.0,1404.95,7256.58
EP26605,Washington,Bachelor,Employed,Female,44833.0,Suburban,Divorced,Agent,Basic,Personal,Two-Door Car,Midsize,72.0,24.0,1345.6,5688.2
EP29567,Washington,Master,Retired,Male,16224.0,Suburban,Married,Web,Extended,Corporate,Four-Door Car,Midsize,93.0,13.0,1498.45,7031.46
EP34249,Oregon,Associate,Employed,Male,28432.0,Suburban,Married,Branch,Basic,Corporate,SUV,Small,118.0,1.0,1612.3,13869.93
EP46328,California,Bachelor,Employed,Male,74015.0,Suburban,Single,Call Center,Basic,Personal,Four-Door Car,Small,72.0,12.0,1471.44,5555.83
EP48362,Arizona,Bachelor,Employed,Male,88680.0,Urban,Married,Web,Basic,Personal,Four-Door Car,Midsize,66.0,5.0,1201.76,23813.52
EP61084,Nevada,High School,Employed,Female,68776.0,Rural,Married,Call Center,Extended,Personal,Four-Door Car,Midsize,80.0,28.0,1087.86,3218.61
EP61197,Oregon,Master,Employed,Female,77915.0,Suburban,Married,Call Center,Premium,Personal,Four-Door Car,Small,115.0,4.0,1552.0,32643.08
EP64069,California,Bachelor,Employed,Female,72264.0,Urban,Married,Web,Basic,Corporate,Four-Door Car,Midsize,64.0,2.0,1272.65,5138.24
EP82214,Arizona,High School,Employed,Female,68189.0,Urban,Married,Branch,Extended,Special,Four-Door Car,Midsize,82.0,10.0,1343.12,26180.81
EP83939,Arizona,High School,Employed,Male,91416.0,Rural,Married,Call Center,Basic,Personal,Four-Door Car,Midsize,69.0,4.0,1109.9,5575.75
EQ15944,Oregon,Doctoral,Employed,Female,76474.0,Suburban,Married,Web,Basic,Personal,Four-Door Car,Small,74.0,4.0,1355.2,2953.62
EQ59908,California,Master,Employed,Male,60244.0,Urban,Married,Agent,Extended,Corporate,Four-Door Car,Midsize,83.0,3.0,1326.28,3238.0
EQ62488,Oregon,Associate,Employed,Female,59456.0,Suburban,Married,Call Center,Basic,Personal,Luxury Car,Large,189.0,11.0,1907.2,15031.56
EQ68292,Arizona,Bachelor,Employed,Male,74606.0,Rural,Divorced,Agent,Basic,Corporate,Two-Door Car,Small,68.0,2.0,1109.11,5334.78
EQ75249,Arizona,Associate,Employed,Female,55419.0,Rural,Married,Web,Basic,Personal,Four-Door Car,Midsize,72.0,31.0,1171.17,5838.13
EQ90867,Oregon,Associate,Employed,Male,57125.0,Suburban,Divorced,Agent,Basic,Corporate,Four-Door Car,Small,68.0,13.0,1326.4,5431.21
EQ96084,California,Bachelor,Employed,Female,33963.0,Rural,Divorced,Web,Extended,Corporate,Four-Door Car,Midsize,99.0,10.0,1222.63,7822.3
ER10834,Nevada,Master,Employed,Female,68787.0,Rural,Married,Call Center,Basic,Personal,Four-Door Car,Midsize,66.0,7.0,1105.38,2674.08
ER19995,Washington,Associate,Employed,Female,99790.0,Urban,Single,Call Center,Basic,Personal,Four-Door Car,Midsize,64.0,24.0,1178.99,17786.28
ER20865,California,Bachelor,Employed,Male,65605.0,Urban,Married,Branch,Premium,Corporate,Two-Door Car,Midsize,111.0,2.0,1377.78,8652.65
ER24015,Arizona,Associate,Employed,Male,29318.0,Suburban,Single,Agent,Premium,Personal,SUV,Midsize,198.0,29.0,2386.8199999999997,6930.63
ER29107,Oregon,High School,Employed,Male,34498.0,Suburban,Single,Branch,Extended,Personal,Two-Door Car,Small,83.0,30.0,1398.4,6369.26
ER40041,Oregon,Associate,Employed,Female,78965.0,Rural,Married,Call Center,Basic,Personal,Luxury Car,Midsize,183.0,3.0,1145.59,22195.8
ER49844,Arizona,Associate,Employed,Male,61972.0,Rural,Married,Call Center,Basic,Personal,Four-Door Car,Midsize,64.0,2.0,1138.96,5041.45
ER50891,California,High School,Employed,Male,39248.0,Urban,Married,Agent,Extended,Personal,Four-Door Car,Midsize,87.0,27.0,1386.77,3450.33
ER51965,Washington,Associate,Employed,Male,49746.0,Suburban,Married,Agent,Premium,Corporate,Four-Door Car,Midsize,111.0,4.0,1589.3,4240.93
ER63193,California,High School,Employed,Female,48784.0,Urban,Married,Branch,Extended,Corporate,Four-Door Car,Midsize,96.0,28.0,1252.08,7715.1
ER66372,California,Bachelor,Employed,Female,45963.0,Suburban,Married,Agent,Basic,Personal,Four-Door Car,Midsize,63.0,3.0,1302.4,14914.53
ER97256,Arizona,Associate,Employed,Female,55350.0,Suburban,Married,Agent,Basic,Personal,Four-Door Car,Midsize,67.0,0.0,1321.6,5380.9
ES16126,California,Associate,Employed,Male,60475.0,Suburban,Married,Branch,Premium,Personal,Four-Door Car,Midsize,107.0,9.0,1513.6,4330.39
ES34753,California,Master,Disabled,Female,12904.0,Suburban,Married,Agent,Extended,Personal,SUV,Midsize,132.0,17.0,1633.6,5165.2
ES39217,Oregon,Bachelor,Employed,Female,44897.0,Suburban,Married,Web,Extended,Personal,Four-Door Car,Small,99.0,22.0,1580.73,7785.0
ES57969,Oregon,Bachelor,Medical Leave,Male,29735.0,Suburban,Single,Agent,Basic,Personal,Four-Door Car,Midsize,69.0,3.0,1331.2,2453.57
ES66762,Oregon,Bachelor,Employed,Female,72540.0,Suburban,Married,Call Center,Extended,Personal,Two-Door Car,Midsize,88.0,7.0,1631.74,10656.88
ES82658,Oregon,Master,Employed,Male,46648.0,Rural,Divorced,Web,Extended,Personal,Four-Door Car,Midsize,81.0,8.0,1123.58,6418.25
ES87355,Oregon,Bachelor,Employed,Female,48381.0,Suburban,Married,Agent,Basic,Personal,Two-Door Car,Small,63.0,2.0,1302.4,7564.61
ES88339,California,Master,Employed,Male,60607.0,Urban,Married,Web,Extended,Corporate,Four-Door Car,Midsize,83.0,2.0,1379.58,3337.98
ES90681,California,Associate,Employed,Female,51808.0,Suburban,Married,Agent,Basic,Personal,Four-Door Car,Small,61.0,3.0,1351.15,2417.76
ES93923,Oregon,Bachelor,Employed,Female,24550.0,Suburban,Married,Agent,Premium,Personal,Four-Door Car,Small,111.0,12.0,1536.0,8798.31
ES97399,Nevada,High School,Employed,Male,55994.0,Suburban,Married,Agent,Extended,Corporate,Four-Door Car,Midsize,92.0,19.0,1441.6,10714.21
ET10831,Oregon,Associate,Employed,Male,95427.0,Suburban,Single,Call Center,Basic,Personal,Four-Door Car,Midsize,65.0,2.0,1442.81,5116.73
ET39822,California,Bachelor,Employed,Female,62902.0,Rural,Married,Web,Basic,Personal,Two-Door Car,Midsize,69.0,14.0,1159.38,8256.3
ET44462,Arizona,High School,Employed,Male,65165.0,Suburban,Married,Web,Extended,Personal,SUV,Midsize,126.0,14.0,1604.8,5013.14
ET45138,California,Associate,Employed,Female,33255.0,Suburban,Married,Branch,Extended,Personal,Sports Car,Midsize,138.0,0.0,1662.4,5553.19
ET47892,Oregon,Associate,Employed,Male,88340.0,Suburban,Married,Branch,Premium,Personal,Two-Door Car,Midsize,102.0,16.0,1489.6,12280.77
ET64028,California,High School,Employed,Female,47221.0,Suburban,Married,Agent,Extended,Personal,Two-Door Car,Large,99.0,8.0,1475.2,4012.32
ET64307,California,Bachelor,Employed,Female,44341.0,Urban,Married,Agent,Basic,Personal,Sports Car,Midsize,105.0,15.0,1355.1100000000001,12522.54
ET79528,California,Associate,Employed,Male,23008.0,Rural,Married,Call Center,Extended,Personal,Four-Door Car,Midsize,79.0,29.0,1080.66,3118.98
ET79815,California,Associate,Retired,Male,23091.0,Suburban,Married,Agent,Extended,Personal,Four-Door Car,Midsize,96.0,28.0,1460.8,5926.73
ET80689,California,Associate,Employed,Male,92606.0,Urban,Married,Branch,Basic,Special,SUV,Midsize,109.0,26.0,1287.44,8711.3
ET81343,California,Doctoral,Employed,Male,59047.0,Suburban,Divorced,Web,Extended,Personal,Four-Door Car,Midsize,76.0,2.0,1364.8,8750.64
ET87938,Oregon,Associate,Retired,Male,24711.0,Suburban,Divorced,Call Center,Basic,Personal,Two-Door Car,Small,62.0,15.0,1362.99,4328.86
ET88948,California,Bachelor,Employed,Female,76839.0,Suburban,Married,Call Center,Basic,Personal,Four-Door Car,Midsize,68.0,12.0,1326.4,5503.44
ET89070,California,High School,Employed,Female,85221.0,Urban,Married,Branch,Basic,Personal,Sports Car,Midsize,117.0,11.0,1516.9099999999999,9448.83
ET90029,Arizona,Doctoral,Medical Leave,Female,14278.0,Urban,Married,Web,Extended,Personal,Sports Car,Small,134.0,6.0,1346.32,25626.71
EU19773,Arizona,High School,Employed,Female,78077.0,Urban,Married,Branch,Premium,Personal,Four-Door Car,Midsize,107.0,11.0,1438.07,8578.36
EU21305,Arizona,Associate,Employed,Male,56172.0,Suburban,Divorced,Agent,Basic,Personal,Four-Door Car,Small,64.0,0.0,1307.2,2500.84
EU27538,Oregon,Master,Employed,Male,35704.0,Rural,Married,Branch,Extended,Personal,Luxury Car,Midsize,225.0,21.0,1358.28,18042.48
EU38033,Nevada,High School,Employed,Male,39188.0,Suburban,Divorced,Web,Basic,Personal,Four-Door Car,Midsize,74.0,9.0,1355.2,5897.75
EU48798,Nevada,Associate,Disabled,Female,24980.0,Suburban,Divorced,Web,Basic,Personal,Two-Door Car,Midsize,71.0,34.0,1511.2,8160.59
EU54076,Oregon,Bachelor,Employed,Male,92472.0,Urban,Married,Agent,Basic,Corporate,Four-Door Car,Midsize,65.0,0.0,1240.22,5228.92
EU59853,California,Associate,Employed,Male,34080.0,Rural,Married,Branch,Premium,Personal,Four-Door Car,Midsize,107.0,11.0,1220.6399999999999,4126.61
EU68825,Oregon,Master,Employed,Female,63834.0,Rural,Married,Agent,Basic,Personal,Sports Car,Small,100.0,23.0,1215.23,8000.55
EU78163,California,Associate,Disabled,Female,20181.0,Suburban,Married,Agent,Basic,Personal,Four-Door Car,Midsize,66.0,8.0,1316.8,4792.51
EU81458,Oregon,Doctoral,Employed,Female,95782.0,Urban,Married,Call Center,Basic,Personal,Four-Door Car,Midsize,68.0,6.0,1247.85,2743.55
EU95973,California,Bachelor,Disabled,Female,22978.0,Suburban,Married,Branch,Basic,Personal,Luxury Car,Midsize,190.0,8.0,1912.0,14941.9
EV14053,California,High School,Employed,Female,34062.0,Suburban,Married,Agent,Extended,Corporate,Four-Door Car,Midsize,91.0,23.0,1603.35,7295.33
EV14479,California,Bachelor,Employed,Male,44527.0,Urban,Married,Call Center,Extended,Personal,Four-Door Car,Large,94.0,20.0,1286.96,7163.8
EV15646,California,Associate,Employed,Male,46573.0,Rural,Married,Branch,Extended,Personal,Four-Door Car,Midsize,94.0,26.0,1077.78,3781.69
EV19512,Nevada,Master,Retired,Female,19614.0,Suburban,Married,Agent,Extended,Personal,Two-Door Car,Midsize,85.0,21.0,1574.02,16301.97
EV32492,Arizona,Bachelor,Employed,Male,49136.0,Suburban,Divorced,Web,Basic,Personal,Four-Door Car,Midsize,64.0,7.0,1307.2,2496.17
EV39201,California,Associate,Employed,Female,93272.0,Urban,Married,Branch,Extended,Personal,Four-Door Car,Midsize,95.0,3.0,1281.1100000000001,3861.49
EV46476,California,Bachelor,Disabled,Male,20169.0,Suburban,Married,Web,Basic,Personal,SUV,Small,112.0,35.0,1537.6,8084.33
EV53200,Nevada,Associate,Employed,Male,60228.0,Urban,Divorced,Agent,Basic,Personal,SUV,Midsize,112.0,23.0,1286.1,21504.34
EV57176,California,High School,Employed,Female,21171.0,Suburban,Divorced,Call Center,Basic,Corporate,Four-Door Car,Large,72.0,2.0,1345.6,5605.38
EV60177,California,High School,Employed,Female,87771.0,Suburban,Single,Branch,Basic,Personal,Four-Door Car,Small,74.0,8.0,1355.2,8503.94
EV68375,California,Associate,Employed,Male,60475.0,Suburban,Married,Branch,Premium,Personal,Four-Door Car,Midsize,107.0,9.0,1513.6,4330.39
EV68966,California,Associate,Employed,Male,87840.0,Rural,Married,Call Center,Basic,Personal,SUV,Midsize,118.0,22.0,1161.59,9419.88
EV95033,Oregon,Master,Employed,Male,79751.0,Suburban,Married,Web,Basic,Special,Two-Door Car,Small,63.0,15.0,1392.24,2551.23
EW13798,California,Doctoral,Employed,Female,37384.0,Suburban,Married,Agent,Extended,Personal,Four-Door Car,Midsize,99.0,9.0,1475.2,4014.45
EW15755,California,Master,Employed,Female,62326.0,Rural,Married,Agent,Extended,Personal,SUV,Midsize,122.0,8.0,1096.01,9880.1
EW16697,Arizona,High School,Employed,Female,50201.0,Rural,Married,Agent,Basic,Personal,Two-Door Car,Midsize,64.0,21.0,1099.89,2552.0
EW17514,California,Master,Employed,Male,60880.0,Rural,Married,Agent,Premium,Personal,Two-Door Car,Midsize,119.0,25.0,1109.91,14435.67
EW27959,California,Bachelor,Employed,Female,44667.0,Urban,Single,Web,Basic,Personal,Four-Door Car,Midsize,65.0,25.0,1245.66,7583.14
EW33419,California,High School,Medical Leave,Female,28513.0,Suburban,Married,Call Center,Basic,Corporate,SUV,Midsize,100.0,4.0,1480.0,15114.4
EW34576,Arizona,High School,Employed,Female,53071.0,Suburban,Divorced,Agent,Basic,Corporate,Four-Door Car,Midsize,72.0,28.0,1386.23,2839.8
EW34780,California,Bachelor,Disabled,Female,11885.0,Suburban,Divorced,Agent,Premium,Personal,Four-Door Car,Midsize,101.0,18.0,1484.8,11315.2
EW35231,Oregon,High School,Employed,Female,56379.0,Suburban,Married,Agent,Extended,Corporate,SUV,Midsize,125.0,0.0,1600.0,9934.87
EW46828,Arizona,High School,Employed,Male,23671.0,Suburban,Divorced,Branch,Basic,Personal,Four-Door Car,Midsize,69.0,32.0,1331.2,8060.16
EW67348,Nevada,Associate,Employed,Female,38713.0,Suburban,Divorced,Call Center,Basic,Personal,Four-Door Car,Midsize,66.0,31.0,1316.8,4834.71
EW68125,California,Bachelor,Employed,Female,46819.0,Urban,Divorced,Agent,Basic,Personal,Four-Door Car,Large,62.0,15.0,1157.99,4889.77
EW73206,California,Bachelor,Employed,Female,68849.0,Urban,Married,Call Center,Basic,Corporate,Two-Door Car,Midsize,67.0,9.0,1252.7,8044.51
EW73451,Arizona,High School,Employed,Male,72421.0,Suburban,Married,Call Center,Basic,Personal,Four-Door Car,Small,65.0,8.0,1312.0,2592.44
EW82164,California,Bachelor,Employed,Female,56901.0,Suburban,Married,Agent,Basic,Personal,SUV,Small,104.0,29.0,1499.2,4167.42
EW86465,Arizona,High School,Employed,Male,26747.0,Suburban,Married,Web,Basic,Corporate,Four-Door Car,Midsize,61.0,11.0,1404.07,4759.62
EX28656,Oregon,Associate,Employed,Female,25965.0,Suburban,Divorced,Agent,Premium,Personal,Luxury SUV,Midsize,253.0,15.0,2214.4,9830.34
EX46492,Arizona,Master,Employed,Female,87864.0,Urban,Married,Agent,Extended,Personal,Two-Door Car,Midsize,94.0,19.0,1421.46,7666.52
EX61844,Arizona,High School,Employed,Male,36733.0,Urban,Married,Agent,Basic,Personal,Four-Door Car,Midsize,71.0,21.0,1327.08,14019.98
EX63393,California,Master,Employed,Female,66947.0,Suburban,Married,Agent,Extended,Personal,Four-Door Car,Small,78.0,13.0,1374.4,6314.49
EX72956,California,Bachelor,Employed,Female,69461.0,Rural,Single,Branch,Basic,Personal,Two-Door Car,Large,64.0,7.0,1101.42,5095.37
EX89625,Arizona,Bachelor,Employed,Female,96406.0,Suburban,Married,Web,Basic,Personal,Two-Door Car,Midsize,69.0,16.0,1331.2,5593.43
EY19523,Washington,Bachelor,Disabled,Male,25772.0,Suburban,Divorced,Call Center,Basic,Personal,Four-Door Car,Large,64.0,13.0,1307.2,2333.61
EY27917,Oregon,Master,Employed,Male,30092.0,Rural,Married,Call Center,Basic,Personal,SUV,Large,108.0,33.0,1192.27,8532.99
EY71418,Oregon,Bachelor,Disabled,Female,24695.0,Suburban,Married,Agent,Premium,Corporate,SUV,Midsize,168.0,5.0,1806.4,25640.24
EY78874,California,Doctoral,Medical Leave,Male,20848.0,Suburban,Married,Agent,Basic,Corporate,Four-Door Car,Small,71.0,9.0,1350.1399999999999,2715.69
EY86980,Oregon,Bachelor,Employed,Male,74270.0,Rural,Single,Agent,Extended,Corporate,Two-Door Car,Midsize,78.0,33.0,1122.49,6222.21
EY97047,Oregon,Associate,Employed,Male,37876.0,Urban,Single,Agent,Basic,Corporate,Four-Door Car,Midsize,69.0,13.0,1300.06,2647.52
EZ20115,California,Bachelor,Employed,Male,35300.0,Urban,Married,Agent,Basic,Personal,Four-Door Car,Midsize,74.0,14.0,1225.52,26305.42
EZ30498,Oregon,Bachelor,Medical Leave,Male,13129.0,Suburban,Married,Web,Basic,Personal,SUV,Midsize,117.0,15.0,1700.9,8635.4
EZ30537,Oregon,Doctoral,Employed,Female,79655.0,Rural,Married,Branch,Premium,Personal,Luxury Car,Midsize,296.0,12.0,1498.16,23984.62
EZ39383,Arizona,Bachelor,Employed,Female,55436.0,Suburban,Divorced,Agent,Basic,Personal,Four-Door Car,Small,67.0,7.0,1321.6,10706.67
EZ41764,California,Bachelor,Employed,Male,76792.0,Suburban,Married,Agent,Basic,Personal,Four-Door Car,Midsize,62.0,12.0,1297.6,2498.96
EZ43738,California,Bachelor,Medical Leave,Female,29406.0,Suburban,Married,Agent,Basic,Personal,Four-Door Car,Midsize,68.0,33.0,1326.4,5204.65
EZ48093,Arizona,Bachelor,Employed,Male,31998.0,Suburban,Married,Branch,Basic,Corporate,Four-Door Car,Small,69.0,31.0,1331.2,2710.81
EZ48947,Nevada,Associate,Employed,Male,67197.0,Rural,Single,Agent,Basic,Special,SUV,Large,111.0,2.0,1147.95,13111.11
EZ70847,Washington,Associate,Employed,Female,67326.0,Suburban,Married,Agent,Basic,Corporate,Four-Door Car,Midsize,69.0,17.0,1331.2,19644.76
EZ71780,Arizona,High School,Disabled,Female,26864.0,Suburban,Divorced,Agent,Extended,Special,Four-Door Car,Midsize,78.0,18.0,1374.4,8807.49
EZ75048,California,Doctoral,Employed,Male,41273.0,Urban,Married,Call Center,Extended,Personal,Four-Door Car,Midsize,77.0,16.0,1221.23,3087.25
EZ77297,California,Master,Employed,Male,28729.0,Urban,Single,Agent,Extended,Personal,Four-Door Car,Midsize,90.0,26.0,1338.74,3267.71
EZ78112,California,High School,Employed,Female,77493.0,Urban,Single,Agent,Basic,Special,Four-Door Car,Midsize,70.0,2.0,1307.96,5610.96
FA15338,Arizona,High School,Medical Leave,Male,20978.0,Suburban,Married,Branch,Basic,Personal,Two-Door Car,Midsize,70.0,35.0,1336.0,13569.24
FA46418,Nevada,High School,Employed,Female,24213.0,Suburban,Single,Agent,Extended,Personal,Four-Door Car,Midsize,78.0,11.0,1374.4,24709.6
FB17016,Oregon,Bachelor,Employed,Female,54507.0,Suburban,Married,Agent,Extended,Personal,SUV,Midsize,138.0,20.0,1702.99,5470.06
FB21121,California,Bachelor,Employed,Female,86595.0,Suburban,Married,Branch,Basic,Corporate,Two-Door Car,Midsize,63.0,1.0,1445.62,2546.87
FB23788,Oregon,High School,Employed,Male,86721.0,Suburban,Divorced,Call Center,Basic,Corporate,SUV,Large,111.0,33.0,1532.8,8828.83
FB25242,Oregon,Associate,Employed,Male,63143.0,Suburban,Married,Call Center,Basic,Corporate,Four-Door Car,Midsize,71.0,31.0,1340.8,5686.92
FB55024,Oregon,High School,Employed,Female,60934.0,Suburban,Married,Call Center,Extended,Personal,Two-Door Car,Large,82.0,15.0,1393.6,3286.17
FB76635,Oregon,Associate,Employed,Female,61737.0,Urban,Married,Branch,Basic,Personal,Sports Car,Midsize,107.0,21.0,1495.67,4296.6
FB77856,Nevada,Associate,Retired,Male,28142.0,Suburban,Married,Agent,Basic,Personal,Sports Car,Midsize,105.0,18.0,1701.71,3873.65
FB80807,Oregon,Bachelor,Employed,Male,36088.0,Suburban,Single,Agent,Basic,Personal,Four-Door Car,Midsize,72.0,16.0,1345.6,5528.21
FB84235,Oregon,Associate,Medical Leave,Male,22520.0,Suburban,Married,Branch,Basic,Personal,Four-Door Car,Midsize,73.0,17.0,1350.4,5498.94
FB95495,California,Associate,Employed,Male,53078.0,Suburban,Single,Branch,Basic,Personal,Four-Door Car,Midsize,73.0,1.0,1764.22,5677.64
FC10193,Washington,Associate,Employed,Female,35601.0,Urban,Single,Branch,Basic,Personal,Four-Door Car,Midsize,69.0,34.0,1249.8,10620.49
FC15606,Oregon,Associate,Employed,Female,23649.0,Urban,Married,Branch,Extended,Personal,SUV,Large,122.0,2.0,1535.6100000000001,9706.38
FC46260,California,Bachelor,Employed,Female,39854.0,Urban,Divorced,Web,Basic,Corporate,Two-Door Car,Midsize,66.0,6.0,1261.93,5217.51
FC52000,Oregon,Associate,Employed,Female,26322.0,Rural,Married,Branch,Basic,Corporate,SUV,Midsize,111.0,8.0,1180.35,4306.56
FC68244,Oregon,High School,Employed,Male,61139.0,Suburban,Married,Web,Extended,Personal,Four-Door Car,Midsize,76.0,4.0,1364.8,6126.57
FC70869,Arizona,High School,Employed,Female,36167.0,Suburban,Married,Web,Extended,Personal,Two-Door Car,Midsize,76.0,9.0,1364.8,2945.37
FD11364,Oregon,Bachelor,Employed,Female,77001.0,Suburban,Single,Call Center,Extended,Special,Four-Door Car,Midsize,85.0,4.0,1408.0,6769.0
FD14790,Oregon,Bachelor,Employed,Male,57177.0,Suburban,Married,Branch,Extended,Personal,Four-Door Car,Small,92.0,14.0,1441.6,18196.64
FD21881,Oregon,Associate,Employed,Male,77912.0,Suburban,Divorced,Agent,Extended,Personal,Two-Door Car,Small,76.0,5.0,1444.03,3011.77
FD34314,Arizona,Bachelor,Employed,Male,73339.0,Urban,Married,Web,Basic,Corporate,Four-Door Car,Midsize,71.0,0.0,1244.4,2821.35
FD55376,California,High School,Employed,Male,48448.0,Suburban,Married,Agent,Basic,Corporate,Four-Door Car,Midsize,74.0,24.0,1355.2,20230.97
FD72269,California,High School,Disabled,Female,19724.0,Suburban,Married,Agent,Basic,Personal,Four-Door Car,Large,72.0,20.0,1345.6,5584.96
FD73388,Arizona,Master,Disabled,Female,16181.0,Suburban,Divorced,Web,Premium,Personal,SUV,Midsize,181.0,22.0,2261.3199999999997,13736.13
FD79560,Arizona,High School,Employed,Female,30761.0,Suburban,Divorced,Branch,Basic,Special,Two-Door Car,Small,69.0,16.0,1331.2,10796.45
FD98839,Oregon,Associate,Employed,Male,52674.0,Rural,Married,Call Center,Basic,Personal,Two-Door Car,Large,73.0,8.0,1166.55,2894.33
FE12805,Oregon,Bachelor,Employed,Female,34161.0,Suburban,Married,Call Center,Premium,Personal,SUV,Midsize,186.0,5.0,1892.8,7180.27
FE20514,Oregon,Associate,Employed,Male,26733.0,Urban,Single,Web,Basic,Personal,Four-Door Car,Midsize,66.0,7.0,1218.72,5065.49
FE46445,Arizona,High School,Employed,Female,25411.0,Urban,Married,Branch,Extended,Personal,Four-Door Car,Midsize,86.0,8.0,1242.81,6965.42
FE62142,Oregon,Bachelor,Employed,Female,43682.0,Rural,Married,Branch,Basic,Corporate,SUV,Midsize,107.0,12.0,1148.0,4267.08
FE67098,Nevada,Associate,Employed,Male,37530.0,Suburban,Married,Call Center,Basic,Personal,SUV,Small,117.0,26.0,1561.6,4646.39
FE70473,Oregon,Associate,Employed,Female,86641.0,Rural,Married,Branch,Basic,Personal,Two-Door Car,Small,71.0,17.0,1161.75,5741.73
FE73696,Oregon,High School,Employed,Male,97212.0,Urban,Married,Call Center,Extended,Personal,Two-Door Car,Midsize,93.0,28.0,1360.06,3792.13
FE82005,Oregon,Bachelor,Medical Leave,Female,26304.0,Suburban,Single,Call Center,Basic,Personal,Four-Door Car,Midsize,63.0,22.0,1302.4,2345.13
FE84109,Washington,Bachelor,Disabled,Male,21156.0,Rural,Divorced,Web,Extended,Personal,Two-Door Car,Midsize,89.0,2.0,1111.84,6540.2
FE84989,Washington,Associate,Employed,Male,72672.0,Urban,Married,Call Center,Basic,Personal,Four-Door Car,Large,63.0,7.0,1259.3600000000001,5035.74
FE93959,California,Doctoral,Employed,Male,37496.0,Suburban,Single,Agent,Basic,Corporate,Two-Door Car,Small,65.0,1.0,1312.0,7535.43
FF28650,Oregon,Bachelor,Retired,Male,21442.0,Suburban,Divorced,Web,Basic,Personal,SUV,Midsize,118.0,32.0,1566.4,8312.68
FF31523,Washington,Master,Employed,Female,28054.0,Urban,Married,Agent,Premium,Corporate,SUV,Midsize,195.0,1.0,1571.6599999999999,7771.58
FF38892,California,High School,Employed,Female,49889.0,Rural,Married,Agent,Premium,Personal,Two-Door Car,Midsize,118.0,8.0,1201.55,32861.26
FF53048,Arizona,Master,Employed,Female,48744.0,Suburban,Single,Agent,Extended,Personal,Two-Door Car,Small,86.0,3.0,1412.8,3465.53
FF58467,Arizona,Master,Employed,Female,93018.0,Rural,Divorced,Call Center,Basic,Personal,Four-Door Car,Midsize,63.0,5.0,1135.38,5090.78
FF65294,Oregon,High School,Employed,Male,34244.0,Suburban,Married,Branch,Extended,Personal,Four-Door Car,Midsize,87.0,14.0,1417.6,10348.01
FF68864,Arizona,Bachelor,Employed,Female,36523.0,Rural,Married,Web,Basic,Personal,Four-Door Car,Midsize,71.0,28.0,1101.35,14010.53
FF75737,Oregon,High School,Employed,Female,49851.0,Suburban,Divorced,Branch,Basic,Personal,Four-Door Car,Small,69.0,27.0,1331.2,8334.32
FF77476,California,High School,Retired,Female,22283.0,Suburban,Divorced,Branch,Basic,Corporate,Four-Door Car,Midsize,65.0,16.0,1572.0700000000002,2397.04
FF84784,California,Associate,Employed,Male,33317.0,Suburban,Married,Agent,Basic,Personal,Two-Door Car,Midsize,72.0,18.0,1345.6,5643.72
FF93355,Washington,High School,Employed,Male,32762.0,Urban,Married,Call Center,Premium,Corporate,Four-Door Car,Midsize,112.0,26.0,1326.93,13268.79
FF94034,California,Bachelor,Employed,Female,88895.0,Rural,Divorced,Branch,Basic,Personal,Sports Car,Midsize,106.0,0.0,1209.8600000000001,8496.36
FF94341,Nevada,Bachelor,Employed,Female,92456.0,Suburban,Divorced,Branch,Extended,Special,Four-Door Car,Midsize,95.0,8.0,1456.0,7668.81
FG15154,California,Bachelor,Employed,Male,32818.0,Suburban,Married,Call Center,Extended,Personal,Four-Door Car,Midsize,93.0,17.0,1446.4,7240.66
FG15434,Arizona,Master,Employed,Female,52984.0,Rural,Married,Web,Basic,Personal,Two-Door Car,Midsize,69.0,12.0,1167.67,5554.83
FG16766,California,Bachelor,Employed,Female,51859.0,Suburban,Married,Branch,Premium,Personal,SUV,Midsize,171.0,0.0,2003.1599999999999,6837.93
FG21377,California,Bachelor,Employed,Female,33588.0,Suburban,Married,Agent,Basic,Corporate,Four-Door Car,Midsize,62.0,2.0,1419.92,19731.34
FG24548,Oregon,Bachelor,Employed,Male,44524.0,Urban,Married,Web,Basic,Personal,Four-Door Car,Midsize,70.0,28.0,1200.77,11044.11
FG24850,Oregon,Master,Disabled,Female,22886.0,Suburban,Divorced,Agent,Basic,Personal,Four-Door Car,Small,65.0,9.0,1312.0,5096.67
FG29932,California,Associate,Employed,Male,58414.0,Suburban,Single,Agent,Extended,Special,Luxury SUV,Small,210.0,7.0,2008.0,7840.17
FG31425,Arizona,Associate,Employed,Female,37811.0,Suburban,Married,Agent,Basic,Special,Four-Door Car,Midsize,63.0,25.0,1365.0,2530.81
FG35165,Washington,Associate,Employed,Female,50516.0,Urban,Married,Branch,Basic,Personal,Four-Door Car,Midsize,62.0,34.0,1179.63,2480.49
FG42635,Oregon,Associate,Employed,Male,30720.0,Suburban,Married,Agent,Extended,Personal,SUV,Small,139.0,17.0,1778.46,10018.66
FG43850,Oregon,High School,Employed,Male,44385.0,Suburban,Single,Call Center,Extended,Corporate,Four-Door Car,Small,97.0,6.0,1465.6,7472.67
FG46258,Washington,Associate,Medical Leave,Female,16483.0,Urban,Married,Web,Extended,Corporate,Two-Door Car,Midsize,90.0,14.0,1320.52,6921.97
FG46631,Oregon,Bachelor,Employed,Female,81400.0,Suburban,Married,Web,Premium,Special,Four-Door Car,Small,104.0,6.0,1499.2,16699.46
FG47217,California,Bachelor,Employed,Male,99824.0,Suburban,Married,Agent,Basic,Special,Four-Door Car,Midsize,63.0,1.0,1302.4,2538.86
FG60807,Oregon,High School,Employed,Female,21766.0,Urban,Married,Agent,Basic,Corporate,Four-Door Car,Midsize,62.0,29.0,1179.1399999999999,4884.16
FG64765,Arizona,Bachelor,Employed,Male,36313.0,Urban,Single,Agent,Basic,Personal,Four-Door Car,Midsize,67.0,3.0,1300.38,5016.55
FG71665,Arizona,Bachelor,Employed,Male,26790.0,Suburban,Married,Agent,Basic,Personal,Two-Door Car,Midsize,71.0,4.0,1340.8,2810.46
FG77231,Oregon,Bachelor,Employed,Female,73054.0,Urban,Married,Branch,Basic,Personal,SUV,Midsize,106.0,34.0,1419.37,12741.85
FG91922,Arizona,Master,Employed,Male,48587.0,Suburban,Married,Branch,Basic,Personal,SUV,Midsize,111.0,7.0,1532.8,40224.01
FG96614,California,Doctoral,Employed,Female,22361.0,Suburban,Married,Agent,Extended,Personal,Four-Door Car,Small,95.0,15.0,1530.67,11302.6
FH22095,California,Associate,Employed,Male,39377.0,Suburban,Married,Branch,Basic,Corporate,Two-Door Car,Small,64.0,7.0,1307.2,2520.82
FH22442,California,High School,Employed,Female,60477.0,Rural,Married,Agent,Basic,Corporate,Four-Door Car,Midsize,65.0,12.0,1139.84,2619.03
FH36069,Arizona,Associate,Employed,Female,61347.0,Suburban,Married,Branch,Basic,Personal,SUV,Midsize,106.0,27.0,1604.24,21101.21
FH39423,Oregon,Master,Employed,Female,80727.0,Rural,Married,Call Center,Basic,Personal,Four-Door Car,Midsize,68.0,15.0,1098.72,5539.35
FH39427,Nevada,Bachelor,Employed,Male,96390.0,Urban,Married,Agent,Basic,Corporate,Two-Door Car,Midsize,73.0,17.0,1316.98,8802.19
FH43628,California,Associate,Retired,Female,13663.0,Suburban,Single,Branch,Extended,Personal,Four-Door Car,Small,97.0,1.0,1465.6,25464.82
FH51383,California,High School,Employed,Female,76717.0,Urban,Married,Call Center,Basic,Personal,Two-Door Car,Large,66.0,26.0,1300.53,5326.68
FH61723,California,Bachelor,Employed,Female,52513.0,Rural,Married,Web,Basic,Personal,Two-Door Car,Midsize,65.0,0.0,1091.24,7480.71
FH65253,Oregon,High School,Employed,Male,28025.0,Suburban,Married,Branch,Extended,Personal,Four-Door Car,Midsize,87.0,28.0,1611.4,23740.12
FH69597,California,High School,Employed,Female,73836.0,Urban,Married,Branch,Basic,Personal,Luxury Car,Midsize,182.0,8.0,1553.3899999999999,7172.07
FH77504,California,Bachelor,Employed,Female,51643.0,Suburban,Single,Agent,Premium,Personal,Luxury Car,Midsize,283.0,16.0,2358.4,11009.13
FH81263,California,High School,Employed,Male,85510.0,Suburban,Married,Agent,Basic,Corporate,Four-Door Car,Small,74.0,19.0,1355.2,6006.21
FH85960,Oregon,Associate,Employed,Male,42780.0,Suburban,Divorced,Call Center,Premium,Personal,Four-Door Car,Midsize,113.0,10.0,1542.4,31221.75
FH97700,Washington,Bachelor,Employed,Female,62864.0,Rural,Single,Agent,Premium,Personal,Two-Door Car,Small,104.0,20.0,1171.21,4049.42
FI13966,Oregon,High School,Employed,Female,40450.0,Suburban,Married,Branch,Premium,Personal,Luxury SUV,Small,287.0,8.0,2377.6,22207.83
FI20423,Arizona,High School,Employed,Female,81872.0,Rural,Married,Web,Premium,Special,Four-Door Car,Midsize,115.0,10.0,1256.44,14024.36
FI22970,Oregon,High School,Medical Leave,Female,25550.0,Suburban,Married,Agent,Basic,Personal,Four-Door Car,Small,61.0,28.0,1439.2,2372.29
FI25204,California,Master,Employed,Female,29673.0,Urban,Single,Branch,Extended,Corporate,Two-Door Car,Midsize,92.0,21.0,1328.35,3491.26
FI45719,Arizona,Doctoral,Employed,Male,32893.0,Urban,Married,Agent,Basic,Personal,Four-Door Car,Midsize,63.0,13.0,1174.09,2507.41
FI61655,Arizona,Bachelor,Employed,Male,31213.0,Suburban,Married,Branch,Basic,Corporate,Four-Door Car,Midsize,65.0,0.0,1312.0,2550.0
FI61723,California,Bachelor,Employed,Male,38667.0,Rural,Single,Agent,Basic,Personal,Four-Door Car,Midsize,72.0,8.0,1159.27,2787.42
FI65786,Oregon,Master,Employed,Female,93854.0,Suburban,Married,Web,Extended,Corporate,Two-Door Car,Large,87.0,18.0,1417.6,7081.69
FI75266,Oregon,Bachelor,Employed,Male,28422.0,Suburban,Married,Agent,Basic,Corporate,Four-Door Car,Large,68.0,5.0,1453.91,7891.58
FI90697,Oregon,Bachelor,Employed,Male,76549.0,Urban,Married,Agent,Extended,Personal,SUV,Midsize,132.0,3.0,1616.35,10507.5
FI92440,Washington,High School,Employed,Female,91375.0,Rural,Married,Call Center,Extended,Personal,Two-Door Car,Midsize,99.0,22.0,1072.63,32196.6
FJ54907,Oregon,Associate,Employed,Female,42303.0,Suburban,Married,Agent,Basic,Personal,Luxury SUV,Midsize,180.0,24.0,2210.92,7180.97
FJ57446,Oregon,Associate,Employed,Female,27694.0,Suburban,Single,Agent,Basic,Personal,SUV,Small,108.0,3.0,1741.85,8434.12
FJ76376,California,Bachelor,Employed,Male,79528.0,Urban,Married,Agent,Basic,Personal,Two-Door Car,Midsize,64.0,2.0,1175.43,7748.81
FK10455,California,Bachelor,Employed,Male,84429.0,Rural,Married,Call Center,Extended,Personal,SUV,Midsize,123.0,11.0,1115.07,9802.55
FK17363,Washington,High School,Employed,Female,55645.0,Suburban,Divorced,Call Center,Extended,Personal,SUV,Midsize,129.0,23.0,1619.2,5154.05
FK46365,Washington,Associate,Employed,Female,82427.0,Suburban,Married,Agent,Basic,Personal,SUV,Small,102.0,24.0,1489.6,4103.85
FK54851,California,High School,Employed,Male,79880.0,Suburban,Married,Branch,Extended,Personal,Two-Door Car,Midsize,79.0,22.0,1568.8,6310.4
FK85203,California,High School,Employed,Male,74143.0,Suburban,Married,Branch,Basic,Personal,SUV,Midsize,114.0,1.0,1547.2,9106.87
FK95213,California,Master,Employed,Female,49673.0,Urban,Married,Web,Extended,Personal,Luxury SUV,Midsize,232.0,27.0,2021.65,18611.45
FK97285,California,High School,Employed,Female,75774.0,Suburban,Married,Web,Extended,Corporate,Four-Door Car,Midsize,92.0,30.0,1441.6,3732.31
FL18392,California,Bachelor,Employed,Female,77601.0,Urban,Married,Branch,Basic,Personal,Two-Door Car,Small,71.0,27.0,1276.6399999999999,5719.09
FL22732,Oregon,Bachelor,Employed,Male,64311.0,Urban,Married,Agent,Basic,Personal,Four-Door Car,Midsize,62.0,21.0,1157.17,7381.62
FL30667,California,Associate,Employed,Female,22094.0,Suburban,Married,Branch,Extended,Corporate,Four-Door Car,Small,79.0,2.0,1460.8899999999999,9298.89
FL50532,Arizona,Master,Employed,Male,48866.0,Suburban,Married,Web,Basic,Personal,Sports Car,Midsize,103.0,5.0,1494.4,8237.25
FL50705,California,High School,Employed,Female,66140.0,Suburban,Married,Call Center,Premium,Corporate,Four-Door Car,Small,101.0,11.0,1484.8,8162.62
FL55134,Nevada,High School,Retired,Male,20228.0,Suburban,Divorced,Branch,Basic,Personal,SUV,Midsize,101.0,3.0,1523.8200000000002,10408.97
FL59259,Nevada,High School,Medical Leave,Female,13792.0,Suburban,Divorced,Web,Extended,Personal,Four-Door Car,Midsize,87.0,2.0,1620.19,6317.37
FL67726,Washington,High School,Retired,Male,20228.0,Suburban,Divorced,Branch,Basic,Personal,SUV,Midsize,101.0,3.0,1523.8200000000002,10408.97
FL69363,Oregon,Master,Employed,Male,37722.0,Rural,Single,Agent,Basic,Personal,Sports Car,Midsize,116.0,8.0,1158.08,9075.77
FL74984,Oregon,Bachelor,Employed,Male,79192.0,Suburban,Divorced,Call Center,Basic,Personal,Two-Door Car,Small,70.0,11.0,1336.0,2744.08
FL76894,Washington,High School,Employed,Male,33488.0,Urban,Married,Branch,Basic,Personal,SUV,Midsize,110.0,7.0,1316.88,4314.17
FL77069,California,Bachelor,Employed,Female,32397.0,Rural,Married,Agent,Basic,Corporate,Luxury SUV,Small,190.0,14.0,1334.63,7519.03
FL82372,Oregon,Associate,Employed,Female,22547.0,Suburban,Divorced,Agent,Basic,Corporate,SUV,Midsize,112.0,7.0,1537.6,8672.19
FL85008,Oregon,High School,Disabled,Female,11432.0,Suburban,Married,Agent,Basic,Personal,SUV,Small,119.0,11.0,1571.2,13466.92
FL96333,Nevada,Associate,Employed,Male,73945.0,Urban,Married,Web,Extended,Personal,Two-Door Car,Midsize,78.0,21.0,1330.87,6243.09
FM12425,California,Associate,Employed,Male,26488.0,Suburban,Divorced,Web,Extended,Personal,Luxury SUV,Midsize,247.0,21.0,2321.58,19337.9
FM25704,Oregon,Bachelor,Employed,Male,86933.0,Urban,Married,Agent,Basic,Corporate,Two-Door Car,Large,63.0,3.0,1269.56,2535.27
FM31768,Arizona,High School,Employed,Female,57693.0,Suburban,Divorced,Agent,Extended,Personal,Four-Door Car,Midsize,76.0,16.0,1547.2,5979.72
FM37864,California,Bachelor,Employed,Female,74931.0,Urban,Divorced,Agent,Extended,Personal,Two-Door Car,Large,89.0,13.0,1230.85,3571.83
FM46980,Arizona,Associate,Employed,Male,41770.0,Suburban,Married,Branch,Basic,Personal,Four-Door Car,Small,72.0,0.0,1476.16,5720.77
FM47139,Oregon,Associate,Employed,Female,44855.0,Rural,Married,Branch,Basic,Personal,Four-Door Car,Midsize,63.0,3.0,1103.61,2466.38
FM52759,Nevada,Bachelor,Employed,Male,67798.0,Suburban,Divorced,Agent,Basic,Personal,Four-Door Car,Midsize,69.0,1.0,1331.2,5548.03
FM55990,California,Associate,Employed,Male,66839.0,Suburban,Single,Branch,Premium,Personal,Sports Car,Midsize,154.0,33.0,1739.2,5989.77
FM61329,California,Associate,Employed,Male,50144.0,Suburban,Married,Web,Basic,Personal,SUV,Midsize,114.0,0.0,1786.9299999999998,13610.11
FN33339,Oregon,High School,Employed,Female,53787.0,Suburban,Married,Agent,Premium,Corporate,Four-Door Car,Midsize,104.0,20.0,1666.0900000000001,4150.84
FN44127,Oregon,Associate,Medical Leave,Male,20978.0,Suburban,Married,Branch,Extended,Personal,Four-Door Car,Small,98.0,19.0,2176.2799999999997,3508.57
FN50615,Washington,High School,Employed,Female,96869.0,Suburban,Single,Agent,Premium,Personal,Four-Door Car,Midsize,101.0,25.0,1628.5,8029.39
FN66436,California,Associate,Employed,Female,54311.0,Urban,Married,Agent,Extended,Personal,Two-Door Car,Midsize,90.0,20.0,1385.57,10722.06
FN69743,California,Associate,Retired,Male,26802.0,Suburban,Married,Agent,Basic,Corporate,Two-Door Car,Midsize,66.0,7.0,1316.8,4636.55
FN77294,California,High School,Employed,Male,30366.0,Suburban,Single,Branch,Basic,Personal,SUV,Midsize,101.0,25.0,1484.8,7704.96
FN80010,California,Master,Disabled,Female,25404.0,Suburban,Divorced,Branch,Basic,Personal,SUV,Midsize,112.0,16.0,1578.1799999999998,4312.64
FN98595,Nevada,High School,Employed,Female,31477.0,Rural,Married,Branch,Extended,Special,Four-Door Car,Midsize,94.0,22.0,1146.95,7516.83
FN99437,California,Associate,Employed,Male,91653.0,Urban,Divorced,Agent,Basic,Corporate,SUV,Midsize,111.0,10.0,1343.98,4397.78
FO13070,California,High School,Employed,Male,51066.0,Suburban,Single,Call Center,Basic,Personal,Four-Door Car,Midsize,74.0,23.0,1787.99,5780.18
FO13691,Oregon,Doctoral,Employed,Male,73740.0,Urban,Divorced,Agent,Basic,Personal,Two-Door Car,Midsize,64.0,23.0,1229.27,5124.22
FO33051,Arizona,Associate,Medical Leave,Male,29439.0,Suburban,Divorced,Call Center,Premium,Personal,SUV,Large,146.0,4.0,1700.8,16355.31
FO36473,California,Bachelor,Employed,Female,31414.0,Suburban,Married,Call Center,Basic,Personal,SUV,Midsize,116.0,0.0,1556.8,4298.38
FO49408,Oregon,High School,Employed,Male,24475.0,Suburban,Single,Call Center,Extended,Personal,Four-Door Car,Midsize,84.0,11.0,1604.8,3044.0
FO63400,California,Associate,Employed,Female,93752.0,Rural,Divorced,Call Center,Basic,Corporate,Four-Door Car,Large,64.0,34.0,1154.71,5146.9
FO78512,California,Master,Employed,Male,41775.0,Rural,Married,Web,Basic,Personal,Sports Car,Midsize,109.0,11.0,1104.67,17429.88
FO82261,Oregon,Associate,Employed,Male,66161.0,Urban,Single,Branch,Basic,Personal,SUV,Midsize,118.0,19.0,1457.59,4603.98
FO83170,California,Doctoral,Employed,Male,85817.0,Rural,Married,Agent,Basic,Personal,Four-Door Car,Midsize,72.0,0.0,1154.99,2916.38
FO99259,California,Bachelor,Retired,Male,26630.0,Suburban,Divorced,Call Center,Premium,Personal,Four-Door Car,Midsize,118.0,19.0,1581.08,8365.68
FP10040,Oregon,High School,Employed,Male,38113.0,Urban,Married,Agent,Basic,Personal,Four-Door Car,Large,73.0,4.0,1203.6399999999999,8598.19
FP11025,California,Bachelor,Employed,Female,57938.0,Urban,Married,Branch,Basic,Special,SUV,Large,101.0,6.0,1282.46,8072.25
FP11777,California,Doctoral,Employed,Male,24164.0,Suburban,Divorced,Agent,Extended,Corporate,Sports Car,Midsize,137.0,2.0,1657.6,10972.07
FP27229,California,Associate,Employed,Female,54603.0,Suburban,Single,Agent,Extended,Corporate,Four-Door Car,Midsize,86.0,29.0,1412.8,3384.47
FP31685,Oregon,Bachelor,Employed,Female,24887.0,Suburban,Single,Agent,Basic,Personal,Four-Door Car,Midsize,68.0,33.0,1326.4,7868.1
FP34904,Oregon,Associate,Employed,Male,86599.0,Suburban,Married,Web,Basic,Corporate,Four-Door Car,Midsize,73.0,32.0,1350.4,2915.61
FP39090,Oregon,Bachelor,Medical Leave,Male,14072.0,Suburban,Divorced,Agent,Basic,Special,Four-Door Car,Midsize,71.0,13.0,1511.2,24127.5
FP45327,Washington,Associate,Employed,Male,37937.0,Suburban,Married,Call Center,Basic,Personal,SUV,Midsize,116.0,11.0,1556.8,9095.05
FP53421,California,High School,Retired,Male,25944.0,Suburban,Divorced,Branch,Basic,Personal,Four-Door Car,Midsize,70.0,20.0,1336.0,7613.71
FP65563,Washington,High School,Employed,Male,51937.0,Urban,Married,Web,Basic,Personal,Luxury Car,Small,193.0,5.0,1850.3899999999999,15253.26
FP66510,Washington,High School,Employed,Female,43877.0,Urban,Married,Agent,Basic,Corporate,SUV,Midsize,102.0,26.0,1414.71,8186.1
FP67637,Nevada,Bachelor,Employed,Male,93818.0,Urban,Married,Agent,Basic,Personal,Four-Door Car,Small,66.0,7.0,1248.41,5380.31
FP67680,California,High School,Medical Leave,Male,15323.0,Suburban,Married,Agent,Extended,Personal,SUV,Midsize,128.0,30.0,1614.4,4772.93
FP78531,California,Bachelor,Employed,Female,68956.0,Rural,Single,Call Center,Basic,Personal,SUV,Midsize,118.0,12.0,1118.54,13432.0
FP86246,California,Bachelor,Employed,Male,74656.0,Urban,Divorced,Call Center,Premium,Personal,Four-Door Car,Midsize,111.0,0.0,1504.37,13211.01
FP93662,California,Master,Employed,Female,58516.0,Suburban,Married,Branch,Extended,Corporate,Two-Door Car,Large,98.0,14.0,1470.4,15806.53
FP95606,Arizona,Associate,Employed,Female,24711.0,Rural,Married,Agent,Extended,Personal,Sports Car,Small,122.0,31.0,1260.0,4810.98
FQ20031,Oregon,High School,Employed,Male,29418.0,Suburban,Married,Agent,Premium,Personal,Luxury SUV,Midsize,274.0,23.0,2972.8,10926.69
FQ22639,California,Associate,Employed,Male,35205.0,Rural,Married,Agent,Extended,Personal,Four-Door Car,Large,76.0,7.0,1178.84,2967.67
FQ24929,Oregon,Master,Employed,Male,56005.0,Suburban,Married,Branch,Basic,Personal,Four-Door Car,Small,68.0,31.0,1326.4,5479.56
FQ32742,Arizona,Doctoral,Employed,Male,38008.0,Urban,Divorced,Agent,Basic,Personal,Four-Door Car,Midsize,68.0,12.0,1321.79,7553.94
FQ46354,California,Bachelor,Employed,Male,30352.0,Rural,Married,Web,Extended,Personal,Four-Door Car,Midsize,89.0,21.0,1146.1100000000001,10498.93
FQ51281,Oregon,Bachelor,Employed,Female,95241.0,Rural,Married,Branch,Basic,Personal,Four-Door Car,Large,68.0,3.0,1087.8,8170.62
FQ61281,Oregon,High School,Employed,Male,58958.0,Suburban,Married,Call Center,Extended,Personal,Luxury Car,Small,231.0,31.0,2108.8,83325.38
FQ66070,California,Associate,Employed,Male,62076.0,Urban,Married,Branch,Basic,Personal,Four-Door Car,Midsize,71.0,25.0,1227.23,8491.02
FQ66351,California,Bachelor,Employed,Female,33681.0,Suburban,Single,Agent,Extended,Personal,SUV,Large,138.0,13.0,1873.13,5322.29
FQ79356,California,Bachelor,Medical Leave,Female,18064.0,Urban,Married,Call Center,Basic,Personal,Four-Door Car,Midsize,63.0,10.0,1182.96,2361.88
FQ93665,California,High School,Employed,Female,21911.0,Suburban,Married,Agent,Basic,Corporate,Four-Door Car,Small,67.0,16.0,1705.42,18939.51
FR12423,Oregon,Bachelor,Medical Leave,Male,14072.0,Suburban,Divorced,Agent,Basic,Personal,Four-Door Car,Midsize,71.0,13.0,1511.2,24127.5
FR15853,Nevada,High School,Employed,Male,44368.0,Suburban,Married,Call Center,Extended,Corporate,Two-Door Car,Large,80.0,5.0,1384.0,6366.23
FR15942,Washington,Bachelor,Medical Leave,Male,19098.0,Suburban,Married,Branch,Extended,Personal,Two-Door Car,Midsize,87.0,35.0,1417.6,3220.78
FR26341,Oregon,Master,Disabled,Male,19112.0,Urban,Married,Web,Basic,Personal,Four-Door Car,Midsize,62.0,30.0,1259.01,2399.05
FR34560,Oregon,Master,Medical Leave,Female,17193.0,Suburban,Divorced,Web,Basic,Corporate,Four-Door Car,Midsize,66.0,4.0,1316.8,2506.26
FR46645,California,Bachelor,Disabled,Male,16701.0,Suburban,Married,Branch,Premium,Personal,Four-Door Car,Small,113.0,20.0,1831.63,4294.0
FR55658,California,Master,Employed,Male,90985.0,Rural,Divorced,Branch,Extended,Personal,Four-Door Car,Midsize,87.0,33.0,1078.09,3490.03
FR56877,Arizona,High School,Employed,Female,28806.0,Suburban,Married,Call Center,Extended,Special,Four-Door Car,Midsize,99.0,35.0,1475.2,11763.94
FR81224,Oregon,Master,Employed,Male,89205.0,Rural,Married,Agent,Basic,Personal,Two-Door Car,Midsize,68.0,28.0,1165.52,5494.87
FR82361,Arizona,Doctoral,Employed,Male,61427.0,Suburban,Single,Branch,Extended,Personal,Four-Door Car,Large,88.0,24.0,1422.4,10477.78
FS19862,Arizona,Bachelor,Disabled,Female,25198.0,Suburban,Married,Call Center,Basic,Personal,SUV,Small,118.0,26.0,1566.4,9112.04
FS38926,California,Bachelor,Employed,Female,66022.0,Rural,Married,Web,Extended,Personal,Luxury Car,Midsize,239.0,17.0,1538.23,9685.54
FS42516,Oregon,Associate,Employed,Male,97541.0,Suburban,Married,Call Center,Basic,Personal,Four-Door Car,Large,72.0,22.0,1389.19,5802.07
FS42690,Washington,Associate,Employed,Male,57647.0,Suburban,Married,Branch,Extended,Personal,Two-Door Car,Midsize,94.0,3.0,1451.2,3781.45
FS49381,Oregon,Bachelor,Employed,Female,25813.0,Urban,Divorced,Agent,Basic,Personal,Four-Door Car,Midsize,61.0,16.0,1205.33,4784.96
FS55302,California,Bachelor,Employed,Male,27615.0,Suburban,Married,Call Center,Basic,Personal,Four-Door Car,Midsize,62.0,19.0,1297.6,2389.98
FS56709,California,Doctoral,Employed,Male,44084.0,Urban,Married,Agent,Basic,Personal,Four-Door Car,Large,72.0,26.0,1243.6,2874.07
FS67856,California,Associate,Employed,Male,28432.0,Suburban,Married,Branch,Basic,Personal,SUV,Small,118.0,1.0,1612.3,13869.93
FS76657,Oregon,Associate,Employed,Female,53526.0,Urban,Married,Agent,Basic,Personal,Four-Door Car,Midsize,68.0,27.0,1278.9,5471.83
FS97588,Oregon,Bachelor,Employed,Female,88251.0,Urban,Married,Branch,Basic,Personal,Four-Door Car,Midsize,68.0,3.0,1267.21,5475.34
FT24768,California,Bachelor,Employed,Male,60188.0,Urban,Married,Agent,Extended,Personal,Four-Door Car,Midsize,84.0,15.0,1333.42,6508.76
FT56968,Arizona,High School,Employed,Male,22398.0,Suburban,Married,Agent,Basic,Personal,Four-Door Car,Large,67.0,23.0,1321.6,2590.1
FT61724,California,Bachelor,Employed,Female,29105.0,Rural,Married,Branch,Basic,Personal,Sports Car,Midsize,117.0,28.0,1272.6100000000001,4633.55
FT65961,California,Associate,Employed,Female,23300.0,Suburban,Married,Branch,Basic,Corporate,Four-Door Car,Small,63.0,3.0,1339.91,4962.21
FT74388,Nevada,High School,Employed,Male,97065.0,Suburban,Single,Branch,Basic,Personal,SUV,Midsize,117.0,10.0,1561.6,4623.62
FT79229,Washington,Bachelor,Employed,Female,83761.0,Suburban,Divorced,Agent,Basic,Personal,SUV,Midsize,111.0,1.0,1532.8,8900.42
FT86104,California,Associate,Retired,Male,28215.0,Suburban,Single,Agent,Basic,Corporate,Two-Door Car,Midsize,65.0,15.0,1468.0,4650.06
FU43761,Nevada,Doctoral,Disabled,Female,25703.0,Suburban,Married,Call Center,Basic,Personal,Four-Door Car,Small,62.0,4.0,1297.6,2435.62
FU55433,Arizona,High School,Employed,Male,62452.0,Suburban,Married,Branch,Basic,Corporate,Two-Door Car,Midsize,67.0,1.0,1407.78,2671.82
FU63281,Arizona,Bachelor,Employed,Male,32365.0,Urban,Married,Agent,Basic,Personal,Four-Door Car,Midsize,67.0,28.0,1193.15,5278.53
FU65756,Arizona,Associate,Employed,Female,54695.0,Suburban,Married,Branch,Basic,Personal,SUV,Midsize,103.0,6.0,1494.4,8177.05
FU74983,Nevada,Bachelor,Employed,Female,68771.0,Urban,Divorced,Call Center,Extended,Personal,Four-Door Car,Midsize,96.0,10.0,1276.27,22800.54
FU77365,California,Bachelor,Employed,Female,40032.0,Suburban,Married,Web,Basic,Personal,SUV,Midsize,118.0,1.0,1717.76,9246.22
FU99476,Washington,High School,Employed,Male,74422.0,Rural,Divorced,Call Center,Extended,Personal,Four-Door Car,Midsize,85.0,4.0,1095.34,6770.31
FV14881,California,Doctoral,Employed,Female,56362.0,Suburban,Married,Call Center,Basic,Personal,Luxury SUV,Midsize,197.0,30.0,1945.6,15886.03
FV15346,Arizona,Associate,Employed,Male,96853.0,Suburban,Divorced,Call Center,Extended,Personal,Two-Door Car,Midsize,98.0,34.0,1565.5,35444.31
FV21968,Nevada,Bachelor,Employed,Female,41611.0,Rural,Married,Branch,Basic,Special,Four-Door Car,Midsize,74.0,14.0,1113.8,5973.98
FV33188,Washington,Bachelor,Medical Leave,Male,29735.0,Suburban,Single,Agent,Basic,Personal,Four-Door Car,Midsize,69.0,3.0,1331.2,2453.57
FV54537,California,Associate,Employed,Male,40810.0,Suburban,Married,Branch,Basic,Personal,SUV,Midsize,114.0,8.0,1780.38,13745.05
FV58292,Oregon,Bachelor,Employed,Male,74015.0,Suburban,Single,Call Center,Basic,Personal,Four-Door Car,Small,72.0,12.0,1471.44,5555.83
FV62588,Oregon,High School,Employed,Male,66825.0,Rural,Married,Agent,Basic,Personal,Four-Door Car,Midsize,69.0,11.0,1070.03,24967.76
FV83989,Arizona,Bachelor,Medical Leave,Male,29735.0,Suburban,Single,Agent,Basic,Personal,Four-Door Car,Midsize,69.0,3.0,1331.2,2453.57
FV94802,Nevada,High School,Medical Leave,Male,25049.0,Suburban,Married,Call Center,Basic,Personal,Two-Door Car,Midsize,67.0,14.0,1454.25,2566.87
FW16824,Oregon,High School,Employed,Male,72805.0,Suburban,Married,Branch,Basic,Corporate,Four-Door Car,Midsize,62.0,13.0,1365.47,4758.19
FW17421,Washington,High School,Employed,Female,24959.0,Suburban,Married,Call Center,Extended,Corporate,Four-Door Car,Large,89.0,19.0,1640.8,3576.71
FW35631,Oregon,Bachelor,Employed,Male,37406.0,Suburban,Married,Call Center,Extended,Corporate,SUV,Small,122.0,23.0,2134.96,4864.53
FW44940,California,Bachelor,Disabled,Female,21139.0,Suburban,Divorced,Web,Basic,Personal,Sports Car,Midsize,113.0,15.0,1656.8,8467.39
FW53453,California,Master,Employed,Female,36094.0,Urban,Married,Branch,Extended,Personal,Two-Door Car,Midsize,99.0,28.0,1456.5,7834.15
FW91032,California,High School,Employed,Male,85857.0,Rural,Married,Agent,Basic,Corporate,Four-Door Car,Midsize,73.0,3.0,1100.62,5879.18
FW92569,Arizona,Associate,Employed,Male,28727.0,Urban,Married,Branch,Basic,Corporate,SUV,Midsize,113.0,7.0,1350.88,13270.94
FX12602,Oregon,High School,Employed,Male,51352.0,Rural,Divorced,Branch,Basic,Personal,Four-Door Car,Midsize,66.0,21.0,1095.66,19927.64
FX36546,Washington,Master,Employed,Male,60804.0,Rural,Married,Agent,Extended,Personal,Four-Door Car,Midsize,92.0,16.0,1213.23,3679.14
FX39582,Washington,Bachelor,Employed,Male,67001.0,Urban,Single,Web,Extended,Personal,SUV,Midsize,131.0,7.0,1463.43,5201.36
FX48006,Oregon,Associate,Employed,Male,43704.0,Suburban,Married,Branch,Extended,Personal,Luxury SUV,Midsize,201.0,29.0,2064.48,24178.68
FX55357,Arizona,Associate,Employed,Male,44804.0,Suburban,Single,Branch,Basic,Corporate,SUV,Midsize,114.0,15.0,1778.35,4364.31
FX57380,California,Bachelor,Employed,Female,39854.0,Urban,Divorced,Web,Basic,Personal,Two-Door Car,Midsize,66.0,6.0,1261.93,5217.51
FX65946,Arizona,Bachelor,Employed,Male,34847.0,Suburban,Married,Agent,Basic,Personal,Four-Door Car,Small,73.0,26.0,1525.6,5754.75
FX72157,Oregon,High School,Employed,Female,52440.0,Urban,Single,Agent,Premium,Corporate,Four-Door Car,Midsize,109.0,27.0,1371.21,8556.58
FX80133,California,Master,Employed,Female,48569.0,Urban,Married,Agent,Premium,Personal,Four-Door Car,Midsize,114.0,0.0,1434.76,4576.76
FX81675,California,Associate,Employed,Female,87957.0,Suburban,Divorced,Agent,Basic,Personal,Four-Door Car,Small,61.0,31.0,1308.32,7334.33
FX95323,Oregon,Associate,Employed,Male,88731.0,Rural,Married,Agent,Basic,Personal,Four-Door Car,Midsize,66.0,10.0,1148.97,2639.64
FY27460,California,Associate,Employed,Male,47823.0,Suburban,Married,Agent,Basic,Personal,Sports Car,Midsize,108.0,26.0,1518.4,4285.58
FY30870,California,High School,Employed,Female,32756.0,Urban,Married,Agent,Extended,Personal,Two-Door Car,Midsize,93.0,18.0,1381.12,18569.5
FY31714,Oregon,Bachelor,Employed,Male,78374.0,Urban,Single,Call Center,Extended,Personal,Four-Door Car,Large,82.0,17.0,1206.95,16331.43
FY32213,California,High School,Employed,Female,74454.0,Suburban,Single,Call Center,Basic,Personal,Four-Door Car,Midsize,71.0,25.0,1340.8,5595.39
FY51713,Arizona,Bachelor,Employed,Female,56168.0,Suburban,Married,Branch,Extended,Personal,Four-Door Car,Small,88.0,13.0,1614.6799999999998,3570.76
FY67942,California,Associate,Employed,Female,92931.0,Urban,Married,Branch,Premium,Personal,SUV,Small,146.0,6.0,1503.1399999999999,11830.95
FY70464,Oregon,Bachelor,Employed,Female,95058.0,Rural,Married,Agent,Premium,Personal,SUV,Small,177.0,11.0,1089.71,7218.16
FY74419,Nevada,Bachelor,Employed,Female,54507.0,Suburban,Married,Agent,Extended,Personal,SUV,Midsize,138.0,20.0,1702.99,5470.06
FY86121,Oregon,Associate,Employed,Male,70882.0,Rural,Married,Agent,Basic,Personal,Four-Door Car,Midsize,69.0,20.0,1124.38,8237.38
FY90924,Arizona,High School,Employed,Female,73601.0,Urban,Married,Agent,Basic,Personal,Four-Door Car,Midsize,73.0,10.0,1339.94,2944.18
FZ20933,Oregon,High School,Employed,Male,24398.0,Suburban,Married,Agent,Basic,Personal,Four-Door Car,Large,63.0,14.0,1302.4,4880.95
FZ24763,California,Bachelor,Employed,Male,35289.0,Rural,Married,Web,Basic,Personal,Four-Door Car,Midsize,65.0,34.0,1123.95,5078.45
FZ30935,Oregon,Associate,Employed,Male,32627.0,Suburban,Married,Agent,Extended,Personal,Two-Door Car,Small,76.0,11.0,1380.04,6066.12
FZ73016,California,Bachelor,Employed,Female,34558.0,Urban,Married,Call Center,Basic,Personal,SUV,Midsize,113.0,32.0,1376.53,4513.44
FZ89300,California,Bachelor,Employed,Female,69555.0,Urban,Single,Agent,Extended,Personal,Four-Door Car,Midsize,92.0,16.0,1255.28,3673.53
FZ94690,California,High School,Employed,Male,24743.0,Suburban,Divorced,Branch,Extended,Personal,Four-Door Car,Small,84.0,8.0,2008.04,26220.03
GA27295,California,Master,Employed,Female,99875.0,Rural,Divorced,Call Center,Basic,Personal,SUV,Midsize,108.0,12.0,1114.97,39365.3
GA46608,Oregon,Bachelor,Employed,Male,25899.0,Suburban,Married,Agent,Basic,Personal,Four-Door Car,Midsize,63.0,20.0,1302.4,2500.83
GA50461,Oregon,Bachelor,Medical Leave,Female,13037.0,Suburban,Married,Agent,Extended,Personal,SUV,Small,124.0,28.0,1839.35,4726.87
GA71186,Nevada,High School,Employed,Male,83392.0,Urban,Married,Agent,Basic,Personal,SUV,Midsize,112.0,20.0,1523.69,13464.6
GA72966,Oregon,Bachelor,Employed,Female,46503.0,Suburban,Divorced,Agent,Extended,Personal,Luxury SUV,Midsize,215.0,4.0,2032.0,8427.17
GA74551,Oregon,Bachelor,Employed,Male,76358.0,Rural,Married,Agent,Basic,Personal,Four-Door Car,Midsize,66.0,25.0,1086.46,23594.68
GA86186,Oregon,Associate,Employed,Male,62873.0,Urban,Divorced,Call Center,Extended,Special,Four-Door Car,Midsize,81.0,0.0,1207.75,3230.58
GA98025,Arizona,Bachelor,Retired,Male,26121.0,Suburban,Single,Call Center,Basic,Personal,SUV,Midsize,119.0,12.0,1754.12,12875.6
GB32334,California,Associate,Employed,Female,24702.0,Urban,Married,Web,Basic,Personal,Four-Door Car,Large,68.0,13.0,1214.91,5379.48
GB35238,California,Bachelor,Employed,Female,33906.0,Suburban,Married,Branch,Basic,Personal,Two-Door Car,Small,64.0,25.0,1401.59,7579.53
GB47529,Oregon,High School,Employed,Female,40308.0,Suburban,Divorced,Web,Extended,Corporate,Sports Car,Midsize,136.0,4.0,1652.8,5396.37
GB59748,Arizona,Associate,Employed,Female,49419.0,Urban,Married,Web,Extended,Personal,Four-Door Car,Midsize,77.0,3.0,1203.3,6207.17
GB68813,Nevada,Bachelor,Medical Leave,Female,12843.0,Suburban,Single,Branch,Premium,Corporate,Four-Door Car,Small,111.0,6.0,2143.49,8502.24
GB70718,Arizona,High School,Medical Leave,Female,28646.0,Suburban,Married,Web,Basic,Personal,Four-Door Car,Small,61.0,11.0,1355.03,2393.04
GB70736,Oregon,Associate,Employed,Female,99553.0,Rural,Married,Web,Basic,Corporate,Four-Door Car,Midsize,68.0,14.0,1111.59,5510.97
GB71156,California,Associate,Employed,Male,59624.0,Suburban,Divorced,Branch,Premium,Corporate,Four-Door Car,Small,117.0,23.0,1582.78,9156.32
GB75821,Oregon,Bachelor,Employed,Male,40269.0,Suburban,Married,Agent,Basic,Personal,Luxury SUV,Small,193.0,32.0,1926.4,15304.52
GB94407,California,Associate,Employed,Male,88340.0,Suburban,Married,Branch,Premium,Corporate,Two-Door Car,Midsize,102.0,16.0,1489.6,12280.77
GC15104,Nevada,Bachelor,Employed,Female,52339.0,Suburban,Divorced,Web,Basic,Corporate,Four-Door Car,Midsize,70.0,7.0,1336.0,7985.14
GC17585,Arizona,Bachelor,Employed,Male,25302.0,Suburban,Married,Branch,Basic,Personal,Four-Door Car,Midsize,70.0,13.0,1336.0,13473.19
GC29421,California,High School,Employed,Female,78596.0,Rural,Divorced,Call Center,Basic,Personal,Four-Door Car,Midsize,73.0,11.0,1106.27,2949.28
GC34791,Nevada,High School,Disabled,Male,17109.0,Suburban,Married,Agent,Basic,Personal,Two-Door Car,Midsize,62.0,7.0,1297.6,9259.73
GC36679,Oregon,High School,Employed,Male,40778.0,Suburban,Single,Web,Extended,Personal,Four-Door Car,Midsize,86.0,1.0,1412.8,3305.13
GC40999,Oregon,Associate,Retired,Male,25251.0,Suburban,Divorced,Web,Basic,Personal,Four-Door Car,Midsize,66.0,13.0,1316.8,11790.5
GC52187,Nevada,Associate,Employed,Female,88842.0,Urban,Married,Branch,Extended,Personal,Two-Door Car,Large,90.0,32.0,1350.76,3650.58
GC81619,Oregon,Master,Employed,Female,79487.0,Suburban,Divorced,Branch,Basic,Personal,SUV,Midsize,114.0,20.0,1547.2,4626.8
GC93551,Oregon,High School,Employed,Female,27179.0,Suburban,Divorced,Branch,Basic,Personal,Four-Door Car,Midsize,66.0,8.0,1344.2,5290.13
GD11927,California,High School,Employed,Male,78185.0,Suburban,Single,Agent,Basic,Personal,Four-Door Car,Small,61.0,23.0,1292.8,2381.79
GD29440,Washington,Bachelor,Retired,Male,18608.0,Suburban,Divorced,Web,Basic,Personal,Four-Door Car,Midsize,71.0,13.0,1340.8,2538.63
GD55093,California,Master,Employed,Female,22705.0,Suburban,Divorced,Agent,Extended,Personal,Luxury SUV,Midsize,239.0,19.0,2294.7,19160.99
GD56260,Oregon,Master,Employed,Female,41077.0,Rural,Married,Agent,Basic,Personal,Two-Door Car,Midsize,71.0,3.0,1082.42,2863.05
GD57363,California,Associate,Employed,Male,38795.0,Rural,Married,Agent,Basic,Personal,Four-Door Car,Midsize,65.0,23.0,1098.35,5133.64
GD59796,Nevada,Associate,Employed,Female,53243.0,Suburban,Single,Agent,Premium,Personal,Four-Door Car,Small,102.0,26.0,1489.6,23228.24
GD59850,Oregon,Associate,Disabled,Female,21299.0,Suburban,Married,Branch,Basic,Corporate,Four-Door Car,Midsize,69.0,0.0,1331.2,5316.61
GD83998,Washington,Bachelor,Employed,Male,24495.0,Suburban,Single,Branch,Basic,Personal,Four-Door Car,Small,70.0,29.0,1336.0,2659.34
GD86131,California,Associate,Medical Leave,Female,17576.0,Suburban,Married,Call Center,Basic,Corporate,Four-Door Car,Midsize,71.0,29.0,1398.5,2722.21
GD87742,Oregon,Associate,Employed,Female,58988.0,Suburban,Married,Web,Basic,Personal,Sports Car,Midsize,118.0,3.0,1566.4,14140.56
GD89605,Oregon,Master,Employed,Female,59364.0,Suburban,Married,Agent,Basic,Corporate,Four-Door Car,Small,67.0,25.0,1321.6,5384.53
GE20220,Oregon,Bachelor,Employed,Female,47778.0,Rural,Married,Call Center,Extended,Personal,Four-Door Car,Midsize,96.0,2.0,1173.81,7606.71
GE39783,Oregon,Associate,Employed,Female,60752.0,Suburban,Married,Agent,Basic,Personal,Four-Door Car,Midsize,67.0,4.0,1414.1100000000001,5356.14
GE45663,Arizona,Bachelor,Employed,Female,39854.0,Urban,Divorced,Web,Basic,Personal,Two-Door Car,Midsize,66.0,6.0,1261.93,5217.51
GE46404,Oregon,Associate,Employed,Female,58828.0,Suburban,Married,Agent,Basic,Personal,Four-Door Car,Small,68.0,13.0,1446.75,2709.54
GE47180,Nevada,High School,Employed,Male,65974.0,Rural,Married,Agent,Basic,Personal,Sports Car,Midsize,113.0,3.0,1235.22,9028.82
GE58317,Arizona,Associate,Employed,Female,38713.0,Suburban,Divorced,Call Center,Basic,Personal,Four-Door Car,Midsize,66.0,31.0,1316.8,4834.71
GE62437,Arizona,Associate,Employed,Female,86584.0,Suburban,Single,Call Center,Premium,Personal,Four-Door Car,Large,111.0,33.0,1532.8,12902.56
GE63585,California,Bachelor,Employed,Male,31710.0,Urban,Divorced,Call Center,Basic,Corporate,Two-Door Car,Midsize,62.0,5.0,1199.55,2420.71
GE80842,Oregon,Associate,Employed,Female,99159.0,Suburban,Married,Branch,Basic,Personal,Luxury SUV,Large,190.0,7.0,1912.0,15506.93
GE87503,California,High School,Employed,Male,53690.0,Suburban,Married,Call Center,Premium,Personal,SUV,Small,154.0,20.0,1739.2,18211.14
GF12712,California,High School,Employed,Female,40672.0,Suburban,Divorced,Call Center,Extended,Corporate,SUV,Midsize,121.0,28.0,1580.8,9559.34
GF17866,Oregon,Associate,Retired,Male,28142.0,Suburban,Married,Agent,Basic,Corporate,Sports Car,Midsize,105.0,18.0,1701.71,3873.65
GF19726,Oregon,High School,Employed,Male,75952.0,Suburban,Married,Branch,Basic,Personal,Two-Door Car,Midsize,73.0,5.0,1350.4,5866.07
GF38306,Nevada,High School,Employed,Female,96162.0,Urban,Single,Agent,Extended,Corporate,Four-Door Car,Small,97.0,9.0,1376.57,7758.59
GF59560,Oregon,Associate,Employed,Female,86824.0,Urban,Married,Call Center,Basic,Personal,Four-Door Car,Midsize,72.0,1.0,1189.1,5817.83
GF68713,Oregon,Bachelor,Employed,Male,24695.0,Suburban,Married,Web,Extended,Personal,Four-Door Car,Large,82.0,0.0,1393.6,3207.47
GF97874,Washington,Master,Employed,Female,70446.0,Rural,Married,Call Center,Basic,Personal,Four-Door Car,Midsize,65.0,31.0,1155.57,5275.63
GG20671,Nevada,Associate,Employed,Male,43267.0,Suburban,Married,Agent,Extended,Special,Four-Door Car,Large,78.0,8.0,1453.07,15673.14
GG24674,California,High School,Retired,Female,15520.0,Suburban,Married,Web,Basic,Personal,Two-Door Car,Midsize,66.0,21.0,1316.8,2497.54
GG29821,Oregon,Bachelor,Employed,Male,54950.0,Urban,Married,Web,Basic,Corporate,SUV,Midsize,103.0,25.0,1480.58,8193.56
GG70928,California,Master,Employed,Female,33566.0,Urban,Married,Call Center,Basic,Personal,Four-Door Car,Midsize,63.0,25.0,1205.04,5004.58
GG84614,Oregon,High School,Employed,Female,27435.0,Suburban,Single,Branch,Extended,Personal,Two-Door Car,Midsize,76.0,9.0,1455.55,3031.59
GG87344,Oregon,Associate,Employed,Female,55407.0,Urban,Married,Agent,Basic,Personal,SUV,Midsize,101.0,30.0,1275.34,4035.01
GH30325,Oregon,Associate,Employed,Male,27093.0,Suburban,Married,Branch,Basic,Personal,Four-Door Car,Midsize,61.0,10.0,1292.8,2424.42
GH31245,California,High School,Employed,Female,73274.0,Urban,Married,Branch,Basic,Corporate,SUV,Midsize,105.0,6.0,1284.21,12694.89
GH31557,California,High School,Employed,Male,98121.0,Suburban,Divorced,Web,Basic,Personal,Two-Door Car,Small,67.0,22.0,1383.66,2684.58
GH35369,California,Associate,Retired,Male,10621.0,Suburban,Single,Agent,Basic,Personal,Four-Door Car,Midsize,67.0,28.0,1321.6,4386.28
GH42026,Oregon,Bachelor,Employed,Male,55790.0,Rural,Single,Branch,Basic,Personal,SUV,Midsize,111.0,4.0,1117.67,8535.11
GH48839,California,Associate,Retired,Male,25251.0,Suburban,Divorced,Web,Basic,Corporate,Four-Door Car,Midsize,66.0,13.0,1316.8,11790.5
GH49378,California,Bachelor,Employed,Female,67371.0,Rural,Married,Web,Basic,Personal,Four-Door Car,Midsize,63.0,25.0,1086.6,5059.33
GH54524,California,High School,Employed,Male,69497.0,Rural,Married,Agent,Premium,Personal,SUV,Midsize,142.0,30.0,1092.29,16973.74
GH64274,California,High School,Employed,Male,22711.0,Suburban,Married,Branch,Extended,Personal,Two-Door Car,Midsize,82.0,8.0,1393.6,25805.27
GH86762,California,Bachelor,Employed,Female,59853.0,Urban,Single,Web,Extended,Special,SUV,Small,124.0,18.0,1570.85,19454.41
GH90738,Oregon,Bachelor,Employed,Female,71176.0,Urban,Married,Web,Extended,Personal,Two-Door Car,Midsize,91.0,3.0,1278.07,3580.08
GH94657,California,Bachelor,Disabled,Male,14660.0,Suburban,Married,Call Center,Basic,Personal,Four-Door Car,Midsize,61.0,14.0,1396.6100000000001,2319.82
GI14815,Washington,Associate,Employed,Male,55800.0,Suburban,Married,Agent,Basic,Personal,Two-Door Car,Midsize,66.0,12.0,1473.32,15759.62
GI36262,Washington,Associate,Employed,Female,65247.0,Suburban,Married,Agent,Basic,Corporate,Four-Door Car,Midsize,72.0,14.0,1381.24,2899.7
GI55977,Oregon,High School,Medical Leave,Female,28806.0,Suburban,Married,Call Center,Basic,Personal,Four-Door Car,Small,61.0,13.0,1292.8,2337.35
GI68556,California,Bachelor,Employed,Female,41082.0,Rural,Married,Web,Basic,Personal,Two-Door Car,Midsize,63.0,23.0,1106.65,15147.93
GI70742,Oregon,High School,Employed,Female,66466.0,Urban,Married,Call Center,Basic,Personal,Four-Door Car,Midsize,71.0,20.0,1293.02,8581.64
GI89160,California,Bachelor,Employed,Female,56516.0,Suburban,Married,Call Center,Basic,Personal,Luxury SUV,Midsize,199.0,26.0,1955.2,31934.62
GJ31412,Oregon,Bachelor,Employed,Male,99494.0,Suburban,Married,Agent,Extended,Personal,Four-Door Car,Small,83.0,11.0,1398.4,6650.82
GJ43254,Washington,Associate,Employed,Male,89057.0,Rural,Married,Call Center,Extended,Corporate,Two-Door Car,Midsize,98.0,17.0,1187.3600000000001,31642.1
GJ47896,Arizona,Associate,Employed,Female,35503.0,Urban,Married,Branch,Basic,Personal,Two-Door Car,Midsize,67.0,14.0,1216.17,2661.03
GJ59592,California,Bachelor,Employed,Female,25134.0,Suburban,Married,Call Center,Basic,Corporate,Four-Door Car,Small,67.0,3.0,1321.6,5318.9
GJ63103,Oregon,High School,Medical Leave,Female,27869.0,Suburban,Married,Web,Basic,Personal,Two-Door Car,Small,67.0,18.0,1482.4,18474.71
GJ79432,Nevada,High School,Employed,Male,26876.0,Suburban,Single,Agent,Extended,Personal,Four-Door Car,Midsize,76.0,17.0,1364.8,6005.21
GJ88864,Nevada,Associate,Employed,Female,30944.0,Urban,Divorced,Web,Extended,Personal,Four-Door Car,Small,92.0,15.0,1348.22,3589.37
GK21260,Oregon,Doctoral,Medical Leave,Female,22821.0,Suburban,Married,Call Center,Extended,Personal,SUV,Midsize,131.0,26.0,1740.06,10232.85
GK24074,Arizona,Associate,Employed,Female,37202.0,Urban,Married,Branch,Extended,Personal,Two-Door Car,Midsize,93.0,30.0,1322.53,3691.77
GK48045,Washington,Associate,Employed,Female,73245.0,Urban,Married,Branch,Basic,Personal,Four-Door Car,Midsize,68.0,33.0,1305.12,8214.6
GK67747,Washington,Associate,Retired,Male,10621.0,Suburban,Single,Agent,Basic,Special,Four-Door Car,Midsize,67.0,28.0,1321.6,4386.28
GK72076,Washington,Bachelor,Employed,Female,35457.0,Suburban,Single,Branch,Premium,Personal,Four-Door Car,Small,105.0,0.0,1641.23,4169.36
GK73582,California,Bachelor,Employed,Female,64586.0,Urban,Single,Branch,Extended,Personal,Four-Door Car,Midsize,76.0,3.0,1206.84,2978.85
GK94889,California,Associate,Employed,Male,22280.0,Rural,Married,Web,Basic,Personal,Four-Door Car,Large,68.0,10.0,1169.41,5279.12
GL33494,Oregon,Master,Employed,Female,31530.0,Suburban,Married,Branch,Basic,Personal,Two-Door Car,Midsize,69.0,24.0,1331.2,5460.37
GL34504,California,High School,Employed,Female,65103.0,Suburban,Married,Branch,Premium,Personal,Four-Door Car,Small,115.0,29.0,1552.0,9095.15
GL44478,Oregon,High School,Disabled,Male,24067.0,Suburban,Single,Branch,Extended,Corporate,Sports Car,Midsize,132.0,12.0,1633.6,9986.66
GL49408,California,Doctoral,Employed,Male,40372.0,Rural,Married,Branch,Extended,Corporate,Four-Door Car,Midsize,85.0,15.0,1076.98,6762.08
GL54755,Washington,Bachelor,Employed,Female,59578.0,Urban,Married,Branch,Extended,Corporate,Four-Door Car,Midsize,98.0,1.0,1403.68,3894.62
GL56175,Arizona,Associate,Employed,Male,79298.0,Urban,Married,Call Center,Extended,Personal,Four-Door Car,Midsize,90.0,22.0,1244.3600000000001,3589.71
GL66847,Arizona,Bachelor,Employed,Female,62902.0,Rural,Married,Web,Basic,Personal,Two-Door Car,Midsize,69.0,14.0,1159.38,8256.3
GL67540,California,Associate,Employed,Female,97413.0,Urban,Married,Agent,Basic,Personal,Four-Door Car,Midsize,73.0,21.0,1268.82,5904.09
GL69461,Oregon,Associate,Employed,Female,99961.0,Suburban,Married,Agent,Basic,Personal,Four-Door Car,Midsize,66.0,6.0,1316.8,2628.47
GL82358,Nevada,High School,Employed,Female,43860.0,Rural,Single,Agent,Basic,Corporate,Four-Door Car,Midsize,65.0,15.0,1156.12,2514.59
GL99349,California,High School,Employed,Male,95621.0,Suburban,Married,Web,Basic,Personal,Two-Door Car,Small,66.0,7.0,1351.88,20474.15
GM16780,Oregon,Associate,Employed,Male,90330.0,Rural,Single,Call Center,Extended,Corporate,Sports Car,Midsize,137.0,0.0,1192.09,36057.54
GM37281,California,Bachelor,Employed,Female,76731.0,Urban,Married,Agent,Basic,Personal,Four-Door Car,Midsize,64.0,2.0,1201.46,2582.41
GM46746,Arizona,High School,Employed,Female,86205.0,Suburban,Single,Agent,Extended,Personal,Luxury Car,Small,223.0,8.0,2070.4,17776.82
GM62071,Washington,High School,Employed,Female,20668.0,Suburban,Married,Call Center,Basic,Personal,Luxury Car,Large,188.0,34.0,1902.4,21435.88
GM63998,Oregon,Doctoral,Employed,Female,45173.0,Suburban,Married,Call Center,Premium,Personal,Luxury Car,Midsize,268.0,20.0,2286.4,32613.69
GM70734,California,Associate,Medical Leave,Female,29095.0,Urban,Divorced,Agent,Extended,Corporate,Two-Door Car,Midsize,91.0,29.0,1280.8,13561.2
GM83516,Arizona,Associate,Employed,Male,29500.0,Suburban,Divorced,Agent,Basic,Corporate,Four-Door Car,Midsize,67.0,14.0,1321.6,2573.72
GM84292,California,Master,Employed,Female,38401.0,Suburban,Married,Agent,Extended,Corporate,Four-Door Car,Midsize,92.0,17.0,1441.6,14723.41
GM88979,Oregon,Associate,Employed,Female,54050.0,Suburban,Married,Call Center,Premium,Personal,Two-Door Car,Large,119.0,5.0,1571.2,4746.76
GN18675,California,Bachelor,Employed,Male,70784.0,Rural,Married,Branch,Basic,Special,Four-Door Car,Midsize,64.0,0.0,1107.93,5080.24
GN36177,Nevada,Bachelor,Employed,Male,43626.0,Suburban,Divorced,Call Center,Basic,Personal,Two-Door Car,Small,67.0,9.0,1321.6,2593.82
GN45013,Oregon,High School,Medical Leave,Male,29664.0,Suburban,Married,Agent,Basic,Personal,Four-Door Car,Midsize,71.0,1.0,1340.8,5385.85
GN46207,Oregon,Master,Employed,Female,29462.0,Suburban,Single,Branch,Basic,Personal,SUV,Large,107.0,28.0,1513.6,4170.69
GN61665,Arizona,Bachelor,Employed,Male,47170.0,Suburban,Married,Agent,Extended,Corporate,Sports Car,Midsize,139.0,4.0,1667.2,10934.74
GN93462,California,Bachelor,Employed,Male,89285.0,Rural,Married,Call Center,Extended,Personal,Four-Door Car,Midsize,81.0,25.0,1109.03,6496.2
GO14008,Oregon,Bachelor,Employed,Female,73775.0,Suburban,Divorced,Agent,Basic,Personal,Four-Door Car,Midsize,67.0,14.0,1321.6,5398.1
GO27855,Oregon,Associate,Employed,Female,64600.0,Rural,Married,Web,Extended,Personal,Four-Door Car,Small,86.0,22.0,1168.29,6883.67
GO36627,Arizona,Associate,Employed,Male,21880.0,Urban,Married,Branch,Extended,Special,Four-Door Car,Midsize,97.0,29.0,1424.08,3837.45
GO42840,Oregon,High School,Employed,Male,87492.0,Urban,Married,Agent,Basic,Personal,Two-Door Car,Midsize,62.0,15.0,1264.46,2483.54
GO44613,Nevada,High School,Medical Leave,Female,19168.0,Suburban,Married,Branch,Basic,Personal,SUV,Midsize,106.0,12.0,1508.8,24061.11
GO53814,Oregon,High School,Employed,Female,43358.0,Suburban,Married,Branch,Basic,Corporate,Two-Door Car,Small,61.0,2.0,1400.29,4878.95
GO80206,Arizona,Bachelor,Employed,Female,23737.0,Suburban,Married,Agent,Basic,Personal,Four-Door Car,Small,62.0,10.0,1437.93,2433.21
GO86980,Oregon,Bachelor,Employed,Female,56334.0,Suburban,Married,Call Center,Basic,Corporate,Two-Door Car,Small,65.0,35.0,1421.56,5169.56
GO94903,Oregon,Associate,Medical Leave,Female,12964.0,Suburban,Single,Web,Basic,Personal,Two-Door Car,Midsize,65.0,2.0,1362.77,4770.55
GP18756,California,Associate,Medical Leave,Male,19592.0,Suburban,Divorced,Web,Extended,Personal,Four-Door Car,Midsize,92.0,31.0,1441.6,9927.05
GP19791,California,Associate,Employed,Female,31356.0,Suburban,Married,Agent,Basic,Personal,Two-Door Car,Small,68.0,25.0,1326.4,16510.97
GP20237,Nevada,Bachelor,Employed,Female,29286.0,Suburban,Married,Call Center,Basic,Personal,Four-Door Car,Small,69.0,5.0,1496.8,2727.08
GP20408,Oregon,Associate,Employed,Female,94903.0,Suburban,Married,Agent,Extended,Personal,Two-Door Car,Small,94.0,3.0,1451.2,3808.12
GP22382,Oregon,Associate,Employed,Female,21685.0,Suburban,Single,Web,Extended,Corporate,Sports Car,Large,127.0,0.0,1609.6,4858.12
GP37412,Arizona,Associate,Employed,Female,59763.0,Suburban,Married,Agent,Basic,Personal,Two-Door Car,Small,73.0,4.0,1350.4,8719.9
GP40701,California,Bachelor,Employed,Female,79780.0,Suburban,Married,Web,Basic,Personal,Four-Door Car,Midsize,68.0,11.0,1326.4,8277.64
GP42026,California,High School,Retired,Male,19683.0,Suburban,Married,Web,Basic,Personal,Sports Car,Midsize,117.0,17.0,1561.6,8382.63
GP56044,Washington,High School,Employed,Male,84306.0,Suburban,Married,Agent,Extended,Personal,SUV,Large,137.0,16.0,1863.4099999999999,27440.61
GP66031,California,Associate,Employed,Female,83758.0,Rural,Married,Agent,Basic,Corporate,Two-Door Car,Midsize,64.0,27.0,1106.59,2585.96
GP67583,Arizona,Associate,Employed,Male,35349.0,Suburban,Married,Web,Premium,Personal,Four-Door Car,Midsize,102.0,7.0,1489.6,8207.78
GP67816,California,High School,Employed,Female,60233.0,Urban,Married,Branch,Premium,Personal,Two-Door Car,Midsize,116.0,29.0,1481.27,23208.39
GP83239,California,Associate,Employed,Male,58414.0,Suburban,Single,Agent,Extended,Personal,Luxury SUV,Small,210.0,7.0,2008.0,7840.17
GP85044,Arizona,Bachelor,Employed,Male,91967.0,Rural,Married,Agent,Basic,Special,SUV,Midsize,113.0,4.0,1156.74,4533.73
GP87031,California,Associate,Medical Leave,Female,23554.0,Suburban,Divorced,Web,Extended,Corporate,Four-Door Car,Small,86.0,7.0,1412.8,3210.14
GQ11852,Oregon,Associate,Employed,Female,39017.0,Urban,Married,Call Center,Premium,Personal,SUV,Midsize,170.0,10.0,1592.8600000000001,13306.18
GQ15613,Arizona,High School,Employed,Female,54008.0,Suburban,Married,Branch,Basic,Personal,Four-Door Car,Midsize,67.0,18.0,1370.5,8004.21
GQ15708,Oregon,Bachelor,Medical Leave,Male,29790.0,Suburban,Married,Agent,Basic,Personal,Luxury SUV,Midsize,194.0,25.0,1931.2,14503.02
GQ20713,Nevada,Associate,Employed,Female,38713.0,Suburban,Divorced,Call Center,Basic,Personal,Four-Door Car,Midsize,66.0,31.0,1316.8,4834.71
GQ21970,Nevada,Bachelor,Disabled,Female,17257.0,Suburban,Single,Call Center,Basic,Personal,Four-Door Car,Small,70.0,1.0,1551.13,24108.3
GQ46925,Arizona,High School,Employed,Male,77563.0,Urban,Married,Call Center,Premium,Personal,Sports Car,Midsize,143.0,35.0,1546.0,5821.68
GQ57207,California,Bachelor,Disabled,Female,19864.0,Suburban,Divorced,Web,Basic,Personal,Four-Door Car,Midsize,63.0,22.0,1352.3899999999999,2359.42
GQ66762,California,Associate,Employed,Male,33701.0,Urban,Single,Agent,Basic,Personal,Four-Door Car,Small,63.0,16.0,1171.33,4773.69
GQ78238,Oregon,High School,Employed,Male,65167.0,Suburban,Married,Call Center,Extended,Personal,SUV,Midsize,131.0,22.0,1628.8,5213.37
GR12431,California,Associate,Employed,Female,66216.0,Rural,Single,Web,Basic,Personal,Sports Car,Midsize,103.0,34.0,1096.72,36860.73
GR26937,Oregon,Master,Employed,Female,47197.0,Rural,Married,Agent,Extended,Corporate,Four-Door Car,Midsize,81.0,19.0,1076.11,9805.83
GR31499,Oregon,Master,Employed,Female,23692.0,Suburban,Married,Agent,Basic,Personal,Two-Door Car,Midsize,65.0,26.0,1312.0,2541.63
GR49281,California,Bachelor,Employed,Male,75644.0,Suburban,Divorced,Branch,Basic,Personal,Two-Door Car,Midsize,65.0,5.0,1467.8,4974.8
GR53936,Oregon,Bachelor,Employed,Female,28909.0,Suburban,Married,Agent,Basic,Corporate,Two-Door Car,Midsize,66.0,15.0,1456.7,5246.28
GR62267,Washington,Associate,Employed,Female,44705.0,Rural,Divorced,Branch,Basic,Personal,Two-Door Car,Midsize,71.0,21.0,1148.17,5609.08
GR76453,Oregon,High School,Employed,Male,82093.0,Urban,Divorced,Branch,Basic,Personal,Four-Door Car,Midsize,62.0,17.0,1266.93,4942.87
GR90142,Oregon,Associate,Employed,Female,94903.0,Suburban,Married,Agent,Extended,Personal,Two-Door Car,Small,94.0,3.0,1451.2,3808.12
GS26763,California,Bachelor,Employed,Female,39669.0,Suburban,Married,Agent,Extended,Personal,Two-Door Car,Small,98.0,13.0,1492.94,11633.58
GS44464,California,High School,Employed,Female,82477.0,Suburban,Married,Agent,Extended,Personal,Two-Door Car,Large,90.0,1.0,1432.0,3644.83
GS69842,Arizona,Bachelor,Employed,Female,36615.0,Urban,Married,Call Center,Basic,Special,Four-Door Car,Midsize,65.0,14.0,1264.56,5243.83
GS76685,California,High School,Retired,Male,20228.0,Suburban,Divorced,Branch,Basic,Corporate,SUV,Midsize,101.0,3.0,1523.8200000000002,10408.97
GS98873,Arizona,Bachelor,Disabled,Female,16061.0,Suburban,Single,Web,Extended,Personal,Four-Door Car,Midsize,88.0,26.0,1633.6,3239.12
GT14584,Oregon,Associate,Employed,Female,75272.0,Rural,Married,Call Center,Basic,Personal,SUV,Midsize,103.0,22.0,1071.65,4122.57
GT17701,Oregon,Bachelor,Employed,Female,42987.0,Rural,Divorced,Web,Extended,Personal,Four-Door Car,Small,77.0,14.0,1128.49,3012.04
GT18023,California,High School,Employed,Female,86195.0,Urban,Married,Agent,Extended,Special,SUV,Midsize,139.0,12.0,1601.67,11281.52
GT18396,Arizona,Associate,Employed,Male,48642.0,Rural,Married,Branch,Extended,Personal,Four-Door Car,Midsize,77.0,23.0,1092.31,21151.23
GT19025,Oregon,Bachelor,Medical Leave,Female,25407.0,Urban,Divorced,Branch,Extended,Personal,Four-Door Car,Midsize,98.0,2.0,1284.24,3636.56
GT37101,Oregon,High School,Employed,Female,37640.0,Urban,Divorced,Call Center,Basic,Personal,Two-Door Car,Midsize,67.0,25.0,1174.05,5284.31
GT54462,Arizona,Bachelor,Employed,Male,73222.0,Urban,Married,Call Center,Premium,Personal,SUV,Large,180.0,24.0,1821.52,14349.86
GT62080,Washington,High School,Employed,Male,55561.0,Urban,Divorced,Call Center,Basic,Personal,Four-Door Car,Midsize,63.0,2.0,1227.87,7433.82
GT65065,Oregon,Master,Employed,Female,42142.0,Urban,Single,Branch,Basic,Personal,Sports Car,Midsize,112.0,1.0,1396.18,8842.65
GT65478,Oregon,Associate,Employed,Female,84815.0,Urban,Married,Agent,Basic,Personal,Four-Door Car,Midsize,68.0,9.0,1280.0,8217.43
GT89774,Arizona,Bachelor,Employed,Female,87139.0,Rural,Married,Agent,Extended,Personal,Luxury SUV,Midsize,213.0,18.0,1363.87,17109.39
GT97121,California,Associate,Disabled,Male,15999.0,Suburban,Married,Branch,Extended,Personal,Four-Door Car,Midsize,83.0,2.0,1398.4,22067.73
GU18646,Oregon,Bachelor,Employed,Male,58007.0,Suburban,Single,Agent,Extended,Special,Two-Door Car,Small,81.0,23.0,1518.35,9332.49
GU33167,Oregon,Associate,Employed,Male,53997.0,Suburban,Married,Branch,Basic,Personal,Four-Door Car,Midsize,69.0,26.0,1345.16,5568.98
GU41036,Oregon,High School,Disabled,Male,13411.0,Suburban,Married,Branch,Extended,Personal,SUV,Midsize,127.0,27.0,1609.6,9416.28
GU41198,California,Bachelor,Employed,Female,62421.0,Suburban,Divorced,Call Center,Extended,Corporate,Four-Door Car,Midsize,80.0,22.0,1384.0,9536.34
GU42084,Arizona,Bachelor,Employed,Male,44537.0,Urban,Married,Branch,Basic,Corporate,Sports Car,Small,106.0,13.0,1441.91,4247.68
GU42671,Arizona,Bachelor,Medical Leave,Female,16654.0,Suburban,Married,Branch,Extended,Personal,Four-Door Car,Midsize,79.0,23.0,1379.2,6106.94
GU56606,Nevada,Bachelor,Employed,Male,20283.0,Suburban,Divorced,Branch,Extended,Personal,Two-Door Car,Midsize,77.0,7.0,1369.6,5953.35
GU60969,Arizona,Bachelor,Retired,Male,19581.0,Suburban,Single,Agent,Basic,Corporate,Four-Door Car,Large,67.0,2.0,1321.6,2342.01
GU65780,California,Doctoral,Employed,Male,70837.0,Suburban,Married,Agent,Basic,Personal,Four-Door Car,Small,73.0,7.0,1362.74,5635.4
GU66096,Arizona,High School,Employed,Male,94731.0,Suburban,Married,Agent,Basic,Personal,Four-Door Car,Midsize,67.0,23.0,1321.6,5457.34
GU82475,California,Associate,Employed,Male,24919.0,Suburban,Married,Call Center,Extended,Personal,Four-Door Car,Small,84.0,21.0,1420.42,6532.01
GU84478,Oregon,High School,Employed,Male,48207.0,Urban,Married,Branch,Basic,Personal,Four-Door Car,Midsize,63.0,28.0,1164.97,4908.12
GU91528,Oregon,High School,Disabled,Female,11904.0,Suburban,Single,Web,Basic,Personal,Two-Door Car,Small,61.0,34.0,1292.8,4254.62
GU92938,Nevada,Bachelor,Disabled,Female,25612.0,Suburban,Married,Call Center,Basic,Personal,Two-Door Car,Small,61.0,12.0,1292.8,6943.56
GU96042,California,High School,Employed,Male,58268.0,Urban,Married,Agent,Basic,Corporate,Two-Door Car,Midsize,67.0,12.0,1228.6399999999999,7988.51
GU99037,Oregon,Associate,Employed,Male,79898.0,Urban,Married,Agent,Basic,Corporate,Four-Door Car,Midsize,62.0,5.0,1271.6100000000001,2452.98
GV21882,Nevada,High School,Medical Leave,Female,20799.0,Urban,Single,Call Center,Basic,Personal,Sports Car,Midsize,111.0,20.0,1389.0,28328.47
GV33313,Arizona,Bachelor,Employed,Female,35625.0,Urban,Married,Agent,Basic,Personal,Four-Door Car,Midsize,65.0,10.0,1288.57,5107.16
GV35061,Oregon,High School,Employed,Male,69346.0,Urban,Married,Branch,Basic,Special,Two-Door Car,Midsize,63.0,27.0,1246.28,22523.71
GV39658,Arizona,Associate,Medical Leave,Female,10563.0,Rural,Divorced,Branch,Extended,Corporate,SUV,Midsize,121.0,20.0,1109.81,13523.13
GV59387,California,Associate,Medical Leave,Female,24518.0,Urban,Married,Call Center,Basic,Personal,Two-Door Car,Large,74.0,23.0,1241.66,5618.49
GV62858,California,Bachelor,Employed,Female,38692.0,Suburban,Married,Web,Premium,Personal,Four-Door Car,Midsize,102.0,16.0,1502.44,4091.93
GV68933,Arizona,High School,Disabled,Male,12677.0,Suburban,Married,Call Center,Basic,Personal,SUV,Midsize,101.0,21.0,1500.63,7679.68
GV75215,Oregon,Bachelor,Employed,Female,54684.0,Urban,Married,Agent,Basic,Corporate,Sports Car,Midsize,111.0,13.0,1302.1399999999999,13167.61
GV76798,California,Master,Employed,Female,30361.0,Urban,Married,Branch,Premium,Personal,Four-Door Car,Midsize,119.0,28.0,1373.29,4781.82
GV91160,Oregon,High School,Retired,Female,10312.0,Suburban,Married,Agent,Extended,Personal,Four-Door Car,Large,78.0,10.0,1486.28,2886.45
GW14109,California,High School,Employed,Female,48409.0,Urban,Single,Agent,Extended,Special,SUV,Midsize,124.0,13.0,1345.21,38496.95
GW14698,Arizona,Associate,Employed,Female,80604.0,Urban,Married,Web,Basic,Corporate,Four-Door Car,Midsize,61.0,22.0,1255.98,4882.49
GW25077,Oregon,Bachelor,Employed,Female,38521.0,Urban,Married,Branch,Extended,Personal,SUV,Midsize,134.0,15.0,1557.1799999999998,5293.37
GW42895,Oregon,Bachelor,Employed,Female,77803.0,Urban,Married,Agent,Basic,Personal,Four-Door Car,Midsize,63.0,30.0,1217.55,17625.54
GW43195,Oregon,Associate,Employed,Female,71210.0,Suburban,Married,Branch,Extended,Personal,Luxury Car,Small,214.0,8.0,2027.2,25807.06
GW52309,Nevada,High School,Employed,Female,56446.0,Suburban,Married,Branch,Basic,Personal,SUV,Midsize,114.0,2.0,1547.2,9118.15
GW89148,California,Doctoral,Employed,Male,90008.0,Urban,Single,Web,Extended,Personal,SUV,Midsize,137.0,13.0,1406.99,16304.3
GX22027,California,Bachelor,Medical Leave,Female,16656.0,Suburban,Married,Branch,Basic,Personal,Two-Door Car,Midsize,63.0,11.0,1302.4,4762.56
GX22886,Arizona,Associate,Employed,Male,78784.0,Urban,Married,Agent,Extended,Personal,Four-Door Car,Midsize,80.0,33.0,1239.96,3199.82
GX33877,Arizona,Bachelor,Employed,Female,25270.0,Suburban,Married,Agent,Extended,Personal,Two-Door Car,Small,99.0,34.0,1712.8,35022.45
GX37592,Nevada,Associate,Employed,Female,33257.0,Suburban,Married,Web,Basic,Personal,Four-Door Car,Midsize,72.0,15.0,1345.6,5675.92
GX40957,California,Associate,Employed,Female,70187.0,Suburban,Married,Call Center,Basic,Personal,Sports Car,Midsize,117.0,4.0,1632.1599999999999,18732.2
GX44284,California,Bachelor,Employed,Male,47509.0,Rural,Divorced,Branch,Basic,Personal,Four-Door Car,Midsize,66.0,28.0,1093.13,2588.08
GX51965,California,High School,Employed,Male,95697.0,Rural,Married,Agent,Basic,Personal,Sports Car,Midsize,107.0,29.0,1178.01,8564.77
GY23881,Oregon,High School,Employed,Male,81687.0,Suburban,Single,Call Center,Basic,Personal,Four-Door Car,Midsize,61.0,7.0,1292.8,4782.35
GY40926,California,Associate,Employed,Male,37073.0,Suburban,Married,Branch,Basic,Personal,Four-Door Car,Midsize,66.0,16.0,1316.8,2612.53
GY43856,California,Associate,Employed,Female,75648.0,Rural,Married,Branch,Basic,Corporate,SUV,Large,108.0,28.0,1112.66,4349.31
GY55092,Nevada,High School,Retired,Male,20993.0,Suburban,Divorced,Agent,Extended,Personal,SUV,Midsize,133.0,35.0,1638.4,4772.94
GY64553,California,Bachelor,Employed,Male,97017.0,Urban,Married,Agent,Premium,Personal,Two-Door Car,Midsize,115.0,33.0,1534.08,4637.03
GY65868,California,Bachelor,Employed,Male,64541.0,Urban,Married,Agent,Extended,Personal,Four-Door Car,Small,86.0,16.0,1256.28,20600.24
GY74661,Oregon,Associate,Employed,Female,34911.0,Rural,Divorced,Agent,Basic,Personal,SUV,Large,105.0,6.0,1126.78,4039.32
GY87675,Oregon,Associate,Retired,Male,26952.0,Suburban,Divorced,Branch,Extended,Corporate,Four-Door Car,Midsize,76.0,1.0,1364.8,5140.39
GY88677,Oregon,Bachelor,Employed,Female,46268.0,Urban,Married,Agent,Premium,Personal,Sports Car,Midsize,199.0,34.0,1842.0,23675.03
GZ31904,Oregon,Associate,Employed,Male,30816.0,Urban,Married,Call Center,Extended,Personal,Two-Door Car,Midsize,87.0,10.0,1237.57,6861.75
GZ64473,Nevada,Associate,Employed,Male,50414.0,Suburban,Married,Agent,Basic,Personal,Four-Door Car,Midsize,69.0,25.0,1331.2,2757.38
GZ77449,California,Associate,Employed,Male,58452.0,Suburban,Single,Branch,Basic,Corporate,Luxury Car,Midsize,186.0,7.0,1892.8,14439.8
GZ79662,Arizona,High School,Employed,Male,47611.0,Suburban,Married,Call Center,Basic,Corporate,Four-Door Car,Small,69.0,17.0,1593.65,5484.59
GZ90429,California,High School,Employed,Male,85956.0,Urban,Married,Call Center,Premium,Corporate,SUV,Small,145.0,0.0,1510.38,5846.11
HA20933,Oregon,Bachelor,Medical Leave,Female,15616.0,Suburban,Married,Agent,Basic,Personal,SUV,Midsize,114.0,20.0,1547.2,13269.6
HA40978,California,Associate,Employed,Male,53234.0,Suburban,Single,Call Center,Premium,Personal,Four-Door Car,Small,109.0,27.0,2212.99,8478.28
HA72996,Nevada,Associate,Employed,Female,75648.0,Rural,Married,Branch,Basic,Corporate,SUV,Large,108.0,28.0,1112.66,4349.31
HA93483,California,Bachelor,Disabled,Female,11811.0,Suburban,Married,Branch,Basic,Personal,Sports Car,Small,110.0,20.0,1808.62,4319.15
HB17438,Washington,Bachelor,Employed,Male,92044.0,Urban,Married,Web,Extended,Personal,SUV,Midsize,132.0,7.0,1617.29,10570.79
HB21182,Arizona,Master,Employed,Female,20200.0,Suburban,Single,Agent,Basic,Personal,Two-Door Car,Midsize,65.0,3.0,1312.0,2417.78
HB23001,California,Bachelor,Employed,Male,26287.0,Rural,Married,Branch,Premium,Personal,Two-Door Car,Midsize,111.0,6.0,1279.38,8697.79
HB24005,California,Associate,Employed,Male,31617.0,Urban,Single,Agent,Basic,Personal,Four-Door Car,Small,62.0,17.0,1244.27,2347.05
HB43486,Washington,Associate,Employed,Female,86830.0,Urban,Single,Agent,Extended,Personal,SUV,Midsize,123.0,18.0,1480.53,9696.55
HB48073,Arizona,Bachelor,Employed,Female,66325.0,Urban,Married,Agent,Basic,Corporate,SUV,Midsize,117.0,10.0,1497.72,9371.77
HB48518,Nevada,Associate,Employed,Male,31409.0,Rural,Married,Agent,Basic,Corporate,SUV,Midsize,100.0,14.0,1116.16,3891.54
HB64268,Washington,Bachelor,Employed,Male,43836.0,Rural,Single,Agent,Basic,Personal,Four-Door Car,Midsize,73.0,12.0,1138.13,2813.69
HB67642,Arizona,High School,Employed,Female,20090.0,Suburban,Married,Agent,Basic,Personal,Sports Car,Midsize,109.0,10.0,1523.2,34611.38
HB68898,Oregon,Bachelor,Employed,Female,36116.0,Rural,Married,Branch,Premium,Corporate,SUV,Midsize,171.0,27.0,1158.13,20239.38
HB70063,Washington,Associate,Employed,Male,43386.0,Urban,Single,Call Center,Basic,Personal,SUV,Midsize,111.0,17.0,1413.0,4312.77
HB85743,California,Bachelor,Employed,Male,82664.0,Rural,Married,Agent,Basic,Personal,SUV,Midsize,114.0,24.0,1133.43,8838.09
HB99061,Arizona,High School,Employed,Female,97742.0,Rural,Married,Branch,Extended,Corporate,SUV,Midsize,132.0,6.0,1199.59,5352.19
HC16500,Arizona,Doctoral,Employed,Male,72191.0,Urban,Married,Call Center,Basic,Personal,Four-Door Car,Midsize,68.0,19.0,1209.3899999999999,8189.97
HC20975,Arizona,Bachelor,Employed,Male,30915.0,Suburban,Married,Branch,Basic,Personal,Four-Door Car,Large,72.0,1.0,1345.6,16727.77
HC25359,Oregon,Master,Employed,Female,52572.0,Urban,Divorced,Agent,Premium,Personal,Four-Door Car,Midsize,113.0,30.0,1441.62,9045.11
HC42288,California,Associate,Employed,Female,39187.0,Suburban,Divorced,Agent,Basic,Corporate,SUV,Small,118.0,32.0,1566.4,4563.02
HC60268,Oregon,Associate,Employed,Male,40105.0,Suburban,Divorced,Web,Premium,Personal,Four-Door Car,Midsize,104.0,21.0,1878.4099999999999,8346.02
HC63693,Arizona,Associate,Employed,Female,88049.0,Suburban,Single,Branch,Extended,Corporate,Two-Door Car,Midsize,92.0,5.0,1567.0700000000002,7341.74
HC66205,Washington,High School,Employed,Male,58248.0,Rural,Married,Branch,Extended,Corporate,Four-Door Car,Large,80.0,17.0,1134.37,3157.74
HC76653,Oregon,Associate,Employed,Male,32931.0,Suburban,Married,Agent,Basic,Personal,Four-Door Car,Midsize,62.0,16.0,1297.6,2435.69
HC80108,California,Associate,Employed,Female,43775.0,Urban,Married,Call Center,Basic,Personal,Four-Door Car,Midsize,70.0,3.0,1310.74,2803.8
HD12841,California,Master,Employed,Female,95766.0,Rural,Married,Call Center,Basic,Personal,Four-Door Car,Midsize,68.0,17.0,1162.56,5505.69
HD32044,Oregon,Master,Employed,Female,33816.0,Suburban,Divorced,Branch,Premium,Corporate,Four-Door Car,Midsize,106.0,10.0,1508.8,8288.16
HD32695,Arizona,Bachelor,Disabled,Female,13128.0,Suburban,Married,Call Center,Premium,Personal,Four-Door Car,Midsize,118.0,11.0,1771.88,4447.42
HD44279,Arizona,Bachelor,Disabled,Female,25226.0,Suburban,Divorced,Branch,Basic,Personal,Four-Door Car,Midsize,71.0,13.0,1340.8,5090.45
HD53787,California,Associate,Medical Leave,Female,28519.0,Suburban,Married,Branch,Extended,Personal,Two-Door Car,Large,86.0,23.0,1412.8,13113.14
HD95496,Oregon,Master,Employed,Male,25950.0,Urban,Married,Agent,Basic,Personal,Two-Door Car,Midsize,66.0,27.0,1271.7,7851.9
HE15857,Washington,Bachelor,Employed,Male,37138.0,Suburban,Single,Call Center,Extended,Personal,Two-Door Car,Midsize,83.0,12.0,1417.28,6186.27
HE20556,Arizona,Bachelor,Employed,Female,31561.0,Suburban,Divorced,Web,Basic,Personal,Four-Door Car,Midsize,68.0,8.0,1326.4,5324.39
HE29300,California,Associate,Employed,Male,41104.0,Urban,Married,Call Center,Basic,Corporate,SUV,Large,109.0,4.0,1440.03,38545.71
HE60335,Washington,Bachelor,Employed,Female,60021.0,Suburban,Married,Agent,Extended,Corporate,Four-Door Car,Small,99.0,12.0,1882.87,3939.01
HF11584,Arizona,Master,Employed,Male,62448.0,Suburban,Married,Branch,Basic,Personal,SUV,Midsize,107.0,0.0,1513.6,12913.5
HF15113,Oregon,Bachelor,Disabled,Female,19096.0,Suburban,Divorced,Web,Basic,Personal,Two-Door Car,Midsize,64.0,17.0,1374.9,4883.55
HF44881,Arizona,High School,Employed,Male,29875.0,Suburban,Single,Web,Basic,Corporate,Sports Car,Midsize,119.0,9.0,1571.2,4542.41
HF62608,Oregon,Associate,Employed,Female,44213.0,Rural,Single,Branch,Extended,Personal,Four-Door Car,Midsize,85.0,15.0,1077.52,6753.43
HF67477,Washington,High School,Disabled,Male,14909.0,Suburban,Married,Branch,Basic,Personal,Luxury Car,Midsize,199.0,31.0,2238.08,15096.27
HF72557,Washington,Bachelor,Medical Leave,Male,19948.0,Suburban,Divorced,Branch,Extended,Personal,Four-Door Car,Midsize,89.0,17.0,1427.2,3226.79
HF75891,Washington,High School,Employed,Female,82302.0,Suburban,Married,Branch,Basic,Personal,SUV,Midsize,106.0,11.0,1722.1799999999998,4331.46
HF88410,Washington,High School,Employed,Male,36765.0,Suburban,Married,Call Center,Basic,Personal,Four-Door Car,Midsize,66.0,15.0,1320.85,7703.4
HF96939,Oregon,High School,Employed,Male,34510.0,Suburban,Divorced,Agent,Extended,Personal,Four-Door Car,Small,81.0,0.0,1388.8,3126.27
HG32616,Nevada,High School,Employed,Male,50200.0,Urban,Divorced,Agent,Extended,Personal,Sports Car,Midsize,135.0,23.0,1637.06,5295.74
HG33568,Arizona,Master,Employed,Female,25666.0,Urban,Married,Call Center,Basic,Personal,Four-Door Car,Midsize,63.0,7.0,1270.0,7482.64
HG53255,Nevada,Associate,Employed,Male,66146.0,Urban,Single,Call Center,Extended,Personal,Two-Door Car,Midsize,96.0,2.0,1250.7,11243.9
HG64216,California,Associate,Employed,Male,37124.0,Suburban,Married,Branch,Basic,Personal,Two-Door Car,Midsize,72.0,4.0,1430.52,2832.51
HG68775,Washington,Associate,Medical Leave,Female,15462.0,Suburban,Married,Web,Premium,Corporate,Four-Door Car,Midsize,115.0,34.0,1611.94,4506.49
HG81101,Washington,Bachelor,Employed,Female,20327.0,Suburban,Married,Web,Basic,Personal,Four-Door Car,Midsize,74.0,26.0,1824.25,2911.92
HG81172,Arizona,Associate,Employed,Female,54665.0,Rural,Married,Agent,Extended,Personal,Four-Door Car,Midsize,97.0,0.0,1099.81,7693.12
HG83893,Nevada,High School,Employed,Female,59183.0,Suburban,Married,Agent,Basic,Personal,SUV,Midsize,113.0,11.0,1542.4,9100.73
HG93801,Arizona,High School,Employed,Male,82730.0,Urban,Married,Branch,Extended,Corporate,SUV,Large,127.0,13.0,1442.52,5154.76
HH15953,California,Bachelor,Disabled,Male,21353.0,Suburban,Divorced,Agent,Extended,Personal,Four-Door Car,Midsize,80.0,28.0,1576.0,3013.44
HH22446,Nevada,Bachelor,Disabled,Male,18375.0,Suburban,Married,Branch,Basic,Personal,Sports Car,Large,103.0,8.0,1535.08,3954.34
HH23204,California,Doctoral,Disabled,Female,21986.0,Suburban,Divorced,Branch,Basic,Personal,Two-Door Car,Midsize,63.0,1.0,1333.7,2395.57
HH45183,Oregon,High School,Employed,Male,93308.0,Suburban,Married,Agent,Extended,Personal,Four-Door Car,Midsize,92.0,20.0,1441.6,3713.8
HH49378,California,Master,Employed,Male,69872.0,Rural,Married,Web,Basic,Corporate,Sports Car,Midsize,111.0,35.0,1218.4,30859.36
HH49391,Oregon,High School,Retired,Male,15741.0,Suburban,Divorced,Web,Extended,Special,SUV,Midsize,132.0,14.0,1633.6,9414.94
HH55884,Arizona,Associate,Disabled,Male,10275.0,Suburban,Single,Agent,Extended,Personal,Four-Door Car,Midsize,97.0,10.0,1465.6,3495.89
HH61461,Nevada,Bachelor,Employed,Female,57483.0,Suburban,Married,Branch,Extended,Personal,Four-Door Car,Small,82.0,4.0,1540.0700000000002,9971.02
HH69970,California,Bachelor,Employed,Female,32311.0,Urban,Married,Agent,Extended,Corporate,Four-Door Car,Large,79.0,10.0,1207.29,6282.08
HH90090,California,Bachelor,Employed,Female,29549.0,Suburban,Divorced,Call Center,Basic,Personal,Sports Car,Small,104.0,17.0,1710.4299999999998,4076.63
HH99354,Oregon,Bachelor,Employed,Male,67276.0,Urban,Married,Call Center,Basic,Personal,Two-Door Car,Midsize,61.0,7.0,1181.8,7231.0
HI16116,Oregon,Master,Employed,Female,29899.0,Suburban,Married,Agent,Basic,Personal,Four-Door Car,Small,66.0,21.0,1419.3,5278.65
HI16472,Arizona,Associate,Employed,Female,23666.0,Suburban,Married,Agent,Basic,Personal,SUV,Midsize,104.0,7.0,1499.2,8355.96
HI34993,Oregon,High School,Employed,Male,40376.0,Suburban,Married,Agent,Basic,Personal,Four-Door Car,Large,69.0,16.0,1427.87,5421.02
HI48554,California,High School,Medical Leave,Female,29587.0,Suburban,Married,Web,Basic,Personal,Two-Door Car,Small,69.0,8.0,1331.2,2648.35
HI51182,Oregon,Associate,Employed,Female,59888.0,Suburban,Married,Branch,Premium,Personal,Four-Door Car,Midsize,106.0,6.0,1712.6799999999998,8453.68
HI60054,California,Bachelor,Employed,Female,51593.0,Urban,Married,Agent,Extended,Personal,Two-Door Car,Midsize,80.0,5.0,1202.91,9404.45
HI71466,California,Associate,Employed,Male,23459.0,Rural,Married,Branch,Extended,Personal,Four-Door Car,Midsize,96.0,17.0,1185.07,3847.35
HI74419,Washington,Associate,Employed,Male,50825.0,Urban,Married,Agent,Basic,Personal,SUV,Midsize,102.0,3.0,1369.6100000000001,8092.88
HI91534,California,Associate,Employed,Female,91485.0,Urban,Divorced,Web,Basic,Personal,SUV,Small,114.0,2.0,1392.93,4571.51
HI98447,Oregon,High School,Employed,Male,28505.0,Suburban,Married,Agent,Extended,Personal,Four-Door Car,Large,88.0,0.0,1422.4,10552.43
HJ15383,Washington,Master,Employed,Male,27658.0,Rural,Married,Call Center,Basic,Personal,Four-Door Car,Midsize,68.0,4.0,1160.08,8032.4
HJ19927,Nevada,Master,Medical Leave,Male,14775.0,Rural,Married,Agent,Basic,Personal,Four-Door Car,Midsize,69.0,11.0,1170.94,5297.63
HJ37943,California,Bachelor,Employed,Female,75634.0,Urban,Married,Agent,Premium,Personal,Two-Door Car,Midsize,110.0,13.0,1432.81,13333.39
HJ57617,Oregon,Bachelor,Employed,Male,31686.0,Suburban,Married,Web,Basic,Corporate,SUV,Midsize,101.0,14.0,1710.6599999999999,7685.4
HJ58678,Nevada,Associate,Employed,Female,57587.0,Urban,Divorced,Agent,Basic,Personal,Four-Door Car,Midsize,68.0,4.0,1257.09,5418.15
HJ62427,California,Associate,Employed,Female,90804.0,Rural,Married,Agent,Extended,Personal,Four-Door Car,Midsize,87.0,1.0,1169.3899999999999,3522.48
HJ64867,Arizona,Associate,Employed,Female,78352.0,Rural,Divorced,Web,Basic,Personal,Two-Door Car,Midsize,74.0,33.0,1152.37,5895.11
HJ79774,Oregon,Associate,Employed,Female,31591.0,Urban,Married,Branch,Basic,Corporate,Four-Door Car,Midsize,72.0,17.0,1240.24,2764.8
HJ89045,California,Bachelor,Employed,Female,96337.0,Suburban,Married,Branch,Extended,Personal,SUV,Midsize,127.0,19.0,1609.6,10288.92
HK15299,California,High School,Employed,Male,38210.0,Suburban,Married,Agent,Basic,Personal,Four-Door Car,Midsize,69.0,25.0,1383.04,5479.85
HK16676,Oregon,High School,Employed,Male,39618.0,Suburban,Married,Agent,Basic,Corporate,Four-Door Car,Small,68.0,0.0,1326.4,2712.83
HK26543,California,High School,Employed,Male,28056.0,Suburban,Married,Branch,Basic,Personal,Four-Door Car,Midsize,64.0,32.0,1307.2,5045.87
HK30754,Arizona,Associate,Medical Leave,Male,26263.0,Suburban,Divorced,Agent,Extended,Special,Two-Door Car,Large,85.0,11.0,1475.16,9426.97
HK40573,California,Associate,Employed,Male,52174.0,Urban,Married,Call Center,Extended,Personal,SUV,Midsize,121.0,22.0,1403.74,14382.56
HK93338,Washington,High School,Disabled,Female,23769.0,Suburban,Divorced,Branch,Basic,Personal,Four-Door Car,Midsize,69.0,18.0,1470.1,7931.72
HK96298,California,Master,Employed,Male,61807.0,Rural,Divorced,Agent,Basic,Personal,Four-Door Car,Large,70.0,0.0,1104.21,2784.97
HL33607,Washington,Associate,Employed,Male,83846.0,Suburban,Married,Agent,Basic,Personal,Four-Door Car,Large,74.0,22.0,1355.2,8717.05
HL40930,Oregon,Bachelor,Employed,Male,63651.0,Rural,Single,Branch,Extended,Personal,Four-Door Car,Large,92.0,19.0,1224.71,7150.23
HL63895,Arizona,Master,Employed,Male,30492.0,Urban,Married,Branch,Basic,Personal,Four-Door Car,Midsize,61.0,32.0,1171.38,7302.78
HL91178,California,High School,Employed,Male,74713.0,Suburban,Married,Branch,Basic,Personal,Four-Door Car,Large,70.0,20.0,1336.0,2809.77
HL97125,Nevada,High School,Employed,Female,76157.0,Suburban,Married,Call Center,Premium,Personal,Two-Door Car,Small,116.0,15.0,1556.8,4669.23
HM20848,California,High School,Employed,Female,39053.0,Suburban,Married,Agent,Basic,Personal,Sports Car,Midsize,114.0,5.0,1547.2,4594.29
HM21382,Washington,Bachelor,Employed,Male,46210.0,Suburban,Married,Branch,Basic,Personal,Two-Door Car,Midsize,61.0,24.0,1439.2,2402.33
HM33037,Arizona,Bachelor,Disabled,Male,16233.0,Suburban,Married,Web,Basic,Personal,Luxury Car,Midsize,197.0,17.0,2418.4,7609.09
HM38744,Oregon,Bachelor,Retired,Male,22828.0,Suburban,Married,Agent,Basic,Corporate,SUV,Midsize,106.0,11.0,1508.8,16473.17
HM41195,Arizona,High School,Medical Leave,Male,22906.0,Suburban,Married,Branch,Extended,Personal,Four-Door Car,Large,76.0,17.0,1519.88,5746.33
HM55802,California,Bachelor,Disabled,Female,17870.0,Suburban,Married,Branch,Basic,Corporate,Four-Door Car,Midsize,61.0,30.0,1439.2,2392.11
HM76207,California,Associate,Employed,Female,26308.0,Suburban,Married,Web,Basic,Corporate,SUV,Midsize,114.0,10.0,1547.2,9051.91
HM93220,Arizona,High School,Medical Leave,Female,25852.0,Suburban,Married,Agent,Extended,Personal,Sports Car,Midsize,135.0,29.0,1648.0,15266.48
HM94328,Arizona,Associate,Employed,Male,20396.0,Suburban,Married,Branch,Extended,Corporate,Four-Door Car,Midsize,76.0,15.0,1364.8,6047.03
HN35280,Arizona,Bachelor,Employed,Male,82225.0,Suburban,Divorced,Web,Basic,Personal,Two-Door Car,Midsize,61.0,24.0,1292.8,2446.66
HN38084,Nevada,High School,Employed,Male,51008.0,Suburban,Married,Branch,Basic,Corporate,Two-Door Car,Small,74.0,5.0,1355.2,11772.79
HN45134,Arizona,Master,Employed,Male,88997.0,Rural,Divorced,Branch,Basic,Personal,Four-Door Car,Small,72.0,9.0,1174.04,5757.44
HN69035,Arizona,Associate,Employed,Female,91810.0,Rural,Married,Web,Basic,Corporate,Four-Door Car,Midsize,71.0,27.0,1165.52,2867.21
HO29524,California,Associate,Employed,Male,68205.0,Rural,Married,Branch,Extended,Personal,Two-Door Car,Midsize,76.0,35.0,1099.38,3034.65
HO30839,Washington,Master,Disabled,Female,10511.0,Urban,Married,Branch,Extended,Corporate,SUV,Midsize,139.0,33.0,1516.24,5346.92
HO50571,California,Associate,Employed,Female,35482.0,Suburban,Married,Branch,Extended,Personal,SUV,Midsize,129.0,21.0,1619.2,10208.93
HO61691,Arizona,Bachelor,Employed,Female,72006.0,Suburban,Divorced,Agent,Basic,Personal,Four-Door Car,Midsize,64.0,4.0,1307.2,5094.52
HO74982,California,Bachelor,Employed,Female,74888.0,Suburban,Married,Call Center,Basic,Personal,Two-Door Car,Small,68.0,19.0,1335.94,5382.76
HO77809,Oregon,Associate,Employed,Female,59098.0,Suburban,Divorced,Agent,Basic,Personal,SUV,Midsize,110.0,31.0,1665.9299999999998,8688.75
HO81102,Washington,High School,Employed,Male,50549.0,Suburban,Divorced,Agent,Basic,Personal,Four-Door Car,Midsize,61.0,2.0,1292.8,4745.18
HO92982,California,High School,Employed,Male,85355.0,Suburban,Married,Call Center,Basic,Personal,Two-Door Car,Small,71.0,34.0,1458.57,8405.75
HO94329,Arizona,Associate,Employed,Male,53105.0,Urban,Married,Agent,Basic,Corporate,SUV,Midsize,110.0,6.0,1365.3600000000001,25900.2
HP20623,California,High School,Employed,Female,70988.0,Suburban,Married,Web,Basic,Personal,Four-Door Car,Midsize,65.0,3.0,1312.0,5227.57
HP27902,Arizona,Bachelor,Employed,Female,33747.0,Urban,Married,Branch,Basic,Corporate,Luxury Car,Midsize,199.0,29.0,1832.7,23536.75
HP36979,California,Associate,Employed,Male,49988.0,Suburban,Married,Web,Extended,Personal,Two-Door Car,Large,84.0,6.0,1566.94,6408.79
HP40365,Oregon,Associate,Employed,Female,70492.0,Urban,Divorced,Web,Basic,Personal,Two-Door Car,Midsize,70.0,29.0,1328.3600000000001,5638.05
HP42153,Washington,High School,Medical Leave,Female,12928.0,Suburban,Single,Agent,Basic,Personal,Four-Door Car,Midsize,64.0,12.0,1307.2,2351.88
HP46467,Oregon,Associate,Employed,Female,21385.0,Suburban,Divorced,Web,Extended,Corporate,SUV,Large,127.0,14.0,1609.6,4953.09
HP55853,California,Associate,Employed,Male,49078.0,Suburban,Single,Branch,Extended,Corporate,Four-Door Car,Midsize,97.0,10.0,1484.01,22332.44
HP56518,Oregon,Bachelor,Employed,Male,67798.0,Suburban,Divorced,Agent,Basic,Personal,Four-Door Car,Midsize,69.0,1.0,1331.2,5548.03
HP68848,Arizona,High School,Employed,Female,53792.0,Suburban,Married,Call Center,Premium,Corporate,Four-Door Car,Small,115.0,1.0,1552.0,9165.72
HP73832,California,Associate,Employed,Female,20217.0,Suburban,Married,Web,Extended,Personal,Four-Door Car,Midsize,96.0,16.0,1513.31,3796.55
HP77890,Washington,Associate,Employed,Female,56457.0,Rural,Single,Web,Basic,Personal,Four-Door Car,Large,73.0,27.0,1138.46,14413.38
HP87787,Arizona,Bachelor,Employed,Male,82664.0,Rural,Married,Agent,Basic,Corporate,SUV,Midsize,114.0,24.0,1133.43,8838.09
HP94242,Arizona,Bachelor,Employed,Female,42621.0,Suburban,Married,Call Center,Basic,Personal,Four-Door Car,Midsize,66.0,8.0,1316.8,5288.17
HQ10502,Oregon,Bachelor,Employed,Male,40548.0,Suburban,Divorced,Agent,Extended,Personal,Four-Door Car,Midsize,98.0,7.0,1470.4,11692.01
HQ16068,Washington,High School,Employed,Male,73716.0,Rural,Married,Call Center,Basic,Special,Sports Car,Midsize,103.0,2.0,1162.66,24636.97
HQ23708,Arizona,Master,Employed,Female,53736.0,Rural,Married,Web,Basic,Personal,Two-Door Car,Midsize,71.0,2.0,1169.29,8596.92
HQ32112,Arizona,High School,Employed,Male,68131.0,Rural,Married,Branch,Extended,Personal,SUV,Midsize,130.0,22.0,1226.6100000000001,5244.4
HQ41200,Oregon,Associate,Employed,Female,26118.0,Suburban,Divorced,Agent,Premium,Personal,Four-Door Car,Midsize,101.0,30.0,1484.8,7974.95
HQ60388,Oregon,High School,Employed,Female,50446.0,Suburban,Married,Web,Basic,Personal,Four-Door Car,Midsize,74.0,28.0,1355.2,8625.84
HQ76003,Nevada,High School,Employed,Female,40602.0,Urban,Single,Branch,Basic,Personal,Sports Car,Midsize,105.0,14.0,1459.9,12383.53
HQ82233,California,High School,Employed,Male,42995.0,Urban,Married,Call Center,Basic,Personal,SUV,Midsize,101.0,10.0,1410.51,11982.42
HQ87008,California,Bachelor,Employed,Female,94962.0,Suburban,Married,Agent,Basic,Personal,Two-Door Car,Large,67.0,10.0,1321.6,2627.61
HR10526,California,Master,Employed,Male,44320.0,Suburban,Married,Call Center,Basic,Personal,Four-Door Car,Midsize,67.0,13.0,1321.6,8044.73
HR28499,California,Bachelor,Employed,Male,43578.0,Rural,Married,Agent,Extended,Personal,Two-Door Car,Midsize,98.0,5.0,1105.66,3890.96
HR42454,Washington,High School,Employed,Female,88706.0,Suburban,Married,Branch,Premium,Corporate,Two-Door Car,Small,110.0,14.0,1528.0,13372.02
HR44460,California,Bachelor,Employed,Female,60970.0,Rural,Divorced,Agent,Basic,Personal,SUV,Midsize,110.0,20.0,1094.5,26338.59
HR85211,Washington,Master,Employed,Female,89879.0,Rural,Married,Web,Basic,Personal,Two-Door Car,Midsize,63.0,17.0,1094.03,5123.17
HR87252,California,Bachelor,Employed,Female,97745.0,Suburban,Divorced,Branch,Basic,Personal,Sports Car,Midsize,113.0,10.0,1695.1399999999999,9043.68
HR92775,California,Associate,Employed,Female,91774.0,Urban,Single,Call Center,Extended,Personal,Four-Door Car,Midsize,81.0,4.0,1285.02,3226.52
HS39343,Washington,Bachelor,Disabled,Female,29633.0,Urban,Married,Agent,Basic,Corporate,Luxury Car,Midsize,196.0,26.0,1534.65,7475.78
HS66275,California,High School,Employed,Female,77309.0,Suburban,Married,Agent,Extended,Personal,Two-Door Car,Small,83.0,22.0,1596.3200000000002,3358.66
HS67749,California,Associate,Employed,Male,71038.0,Rural,Married,Agent,Extended,Corporate,Four-Door Car,Midsize,86.0,15.0,1205.44,6847.12
HS69837,Oregon,Associate,Employed,Male,75497.0,Rural,Divorced,Branch,Basic,Personal,SUV,Small,100.0,5.0,1071.77,7951.78
HS74723,Arizona,Associate,Employed,Female,80969.0,Suburban,Married,Web,Extended,Personal,Luxury SUV,Small,217.0,1.0,2041.6,17441.64
HS79851,Oregon,Bachelor,Retired,Male,27681.0,Suburban,Married,Agent,Extended,Personal,Two-Door Car,Midsize,83.0,13.0,1398.4,6057.07
HS85465,California,Bachelor,Employed,Male,92296.0,Suburban,Married,Agent,Basic,Corporate,Two-Door Car,Midsize,69.0,4.0,1331.2,2759.98
HS88081,California,High School,Employed,Female,42846.0,Urban,Married,Branch,Extended,Corporate,Four-Door Car,Midsize,81.0,14.0,1286.1399999999999,6480.68
HS94778,Oregon,Associate,Employed,Female,32214.0,Urban,Married,Call Center,Basic,Personal,SUV,Midsize,100.0,5.0,1296.56,11793.13
HT16519,Washington,Bachelor,Employed,Female,63009.0,Urban,Married,Call Center,Basic,Personal,Sports Car,Small,112.0,17.0,1485.29,26900.27
HT31871,Arizona,High School,Employed,Male,36305.0,Suburban,Married,Branch,Basic,Personal,Four-Door Car,Small,61.0,19.0,1292.8,4861.37
HT48275,Oregon,Bachelor,Employed,Male,91212.0,Urban,Married,Call Center,Basic,Personal,Two-Door Car,Midsize,69.0,9.0,1270.31,5532.75
HT50748,Oregon,Doctoral,Employed,Female,38893.0,Urban,Single,Branch,Basic,Personal,Two-Door Car,Midsize,69.0,12.0,1279.96,2779.85
HT87217,Oregon,High School,Employed,Female,70699.0,Urban,Divorced,Agent,Extended,Personal,Four-Door Car,Midsize,82.0,1.0,1256.81,19776.57
HT92952,California,Bachelor,Employed,Male,82664.0,Rural,Married,Agent,Basic,Corporate,SUV,Midsize,114.0,24.0,1133.43,8838.09
HT96569,Oregon,Bachelor,Employed,Male,57117.0,Suburban,Married,Branch,Basic,Personal,Four-Door Car,Small,67.0,6.0,1321.6,2656.99
HU26687,California,Bachelor,Employed,Male,48008.0,Rural,Married,Branch,Basic,Personal,Four-Door Car,Midsize,73.0,33.0,1137.08,2824.85
HU35721,Oregon,High School,Employed,Male,40171.0,Suburban,Divorced,Agent,Basic,Personal,Four-Door Car,Midsize,73.0,8.0,1350.4,2876.82
HU41273,Oregon,High School,Employed,Male,95697.0,Rural,Married,Agent,Basic,Personal,Sports Car,Midsize,107.0,29.0,1178.01,8564.77
HU54636,California,Associate,Employed,Female,41212.0,Urban,Married,Web,Extended,Personal,Four-Door Car,Midsize,95.0,13.0,1405.44,3791.55
HU72679,Oregon,Doctoral,Employed,Male,90334.0,Urban,Divorced,Branch,Basic,Corporate,SUV,Midsize,119.0,4.0,1423.79,9635.58
HU81007,Oregon,Bachelor,Disabled,Female,21706.0,Suburban,Divorced,Agent,Basic,Personal,SUV,Midsize,108.0,19.0,1518.4,8196.08
HU82227,Arizona,Associate,Employed,Male,49214.0,Urban,Married,Agent,Premium,Corporate,Four-Door Car,Midsize,102.0,0.0,1371.32,15638.58
HU89665,Oregon,Associate,Employed,Female,20495.0,Suburban,Married,Agent,Basic,Personal,Four-Door Car,Midsize,61.0,7.0,1292.8,12128.37
HV16877,California,High School,Employed,Female,43278.0,Suburban,Married,Call Center,Basic,Personal,Four-Door Car,Small,68.0,10.0,1326.4,2721.59
HV50891,Nevada,Doctoral,Employed,Male,31278.0,Suburban,Married,Branch,Extended,Personal,Two-Door Car,Midsize,92.0,24.0,1441.6,3528.04
HV62406,Oregon,High School,Disabled,Female,26100.0,Suburban,Single,Agent,Basic,Personal,Four-Door Car,Midsize,67.0,6.0,1482.4,2482.41
HV69023,California,High School,Medical Leave,Female,19189.0,Suburban,Married,Web,Basic,Personal,SUV,Large,108.0,21.0,1518.4,8281.74
HV75193,California,Master,Disabled,Female,26924.0,Urban,Married,Call Center,Basic,Personal,Four-Door Car,Midsize,73.0,12.0,1262.09,2866.6
HV75704,California,Bachelor,Employed,Female,70521.0,Suburban,Married,Agent,Basic,Corporate,Four-Door Car,Small,63.0,13.0,1302.4,22762.21
HV83672,Oregon,Bachelor,Employed,Female,38772.0,Urban,Married,Branch,Extended,Personal,Four-Door Car,Midsize,90.0,8.0,1321.87,28393.33
HV85198,Arizona,Master,Employed,Male,63513.0,Urban,Married,Branch,Basic,Personal,Four-Door Car,Small,70.0,13.0,1185.67,8471.42
HV93429,Oregon,Master,Employed,Female,23636.0,Rural,Married,Call Center,Basic,Personal,Four-Door Car,Large,65.0,19.0,1081.45,5176.58
HW16019,Oregon,Bachelor,Disabled,Male,24133.0,Rural,Married,Call Center,Basic,Personal,Two-Door Car,Midsize,68.0,20.0,1076.03,7583.19
HW19141,Oregon,Bachelor,Employed,Female,65773.0,Urban,Married,Call Center,Extended,Corporate,Four-Door Car,Midsize,89.0,24.0,1245.31,3452.41
HW19506,Arizona,High School,Employed,Female,37995.0,Suburban,Married,Branch,Extended,Personal,SUV,Midsize,139.0,16.0,1667.2,5597.12
HW20940,California,Bachelor,Employed,Male,42837.0,Urban,Married,Agent,Basic,Personal,SUV,Midsize,106.0,15.0,1290.58,4170.57
HW27766,Arizona,Associate,Medical Leave,Male,16367.0,Suburban,Married,Branch,Extended,Personal,Four-Door Car,Midsize,94.0,2.0,1515.5700000000002,7259.33
HW40931,Oregon,Associate,Employed,Female,34612.0,Suburban,Married,Web,Extended,Special,Four-Door Car,Small,91.0,8.0,1655.2,10834.87
HW42900,California,Associate,Employed,Male,22926.0,Suburban,Married,Web,Extended,Corporate,Four-Door Car,Small,93.0,1.0,1479.93,11003.02
HW54198,Nevada,Master,Employed,Male,94186.0,Rural,Married,Call Center,Basic,Personal,Four-Door Car,Midsize,64.0,20.0,1135.34,5201.97
HW56522,Arizona,Bachelor,Employed,Male,35322.0,Rural,Married,Agent,Extended,Personal,Luxury Car,Small,244.0,4.0,1076.83,19185.07
HW65139,California,Doctoral,Medical Leave,Male,21275.0,Suburban,Divorced,Agent,Extended,Personal,Luxury SUV,Midsize,240.0,3.0,2152.0,26730.06
HW87852,Oregon,Master,Medical Leave,Male,26840.0,Suburban,Married,Agent,Basic,Personal,Four-Door Car,Midsize,64.0,1.0,1307.2,2451.75
HW94513,Nevada,High School,Employed,Male,67197.0,Urban,Divorced,Branch,Basic,Personal,Two-Door Car,Midsize,74.0,29.0,1275.6100000000001,8481.31
HW97280,California,High School,Employed,Male,74300.0,Urban,Married,Web,Extended,Personal,SUV,Midsize,122.0,23.0,1354.55,19483.24
HW99293,Arizona,Bachelor,Employed,Male,21234.0,Suburban,Married,Agent,Basic,Personal,Four-Door Car,Midsize,73.0,8.0,1378.33,2869.74
HX11651,Oregon,Associate,Medical Leave,Male,17860.0,Suburban,Single,Call Center,Extended,Personal,Two-Door Car,Midsize,99.0,16.0,1656.12,3288.83
HX17929,California,High School,Retired,Female,11828.0,Suburban,Divorced,Agent,Extended,Personal,Four-Door Car,Large,90.0,18.0,1571.48,10083.49
HX21307,Oregon,Associate,Employed,Male,72302.0,Suburban,Divorced,Agent,Basic,Personal,Two-Door Car,Midsize,66.0,6.0,1316.8,2616.61
HX31231,Arizona,Bachelor,Medical Leave,Female,24345.0,Suburban,Married,Call Center,Premium,Corporate,Four-Door Car,Midsize,106.0,15.0,1637.7,8183.59
HX33134,Arizona,High School,Disabled,Male,22158.0,Suburban,Married,Call Center,Basic,Personal,Four-Door Car,Small,74.0,8.0,1355.2,2758.33
HX41374,California,High School,Employed,Male,72988.0,Rural,Married,Call Center,Extended,Personal,SUV,Midsize,127.0,6.0,1276.5,15234.75
HX45529,Oregon,Master,Employed,Male,37282.0,Urban,Married,Branch,Extended,Personal,Four-Door Car,Small,79.0,1.0,1222.51,25169.19
HX63408,Arizona,Bachelor,Employed,Male,73769.0,Rural,Divorced,Branch,Basic,Corporate,Four-Door Car,Midsize,61.0,24.0,1121.65,4822.44
HX74855,Washington,High School,Employed,Male,95697.0,Rural,Married,Agent,Basic,Personal,Two-Door Car,Midsize,61.0,16.0,1114.27,2471.53
HX77930,Washington,Associate,Employed,Female,49532.0,Urban,Married,Agent,Extended,Personal,Four-Door Car,Midsize,79.0,16.0,1220.19,3136.43
HX78576,California,High School,Employed,Female,24516.0,Urban,Married,Call Center,Basic,Personal,Four-Door Car,Midsize,71.0,11.0,1300.6100000000001,5636.74
HX87528,California,Associate,Employed,Male,51800.0,Urban,Single,Agent,Extended,Personal,Four-Door Car,Midsize,92.0,29.0,1299.45,3509.97
HX90683,California,Associate,Employed,Female,63860.0,Urban,Married,Agent,Basic,Personal,Four-Door Car,Midsize,62.0,26.0,1208.6,2472.47
HY16703,Oregon,Associate,Employed,Male,36463.0,Suburban,Single,Agent,Extended,Personal,Four-Door Car,Midsize,92.0,8.0,1441.6,7158.53
HY32811,California,Bachelor,Employed,Female,67186.0,Urban,Single,Branch,Basic,Personal,Four-Door Car,Small,66.0,22.0,1184.94,7850.13
HY35960,Arizona,High School,Medical Leave,Male,10194.0,Suburban,Married,Branch,Basic,Personal,Two-Door Car,Small,65.0,34.0,1312.0,4957.4
HY36253,California,Bachelor,Disabled,Male,28677.0,Rural,Divorced,Agent,Extended,Personal,Four-Door Car,Midsize,78.0,3.0,1131.52,8490.28
HY49431,California,Bachelor,Employed,Female,21947.0,Urban,Married,Branch,Extended,Personal,Four-Door Car,Midsize,83.0,17.0,1366.91,3289.13
HY86417,Arizona,Associate,Employed,Female,74126.0,Suburban,Married,Call Center,Extended,Corporate,Two-Door Car,Midsize,90.0,14.0,1478.75,3653.7
HZ25580,Washington,High School,Employed,Female,39062.0,Suburban,Divorced,Agent,Basic,Corporate,Two-Door Car,Midsize,61.0,2.0,1346.99,2396.19
HZ28612,Washington,Associate,Employed,Female,59782.0,Suburban,Married,Branch,Basic,Personal,Four-Door Car,Small,70.0,29.0,1336.0,5626.57
HZ39407,Washington,Master,Disabled,Male,26713.0,Rural,Divorced,Agent,Basic,Personal,Four-Door Car,Midsize,71.0,22.0,1142.7,2686.54
HZ39601,California,Associate,Retired,Female,26708.0,Suburban,Divorced,Call Center,Extended,Personal,SUV,Midsize,122.0,10.0,1585.6,13447.37
HZ43637,Arizona,Associate,Employed,Female,22985.0,Suburban,Married,Agent,Extended,Special,Four-Door Car,Small,77.0,4.0,1458.06,3065.37
HZ47488,California,Doctoral,Employed,Male,27907.0,Suburban,Divorced,Call Center,Basic,Personal,Four-Door Car,Midsize,74.0,3.0,1406.44,2860.75
HZ56678,Oregon,High School,Disabled,Female,20261.0,Suburban,Divorced,Web,Basic,Personal,Four-Door Car,Large,72.0,4.0,1345.6,2780.2
HZ68892,California,Associate,Employed,Male,85245.0,Suburban,Married,Call Center,Basic,Personal,Sports Car,Large,115.0,6.0,1556.5700000000002,4584.14
HZ84382,Oregon,Master,Employed,Male,94851.0,Rural,Single,Call Center,Premium,Personal,Four-Door Car,Small,104.0,6.0,1191.0,8283.84
IA11038,Oregon,Associate,Employed,Female,77077.0,Urban,Single,Call Center,Basic,Personal,SUV,Midsize,112.0,11.0,1528.05,8845.71
IA15979,Washington,Associate,Employed,Male,40598.0,Urban,Single,Agent,Extended,Personal,Four-Door Car,Midsize,91.0,35.0,1302.79,6948.33
IA18854,California,High School,Medical Leave,Male,21638.0,Suburban,Married,Web,Basic,Personal,Four-Door Car,Small,65.0,9.0,1468.0,4960.55
IA33339,Oregon,Bachelor,Employed,Female,57052.0,Urban,Married,Agent,Basic,Corporate,SUV,Midsize,115.0,7.0,1483.63,9268.67
IA42992,Arizona,High School,Employed,Male,36881.0,Suburban,Married,Agent,Basic,Special,SUV,Midsize,104.0,5.0,1499.2,8267.12
IA52178,Arizona,Associate,Employed,Female,81119.0,Suburban,Married,Web,Premium,Corporate,SUV,Midsize,196.0,3.0,1940.8,15785.3
IA56290,Arizona,Associate,Employed,Female,88435.0,Rural,Married,Branch,Basic,Personal,Four-Door Car,Small,62.0,16.0,1136.26,2516.1
IA63417,Arizona,High School,Retired,Female,19782.0,Suburban,Divorced,Web,Premium,Personal,Two-Door Car,Midsize,108.0,13.0,1773.47,4001.52
IA67715,California,High School,Employed,Female,67332.0,Suburban,Married,Branch,Basic,Personal,Luxury Car,Midsize,192.0,3.0,1921.6,7720.16
IA91291,Arizona,Associate,Employed,Female,99069.0,Rural,Married,Branch,Basic,Corporate,Four-Door Car,Midsize,66.0,7.0,1077.44,7985.47
IA96447,California,Associate,Employed,Male,85019.0,Suburban,Married,Agent,Premium,Personal,Sports Car,Midsize,167.0,26.0,1801.6,6673.74
IB36843,California,Master,Employed,Male,90607.0,Urban,Single,Web,Basic,Personal,Four-Door Car,Midsize,70.0,8.0,1311.51,5565.89
IB39821,Arizona,Bachelor,Employed,Male,88708.0,Urban,Married,Agent,Basic,Personal,Sports Car,Small,112.0,6.0,1499.66,9011.13
IB41597,California,Associate,Employed,Female,67575.0,Urban,Married,Agent,Extended,Personal,Four-Door Car,Midsize,91.0,27.0,1401.6100000000001,11014.16
IB59831,Oregon,Associate,Employed,Male,39794.0,Suburban,Single,Agent,Extended,Corporate,SUV,Small,133.0,0.0,1638.4,15512.56
IB67546,California,Bachelor,Medical Leave,Female,23940.0,Suburban,Married,Call Center,Basic,Personal,SUV,Small,107.0,13.0,1513.6,8237.04
IB80924,Washington,High School,Employed,Female,90783.0,Urban,Divorced,Agent,Basic,Personal,SUV,Small,104.0,0.0,1285.75,32864.4
IB81655,California,Bachelor,Employed,Male,50147.0,Suburban,Single,Branch,Basic,Personal,SUV,Midsize,101.0,4.0,1484.8,7695.12
IB87349,California,High School,Employed,Male,70340.0,Suburban,Married,Agent,Premium,Special,Four-Door Car,Small,113.0,5.0,1542.4,4528.5
IC11062,Nevada,High School,Employed,Female,37995.0,Suburban,Married,Branch,Extended,Personal,SUV,Midsize,139.0,16.0,1667.2,5597.12
IC12985,Arizona,Bachelor,Employed,Male,40160.0,Suburban,Married,Call Center,Premium,Personal,Four-Door Car,Small,118.0,7.0,1566.4,4579.61
IC22580,California,Associate,Employed,Male,85339.0,Urban,Married,Agent,Extended,Personal,Four-Door Car,Small,95.0,6.0,1392.75,11533.97
IC32996,Oregon,High School,Employed,Male,69247.0,Urban,Married,Agent,Basic,Corporate,Two-Door Car,Midsize,61.0,12.0,1226.52,4872.77
IC41932,Nevada,Associate,Employed,Male,56718.0,Suburban,Divorced,Call Center,Basic,Personal,SUV,Midsize,113.0,7.0,1542.4,4371.19
IC43478,California,Bachelor,Employed,Male,34923.0,Suburban,Single,Call Center,Extended,Personal,Two-Door Car,Midsize,98.0,23.0,1639.1100000000001,11264.36
IC44995,Oregon,Associate,Employed,Female,75921.0,Suburban,Married,Agent,Basic,Personal,SUV,Midsize,106.0,32.0,1609.6799999999998,4277.56
IC51895,Arizona,Associate,Employed,Female,38873.0,Suburban,Married,Branch,Extended,Personal,Two-Door Car,Midsize,92.0,6.0,1599.81,10970.13
IC59236,California,Associate,Employed,Female,44762.0,Rural,Married,Branch,Basic,Corporate,Four-Door Car,Midsize,62.0,14.0,1114.51,4943.39
IC61020,Oregon,High School,Employed,Female,88360.0,Suburban,Divorced,Call Center,Basic,Personal,Luxury Car,Large,185.0,2.0,1929.96,7437.51
IC70693,California,Bachelor,Employed,Female,70140.0,Suburban,Married,Web,Basic,Corporate,Luxury Car,Midsize,199.0,25.0,1955.2,16068.35
IC74050,California,High School,Disabled,Female,23939.0,Suburban,Married,Call Center,Premium,Personal,SUV,Midsize,160.0,33.0,1768.0,6153.39
IC77855,California,Associate,Employed,Male,40571.0,Urban,Married,Branch,Basic,Personal,SUV,Midsize,100.0,19.0,1361.79,15272.8
IC78105,Arizona,High School,Disabled,Female,26444.0,Suburban,Married,Branch,Basic,Personal,Luxury Car,Midsize,196.0,4.0,1940.8,7744.64
IC80537,California,Associate,Employed,Male,46900.0,Suburban,Married,Web,Basic,Corporate,Four-Door Car,Midsize,66.0,13.0,1316.8,2580.85
IC82877,Arizona,Bachelor,Employed,Male,58092.0,Urban,Married,Branch,Basic,Personal,Two-Door Car,Midsize,72.0,7.0,1202.24,14031.7
IC94434,California,Bachelor,Disabled,Female,23815.0,Suburban,Married,Call Center,Basic,Corporate,Four-Door Car,Midsize,73.0,4.0,1424.33,8257.67
IC94523,California,Associate,Medical Leave,Female,25370.0,Suburban,Married,Branch,Basic,Personal,Sports Car,Large,102.0,10.0,1489.6,11638.9
ID15010,Oregon,Doctoral,Employed,Male,24164.0,Suburban,Divorced,Agent,Extended,Personal,Sports Car,Midsize,137.0,2.0,1657.6,10972.07
ID20929,Oregon,Bachelor,Medical Leave,Male,29926.0,Suburban,Divorced,Branch,Basic,Corporate,Four-Door Car,Midsize,74.0,25.0,1418.23,2756.94
ID21061,Arizona,Master,Employed,Female,84629.0,Urban,Married,Web,Extended,Personal,Four-Door Car,Large,90.0,19.0,1411.67,7291.6
ID39569,Washington,High School,Retired,Male,19382.0,Suburban,Married,Agent,Extended,Personal,Four-Door Car,Midsize,94.0,31.0,1676.8,10758.66
ID40186,Oregon,Bachelor,Employed,Female,27778.0,Suburban,Divorced,Agent,Premium,Personal,Four-Door Car,Large,109.0,30.0,1523.2,12904.94
ID58813,California,Bachelor,Employed,Male,38925.0,Rural,Divorced,Agent,Basic,Personal,Sports Car,Midsize,112.0,10.0,1241.3,4363.6
ID89933,Oregon,Doctoral,Employed,Female,39786.0,Urban,Married,Web,Extended,Personal,Four-Door Car,Midsize,91.0,2.0,1365.84,7255.58
IE15348,Washington,High School,Employed,Female,28466.0,Urban,Married,Agent,Basic,Personal,SUV,Midsize,102.0,33.0,1371.8,4067.0
IE29890,Oregon,High School,Employed,Female,58480.0,Suburban,Divorced,Branch,Basic,Personal,SUV,Midsize,113.0,6.0,1542.4,8861.48
IE36279,California,Bachelor,Employed,Male,80306.0,Suburban,Divorced,Call Center,Basic,Corporate,Two-Door Car,Midsize,71.0,11.0,1340.8,2844.85
IE40701,California,High School,Employed,Male,32807.0,Suburban,Married,Call Center,Basic,Personal,Four-Door Car,Small,73.0,10.0,1350.4,2877.35
IE49043,Nevada,Associate,Disabled,Female,21114.0,Suburban,Single,Call Center,Basic,Personal,Luxury Car,Midsize,180.0,7.0,1864.0,6698.97
IE57921,California,Bachelor,Medical Leave,Female,13037.0,Suburban,Married,Agent,Extended,Personal,SUV,Small,124.0,28.0,1839.35,4726.87
IE71278,California,Bachelor,Employed,Male,44369.0,Urban,Divorced,Web,Extended,Personal,Four-Door Car,Midsize,77.0,7.0,1362.28,2936.99
IE82679,California,Bachelor,Medical Leave,Male,29735.0,Suburban,Single,Agent,Basic,Personal,Four-Door Car,Midsize,69.0,3.0,1331.2,2453.57
IE85867,Arizona,High School,Employed,Female,46587.0,Suburban,Divorced,Call Center,Premium,Personal,Four-Door Car,Midsize,119.0,34.0,1571.2,41787.9
IE97795,California,High School,Employed,Male,39020.0,Suburban,Married,Agent,Extended,Corporate,Four-Door Car,Small,87.0,0.0,1485.01,6878.01
IF18508,California,High School,Employed,Female,70610.0,Rural,Single,Agent,Extended,Personal,Four-Door Car,Large,99.0,2.0,1240.98,7950.57
IF32545,Nevada,Master,Disabled,Female,22886.0,Suburban,Divorced,Agent,Basic,Corporate,Four-Door Car,Small,65.0,9.0,1312.0,5096.67
IF38438,Arizona,High School,Employed,Female,44695.0,Rural,Married,Call Center,Extended,Personal,Two-Door Car,Midsize,79.0,14.0,1081.17,21522.95
IF58637,California,High School,Employed,Female,22881.0,Suburban,Single,Call Center,Basic,Personal,Four-Door Car,Midsize,65.0,20.0,1312.0,2555.85
IF80474,Washington,Associate,Employed,Male,86653.0,Rural,Married,Call Center,Premium,Personal,Four-Door Car,Midsize,111.0,14.0,1277.2,13363.52
IF87079,Arizona,Master,Employed,Female,48927.0,Rural,Divorced,Agent,Basic,Personal,Four-Door Car,Midsize,72.0,1.0,1139.35,5801.13
IG56214,Nevada,High School,Disabled,Male,10892.0,Suburban,Divorced,Call Center,Basic,Personal,Four-Door Car,Midsize,66.0,16.0,1316.8,5010.45
IG62421,Nevada,Doctoral,Employed,Male,30817.0,Rural,Divorced,Branch,Extended,Personal,Four-Door Car,Midsize,88.0,25.0,1091.83,3436.13
IG68709,Oregon,High School,Employed,Female,41711.0,Urban,Single,Agent,Extended,Personal,Four-Door Car,Midsize,90.0,3.0,1351.29,3498.63
IG80173,California,Master,Employed,Female,36706.0,Suburban,Married,Agent,Basic,Personal,Four-Door Car,Small,71.0,4.0,1435.6100000000001,2863.31
IG80910,Oregon,High School,Employed,Female,47528.0,Urban,Married,Agent,Extended,Personal,Four-Door Car,Midsize,77.0,10.0,1277.58,3071.78
IG89777,California,High School,Employed,Male,81145.0,Urban,Married,Call Center,Extended,Corporate,Two-Door Car,Large,92.0,34.0,1321.06,7356.56
IG90926,Arizona,Associate,Employed,Female,71551.0,Suburban,Single,Branch,Basic,Personal,Four-Door Car,Midsize,62.0,10.0,1297.6,2476.59
IG94072,Oregon,High School,Employed,Female,75425.0,Suburban,Married,Branch,Extended,Personal,Sports Car,Large,123.0,3.0,1823.8,9928.87
IH17933,Washington,Associate,Employed,Male,70088.0,Urban,Married,Call Center,Basic,Personal,SUV,Large,112.0,0.0,1536.48,4462.45
IH18704,California,Master,Disabled,Male,23566.0,Suburban,Married,Agent,Basic,Personal,SUV,Midsize,112.0,3.0,1537.6,4365.26
IH20118,Oregon,High School,Medical Leave,Male,12430.0,Suburban,Single,Call Center,Basic,Personal,Four-Door Car,Midsize,73.0,22.0,1350.4,5169.5
IH35630,Oregon,High School,Employed,Female,46587.0,Suburban,Divorced,Call Center,Premium,Personal,Four-Door Car,Midsize,119.0,34.0,1571.2,41787.9
IH43245,Nevada,Associate,Employed,Male,52113.0,Suburban,Divorced,Agent,Extended,Corporate,Four-Door Car,Midsize,97.0,14.0,1465.6,7599.9
IH48064,Washington,High School,Employed,Male,68073.0,Suburban,Married,Agent,Basic,Personal,SUV,Midsize,114.0,16.0,1547.2,9080.28
IH54239,California,Master,Employed,Male,62474.0,Rural,Married,Branch,Basic,Personal,Four-Door Car,Midsize,63.0,20.0,1112.12,5089.69
IH62666,California,Bachelor,Employed,Female,33089.0,Suburban,Married,Web,Basic,Personal,Four-Door Car,Small,61.0,10.0,1292.8,7356.38
IH64929,California,High School,Employed,Male,87197.0,Urban,Single,Branch,Basic,Personal,Two-Door Car,Midsize,63.0,35.0,1247.4,4956.25
IH78357,Oregon,Associate,Employed,Female,83392.0,Rural,Married,Web,Basic,Personal,Four-Door Car,Midsize,71.0,30.0,1125.96,5761.32
IH91478,Oregon,Bachelor,Medical Leave,Female,23554.0,Rural,Married,Agent,Basic,Personal,Two-Door Car,Midsize,61.0,12.0,1142.46,4808.96
II16403,California,Associate,Employed,Female,31456.0,Rural,Single,Branch,Basic,Personal,Luxury SUV,Midsize,199.0,5.0,1436.7,7607.98
II20035,Oregon,High School,Medical Leave,Female,26239.0,Suburban,Married,Web,Basic,Personal,Four-Door Car,Small,65.0,11.0,1312.0,7451.48
II27516,California,High School,Employed,Male,44368.0,Suburban,Married,Call Center,Extended,Personal,Two-Door Car,Large,80.0,5.0,1384.0,6366.23
II32272,California,High School,Disabled,Female,19359.0,Suburban,Married,Call Center,Extended,Personal,Sports Car,Midsize,129.0,0.0,1928.8,25390.55
II37804,Nevada,Bachelor,Employed,Male,39913.0,Urban,Married,Agent,Basic,Personal,SUV,Small,106.0,16.0,1344.77,4198.03
II49996,Arizona,Bachelor,Employed,Male,74015.0,Suburban,Single,Call Center,Basic,Personal,Four-Door Car,Small,72.0,12.0,1471.44,5555.83
II62831,California,Master,Employed,Male,94656.0,Urban,Married,Web,Basic,Special,SUV,Midsize,111.0,12.0,1459.74,4479.02
II83628,California,Associate,Employed,Male,41045.0,Suburban,Single,Branch,Basic,Personal,Four-Door Car,Midsize,64.0,9.0,1394.58,7396.72
IJ18945,Washington,Associate,Employed,Female,20954.0,Suburban,Married,Agent,Extended,Special,Four-Door Car,Midsize,78.0,15.0,1534.5,3094.32
IJ21010,Arizona,Bachelor,Employed,Female,48567.0,Suburban,Single,Agent,Extended,Personal,SUV,Midsize,130.0,12.0,1624.0,5015.01
IJ25462,California,Bachelor,Employed,Male,86631.0,Suburban,Divorced,Agent,Basic,Personal,Four-Door Car,Small,73.0,7.0,1400.83,2845.52
IJ26642,Nevada,Bachelor,Employed,Female,35625.0,Urban,Married,Agent,Basic,Personal,Four-Door Car,Midsize,65.0,10.0,1288.57,5107.16
IJ28717,Oregon,Associate,Employed,Male,31503.0,Suburban,Married,Agent,Basic,Personal,SUV,Midsize,105.0,17.0,1504.0,32098.32
IJ40048,California,Bachelor,Employed,Male,28695.0,Urban,Single,Branch,Basic,Corporate,Four-Door Car,Midsize,64.0,17.0,1221.24,4978.95
IJ50779,Washington,High School,Medical Leave,Male,17101.0,Suburban,Single,Call Center,Basic,Personal,SUV,Midsize,113.0,1.0,1542.4,12298.69
IJ52285,Arizona,Master,Employed,Female,43579.0,Suburban,Single,Agent,Extended,Personal,Two-Door Car,Small,77.0,12.0,1452.1,6135.08
IJ74908,Nevada,Bachelor,Employed,Male,20705.0,Rural,Divorced,Call Center,Premium,Personal,SUV,Midsize,171.0,8.0,1237.26,13115.41
IK12576,Oregon,Bachelor,Employed,Female,95647.0,Suburban,Single,Agent,Premium,Personal,Two-Door Car,Midsize,106.0,11.0,1508.8,4233.57
IK12620,Arizona,High School,Disabled,Female,12160.0,Urban,Married,Agent,Premium,Personal,Four-Door Car,Midsize,109.0,5.0,1489.41,4213.92
IK44574,California,Bachelor,Employed,Male,28483.0,Suburban,Married,Agent,Basic,Corporate,Four-Door Car,Midsize,72.0,18.0,1345.6,5608.82
IK51081,California,Associate,Employed,Female,38713.0,Suburban,Divorced,Call Center,Basic,Personal,Four-Door Car,Midsize,66.0,31.0,1316.8,4834.71
IK60267,Nevada,Bachelor,Employed,Female,24967.0,Suburban,Married,Branch,Basic,Personal,Two-Door Car,Midsize,69.0,6.0,1331.2,2730.97
IK64989,Washington,Bachelor,Retired,Male,17622.0,Suburban,Divorced,Agent,Basic,Personal,Four-Door Car,Midsize,65.0,1.0,1312.0,4458.11
IK66117,California,High School,Medical Leave,Male,21827.0,Suburban,Married,Branch,Basic,Special,Four-Door Car,Midsize,67.0,18.0,1321.6,4969.36
IK74329,Arizona,High School,Medical Leave,Female,13164.0,Rural,Single,Agent,Basic,Personal,Two-Door Car,Midsize,70.0,0.0,1075.39,18061.92
IK82336,Oregon,Associate,Employed,Female,39018.0,Suburban,Married,Branch,Basic,Personal,SUV,Small,117.0,11.0,1561.6,14014.1
IK92617,Oregon,Bachelor,Employed,Female,97830.0,Urban,Married,Agent,Extended,Personal,Four-Door Car,Small,96.0,3.0,1298.3600000000001,11628.73
IK96366,California,Associate,Employed,Male,36918.0,Suburban,Divorced,Branch,Extended,Personal,Two-Door Car,Midsize,76.0,28.0,1364.8,5551.4
IL12516,Oregon,Bachelor,Medical Leave,Female,15514.0,Suburban,Married,Web,Basic,Corporate,Four-Door Car,Midsize,74.0,20.0,1355.2,2789.75
IL19217,California,Bachelor,Employed,Female,60021.0,Suburban,Married,Agent,Extended,Personal,Four-Door Car,Small,99.0,12.0,1882.87,3939.01
IL23615,Oregon,Associate,Employed,Male,74770.0,Suburban,Single,Branch,Extended,Personal,Four-Door Car,Large,86.0,23.0,1412.8,3350.24
IL25109,Nevada,High School,Employed,Male,39007.0,Suburban,Married,Branch,Premium,Personal,Two-Door Car,Large,105.0,29.0,2023.8400000000001,12521.42
IL28481,Oregon,Bachelor,Employed,Male,63243.0,Urban,Married,Call Center,Extended,Personal,Four-Door Car,Large,77.0,21.0,1364.24,6112.76
IL40123,Nevada,Associate,Employed,Female,83640.0,Suburban,Married,Branch,Basic,Corporate,Two-Door Car,Midsize,70.0,20.0,1471.05,5689.64
IL42365,Arizona,High School,Employed,Female,51962.0,Suburban,Married,Branch,Extended,Personal,Sports Car,Midsize,125.0,8.0,1788.21,4804.36
IL43607,California,High School,Employed,Female,64519.0,Suburban,Married,Branch,Basic,Corporate,Four-Door Car,Midsize,69.0,6.0,1331.2,2742.84
IL47644,Oregon,High School,Employed,Female,48736.0,Urban,Married,Call Center,Basic,Personal,SUV,Midsize,111.0,14.0,1285.85,8860.65
IL66569,California,Associate,Employed,Male,83689.0,Urban,Single,Call Center,Basic,Corporate,Four-Door Car,Midsize,70.0,21.0,1307.1399999999999,5384.43
IL67915,Arizona,Associate,Employed,Female,50117.0,Urban,Single,Branch,Premium,Corporate,Four-Door Car,Midsize,107.0,13.0,1462.65,8542.22
IL72707,California,Bachelor,Employed,Female,25820.0,Suburban,Divorced,Agent,Extended,Personal,Four-Door Car,Midsize,82.0,10.0,1393.6,3265.16
IL83479,Oregon,Associate,Employed,Female,42983.0,Suburban,Married,Call Center,Extended,Personal,Four-Door Car,Midsize,86.0,28.0,1412.8,3483.63
IM14119,Arizona,Bachelor,Employed,Female,84495.0,Suburban,Married,Branch,Basic,Special,Two-Door Car,Small,63.0,15.0,1302.4,2542.06
IM15403,California,Associate,Employed,Male,44980.0,Urban,Divorced,Agent,Extended,Corporate,Two-Door Car,Midsize,81.0,2.0,1333.48,9368.27
IM15816,Oregon,High School,Employed,Female,79440.0,Urban,Divorced,Web,Basic,Personal,SUV,Midsize,117.0,11.0,1500.6399999999999,9403.96
IM30965,Oregon,High School,Employed,Male,71868.0,Suburban,Single,Agent,Basic,Corporate,Four-Door Car,Small,65.0,6.0,1312.0,2545.07
IM41800,Nevada,Associate,Employed,Male,95419.0,Suburban,Married,Web,Basic,Personal,Four-Door Car,Midsize,70.0,6.0,1336.0,8268.27
IM55696,California,High School,Employed,Female,24031.0,Suburban,Married,Call Center,Basic,Personal,Four-Door Car,Small,66.0,32.0,1316.8,5264.43
IM90123,California,Bachelor,Employed,Female,59797.0,Suburban,Married,Call Center,Extended,Personal,SUV,Midsize,127.0,4.0,1609.6,15261.41
IM98086,California,Associate,Employed,Male,62873.0,Urban,Divorced,Call Center,Extended,Personal,Four-Door Car,Midsize,81.0,0.0,1207.75,3230.58
IN10489,Nevada,Master,Employed,Female,78772.0,Rural,Married,Branch,Basic,Personal,Four-Door Car,Small,62.0,9.0,1086.27,5024.78
IN15077,California,High School,Employed,Male,99874.0,Urban,Married,Call Center,Basic,Corporate,Sports Car,Midsize,119.0,7.0,1307.6399999999999,4807.85
IN26765,Oregon,Associate,Employed,Male,62912.0,Rural,Married,Branch,Basic,Personal,Two-Door Car,Midsize,69.0,9.0,1168.3600000000001,8271.91
IN28584,California,Bachelor,Employed,Female,83547.0,Rural,Married,Call Center,Extended,Personal,SUV,Midsize,137.0,6.0,1075.66,16501.07
IN41344,Washington,Associate,Employed,Male,24049.0,Suburban,Married,Branch,Basic,Personal,Four-Door Car,Midsize,74.0,34.0,1491.45,2907.36
IN52645,Oregon,High School,Employed,Female,64371.0,Suburban,Married,Web,Premium,Personal,SUV,Small,181.0,4.0,1868.8,7344.84
IN57582,California,Associate,Medical Leave,Female,25125.0,Suburban,Single,Agent,Extended,Corporate,Four-Door Car,Midsize,81.0,12.0,1583.2,5970.82
IN64985,Nevada,Associate,Employed,Female,34112.0,Suburban,Married,Branch,Extended,Personal,Four-Door Car,Small,77.0,32.0,1369.6,6140.24
IN65727,Washington,Master,Employed,Female,63684.0,Suburban,Single,Agent,Basic,Personal,Two-Door Car,Midsize,68.0,6.0,1343.8899999999999,2693.53
IN67175,California,Associate,Employed,Female,52389.0,Suburban,Married,Agent,Basic,Personal,Four-Door Car,Midsize,72.0,29.0,1345.6,5659.14
IN77241,Washington,Bachelor,Employed,Male,65978.0,Urban,Married,Branch,Basic,Corporate,Two-Door Car,Midsize,67.0,3.0,1251.8,5394.7
IN91592,California,Bachelor,Employed,Female,73858.0,Suburban,Married,Agent,Basic,Personal,Four-Door Car,Midsize,72.0,8.0,1422.59,2810.67
IN95983,California,Associate,Employed,Female,32517.0,Suburban,Single,Branch,Extended,Special,Four-Door Car,Small,94.0,11.0,1451.2,6798.27
IO14680,Oregon,Bachelor,Employed,Male,82664.0,Rural,Married,Agent,Basic,Corporate,SUV,Midsize,114.0,24.0,1133.43,8838.09
IO27771,Oregon,Associate,Employed,Female,89382.0,Suburban,Married,Branch,Premium,Corporate,Four-Door Car,Small,112.0,2.0,1573.99,9036.66
IO33050,Oregon,High School,Employed,Female,40169.0,Urban,Divorced,Call Center,Basic,Personal,Four-Door Car,Midsize,65.0,1.0,1302.82,5119.41
IO63361,Arizona,Associate,Employed,Male,52819.0,Rural,Divorced,Branch,Extended,Personal,SUV,Midsize,124.0,16.0,1282.5,4880.71
IO73222,Washington,Bachelor,Disabled,Female,22555.0,Suburban,Married,Agent,Basic,Personal,Two-Door Car,Midsize,70.0,1.0,1336.0,5407.75
IO89174,Oregon,Bachelor,Employed,Female,56680.0,Suburban,Single,Branch,Basic,Personal,SUV,Midsize,100.0,9.0,1480.0,7688.02
IP52990,Oregon,High School,Employed,Female,38399.0,Urban,Married,Web,Basic,Personal,SUV,Midsize,106.0,12.0,1368.8899999999999,16794.31
IP65887,Oregon,Bachelor,Employed,Female,71644.0,Suburban,Married,Call Center,Basic,Corporate,SUV,Midsize,105.0,19.0,1504.0,38410.6
IP66913,California,High School,Employed,Male,78108.0,Suburban,Single,Agent,Extended,Personal,Two-Door Car,Small,98.0,12.0,1470.4,3886.65
IP69763,Washington,Associate,Employed,Female,77311.0,Rural,Married,Agent,Premium,Personal,SUV,Midsize,181.0,18.0,1113.61,21914.41
IP77666,Nevada,Bachelor,Employed,Female,72540.0,Suburban,Married,Call Center,Extended,Personal,Two-Door Car,Midsize,88.0,7.0,1631.74,10656.88
IP81759,Nevada,High School,Employed,Male,60613.0,Suburban,Single,Call Center,Extended,Personal,Luxury Car,Small,240.0,3.0,2152.0,9366.82
IP84574,Oregon,Associate,Employed,Female,54840.0,Suburban,Single,Branch,Basic,Corporate,Four-Door Car,Small,72.0,18.0,1468.73,8193.09
IP93821,California,High School,Retired,Female,25147.0,Suburban,Single,Agent,Basic,Personal,SUV,Midsize,101.0,7.0,1694.6,3600.93
IP94270,Arizona,Master,Disabled,Female,16181.0,Suburban,Divorced,Web,Premium,Personal,SUV,Midsize,181.0,22.0,2261.3199999999997,13736.13
IQ15028,Arizona,Bachelor,Medical Leave,Female,24152.0,Suburban,Married,Branch,Basic,Personal,Four-Door Car,Large,72.0,17.0,1345.6,2661.73
IQ24777,Nevada,Bachelor,Employed,Male,71391.0,Urban,Married,Agent,Basic,Personal,Four-Door Car,Midsize,67.0,29.0,1284.0,8044.87
IQ30108,Oregon,High School,Employed,Male,67591.0,Urban,Married,Agent,Extended,Special,Four-Door Car,Midsize,77.0,2.0,1198.08,3087.43
IQ37561,Arizona,High School,Employed,Female,52823.0,Rural,Married,Branch,Extended,Personal,Two-Door Car,Midsize,95.0,7.0,1125.77,7590.96
IQ63581,California,Master,Employed,Female,40215.0,Rural,Divorced,Branch,Basic,Personal,Four-Door Car,Midsize,64.0,11.0,1098.48,5066.83
IQ73438,California,Bachelor,Employed,Male,74015.0,Suburban,Single,Call Center,Basic,Personal,Four-Door Car,Small,72.0,12.0,1471.44,5555.83
IQ82914,Oregon,Master,Employed,Female,60415.0,Rural,Divorced,Branch,Basic,Personal,Two-Door Car,Small,62.0,10.0,1072.67,4983.46
IQ95180,Oregon,Bachelor,Employed,Male,44634.0,Suburban,Married,Branch,Basic,Personal,Four-Door Car,Small,71.0,16.0,1396.04,5651.4
IR29181,California,High School,Employed,Male,45262.0,Suburban,Married,Branch,Premium,Corporate,Four-Door Car,Small,117.0,25.0,1842.4,9336.12
IR45546,Oregon,Bachelor,Employed,Female,37518.0,Urban,Married,Branch,Extended,Special,Sports Car,Midsize,131.0,35.0,1472.85,10529.85
IR50609,Arizona,Bachelor,Employed,Male,75007.0,Suburban,Divorced,Agent,Premium,Personal,Four-Door Car,Midsize,101.0,1.0,1668.77,3985.55
IR57729,California,High School,Employed,Male,46593.0,Rural,Married,Agent,Basic,Corporate,Two-Door Car,Midsize,70.0,3.0,1129.15,16547.64
IR58695,Oregon,High School,Employed,Male,40352.0,Suburban,Married,Web,Extended,Corporate,Four-Door Car,Small,77.0,31.0,1406.37,6188.38
IR62668,Arizona,Bachelor,Employed,Female,31546.0,Rural,Divorced,Branch,Basic,Personal,Four-Door Car,Midsize,65.0,4.0,1100.05,5085.84
IR62720,Nevada,Bachelor,Disabled,Male,25259.0,Suburban,Married,Agent,Extended,Personal,Four-Door Car,Midsize,87.0,18.0,1417.6,6842.58
IR74017,Oregon,Associate,Employed,Female,32116.0,Rural,Married,Call Center,Extended,Personal,SUV,Midsize,132.0,10.0,1277.35,5320.61
IS12901,Arizona,Bachelor,Employed,Female,90972.0,Urban,Married,Call Center,Basic,Personal,Two-Door Car,Midsize,74.0,3.0,1232.93,5968.12
IS21172,Oregon,Bachelor,Medical Leave,Female,13037.0,Suburban,Married,Agent,Extended,Personal,SUV,Small,124.0,28.0,1839.35,4726.87
IS45756,Arizona,Associate,Employed,Female,48938.0,Suburban,Divorced,Call Center,Extended,Personal,SUV,Large,121.0,23.0,1580.8,4756.91
IS48950,California,Associate,Employed,Male,87544.0,Suburban,Married,Branch,Basic,Corporate,SUV,Small,109.0,28.0,1523.2,8685.92
IS50283,California,Bachelor,Employed,Female,27048.0,Suburban,Married,Agent,Basic,Corporate,Four-Door Car,Midsize,72.0,5.0,1345.6,5697.18
IS53899,Nevada,Associate,Employed,Female,94652.0,Suburban,Married,Branch,Extended,Personal,Four-Door Car,Midsize,86.0,18.0,1412.8,6992.53
IS55638,California,Associate,Employed,Female,29932.0,Suburban,Married,Branch,Basic,Personal,Two-Door Car,Midsize,64.0,34.0,1319.71,15503.72
IS58493,Oregon,Master,Employed,Male,40774.0,Urban,Married,Agent,Basic,Personal,Sports Car,Midsize,110.0,28.0,1394.97,4369.7
IS58553,Oregon,High School,Employed,Female,22448.0,Suburban,Married,Branch,Extended,Personal,SUV,Midsize,126.0,20.0,1604.8,15173.97
IS63817,California,Associate,Employed,Male,20396.0,Suburban,Married,Branch,Extended,Corporate,Four-Door Car,Midsize,76.0,15.0,1364.8,6047.03
IS63925,Arizona,Associate,Retired,Female,21073.0,Suburban,Divorced,Agent,Basic,Personal,SUV,Small,106.0,25.0,1508.8,7805.31
IS73434,Arizona,Bachelor,Employed,Female,45892.0,Suburban,Married,Agent,Extended,Corporate,Four-Door Car,Midsize,81.0,1.0,1388.8,3219.15
IS75141,Oregon,High School,Employed,Female,44162.0,Rural,Married,Agent,Basic,Personal,Two-Door Car,Midsize,71.0,27.0,1160.83,5645.51
IS79761,Oregon,High School,Employed,Male,38651.0,Suburban,Single,Branch,Extended,Personal,Two-Door Car,Midsize,98.0,12.0,1470.4,3815.85
IS85460,California,High School,Employed,Female,48993.0,Suburban,Married,Call Center,Basic,Personal,Two-Door Car,Midsize,74.0,6.0,1810.46,5956.55
IS94199,California,High School,Disabled,Female,11904.0,Suburban,Single,Web,Basic,Personal,Two-Door Car,Small,61.0,34.0,1292.8,4254.62
IS95117,Arizona,Associate,Employed,Female,35301.0,Rural,Married,Agent,Basic,Personal,Four-Door Car,Midsize,74.0,23.0,1128.6399999999999,5874.82
IS95398,Nevada,Bachelor,Employed,Female,76352.0,Urban,Single,Agent,Basic,Personal,SUV,Small,109.0,17.0,1501.84,8444.84
IT11766,California,Bachelor,Employed,Female,61896.0,Urban,Married,Call Center,Basic,Personal,SUV,Midsize,104.0,25.0,1461.31,4148.57
IT78748,Oregon,High School,Disabled,Female,22081.0,Suburban,Married,Agent,Extended,Special,Two-Door Car,Small,84.0,1.0,1451.67,6503.4
IU14618,Oregon,High School,Employed,Male,81082.0,Urban,Married,Agent,Basic,Personal,Four-Door Car,Large,73.0,5.0,1281.3,5838.9
IU17657,California,Bachelor,Disabled,Male,22000.0,Suburban,Married,Web,Basic,Personal,Two-Door Car,Midsize,69.0,27.0,1383.22,2616.41
IU32539,California,Bachelor,Employed,Female,50886.0,Suburban,Single,Branch,Extended,Personal,Two-Door Car,Midsize,95.0,25.0,1620.1,7282.22
IU54219,Oregon,Master,Retired,Female,19614.0,Suburban,Married,Agent,Extended,Special,Two-Door Car,Midsize,85.0,21.0,1574.02,16301.97
IU62399,California,Bachelor,Employed,Female,36889.0,Urban,Married,Agent,Basic,Personal,Four-Door Car,Midsize,74.0,24.0,1192.19,5860.48
IU71285,California,Bachelor,Employed,Female,33786.0,Rural,Divorced,Call Center,Extended,Personal,Two-Door Car,Large,89.0,15.0,1075.11,6889.52
IU95336,Arizona,High School,Employed,Male,24350.0,Suburban,Married,Branch,Basic,Corporate,Four-Door Car,Midsize,73.0,6.0,1350.4,2823.5
IU96845,Arizona,Associate,Employed,Male,32390.0,Rural,Married,Call Center,Extended,Personal,Four-Door Car,Midsize,80.0,20.0,1091.42,6285.48
IV35546,Nevada,Master,Employed,Female,45820.0,Urban,Married,Branch,Basic,Corporate,Four-Door Car,Midsize,71.0,4.0,1249.74,5741.7
IV37346,Oregon,Associate,Employed,Female,52497.0,Suburban,Divorced,Agent,Basic,Corporate,Two-Door Car,Small,63.0,22.0,1302.4,7412.03
IV54766,Oregon,Master,Employed,Female,22705.0,Suburban,Divorced,Agent,Extended,Personal,Luxury SUV,Midsize,239.0,19.0,2294.7,19160.99
IV60781,California,Doctoral,Employed,Female,37384.0,Suburban,Married,Agent,Extended,Personal,Four-Door Car,Midsize,99.0,9.0,1475.2,4014.45
IV84135,California,Associate,Employed,Female,75638.0,Rural,Divorced,Agent,Extended,Personal,Four-Door Car,Midsize,83.0,6.0,1108.7,9429.08
IV94496,Nevada,High School,Employed,Male,51504.0,Suburban,Single,Agent,Extended,Personal,Luxury SUV,Midsize,220.0,30.0,3552.34,43217.22
IV98398,California,Bachelor,Employed,Male,81955.0,Suburban,Married,Web,Extended,Corporate,SUV,Midsize,126.0,3.0,1720.05,15320.37
IW21434,Oregon,Bachelor,Employed,Female,44940.0,Urban,Single,Agent,Basic,Corporate,Four-Door Car,Midsize,65.0,1.0,1284.49,2570.43
IW31117,California,Doctoral,Employed,Male,21142.0,Rural,Single,Agent,Basic,Personal,Two-Door Car,Large,71.0,16.0,1079.29,5620.59
IW54795,California,Associate,Medical Leave,Male,23748.0,Suburban,Married,Agent,Extended,Personal,Four-Door Car,Large,99.0,0.0,1607.1,10952.13
IW56740,Oregon,High School,Medical Leave,Male,23402.0,Suburban,Divorced,Agent,Extended,Personal,Two-Door Car,Midsize,82.0,3.0,1393.6,15519.67
IW70308,Oregon,Bachelor,Disabled,Female,23815.0,Suburban,Married,Call Center,Basic,Personal,Four-Door Car,Midsize,73.0,4.0,1424.33,8257.67
IW71076,California,Bachelor,Employed,Male,75248.0,Rural,Married,Agent,Basic,Corporate,Four-Door Car,Large,63.0,13.0,1104.45,5011.26
IW72280,California,Doctoral,Employed,Female,37405.0,Urban,Married,Branch,Basic,Corporate,Four-Door Car,Midsize,63.0,8.0,1287.56,5035.04
IW77519,Washington,Bachelor,Employed,Female,54737.0,Suburban,Single,Web,Basic,Personal,Four-Door Car,Midsize,66.0,3.0,1391.97,2610.37
IX18485,California,High School,Retired,Female,27443.0,Suburban,Divorced,Agent,Extended,Personal,Four-Door Car,Midsize,86.0,3.0,1685.05,9594.25
IX35050,Arizona,Bachelor,Employed,Male,76358.0,Rural,Married,Agent,Basic,Special,Four-Door Car,Midsize,66.0,25.0,1086.46,23594.68
IX44049,Oregon,Bachelor,Employed,Male,20166.0,Suburban,Married,Call Center,Extended,Personal,Two-Door Car,Midsize,83.0,19.0,1398.4,3252.83
IX45386,Arizona,Associate,Employed,Male,81721.0,Rural,Single,Web,Basic,Personal,Four-Door Car,Large,63.0,11.0,1133.9,2478.83
IX46908,California,Associate,Medical Leave,Female,21289.0,Suburban,Married,Branch,Basic,Corporate,Four-Door Car,Large,71.0,15.0,1340.8,5477.21
IX55883,California,Associate,Employed,Female,50809.0,Urban,Single,Branch,Extended,Personal,Four-Door Car,Midsize,83.0,29.0,1290.38,19480.5
IX60436,Arizona,Bachelor,Employed,Male,65099.0,Suburban,Married,Branch,Basic,Special,Four-Door Car,Midsize,73.0,8.0,1350.4,2853.37
IX60941,Oregon,Associate,Medical Leave,Male,20978.0,Suburban,Married,Branch,Extended,Personal,Four-Door Car,Small,98.0,19.0,2176.2799999999997,3508.57
IX68587,Nevada,Master,Disabled,Female,22886.0,Suburban,Divorced,Agent,Basic,Personal,Four-Door Car,Small,65.0,9.0,1312.0,5096.67
IX85835,Nevada,Bachelor,Employed,Female,28909.0,Suburban,Married,Agent,Basic,Personal,Two-Door Car,Midsize,66.0,15.0,1456.7,5246.28
IY24560,California,Bachelor,Medical Leave,Male,28884.0,Suburban,Married,Agent,Basic,Corporate,Four-Door Car,Midsize,72.0,27.0,1518.4,5288.24
IY31142,Oregon,Associate,Employed,Male,83800.0,Urban,Single,Branch,Basic,Personal,Four-Door Car,Midsize,62.0,11.0,1196.16,2444.33
IY37465,Arizona,Bachelor,Employed,Male,25632.0,Suburban,Married,Call Center,Basic,Corporate,Two-Door Car,Midsize,63.0,27.0,1351.27,4929.55
IY59173,Oregon,Master,Employed,Female,68867.0,Suburban,Married,Call Center,Extended,Personal,SUV,Midsize,129.0,19.0,1619.2,5220.69
IY87065,California,Bachelor,Employed,Female,28909.0,Suburban,Married,Agent,Basic,Corporate,Two-Door Car,Midsize,66.0,15.0,1456.7,5246.28
IY98928,Arizona,Master,Employed,Female,91475.0,Rural,Divorced,Agent,Basic,Personal,Four-Door Car,Midsize,64.0,28.0,1073.3,5176.16
IZ26849,Oregon,Bachelor,Employed,Female,70360.0,Suburban,Married,Branch,Basic,Personal,Two-Door Car,Small,69.0,0.0,1331.2,5524.31
IZ27630,Oregon,Master,Employed,Male,68423.0,Urban,Single,Branch,Extended,Personal,Two-Door Car,Large,85.0,14.0,1324.41,6748.23
IZ47097,Arizona,Master,Employed,Female,76850.0,Suburban,Married,Agent,Basic,Personal,Four-Door Car,Midsize,72.0,8.0,1345.6,2927.22
IZ50034,Washington,Associate,Employed,Male,42124.0,Suburban,Married,Branch,Basic,Personal,SUV,Midsize,101.0,3.0,1484.8,8062.55
IZ55070,Nevada,High School,Employed,Female,67796.0,Suburban,Married,Web,Basic,Personal,Four-Door Car,Midsize,69.0,7.0,1331.2,5339.49
IZ67803,California,Master,Employed,Male,26990.0,Urban,Married,Agent,Basic,Personal,Four-Door Car,Midsize,65.0,9.0,1297.8600000000001,15445.66
IZ79227,Arizona,Bachelor,Employed,Male,36548.0,Suburban,Married,Agent,Extended,Personal,Four-Door Car,Small,76.0,10.0,1547.2,2975.26
IZ88103,California,Bachelor,Employed,Female,79421.0,Rural,Married,Agent,Premium,Personal,Four-Door Car,Midsize,104.0,2.0,1115.13,12625.28
JA12512,California,Bachelor,Employed,Female,97424.0,Urban,Married,Agent,Basic,Personal,Two-Door Car,Midsize,68.0,25.0,1230.44,5556.28
JA26024,Oregon,High School,Employed,Female,48263.0,Suburban,Married,Branch,Premium,Personal,Two-Door Car,Small,104.0,2.0,1674.8600000000001,4142.56
JA34909,California,Associate,Medical Leave,Female,17576.0,Suburban,Married,Call Center,Basic,Corporate,Four-Door Car,Midsize,71.0,29.0,1398.5,2722.21
JA47688,California,Master,Employed,Male,40658.0,Suburban,Single,Branch,Extended,Personal,Two-Door Car,Midsize,90.0,25.0,1502.87,3544.54
JA55700,California,High School,Employed,Male,25927.0,Suburban,Single,Web,Basic,Personal,SUV,Midsize,103.0,6.0,1674.97,3933.81
JA60749,Oregon,High School,Employed,Female,34337.0,Suburban,Married,Web,Premium,Personal,Four-Door Car,Large,113.0,20.0,1542.4,9035.67
JA76884,California,Master,Employed,Male,60880.0,Rural,Married,Agent,Premium,Personal,Two-Door Car,Midsize,119.0,25.0,1109.91,14435.67
JA93297,California,Bachelor,Retired,Male,23665.0,Suburban,Married,Branch,Basic,Personal,Four-Door Car,Midsize,67.0,19.0,1404.82,22658.54
JB11283,California,Bachelor,Employed,Male,99583.0,Rural,Divorced,Branch,Basic,Personal,Four-Door Car,Large,64.0,35.0,1099.67,12743.35
JB20173,California,Bachelor,Employed,Male,81439.0,Rural,Single,Call Center,Extended,Personal,Two-Door Car,Midsize,90.0,25.0,1108.12,10391.78
JB20891,Arizona,High School,Retired,Female,11828.0,Suburban,Divorced,Agent,Extended,Personal,Four-Door Car,Large,90.0,18.0,1571.48,10083.49
JB23570,California,Associate,Employed,Male,94042.0,Suburban,Married,Branch,Extended,Corporate,SUV,Midsize,132.0,13.0,1633.6,10593.59
JB29250,Oregon,High School,Employed,Female,87615.0,Suburban,Married,Branch,Extended,Personal,Four-Door Car,Midsize,94.0,35.0,1451.2,7573.34
JB32090,California,High School,Employed,Female,53441.0,Suburban,Married,Agent,Extended,Personal,Two-Door Car,Midsize,76.0,11.0,1364.8,3045.06
JB36584,Arizona,Master,Employed,Male,41459.0,Suburban,Married,Call Center,Basic,Personal,Four-Door Car,Midsize,71.0,8.0,1340.8,14333.92
JB39997,California,Associate,Employed,Female,36464.0,Rural,Married,Call Center,Extended,Personal,Four-Door Car,Midsize,78.0,5.0,1093.52,6183.19
JB50798,Oregon,Master,Employed,Female,25629.0,Suburban,Single,Agent,Extended,Corporate,Sports Car,Midsize,124.0,3.0,1595.2,9624.52
JB60515,Washington,High School,Employed,Male,50450.0,Suburban,Married,Branch,Basic,Personal,Four-Door Car,Midsize,63.0,24.0,1302.4,2513.97
JB76199,Oregon,Associate,Employed,Female,40903.0,Suburban,Married,Call Center,Basic,Corporate,Four-Door Car,Small,61.0,12.0,1409.8899999999999,2415.42
JC11405,Oregon,High School,Employed,Male,55687.0,Suburban,Divorced,Agent,Premium,Personal,Luxury SUV,Midsize,276.0,33.0,2324.8,10963.96
JC16991,Arizona,Master,Employed,Female,36639.0,Suburban,Divorced,Call Center,Basic,Personal,Four-Door Car,Small,62.0,16.0,1297.6,7423.9
JC18314,California,Bachelor,Employed,Male,28121.0,Suburban,Divorced,Agent,Extended,Personal,Two-Door Car,Midsize,90.0,16.0,1432.0,7089.05
JC29295,California,Bachelor,Employed,Female,80744.0,Urban,Married,Web,Basic,Personal,SUV,Midsize,111.0,15.0,1361.28,13441.01
JC33752,Oregon,Associate,Employed,Female,21024.0,Suburban,Single,Agent,Extended,Personal,Two-Door Car,Large,82.0,32.0,1450.13,6277.84
JC34468,California,High School,Employed,Female,36060.0,Urban,Married,Call Center,Premium,Special,Sports Car,Midsize,165.0,27.0,1774.56,6599.08
JC37131,Arizona,High School,Medical Leave,Male,17101.0,Suburban,Single,Call Center,Basic,Special,SUV,Midsize,113.0,1.0,1542.4,12298.69
JC37277,Oregon,Associate,Employed,Male,34615.0,Suburban,Married,Agent,Extended,Personal,Four-Door Car,Midsize,87.0,6.0,1417.6,6886.32
JC38573,Oregon,Bachelor,Employed,Male,36088.0,Suburban,Single,Agent,Basic,Corporate,Four-Door Car,Midsize,72.0,16.0,1345.6,5528.21
JC45487,Washington,High School,Employed,Male,73168.0,Suburban,Married,Agent,Basic,Personal,Four-Door Car,Midsize,70.0,21.0,1425.8,5639.94
JC80093,Washington,Master,Employed,Male,21104.0,Rural,Divorced,Branch,Basic,Personal,Four-Door Car,Midsize,66.0,34.0,1118.45,2572.51
JC93010,California,Bachelor,Employed,Male,25632.0,Suburban,Married,Call Center,Basic,Personal,Two-Door Car,Midsize,63.0,27.0,1351.27,4929.55
JC96695,California,Doctoral,Employed,Male,31562.0,Suburban,Married,Call Center,Basic,Personal,SUV,Midsize,115.0,14.0,1552.0,9198.69
JC98569,Oregon,Associate,Employed,Female,54408.0,Urban,Married,Branch,Extended,Personal,Four-Door Car,Midsize,79.0,29.0,1288.33,6314.58
JD10245,California,High School,Employed,Male,86001.0,Suburban,Divorced,Agent,Basic,Personal,SUV,Midsize,109.0,4.0,1523.2,4358.76
JD15492,Oregon,High School,Employed,Female,44509.0,Urban,Married,Call Center,Basic,Personal,Four-Door Car,Midsize,61.0,8.0,1226.73,2446.68
JD19036,Arizona,Master,Employed,Female,41671.0,Urban,Single,Agent,Extended,Personal,SUV,Midsize,136.0,15.0,1570.3899999999999,16261.17
JD50909,Arizona,Bachelor,Employed,Female,80681.0,Suburban,Married,Agent,Basic,Corporate,Four-Door Car,Midsize,74.0,31.0,1355.2,3008.1
JD71348,California,Associate,Employed,Male,60875.0,Urban,Married,Branch,Extended,Personal,Four-Door Car,Midsize,92.0,0.0,1410.85,7289.3
JD73594,Oregon,Bachelor,Employed,Male,72140.0,Suburban,Divorced,Agent,Extended,Personal,Four-Door Car,Large,87.0,22.0,1417.6,3309.12
JD78271,Nevada,Associate,Employed,Female,64367.0,Rural,Married,Call Center,Basic,Personal,SUV,Midsize,104.0,2.0,1096.43,8317.3
JD86991,Oregon,Bachelor,Employed,Male,67233.0,Urban,Married,Call Center,Basic,Personal,Two-Door Car,Midsize,63.0,10.0,1246.69,5097.32
JE13986,Arizona,Associate,Employed,Female,62587.0,Suburban,Married,Branch,Extended,Personal,Four-Door Car,Midsize,86.0,30.0,1412.8,10373.89
JE19783,Arizona,Bachelor,Employed,Male,26436.0,Suburban,Divorced,Branch,Extended,Personal,Two-Door Car,Small,83.0,0.0,1398.4,6388.21
JE21522,California,Bachelor,Employed,Male,39266.0,Suburban,Married,Branch,Extended,Personal,Four-Door Car,Midsize,80.0,33.0,1384.0,9587.33
JE32215,California,Bachelor,Employed,Female,44299.0,Rural,Married,Branch,Premium,Personal,Two-Door Car,Midsize,107.0,0.0,1180.09,38887.9
JE62426,Arizona,High School,Employed,Female,86277.0,Urban,Divorced,Agent,Basic,Personal,Four-Door Car,Midsize,74.0,19.0,1212.04,5908.16
JE71423,Washington,Associate,Employed,Male,73695.0,Suburban,Married,Call Center,Extended,Personal,Four-Door Car,Midsize,84.0,28.0,1403.2,3331.45
JE84351,Oregon,Bachelor,Employed,Male,53133.0,Suburban,Single,Agent,Extended,Personal,Two-Door Car,Small,91.0,11.0,1652.3899999999999,6938.87
JE98863,Arizona,Bachelor,Employed,Female,58713.0,Suburban,Married,Agent,Extended,Special,Four-Door Car,Small,98.0,8.0,1470.4,3910.7
JE99638,Arizona,Bachelor,Medical Leave,Male,23577.0,Rural,Married,Agent,Basic,Personal,Four-Door Car,Midsize,68.0,1.0,1091.82,7699.63
JF16897,Oregon,High School,Employed,Female,28360.0,Suburban,Married,Branch,Basic,Personal,Four-Door Car,Midsize,73.0,8.0,1863.9099999999999,8776.36
JF19701,Arizona,Bachelor,Employed,Male,75453.0,Rural,Married,Web,Basic,Special,SUV,Midsize,112.0,6.0,1163.95,4439.68
JF25129,California,Master,Disabled,Male,26057.0,Suburban,Divorced,Call Center,Basic,Personal,Four-Door Car,Small,74.0,3.0,1523.8899999999999,8509.85
JF32940,Oregon,Bachelor,Employed,Female,31789.0,Rural,Married,Agent,Extended,Personal,SUV,Small,130.0,11.0,1316.42,15663.66
JF36291,California,Associate,Retired,Male,28142.0,Suburban,Married,Agent,Basic,Personal,Sports Car,Midsize,105.0,18.0,1701.71,3873.65
JF38079,California,High School,Employed,Male,69853.0,Rural,Married,Call Center,Basic,Personal,SUV,Midsize,114.0,15.0,1244.28,9080.6
JF45126,Nevada,Bachelor,Employed,Male,23818.0,Suburban,Married,Branch,Basic,Personal,SUV,Midsize,104.0,6.0,1499.2,4041.24
JF73533,Nevada,Associate,Employed,Male,36268.0,Suburban,Single,Agent,Extended,Personal,Four-Door Car,Small,86.0,2.0,1531.1599999999999,9985.37
JG12505,Nevada,Master,Employed,Female,26599.0,Rural,Married,Web,Basic,Personal,SUV,Midsize,101.0,24.0,1254.38,4064.18
JG13893,Nevada,Bachelor,Employed,Male,51789.0,Suburban,Married,Call Center,Basic,Corporate,Two-Door Car,Large,61.0,33.0,1435.84,7355.35
JG16015,Washington,Associate,Employed,Female,61987.0,Suburban,Married,Branch,Extended,Personal,SUV,Midsize,125.0,24.0,1723.3,5021.15
JG30837,Oregon,Associate,Disabled,Male,11689.0,Suburban,Divorced,Web,Basic,Corporate,SUV,Midsize,117.0,7.0,1561.6,4163.79
JG31799,California,Bachelor,Disabled,Female,20305.0,Suburban,Single,Call Center,Extended,Personal,Two-Door Car,Midsize,76.0,14.0,1496.48,8259.11
JG35886,California,Associate,Employed,Female,65085.0,Urban,Married,Call Center,Premium,Personal,Four-Door Car,Midsize,103.0,20.0,1480.07,4111.89
JG66653,Oregon,High School,Employed,Male,25506.0,Suburban,Married,Branch,Basic,Personal,Two-Door Car,Midsize,65.0,10.0,1312.0,2537.93
JG68387,Nevada,Bachelor,Employed,Female,60932.0,Suburban,Married,Agent,Basic,Corporate,SUV,Large,101.0,7.0,1484.8,8099.4
JG74360,Arizona,Associate,Employed,Male,37709.0,Suburban,Married,Call Center,Basic,Corporate,SUV,Midsize,116.0,19.0,1556.8,4558.97
JG76775,Washington,High School,Employed,Male,48258.0,Suburban,Married,Branch,Extended,Personal,Luxury Car,Midsize,249.0,12.0,2195.2,30061.69
JG77605,Nevada,Bachelor,Employed,Female,30389.0,Urban,Married,Web,Basic,Personal,Four-Door Car,Midsize,73.0,34.0,1278.93,5745.12
JG81480,Oregon,Bachelor,Employed,Female,25634.0,Rural,Married,Call Center,Basic,Personal,Four-Door Car,Midsize,67.0,12.0,1144.73,10622.52
JG83987,Arizona,Bachelor,Employed,Female,30857.0,Urban,Married,Web,Extended,Personal,Two-Door Car,Large,81.0,17.0,1309.16,6451.26
JG87029,Oregon,High School,Employed,Male,57338.0,Suburban,Single,Call Center,Basic,Personal,Two-Door Car,Small,61.0,8.0,1292.8,2374.8
JG94795,Oregon,Master,Employed,Female,60010.0,Suburban,Married,Agent,Premium,Special,Four-Door Car,Midsize,103.0,4.0,1494.4,4179.49
JH14651,Washington,Master,Employed,Male,60244.0,Urban,Married,Agent,Extended,Personal,Four-Door Car,Midsize,83.0,3.0,1326.28,3238.0
JH30384,California,High School,Disabled,Female,22081.0,Suburban,Married,Agent,Extended,Personal,Two-Door Car,Small,84.0,1.0,1451.67,6503.4
JH30819,California,Bachelor,Employed,Female,66550.0,Suburban,Married,Agent,Basic,Corporate,SUV,Midsize,107.0,5.0,1513.6,25674.15
JH36501,Arizona,Doctoral,Employed,Male,97673.0,Urban,Single,Agent,Basic,Personal,Four-Door Car,Midsize,63.0,21.0,1178.76,2507.88
JH58573,California,Associate,Employed,Male,32555.0,Rural,Married,Call Center,Basic,Personal,Two-Door Car,Midsize,68.0,32.0,1086.91,7927.18
JH73503,Arizona,Doctoral,Employed,Male,24804.0,Suburban,Married,Call Center,Basic,Personal,Two-Door Car,Small,73.0,19.0,1350.4,20171.96
JH94846,California,Bachelor,Disabled,Female,19240.0,Suburban,Married,Call Center,Extended,Personal,Four-Door Car,Small,99.0,25.0,1475.2,3829.28
JI25066,Arizona,Bachelor,Employed,Female,61785.0,Urban,Married,Web,Basic,Personal,Two-Door Car,Large,61.0,31.0,1271.1100000000001,4928.4
JI42730,Arizona,High School,Employed,Male,84493.0,Suburban,Married,Agent,Extended,Personal,Four-Door Car,Small,92.0,29.0,1441.6,3705.29
JI71369,California,Associate,Employed,Female,30110.0,Rural,Married,Web,Basic,Personal,Four-Door Car,Midsize,64.0,2.0,1140.17,5106.11
JI80257,Nevada,Associate,Employed,Female,47663.0,Rural,Divorced,Branch,Basic,Personal,Sports Car,Midsize,114.0,35.0,1103.7,9180.15
JI94264,Arizona,Associate,Disabled,Male,16511.0,Suburban,Single,Agent,Extended,Personal,SUV,Large,135.0,35.0,1972.0,10053.55
JI97190,California,High School,Employed,Male,43461.0,Suburban,Married,Branch,Basic,Personal,Two-Door Car,Large,64.0,24.0,1307.2,5165.81
JJ23168,Arizona,High School,Employed,Female,20497.0,Suburban,Married,Branch,Basic,Personal,Four-Door Car,Small,65.0,17.0,1425.3600000000001,7785.67
JJ24476,Arizona,Master,Employed,Female,52391.0,Suburban,Married,Web,Basic,Personal,Two-Door Car,Midsize,71.0,9.0,1409.76,5717.22
JJ66819,Oregon,Bachelor,Employed,Female,79867.0,Rural,Divorced,Branch,Basic,Personal,Four-Door Car,Small,74.0,25.0,1078.17,2989.96
JJ94311,Oregon,Bachelor,Employed,Male,82377.0,Suburban,Married,Call Center,Extended,Personal,Four-Door Car,Small,83.0,28.0,1498.34,6627.15
JJ97525,California,Bachelor,Employed,Male,25632.0,Suburban,Married,Call Center,Basic,Personal,Two-Door Car,Midsize,63.0,27.0,1351.27,4929.55
JK13254,Oregon,Bachelor,Retired,Male,29465.0,Suburban,Married,Web,Basic,Personal,SUV,Midsize,118.0,24.0,1566.4,4237.37
JK30153,Oregon,Master,Employed,Female,99652.0,Urban,Married,Branch,Basic,Personal,SUV,Large,106.0,21.0,1406.63,8566.42
JK35644,Oregon,Master,Disabled,Male,11607.0,Urban,Single,Agent,Extended,Corporate,Four-Door Car,Midsize,96.0,19.0,1313.35,3551.79
JK53304,California,High School,Employed,Female,97658.0,Suburban,Married,Call Center,Extended,Personal,Four-Door Car,Midsize,76.0,7.0,1364.8,6159.01
JK55587,California,High School,Medical Leave,Male,23082.0,Suburban,Married,Branch,Basic,Special,Four-Door Car,Large,65.0,18.0,1312.0,5075.66
JK57654,California,Doctoral,Employed,Male,24164.0,Suburban,Divorced,Agent,Extended,Personal,Sports Car,Midsize,137.0,2.0,1657.6,10972.07
JK68578,California,High School,Employed,Female,83868.0,Rural,Married,Agent,Basic,Corporate,Luxury Car,Midsize,189.0,30.0,1134.84,15306.13
JK74110,California,High School,Employed,Male,98333.0,Urban,Married,Branch,Extended,Personal,Four-Door Car,Midsize,99.0,16.0,1459.05,3980.42
JL15127,Nevada,Associate,Employed,Male,37256.0,Rural,Married,Branch,Basic,Personal,Four-Door Car,Midsize,62.0,15.0,1128.97,9816.53
JL21509,California,Associate,Medical Leave,Male,20978.0,Suburban,Married,Branch,Extended,Personal,Four-Door Car,Small,98.0,19.0,2176.2799999999997,3508.57
JL25091,California,Bachelor,Employed,Male,79284.0,Rural,Single,Agent,Premium,Special,Four-Door Car,Midsize,117.0,9.0,1156.45,4599.76
JL41129,California,Bachelor,Employed,Male,74217.0,Urban,Married,Branch,Basic,Personal,SUV,Large,100.0,35.0,1418.01,7986.19
JL42497,Nevada,High School,Employed,Female,66900.0,Suburban,Married,Branch,Basic,Personal,Four-Door Car,Small,68.0,15.0,1326.4,2729.13
JL49772,Arizona,Bachelor,Employed,Female,33651.0,Urban,Married,Call Center,Basic,Personal,Four-Door Car,Midsize,69.0,21.0,1328.65,24249.34
JL52508,Oregon,Doctoral,Employed,Male,57709.0,Suburban,Married,Branch,Extended,Personal,SUV,Midsize,125.0,10.0,1600.0,5073.28
JL59571,Oregon,Bachelor,Disabled,Female,17343.0,Urban,Single,Branch,Basic,Corporate,Two-Door Car,Midsize,63.0,9.0,1208.66,4607.24
JL71713,California,Bachelor,Employed,Female,89113.0,Urban,Married,Branch,Extended,Personal,Four-Door Car,Midsize,78.0,18.0,1219.3600000000001,6291.66
JL93248,Oregon,High School,Disabled,Female,18884.0,Suburban,Divorced,Branch,Basic,Personal,Four-Door Car,Small,64.0,21.0,1307.2,7296.54
JL95389,California,Bachelor,Employed,Female,62922.0,Suburban,Married,Agent,Basic,Corporate,Luxury Car,Midsize,194.0,26.0,2121.63,15558.44
JM35350,California,Associate,Retired,Female,15648.0,Suburban,Married,Agent,Basic,Special,Two-Door Car,Midsize,73.0,29.0,1413.27,5505.17
JM47657,Oregon,High School,Medical Leave,Female,25965.0,Suburban,Divorced,Agent,Basic,Personal,Four-Door Car,Midsize,65.0,23.0,1329.21,2491.26
JM59803,California,Doctoral,Employed,Male,61776.0,Urban,Divorced,Agent,Basic,Personal,Two-Door Car,Midsize,73.0,9.0,1343.28,5743.4
JM62924,Washington,Bachelor,Employed,Male,37534.0,Suburban,Married,Branch,Extended,Personal,Four-Door Car,Midsize,84.0,2.0,1403.2,13223.04
JM67025,Nevada,High School,Employed,Male,32630.0,Urban,Married,Call Center,Basic,Personal,Four-Door Car,Midsize,66.0,26.0,1202.96,5230.09
JM88889,California,High School,Employed,Female,46396.0,Urban,Married,Agent,Premium,Corporate,Four-Door Car,Midsize,103.0,11.0,1384.01,12244.9
JM93892,Arizona,Associate,Employed,Male,61006.0,Rural,Married,Branch,Basic,Corporate,Four-Door Car,Midsize,74.0,6.0,1073.92,5953.21
JM96431,Oregon,Associate,Employed,Male,54420.0,Suburban,Single,Call Center,Extended,Personal,Four-Door Car,Midsize,80.0,27.0,1576.0,3115.7
JM98365,Nevada,Doctoral,Employed,Male,66156.0,Suburban,Married,Web,Basic,Personal,Four-Door Car,Midsize,72.0,11.0,1345.6,5762.47
JN10602,California,Master,Employed,Female,81785.0,Suburban,Divorced,Agent,Basic,Personal,Four-Door Car,Large,67.0,12.0,1321.6,8201.33
JN49891,Oregon,Associate,Employed,Male,94003.0,Suburban,Single,Call Center,Basic,Personal,Four-Door Car,Midsize,64.0,14.0,1307.2,2534.95
JN51592,Arizona,Bachelor,Employed,Female,22497.0,Suburban,Married,Branch,Extended,Special,Luxury Car,Midsize,212.0,15.0,2017.6,16985.5
JN55850,California,Doctoral,Employed,Male,77235.0,Urban,Married,Branch,Extended,Personal,Two-Door Car,Midsize,87.0,2.0,1310.16,7035.76
JN69287,California,High School,Employed,Male,35033.0,Suburban,Married,Agent,Extended,Personal,Two-Door Car,Small,87.0,26.0,1490.6399999999999,3479.76
JN78502,Washington,High School,Employed,Female,25370.0,Suburban,Married,Web,Basic,Special,SUV,Small,116.0,21.0,1556.8,9384.65
JO13576,California,High School,Retired,Female,21861.0,Suburban,Married,Agent,Basic,Personal,Four-Door Car,Midsize,69.0,3.0,1348.28,2633.01
JO17193,Washington,Bachelor,Retired,Male,25905.0,Suburban,Divorced,Agent,Basic,Personal,Four-Door Car,Large,63.0,21.0,1302.4,2300.69
JO32686,Arizona,Bachelor,Medical Leave,Female,24992.0,Suburban,Married,Agent,Basic,Personal,SUV,Small,106.0,24.0,1508.8,8139.0
JO35068,Nevada,Bachelor,Retired,Male,18608.0,Suburban,Divorced,Web,Basic,Personal,Four-Door Car,Midsize,71.0,13.0,1340.8,2538.63
JO60130,California,High School,Employed,Male,81082.0,Urban,Married,Agent,Basic,Personal,Four-Door Car,Large,73.0,5.0,1281.3,5838.9
JO63956,California,Associate,Employed,Male,83365.0,Suburban,Married,Branch,Basic,Personal,SUV,Midsize,109.0,27.0,1523.2,8656.4
JO64353,Oregon,High School,Employed,Female,20269.0,Suburban,Married,Agent,Basic,Personal,Two-Door Car,Small,66.0,14.0,1475.2,5301.84
JO75190,Nevada,Bachelor,Employed,Male,43963.0,Suburban,Married,Agent,Basic,Corporate,SUV,Midsize,110.0,25.0,1528.0,8673.59
JO90877,Washington,Bachelor,Employed,Female,70974.0,Suburban,Married,Agent,Basic,Personal,Four-Door Car,Large,71.0,15.0,1340.8,2870.0
JO98946,Oregon,Bachelor,Employed,Male,31796.0,Suburban,Divorced,Agent,Basic,Personal,Four-Door Car,Midsize,68.0,27.0,1377.44,2656.0
JP10227,California,Associate,Employed,Male,88340.0,Suburban,Married,Branch,Premium,Corporate,Two-Door Car,Midsize,102.0,16.0,1489.6,12280.77
JP12645,Arizona,Bachelor,Employed,Male,44428.0,Suburban,Single,Call Center,Basic,Personal,SUV,Midsize,104.0,17.0,1499.2,12036.62
JP22499,California,Bachelor,Employed,Male,43285.0,Urban,Single,Web,Extended,Corporate,Two-Door Car,Midsize,83.0,35.0,1265.74,3142.74
JP27787,Oregon,Associate,Employed,Female,65775.0,Rural,Divorced,Agent,Basic,Personal,Four-Door Car,Midsize,72.0,16.0,1171.43,5674.14
JP28293,California,Doctoral,Employed,Female,57240.0,Rural,Married,Call Center,Extended,Corporate,Four-Door Car,Midsize,83.0,18.0,1083.65,6696.9
JP30654,Oregon,Associate,Employed,Female,48412.0,Suburban,Single,Agent,Basic,Personal,SUV,Midsize,104.0,15.0,1707.4299999999998,28685.83
JP35025,California,Master,Disabled,Female,23726.0,Suburban,Divorced,Call Center,Basic,Corporate,Four-Door Car,Small,74.0,1.0,1355.2,5714.17
JP41935,Washington,High School,Employed,Male,20128.0,Suburban,Married,Branch,Basic,Personal,Four-Door Car,Midsize,70.0,28.0,1336.0,13596.2
JP52554,California,Bachelor,Medical Leave,Female,17449.0,Urban,Divorced,Agent,Basic,Corporate,Four-Door Car,Midsize,71.0,16.0,1268.68,15550.19
JP55271,Oregon,High School,Employed,Female,80046.0,Rural,Married,Call Center,Extended,Personal,SUV,Small,132.0,4.0,1260.63,10633.5
JP64518,Nevada,Bachelor,Employed,Male,21629.0,Suburban,Divorced,Call Center,Basic,Corporate,Two-Door Car,Small,62.0,19.0,1298.63,2402.82
JP69864,Washington,Bachelor,Retired,Female,24910.0,Suburban,Single,Branch,Basic,Personal,Four-Door Car,Midsize,63.0,7.0,1347.8600000000001,2248.45
JP69867,Nevada,Associate,Employed,Male,61725.0,Suburban,Divorced,Call Center,Premium,Personal,Four-Door Car,Large,106.0,7.0,1508.8,8512.13
JP82211,California,Associate,Employed,Female,59744.0,Urban,Married,Agent,Basic,Personal,SUV,Small,105.0,1.0,1476.49,33873.18
JP88955,Oregon,High School,Employed,Male,30525.0,Urban,Single,Call Center,Basic,Personal,Sports Car,Small,115.0,24.0,1368.02,8876.67
JP94676,Oregon,Bachelor,Employed,Female,34115.0,Urban,Married,Agent,Basic,Personal,SUV,Midsize,119.0,6.0,1466.12,9422.97
JQ29969,Oregon,Bachelor,Employed,Female,59038.0,Suburban,Married,Agent,Premium,Personal,Two-Door Car,Midsize,105.0,0.0,1588.27,4236.47
JQ35849,California,High School,Employed,Male,24254.0,Suburban,Married,Agent,Basic,Personal,Four-Door Car,Midsize,68.0,11.0,1326.4,5360.56
JQ65500,Oregon,Bachelor,Employed,Female,44988.0,Suburban,Married,Web,Premium,Corporate,Two-Door Car,Midsize,108.0,30.0,1518.4,8621.0
JQ66292,Oregon,Master,Employed,Female,35705.0,Suburban,Single,Agent,Basic,Personal,Two-Door Car,Small,65.0,19.0,1312.0,2592.89
JQ70222,Washington,High School,Employed,Female,53055.0,Suburban,Single,Call Center,Basic,Personal,SUV,Small,112.0,30.0,1537.6,8548.3
JQ81164,California,Associate,Disabled,Female,26628.0,Suburban,Married,Agent,Extended,Corporate,Two-Door Car,Large,85.0,15.0,1408.0,6656.15
JQ93340,Nevada,High School,Employed,Male,83208.0,Urban,Married,Call Center,Basic,Special,Four-Door Car,Small,68.0,10.0,1325.87,5459.22
JR10216,California,Bachelor,Retired,Female,21959.0,Suburban,Married,Web,Basic,Corporate,Four-Door Car,Small,71.0,0.0,1340.8,2691.38
JR22900,California,Associate,Employed,Female,36153.0,Urban,Married,Agent,Basic,Corporate,Sports Car,Midsize,117.0,27.0,1323.42,18484.81
JR34589,Nevada,High School,Employed,Female,21236.0,Rural,Married,Call Center,Extended,Personal,SUV,Midsize,123.0,3.0,1131.26,4882.29
JR38787,Nevada,High School,Disabled,Male,24561.0,Suburban,Married,Branch,Extended,Personal,SUV,Small,126.0,1.0,1853.47,14432.75
JR59597,California,Bachelor,Employed,Male,50843.0,Suburban,Single,Call Center,Extended,Personal,Two-Door Car,Small,82.0,12.0,1393.6,6332.94
JR62870,California,High School,Employed,Male,41438.0,Urban,Single,Branch,Basic,Personal,Two-Door Car,Midsize,72.0,8.0,1323.84,5703.29
JR72064,Arizona,High School,Employed,Male,44656.0,Suburban,Married,Branch,Basic,Personal,Two-Door Car,Midsize,70.0,2.0,1336.0,8270.63
JR82641,Arizona,Master,Employed,Male,52965.0,Rural,Married,Agent,Extended,Personal,SUV,Midsize,134.0,6.0,1083.82,10682.76
JR84006,Washington,High School,Employed,Male,74624.0,Suburban,Married,Branch,Basic,Personal,Four-Door Car,Midsize,62.0,16.0,1297.6,2454.36
JR89623,California,High School,Employed,Female,76025.0,Rural,Married,Branch,Basic,Corporate,Four-Door Car,Midsize,67.0,29.0,1151.02,2698.69
JS12902,Oregon,High School,Medical Leave,Female,24732.0,Rural,Married,Branch,Basic,Corporate,Sports Car,Midsize,107.0,18.0,1072.77,4122.96
JS19054,Oregon,Bachelor,Employed,Female,38821.0,Suburban,Single,Agent,Extended,Personal,Two-Door Car,Small,87.0,14.0,1488.84,3339.3
JS36743,California,Bachelor,Employed,Male,54753.0,Suburban,Single,Agent,Basic,Personal,Four-Door Car,Midsize,61.0,5.0,1292.8,2378.67
JS42382,Oregon,Master,Employed,Male,99960.0,Suburban,Married,Agent,Extended,Corporate,Four-Door Car,Small,76.0,19.0,1364.8,6172.91
JS43228,California,Associate,Employed,Male,49088.0,Suburban,Married,Branch,Extended,Corporate,Four-Door Car,Small,97.0,4.0,1698.4,7704.25
JS53793,Arizona,Doctoral,Employed,Female,25036.0,Suburban,Married,Agent,Basic,Corporate,Four-Door Car,Large,61.0,11.0,1292.8,2422.19
JS55721,California,Associate,Disabled,Male,12495.0,Suburban,Divorced,Call Center,Basic,Personal,Four-Door Car,Midsize,65.0,32.0,1312.0,2413.93
JS58659,Nevada,Bachelor,Employed,Male,76558.0,Urban,Married,Agent,Basic,Special,Four-Door Car,Midsize,74.0,2.0,1216.98,8901.47
JS64688,Oregon,High School,Employed,Male,48608.0,Suburban,Divorced,Agent,Basic,Personal,Four-Door Car,Midsize,67.0,18.0,1321.6,2595.85
JS76871,Oregon,High School,Employed,Male,62082.0,Rural,Married,Agent,Basic,Corporate,Four-Door Car,Midsize,72.0,15.0,1091.04,8639.09
JS90115,Nevada,High School,Employed,Female,64559.0,Rural,Divorced,Agent,Basic,Personal,Four-Door Car,Midsize,62.0,31.0,1107.54,19597.06
JT27173,California,Associate,Employed,Male,42633.0,Urban,Married,Agent,Basic,Corporate,SUV,Midsize,101.0,4.0,1285.05,3979.28
JT52858,Oregon,Bachelor,Employed,Female,99002.0,Suburban,Married,Branch,Premium,Personal,Four-Door Car,Midsize,112.0,33.0,1537.6,9027.87
JT64945,California,Associate,Employed,Female,65024.0,Urban,Married,Call Center,Basic,Personal,Four-Door Car,Midsize,67.0,17.0,1189.87,13422.06
JT69863,Arizona,Bachelor,Medical Leave,Male,16258.0,Suburban,Married,Branch,Basic,Personal,Two-Door Car,Midsize,64.0,13.0,1307.2,2410.11
JU19953,California,Master,Employed,Female,81947.0,Urban,Married,Branch,Basic,Personal,Two-Door Car,Midsize,71.0,12.0,1203.99,8621.17
JU64043,Oregon,Master,Employed,Male,49414.0,Rural,Single,Agent,Basic,Personal,Four-Door Car,Large,68.0,8.0,1159.63,4999.35
JU72142,Oregon,Bachelor,Employed,Male,61225.0,Urban,Married,Call Center,Basic,Personal,SUV,Small,117.0,3.0,1442.37,14002.76
JU74347,Oregon,Bachelor,Employed,Male,60214.0,Urban,Married,Agent,Basic,Corporate,Sports Car,Small,100.0,8.0,1291.29,7943.51
JU87932,Oregon,Bachelor,Employed,Female,30406.0,Suburban,Married,Web,Basic,Personal,Four-Door Car,Midsize,73.0,29.0,1350.4,2893.31
JU93290,Arizona,Associate,Medical Leave,Female,21708.0,Suburban,Divorced,Web,Basic,Personal,Four-Door Car,Midsize,68.0,28.0,1326.4,17930.6
JV13438,Oregon,High School,Employed,Male,98693.0,Suburban,Married,Agent,Basic,Personal,Four-Door Car,Small,61.0,7.0,1292.8,4909.03
JV40853,California,High School,Employed,Female,61886.0,Suburban,Divorced,Branch,Extended,Personal,Two-Door Car,Small,87.0,3.0,1417.6,27666.3
JV63229,Arizona,Bachelor,Employed,Male,81957.0,Suburban,Divorced,Branch,Extended,Personal,Four-Door Car,Midsize,86.0,23.0,1433.43,6876.31
JV68002,Washington,Associate,Retired,Male,23091.0,Suburban,Married,Agent,Extended,Corporate,Four-Door Car,Midsize,96.0,28.0,1460.8,5926.73
JV79596,Oregon,Bachelor,Disabled,Female,27627.0,Suburban,Married,Call Center,Basic,Special,Two-Door Car,Small,63.0,10.0,1453.6,14594.45
JV89183,Oregon,Bachelor,Employed,Male,51425.0,Urban,Married,Agent,Premium,Personal,Four-Door Car,Large,119.0,32.0,1560.15,9378.9
JV97593,California,Bachelor,Employed,Female,92653.0,Suburban,Married,Agent,Extended,Personal,Four-Door Car,Midsize,83.0,15.0,1456.52,6674.46
JV99867,California,Bachelor,Employed,Female,65448.0,Suburban,Married,Agent,Extended,Special,Four-Door Car,Midsize,94.0,28.0,1451.2,11269.23
JW12998,California,High School,Employed,Female,24279.0,Suburban,Married,Branch,Extended,Personal,Sports Car,Midsize,126.0,16.0,1604.8,14866.45
JW15301,Arizona,High School,Medical Leave,Male,24664.0,Suburban,Married,Agent,Basic,Corporate,Four-Door Car,Midsize,69.0,12.0,1496.8,7787.43
JW15941,California,Master,Employed,Male,97832.0,Rural,Married,Web,Extended,Personal,Two-Door Car,Midsize,95.0,5.0,1107.66,3842.79
JW16295,California,High School,Employed,Female,55510.0,Suburban,Divorced,Web,Extended,Personal,Two-Door Car,Midsize,89.0,1.0,1427.2,10676.59
JW21133,California,Bachelor,Medical Leave,Male,18820.0,Suburban,Married,Branch,Extended,Personal,Two-Door Car,Small,95.0,3.0,1456.0,6480.1
JW30054,Oregon,High School,Employed,Male,71034.0,Suburban,Married,Branch,Premium,Corporate,Four-Door Car,Midsize,103.0,26.0,1494.4,8283.07
JW33458,California,Master,Employed,Female,92254.0,Urban,Married,Call Center,Basic,Corporate,Four-Door Car,Midsize,70.0,7.0,1245.59,5729.86
JW44963,Arizona,Associate,Employed,Female,55483.0,Urban,Single,Web,Basic,Personal,Four-Door Car,Midsize,70.0,26.0,1230.91,5447.84
JW58698,Oregon,Associate,Employed,Female,70277.0,Rural,Married,Web,Extended,Personal,Four-Door Car,Small,80.0,23.0,1084.82,3223.33
JW62354,Nevada,Associate,Employed,Female,75648.0,Rural,Married,Branch,Basic,Personal,SUV,Large,108.0,28.0,1112.66,4349.31
JW70372,Arizona,Doctoral,Employed,Female,61233.0,Rural,Married,Branch,Extended,Personal,Four-Door Car,Midsize,89.0,27.0,1181.29,7124.2
JW87443,Oregon,Associate,Employed,Female,72608.0,Suburban,Married,Agent,Extended,Personal,Four-Door Car,Midsize,82.0,26.0,1393.6,6521.37
JW94491,California,Associate,Retired,Male,25251.0,Suburban,Divorced,Web,Basic,Personal,Four-Door Car,Midsize,66.0,13.0,1316.8,11790.5
JX14364,Oregon,Associate,Employed,Male,39778.0,Suburban,Married,Call Center,Basic,Personal,SUV,Midsize,112.0,23.0,1806.4,13235.54
JX26859,California,Doctoral,Employed,Male,31278.0,Suburban,Married,Branch,Extended,Personal,Two-Door Car,Midsize,92.0,24.0,1441.6,3528.04
JX27737,California,Associate,Employed,Male,32356.0,Urban,Married,Agent,Premium,Personal,Two-Door Car,Midsize,117.0,11.0,1428.49,13452.19
JX50349,Oregon,Associate,Employed,Female,63860.0,Urban,Married,Agent,Basic,Personal,Four-Door Car,Midsize,62.0,26.0,1208.6,2472.47
JX52708,California,Bachelor,Medical Leave,Male,25617.0,Suburban,Divorced,Call Center,Basic,Personal,Two-Door Car,Midsize,63.0,22.0,1302.4,4556.07
JX68983,Oregon,Bachelor,Employed,Male,94648.0,Suburban,Divorced,Branch,Basic,Personal,Four-Door Car,Midsize,69.0,19.0,1331.2,2744.52
JX76668,Washington,High School,Employed,Female,62935.0,Rural,Married,Agent,Premium,Personal,Sports Car,Small,141.0,29.0,1232.24,11314.24
JX78176,California,Bachelor,Employed,Female,55805.0,Urban,Married,Branch,Extended,Personal,Four-Door Car,Midsize,99.0,16.0,1425.53,12045.67
JX88012,Oregon,Associate,Employed,Female,98350.0,Urban,Married,Agent,Basic,Corporate,SUV,Midsize,101.0,14.0,1289.18,7960.01
JX93039,Washington,Associate,Employed,Female,40171.0,Urban,Married,Call Center,Extended,Personal,SUV,Midsize,123.0,13.0,1576.88,4883.34
JY16280,California,High School,Employed,Female,43860.0,Rural,Single,Agent,Basic,Personal,Four-Door Car,Midsize,65.0,15.0,1156.12,2514.59
JY27336,Oregon,Associate,Employed,Female,85840.0,Rural,Married,Agent,Basic,Corporate,SUV,Midsize,102.0,14.0,1138.72,8205.39
JY42899,California,Bachelor,Medical Leave,Male,26334.0,Suburban,Single,Agent,Basic,Personal,Two-Door Car,Midsize,71.0,9.0,1340.8,5305.09
JY45326,Oregon,Associate,Employed,Male,52380.0,Suburban,Married,Call Center,Basic,Personal,Luxury SUV,Small,186.0,27.0,1892.8,7360.87
JY45873,Washington,Bachelor,Employed,Female,48567.0,Suburban,Single,Agent,Extended,Corporate,SUV,Midsize,130.0,12.0,1624.0,5015.01
JY67916,Oregon,Associate,Medical Leave,Male,21513.0,Suburban,Married,Branch,Premium,Personal,Two-Door Car,Small,119.0,21.0,1679.83,13171.01
JY87538,Oregon,Associate,Employed,Female,91871.0,Urban,Single,Web,Basic,Personal,SUV,Midsize,102.0,5.0,1346.85,28486.07
JY90595,Arizona,High School,Medical Leave,Male,16042.0,Suburban,Married,Agent,Basic,Personal,Two-Door Car,Midsize,73.0,33.0,1350.4,5528.66
JY97451,California,Associate,Disabled,Female,16976.0,Urban,Married,Agent,Basic,Personal,Four-Door Car,Midsize,69.0,23.0,1238.95,2631.88
JZ15681,California,High School,Employed,Male,37843.0,Urban,Divorced,Agent,Extended,Personal,Four-Door Car,Midsize,92.0,2.0,1354.46,3624.9
JZ16164,Oregon,Bachelor,Disabled,Female,22565.0,Suburban,Married,Agent,Extended,Personal,SUV,Small,132.0,0.0,1633.6,5110.76
JZ22920,Arizona,Master,Employed,Male,29606.0,Suburban,Married,Agent,Extended,Personal,Four-Door Car,Midsize,81.0,33.0,1438.28,3225.4
JZ23377,Oregon,Associate,Employed,Female,48367.0,Suburban,Married,Branch,Premium,Personal,SUV,Midsize,161.0,10.0,1772.8,57520.5
JZ28301,Oregon,Associate,Employed,Female,35011.0,Urban,Married,Call Center,Basic,Personal,Four-Door Car,Large,70.0,7.0,1215.73,5552.33
JZ28710,California,Associate,Employed,Male,61417.0,Urban,Married,Call Center,Basic,Personal,Two-Door Car,Midsize,65.0,6.0,1206.02,5143.88
JZ31045,California,Associate,Employed,Female,97719.0,Urban,Married,Branch,Basic,Personal,Four-Door Car,Midsize,67.0,6.0,1318.66,2721.59
JZ54775,Arizona,Bachelor,Employed,Female,27688.0,Suburban,Married,Agent,Extended,Personal,Four-Door Car,Small,92.0,8.0,1572.35,7431.66
JZ61422,Nevada,Associate,Employed,Female,96668.0,Suburban,Single,Agent,Basic,Personal,Four-Door Car,Midsize,66.0,2.0,1316.8,5272.19
JZ61712,Nevada,Bachelor,Employed,Male,97576.0,Suburban,Married,Call Center,Extended,Personal,Two-Door Car,Large,83.0,1.0,1544.71,3359.24
JZ61928,California,Associate,Medical Leave,Male,22520.0,Suburban,Married,Branch,Basic,Corporate,Four-Door Car,Midsize,73.0,17.0,1350.4,5498.94
JZ63423,Arizona,Associate,Employed,Male,67431.0,Suburban,Divorced,Call Center,Extended,Personal,SUV,Large,136.0,28.0,1652.8,5321.11
JZ76788,Nevada,Associate,Employed,Male,29385.0,Suburban,Single,Agent,Extended,Personal,Two-Door Car,Small,88.0,18.0,1422.4,3303.09
JZ81608,Oregon,High School,Employed,Male,53808.0,Rural,Married,Branch,Extended,Personal,Four-Door Car,Midsize,88.0,26.0,1189.84,6978.72
KA13067,Oregon,High School,Employed,Male,77512.0,Urban,Divorced,Branch,Basic,Corporate,SUV,Small,104.0,2.0,1433.6100000000001,8370.4
KA25468,California,Master,Employed,Male,46177.0,Suburban,Married,Web,Basic,Personal,Four-Door Car,Small,61.0,8.0,1379.08,4905.32
KA29693,California,Associate,Medical Leave,Male,16266.0,Suburban,Married,Web,Basic,Special,SUV,Midsize,100.0,11.0,2177.3199999999997,11513.36
KA58700,Nevada,Associate,Employed,Male,44712.0,Suburban,Single,Agent,Extended,Corporate,Four-Door Car,Midsize,82.0,19.0,1537.78,6085.3
KA61892,Arizona,Associate,Retired,Male,28142.0,Suburban,Married,Agent,Basic,Personal,Sports Car,Midsize,105.0,18.0,1701.71,3873.65
KA62636,Oregon,High School,Employed,Male,97917.0,Urban,Single,Agent,Basic,Personal,Two-Door Car,Midsize,67.0,14.0,1279.18,4928.0
KA77514,Washington,High School,Employed,Male,34865.0,Urban,Married,Call Center,Basic,Corporate,Four-Door Car,Midsize,69.0,15.0,1255.95,2734.15
KA95160,Arizona,Master,Employed,Female,89918.0,Urban,Divorced,Web,Basic,Personal,SUV,Midsize,115.0,14.0,1423.12,23207.25
KA95976,California,High School,Employed,Female,80550.0,Urban,Married,Branch,Basic,Personal,Four-Door Car,Midsize,68.0,16.0,1265.52,5392.5
KA98111,Washington,Bachelor,Employed,Male,22475.0,Suburban,Married,Agent,Basic,Personal,Four-Door Car,Large,64.0,25.0,1307.2,2513.12
KB18303,California,Associate,Employed,Male,62464.0,Urban,Married,Agent,Basic,Corporate,Sports Car,Midsize,109.0,23.0,1400.18,8658.86
KB20508,California,Associate,Medical Leave,Male,11033.0,Suburban,Married,Branch,Extended,Special,Two-Door Car,Large,97.0,27.0,1511.12,10828.37
KB25170,Washington,Doctoral,Employed,Female,88059.0,Rural,Married,Call Center,Basic,Personal,Four-Door Car,Small,63.0,15.0,1144.55,2560.08
KB35786,Oregon,Bachelor,Medical Leave,Male,20284.0,Suburban,Single,Agent,Basic,Personal,Four-Door Car,Midsize,65.0,14.0,1532.81,4505.85
KB42322,California,Bachelor,Employed,Female,70829.0,Suburban,Divorced,Web,Extended,Personal,Four-Door Car,Midsize,85.0,14.0,1553.17,6761.11
KB44286,Oregon,High School,Employed,Female,64403.0,Rural,Single,Agent,Basic,Corporate,Luxury SUV,Small,198.0,11.0,1111.17,46770.95
KB50999,California,Associate,Employed,Female,27568.0,Urban,Married,Call Center,Basic,Personal,Two-Door Car,Midsize,68.0,0.0,1278.69,5394.0
KB53430,Oregon,High School,Retired,Male,27972.0,Suburban,Married,Web,Basic,Personal,Four-Door Car,Midsize,61.0,7.0,1292.8,2227.07
KB54415,Arizona,High School,Disabled,Male,13449.0,Suburban,Single,Agent,Basic,Personal,Four-Door Car,Large,68.0,28.0,1326.4,2473.37
KB58189,Oregon,Associate,Employed,Female,69230.0,Urban,Married,Agent,Basic,Special,Four-Door Car,Midsize,63.0,31.0,1283.24,2550.66
KB72438,California,High School,Employed,Female,65989.0,Rural,Married,Call Center,Extended,Personal,SUV,Midsize,123.0,4.0,1115.55,19834.2
KB75939,Oregon,Bachelor,Disabled,Female,23059.0,Rural,Divorced,Branch,Extended,Corporate,Sports Car,Midsize,126.0,30.0,1095.85,9421.1
KB90953,California,Bachelor,Employed,Female,98710.0,Urban,Married,Branch,Extended,Personal,Sports Car,Midsize,123.0,21.0,1587.3899999999999,40132.01
KC11055,Nevada,Bachelor,Employed,Female,39411.0,Suburban,Married,Branch,Extended,Personal,Luxury Car,Midsize,217.0,4.0,2122.66,16936.27
KC17170,Arizona,Bachelor,Employed,Female,54422.0,Rural,Married,Branch,Basic,Corporate,Four-Door Car,Midsize,68.0,9.0,1075.5,5465.6
KC17606,California,Associate,Employed,Female,27444.0,Urban,Married,Web,Basic,Personal,Four-Door Car,Large,66.0,21.0,1313.93,5244.55
KC19420,California,Associate,Disabled,Female,19589.0,Suburban,Married,Agent,Extended,Personal,SUV,Large,127.0,26.0,2027.01,4987.64
KC26486,Arizona,Bachelor,Employed,Female,46503.0,Suburban,Divorced,Agent,Extended,Personal,Luxury SUV,Midsize,215.0,4.0,2032.0,8427.17
KC32511,Oregon,Master,Employed,Female,97131.0,Suburban,Married,Agent,Basic,Personal,Four-Door Car,Small,64.0,5.0,1307.2,5181.62
KC36987,Oregon,Bachelor,Employed,Male,47950.0,Urban,Married,Branch,Premium,Personal,SUV,Midsize,170.0,23.0,1780.99,13334.27
KC49055,Oregon,Bachelor,Employed,Male,21835.0,Suburban,Married,Agent,Extended,Personal,Two-Door Car,Midsize,92.0,2.0,1621.62,7123.08
KC67431,California,Associate,Employed,Female,46707.0,Rural,Married,Branch,Extended,Personal,Sports Car,Midsize,133.0,7.0,1080.71,10517.16
KC67652,Arizona,Doctoral,Employed,Male,71255.0,Rural,Single,Agent,Extended,Personal,Sports Car,Midsize,138.0,28.0,1138.63,10876.48
KC67832,California,Associate,Employed,Male,80028.0,Rural,Married,Web,Extended,Corporate,Four-Door Car,Midsize,86.0,34.0,1114.02,17292.94
KC69320,Arizona,Bachelor,Employed,Female,28582.0,Suburban,Single,Agent,Basic,Personal,Sports Car,Small,112.0,27.0,1537.6,13037.03
KC71643,Oregon,High School,Employed,Male,99144.0,Suburban,Married,Call Center,Basic,Corporate,Four-Door Car,Midsize,61.0,29.0,1292.8,2463.24
KC79907,Arizona,Associate,Employed,Female,91915.0,Rural,Divorced,Call Center,Basic,Personal,Luxury Car,Midsize,186.0,0.0,1093.57,7441.0
KD16729,Nevada,Associate,Employed,Male,21144.0,Urban,Married,Branch,Extended,Personal,Two-Door Car,Midsize,86.0,6.0,1391.45,6645.93
KD23847,Arizona,High School,Employed,Female,76374.0,Suburban,Divorced,Call Center,Basic,Personal,Four-Door Car,Small,61.0,21.0,1292.8,4886.54
KD47243,California,Bachelor,Employed,Female,91469.0,Urban,Single,Agent,Basic,Personal,SUV,Small,100.0,11.0,1418.8600000000001,11797.99
KD52867,Oregon,High School,Employed,Female,37138.0,Suburban,Single,Branch,Extended,Personal,Two-Door Car,Midsize,85.0,4.0,1612.0,3347.03
KD63933,California,Associate,Medical Leave,Male,24030.0,Suburban,Single,Agent,Basic,Personal,Luxury SUV,Midsize,194.0,14.0,1970.69,7048.38
KD63998,California,Associate,Employed,Male,56342.0,Suburban,Single,Call Center,Basic,Personal,Four-Door Car,Small,69.0,12.0,1331.2,2674.73
KD70601,Washington,Associate,Employed,Female,54834.0,Urban,Single,Web,Basic,Corporate,Four-Door Car,Midsize,72.0,23.0,1186.19,5647.15
KE35335,Washington,Associate,Employed,Female,75333.0,Urban,Married,Web,Extended,Personal,Four-Door Car,Small,90.0,15.0,1289.24,3580.26
KE41602,Arizona,High School,Employed,Male,76516.0,Suburban,Married,Branch,Extended,Personal,Two-Door Car,Midsize,95.0,13.0,1661.01,7588.36
KE42114,Nevada,Doctoral,Medical Leave,Male,17250.0,Urban,Married,Call Center,Basic,Personal,Four-Door Car,Midsize,62.0,16.0,1175.53,4730.36
KE60943,California,Bachelor,Employed,Male,33305.0,Suburban,Married,Call Center,Basic,Special,Four-Door Car,Small,62.0,3.0,1353.78,4908.21
KE61355,Oregon,High School,Employed,Female,60260.0,Suburban,Married,Web,Basic,Corporate,Four-Door Car,Midsize,66.0,14.0,1328.37,5272.7
KE63160,Oregon,Bachelor,Retired,Male,27681.0,Suburban,Married,Agent,Extended,Personal,Two-Door Car,Midsize,83.0,13.0,1398.4,6057.07
KE66309,California,Associate,Employed,Male,87728.0,Urban,Divorced,Web,Basic,Personal,Four-Door Car,Midsize,70.0,24.0,1201.59,8432.52
KE70943,California,Associate,Employed,Female,97238.0,Suburban,Divorced,Web,Extended,Personal,SUV,Midsize,126.0,6.0,1604.8,10090.41
KE83023,Oregon,Bachelor,Employed,Male,27279.0,Suburban,Married,Branch,Extended,Personal,SUV,Midsize,137.0,30.0,1770.23,10845.74
KE98143,California,Master,Employed,Female,89362.0,Rural,Single,Branch,Basic,Personal,Four-Door Car,Midsize,67.0,8.0,1116.21,2700.68
KF46546,Arizona,Bachelor,Employed,Female,75845.0,Rural,Married,Agent,Basic,Personal,Four-Door Car,Midsize,72.0,2.0,1073.85,5789.35
KF50730,California,Bachelor,Employed,Female,71794.0,Urban,Married,Web,Extended,Personal,SUV,Midsize,131.0,19.0,1457.47,5235.57
KF70569,Nevada,High School,Employed,Male,91182.0,Urban,Married,Agent,Extended,Personal,Four-Door Car,Midsize,96.0,8.0,1249.1399999999999,3890.87
KF75098,Arizona,Bachelor,Employed,Male,86148.0,Suburban,Married,Agent,Basic,Personal,Four-Door Car,Small,65.0,19.0,1312.0,5129.74
KF80172,Nevada,Associate,Employed,Male,37876.0,Urban,Single,Agent,Basic,Personal,Four-Door Car,Midsize,69.0,13.0,1300.06,2647.52
KF98735,California,Bachelor,Employed,Male,41185.0,Urban,Married,Agent,Extended,Special,Four-Door Car,Midsize,99.0,20.0,1363.6100000000001,3673.99
KG21285,Arizona,Associate,Employed,Male,67206.0,Rural,Divorced,Web,Extended,Personal,Four-Door Car,Midsize,90.0,9.0,1076.29,7159.81
KG23128,Oregon,Bachelor,Retired,Male,27681.0,Suburban,Married,Agent,Extended,Personal,Two-Door Car,Midsize,83.0,13.0,1398.4,6057.07
KG40352,Oregon,Associate,Employed,Female,68815.0,Rural,Married,Branch,Basic,Personal,Four-Door Car,Small,68.0,29.0,1114.74,5447.2
KG49115,California,Associate,Employed,Female,89411.0,Rural,Married,Web,Extended,Personal,Four-Door Car,Midsize,78.0,14.0,1116.24,6298.18
KG53186,Nevada,Associate,Employed,Male,59644.0,Suburban,Married,Agent,Extended,Corporate,Four-Door Car,Midsize,79.0,15.0,1379.2,3136.7
KG53604,Oregon,Associate,Employed,Male,37256.0,Rural,Married,Branch,Basic,Personal,Four-Door Car,Midsize,62.0,15.0,1128.97,9816.53
KG57925,California,Bachelor,Employed,Male,41842.0,Suburban,Married,Call Center,Basic,Corporate,Two-Door Car,Midsize,61.0,1.0,1292.8,2410.5
KG81168,Arizona,Bachelor,Employed,Male,65090.0,Rural,Married,Agent,Basic,Personal,Four-Door Car,Midsize,71.0,28.0,1074.0,2826.31
KG83280,California,Associate,Employed,Female,21604.0,Suburban,Divorced,Branch,Extended,Personal,Four-Door Car,Midsize,79.0,14.0,1379.2,3096.51
KG84303,California,Master,Employed,Male,38820.0,Suburban,Married,Call Center,Extended,Personal,Four-Door Car,Small,99.0,29.0,1547.62,3942.92
KG85675,Nevada,Bachelor,Medical Leave,Female,13037.0,Suburban,Married,Agent,Extended,Personal,SUV,Small,124.0,28.0,1839.35,4726.87
KH19280,Arizona,Associate,Employed,Female,50037.0,Urban,Married,Call Center,Extended,Special,Four-Door Car,Midsize,81.0,24.0,1303.38,6513.61
KH24214,Oregon,Associate,Employed,Male,55437.0,Suburban,Married,Agent,Basic,Personal,Four-Door Car,Midsize,64.0,5.0,1445.29,17857.97
KH34667,Nevada,Associate,Employed,Male,50472.0,Urban,Married,Web,Extended,Corporate,Four-Door Car,Midsize,87.0,6.0,1281.16,6832.13
KH41809,California,Associate,Employed,Female,31058.0,Urban,Married,Branch,Basic,Personal,Two-Door Car,Midsize,67.0,5.0,1309.42,2489.39
KH48895,Arizona,Master,Medical Leave,Female,17780.0,Rural,Married,Branch,Basic,Personal,SUV,Midsize,109.0,12.0,1132.59,8375.35
KH53118,California,Bachelor,Employed,Female,44485.0,Rural,Married,Agent,Basic,Special,Four-Door Car,Midsize,62.0,5.0,1079.89,7505.77
KH55886,Oregon,Bachelor,Employed,Male,78310.0,Rural,Married,Agent,Premium,Personal,Sports Car,Midsize,192.0,34.0,1151.71,67907.27
KH58171,California,Master,Employed,Male,79751.0,Suburban,Married,Web,Basic,Personal,Two-Door Car,Small,63.0,15.0,1392.24,2551.23
KH59823,California,Associate,Employed,Male,50943.0,Suburban,Divorced,Branch,Extended,Special,SUV,Midsize,139.0,18.0,1667.2,5489.21
KH64733,Nevada,Associate,Employed,Female,62007.0,Rural,Married,Agent,Basic,Personal,Four-Door Car,Midsize,73.0,4.0,1120.02,5889.51
KH81863,Oregon,Associate,Medical Leave,Female,22571.0,Suburban,Single,Web,Basic,Corporate,Four-Door Car,Large,63.0,29.0,1302.4,4605.04
KH92987,Arizona,High School,Employed,Female,30095.0,Suburban,Married,Web,Extended,Personal,SUV,Midsize,136.0,0.0,1652.8,21740.03
KH93541,Nevada,Associate,Employed,Female,83000.0,Urban,Married,Branch,Extended,Corporate,Four-Door Car,Small,97.0,29.0,1378.56,7786.68
KH93988,Oregon,Associate,Employed,Female,71134.0,Rural,Married,Web,Extended,Personal,Two-Door Car,Midsize,98.0,21.0,1196.37,7708.88
KH95802,Arizona,Associate,Employed,Male,20592.0,Urban,Single,Branch,Basic,Personal,Two-Door Car,Midsize,71.0,15.0,1195.15,2605.6
KI17749,Oregon,High School,Disabled,Female,24823.0,Urban,Married,Agent,Basic,Personal,Four-Door Car,Midsize,69.0,23.0,1229.28,2682.42
KI18648,Arizona,Bachelor,Employed,Female,60662.0,Suburban,Divorced,Web,Basic,Special,Two-Door Car,Midsize,68.0,10.0,1326.4,8084.85
KI19439,Oregon,High School,Employed,Female,21952.0,Suburban,Married,Branch,Basic,Personal,Four-Door Car,Small,66.0,20.0,1316.8,5207.64
KI25980,Washington,Master,Employed,Male,43982.0,Suburban,Divorced,Web,Extended,Personal,SUV,Small,126.0,20.0,1604.8,14722.22
KI55845,Oregon,Associate,Employed,Female,55588.0,Suburban,Married,Branch,Basic,Personal,SUV,Midsize,114.0,15.0,1547.2,13681.71
KI75855,Oregon,Master,Employed,Male,79751.0,Suburban,Married,Web,Basic,Personal,Two-Door Car,Small,63.0,15.0,1392.24,2551.23
KI83797,Oregon,Associate,Employed,Female,48295.0,Urban,Single,Branch,Basic,Personal,Four-Door Car,Midsize,63.0,25.0,1290.3,4913.12
KI91500,California,High School,Medical Leave,Female,22193.0,Suburban,Married,Branch,Basic,Personal,Two-Door Car,Small,74.0,13.0,1415.54,8641.05
KJ19260,Arizona,Associate,Employed,Male,37929.0,Rural,Divorced,Call Center,Basic,Corporate,Four-Door Car,Midsize,61.0,21.0,1120.44,4682.25
KJ23009,California,Bachelor,Employed,Female,20179.0,Suburban,Married,Agent,Extended,Corporate,SUV,Midsize,133.0,29.0,1638.4,10598.54
KJ29915,California,Bachelor,Employed,Female,28909.0,Suburban,Married,Agent,Basic,Personal,Two-Door Car,Midsize,66.0,15.0,1456.7,5246.28
KJ31611,Arizona,High School,Employed,Male,31063.0,Suburban,Married,Agent,Extended,Personal,Four-Door Car,Small,92.0,20.0,1441.6,10808.07
KJ41153,Oregon,Associate,Employed,Male,79632.0,Urban,Divorced,Branch,Basic,Personal,SUV,Midsize,106.0,7.0,1344.05,8292.63
KJ50265,Washington,High School,Disabled,Male,27951.0,Suburban,Married,Branch,Extended,Personal,Four-Door Car,Midsize,91.0,32.0,1436.8,10418.31
KJ55021,Washington,Associate,Disabled,Female,29111.0,Suburban,Married,Branch,Basic,Personal,Four-Door Car,Midsize,63.0,3.0,1302.4,4791.08
KJ72146,Oregon,Bachelor,Employed,Male,30895.0,Suburban,Divorced,Web,Basic,Personal,Four-Door Car,Small,62.0,10.0,1297.6,7126.47
KK15032,Arizona,High School,Employed,Female,46370.0,Suburban,Married,Web,Basic,Personal,Two-Door Car,Midsize,68.0,28.0,1326.4,2702.38
KK26955,Washington,High School,Employed,Female,49675.0,Suburban,Married,Agent,Basic,Personal,Two-Door Car,Midsize,65.0,10.0,1312.0,2589.43
KK27683,Nevada,High School,Disabled,Female,15413.0,Suburban,Married,Branch,Basic,Personal,SUV,Large,106.0,4.0,1508.8,4013.85
KK30016,Nevada,Master,Employed,Male,27722.0,Suburban,Divorced,Call Center,Basic,Personal,Four-Door Car,Midsize,69.0,3.0,1331.2,5532.63
KK38827,California,Master,Employed,Female,29462.0,Suburban,Single,Branch,Basic,Personal,SUV,Large,107.0,28.0,1513.6,4170.69
KK58047,Oregon,Associate,Employed,Male,53944.0,Suburban,Married,Web,Basic,Personal,Two-Door Car,Midsize,71.0,13.0,1340.8,8583.85
KK61203,California,High School,Medical Leave,Male,20920.0,Suburban,Married,Web,Premium,Personal,Four-Door Car,Midsize,103.0,25.0,1494.4,3934.1
KK64803,California,High School,Employed,Male,82320.0,Suburban,Married,Branch,Extended,Personal,Four-Door Car,Midsize,99.0,4.0,1475.2,27443.47
KK95092,Arizona,Bachelor,Employed,Male,55281.0,Suburban,Married,Agent,Basic,Personal,Luxury SUV,Midsize,192.0,22.0,1921.6,7605.64
KL14426,Nevada,Doctoral,Employed,Female,83288.0,Urban,Married,Agent,Extended,Personal,SUV,Midsize,124.0,18.0,1353.4,5079.84
KL17620,California,Associate,Disabled,Female,12062.0,Suburban,Single,Web,Basic,Corporate,Four-Door Car,Midsize,63.0,3.0,1302.4,7130.29
KL27226,California,Bachelor,Employed,Male,58776.0,Suburban,Divorced,Branch,Extended,Personal,Four-Door Car,Midsize,83.0,20.0,1478.75,6412.37
KL27677,Nevada,Associate,Employed,Female,24195.0,Urban,Married,Branch,Extended,Personal,Two-Door Car,Large,90.0,32.0,1360.27,10793.76
KL29678,Oregon,Master,Employed,Female,43610.0,Suburban,Married,Agent,Basic,Personal,Sports Car,Midsize,106.0,16.0,1508.8,8624.92
KL43280,California,Associate,Employed,Male,69063.0,Suburban,Married,Branch,Premium,Personal,Two-Door Car,Small,115.0,12.0,1552.0,9264.33
KL48832,Nevada,Associate,Employed,Female,31756.0,Rural,Married,Branch,Basic,Corporate,Four-Door Car,Midsize,66.0,34.0,1160.8600000000001,5237.94
KL54950,Oregon,Bachelor,Employed,Male,23705.0,Suburban,Married,Agent,Extended,Personal,SUV,Midsize,122.0,33.0,1585.6,4531.37
KL80110,Arizona,Associate,Employed,Female,89513.0,Rural,Married,Branch,Basic,Personal,SUV,Midsize,116.0,5.0,1232.95,9333.33
KL83882,Nevada,Bachelor,Employed,Female,72661.0,Suburban,Married,Branch,Extended,Personal,Four-Door Car,Small,83.0,17.0,1398.4,6639.33
KM18818,Arizona,Associate,Employed,Female,25981.0,Rural,Married,Agent,Basic,Personal,Two-Door Car,Large,65.0,33.0,1077.55,2590.65
KM22467,California,Bachelor,Employed,Male,55898.0,Suburban,Married,Agent,Basic,Personal,Two-Door Car,Midsize,69.0,35.0,1441.95,5451.8
KM33477,Oregon,Associate,Employed,Male,21733.0,Suburban,Single,Web,Basic,Corporate,Four-Door Car,Midsize,73.0,17.0,1525.6,8550.39
KM58067,California,High School,Employed,Female,92921.0,Rural,Married,Call Center,Basic,Personal,SUV,Midsize,112.0,35.0,1109.29,4526.95
KM65135,Oregon,Associate,Disabled,Male,14957.0,Suburban,Single,Branch,Basic,Corporate,Four-Door Car,Small,66.0,24.0,1316.8,4763.33
KM72596,Arizona,Doctoral,Employed,Male,39393.0,Urban,Single,Agent,Extended,Personal,SUV,Midsize,121.0,11.0,1491.15,32677.34
KM72781,Washington,Associate,Employed,Female,22514.0,Urban,Married,Call Center,Extended,Personal,Four-Door Car,Midsize,80.0,22.0,1203.47,9470.62
KM79894,Arizona,Master,Employed,Male,88246.0,Suburban,Married,Agent,Extended,Corporate,Four-Door Car,Midsize,77.0,3.0,1428.6100000000001,3095.18
KN13494,Washington,Master,Employed,Female,97131.0,Suburban,Married,Agent,Basic,Personal,Four-Door Car,Small,64.0,5.0,1307.2,5181.62
KN20603,Oregon,Bachelor,Employed,Male,45506.0,Suburban,Single,Agent,Basic,Personal,Four-Door Car,Midsize,66.0,16.0,1316.8,7713.49
KN21017,Nevada,High School,Employed,Male,52367.0,Urban,Married,Call Center,Extended,Personal,Four-Door Car,Midsize,81.0,25.0,1275.99,3208.23
KN24990,Arizona,Associate,Employed,Male,37748.0,Suburban,Married,Web,Basic,Personal,Luxury Car,Small,181.0,21.0,1868.8,41491.74
KN25124,Oregon,Master,Employed,Female,50979.0,Urban,Married,Branch,Basic,Personal,Two-Door Car,Midsize,61.0,25.0,1262.84,2456.82
KN27565,Oregon,Master,Employed,Male,34075.0,Rural,Single,Agent,Basic,Special,Luxury SUV,Small,196.0,8.0,1451.9,7639.67
KN34250,Oregon,Associate,Employed,Female,35482.0,Suburban,Married,Branch,Extended,Corporate,SUV,Midsize,129.0,21.0,1619.2,10208.93
KN47424,Oregon,High School,Employed,Female,60596.0,Urban,Married,Agent,Basic,Personal,Four-Door Car,Midsize,71.0,20.0,1180.34,5517.2
KN50049,California,Associate,Medical Leave,Male,24054.0,Suburban,Single,Branch,Premium,Personal,SUV,Midsize,176.0,14.0,2133.8,18882.64
KN78424,California,Associate,Employed,Male,51675.0,Suburban,Married,Branch,Premium,Corporate,Sports Car,Midsize,196.0,11.0,1940.8,15477.28
KN90631,Nevada,High School,Retired,Female,28120.0,Suburban,Married,Web,Basic,Personal,SUV,Midsize,112.0,7.0,1537.6,8560.16
KO26461,Arizona,High School,Employed,Male,41520.0,Urban,Married,Agent,Extended,Personal,Four-Door Car,Midsize,90.0,18.0,1289.9,32269.85
KO44736,Oregon,Bachelor,Employed,Male,35095.0,Suburban,Divorced,Call Center,Basic,Personal,Two-Door Car,Small,73.0,25.0,1525.6,16979.8
KO46064,California,Bachelor,Employed,Male,46135.0,Rural,Married,Agent,Basic,Personal,Four-Door Car,Midsize,69.0,12.0,1103.94,2730.2
KO73340,Oregon,Associate,Employed,Male,77299.0,Rural,Married,Branch,Basic,Personal,Four-Door Car,Midsize,66.0,11.0,1151.87,2640.32
KO95143,California,High School,Employed,Male,37910.0,Suburban,Married,Agent,Premium,Personal,Four-Door Car,Midsize,108.0,7.0,1518.4,8521.74
KP10993,California,Associate,Retired,Female,18577.0,Suburban,Divorced,Branch,Extended,Personal,Four-Door Car,Midsize,86.0,21.0,1412.8,6273.91
KP26590,Nevada,Bachelor,Employed,Female,40513.0,Rural,Married,Branch,Extended,Personal,Four-Door Car,Large,96.0,21.0,1151.59,3801.28
KP51068,Oregon,Bachelor,Employed,Male,59961.0,Urban,Single,Branch,Basic,Personal,Four-Door Car,Midsize,68.0,8.0,1291.92,2640.59
KP54476,California,Master,Employed,Male,87128.0,Suburban,Single,Web,Extended,Personal,Two-Door Car,Midsize,97.0,26.0,1495.6100000000001,7780.49
KP68957,California,Bachelor,Employed,Female,41059.0,Rural,Married,Branch,Basic,Corporate,Four-Door Car,Midsize,64.0,6.0,1151.67,2544.34
KP72427,Washington,High School,Employed,Male,64455.0,Rural,Married,Agent,Basic,Personal,SUV,Midsize,108.0,5.0,1133.74,21639.84
KP77095,Arizona,Bachelor,Employed,Female,68086.0,Rural,Married,Web,Premium,Corporate,SUV,Large,194.0,34.0,1218.34,15470.6
KP96020,Arizona,Bachelor,Employed,Female,39660.0,Urban,Married,Agent,Basic,Corporate,Sports Car,Small,107.0,3.0,1416.85,4330.77
KP97208,Oregon,Associate,Employed,Female,94846.0,Urban,Married,Agent,Basic,Corporate,Two-Door Car,Midsize,73.0,15.0,1305.03,5918.33
KQ30179,California,Bachelor,Employed,Male,89771.0,Rural,Married,Call Center,Basic,Personal,Two-Door Car,Midsize,67.0,10.0,1104.12,2688.86
KQ36942,California,Bachelor,Medical Leave,Male,10853.0,Urban,Married,Web,Basic,Corporate,SUV,Small,104.0,11.0,1350.31,3896.57
KQ43374,Oregon,Associate,Employed,Female,32114.0,Urban,Married,Agent,Basic,Corporate,SUV,Midsize,104.0,22.0,1445.29,4128.09
KQ49890,Oregon,High School,Employed,Male,78387.0,Urban,Married,Agent,Basic,Corporate,Four-Door Car,Midsize,74.0,5.0,1204.09,5924.67
KQ50003,Arizona,High School,Employed,Female,46546.0,Urban,Divorced,Branch,Extended,Special,Four-Door Car,Midsize,99.0,9.0,1319.1100000000001,27890.06
KQ65521,Arizona,Associate,Employed,Female,55761.0,Rural,Divorced,Branch,Basic,Personal,Sports Car,Midsize,115.0,22.0,1086.28,18269.27
KQ98040,California,Bachelor,Employed,Female,70061.0,Suburban,Married,Agent,Extended,Corporate,Four-Door Car,Small,99.0,2.0,1699.52,7996.6
KR10942,Oregon,Bachelor,Employed,Female,33201.0,Urban,Married,Branch,Basic,Personal,Two-Door Car,Midsize,66.0,9.0,1314.04,2651.62
KR17533,Oregon,Doctoral,Employed,Male,40175.0,Rural,Divorced,Branch,Basic,Personal,SUV,Midsize,102.0,34.0,1154.72,3954.54
KR25511,Washington,High School,Employed,Male,26876.0,Suburban,Single,Agent,Extended,Corporate,Four-Door Car,Midsize,76.0,17.0,1364.8,6005.21
KR29524,Oregon,Bachelor,Employed,Female,78596.0,Rural,Married,Branch,Basic,Personal,SUV,Midsize,118.0,1.0,1133.91,4742.62
KR35099,Washington,Associate,Employed,Male,60920.0,Urban,Single,Agent,Basic,Personal,Two-Door Car,Midsize,64.0,10.0,1231.2,7507.46
KR48903,Washington,High School,Employed,Male,88264.0,Suburban,Married,Branch,Basic,Personal,Two-Door Car,Midsize,62.0,8.0,1297.6,2504.91
KR50062,Oregon,Associate,Employed,Male,79507.0,Suburban,Married,Call Center,Basic,Personal,Two-Door Car,Midsize,70.0,7.0,1442.2,2754.46
KR62128,California,Master,Employed,Female,63885.0,Rural,Single,Agent,Basic,Personal,SUV,Midsize,114.0,0.0,1086.48,9011.76
KR62797,Arizona,High School,Employed,Female,83297.0,Suburban,Married,Call Center,Basic,Personal,SUV,Midsize,113.0,6.0,1542.4,4591.63
KR82385,California,Master,Employed,Male,66334.0,Suburban,Single,Call Center,Basic,Personal,Two-Door Car,Midsize,69.0,25.0,1331.2,5454.59
KR87696,California,Associate,Employed,Female,98278.0,Urban,Married,Branch,Extended,Personal,Four-Door Car,Midsize,85.0,26.0,1367.58,3439.09
KR88393,California,High School,Disabled,Female,19245.0,Suburban,Single,Agent,Extended,Personal,Four-Door Car,Small,84.0,5.0,1604.8,15002.6
KS12490,Oregon,High School,Employed,Male,64669.0,Suburban,Married,Call Center,Extended,Personal,Sports Car,Small,131.0,22.0,1628.8,10594.13
KS36311,California,Associate,Employed,Female,39141.0,Suburban,Married,Branch,Basic,Personal,Four-Door Car,Small,68.0,22.0,1402.46,2701.04
KS42294,California,Associate,Employed,Female,30535.0,Rural,Married,Call Center,Basic,Personal,Four-Door Car,Small,66.0,22.0,1094.14,20930.05
KS45476,Washington,High School,Employed,Female,50461.0,Suburban,Single,Agent,Extended,Personal,Sports Car,Large,131.0,22.0,1810.0700000000002,15626.28
KS46420,Washington,Master,Employed,Female,26140.0,Rural,Married,Agent,Basic,Personal,SUV,Midsize,112.0,11.0,1229.71,13411.31
KS72802,Oregon,Master,Employed,Female,85751.0,Urban,Married,Agent,Extended,Corporate,Four-Door Car,Midsize,93.0,6.0,1391.21,3768.37
KS89479,Oregon,Associate,Employed,Male,37937.0,Suburban,Married,Call Center,Basic,Personal,SUV,Midsize,116.0,11.0,1556.8,9095.05
KT46283,California,Associate,Employed,Male,58089.0,Suburban,Married,Agent,Basic,Corporate,SUV,Midsize,118.0,31.0,1566.4,4686.47
KT54608,Arizona,Bachelor,Employed,Male,78618.0,Urban,Divorced,Agent,Basic,Corporate,Two-Door Car,Midsize,66.0,7.0,1225.58,2619.34
KT91115,Oregon,Bachelor,Employed,Male,43367.0,Suburban,Divorced,Branch,Premium,Personal,Four-Door Car,Midsize,118.0,6.0,2026.74,4690.79
KT97561,Arizona,High School,Retired,Male,19683.0,Suburban,Married,Web,Basic,Personal,Sports Car,Midsize,117.0,17.0,1561.6,8382.63
KU13616,California,Bachelor,Disabled,Female,11885.0,Suburban,Divorced,Agent,Premium,Personal,Four-Door Car,Midsize,101.0,18.0,1484.8,11315.2
KU14261,Arizona,Master,Employed,Female,38179.0,Urban,Married,Call Center,Extended,Personal,Four-Door Car,Midsize,90.0,12.0,1374.72,7268.1
KU25309,Oregon,Associate,Employed,Male,22537.0,Suburban,Married,Branch,Basic,Corporate,Four-Door Car,Midsize,64.0,24.0,1307.2,22425.26
KU29408,Washington,Master,Employed,Male,37722.0,Rural,Single,Agent,Basic,Corporate,Sports Car,Midsize,116.0,8.0,1158.08,9075.77
KU54022,Nevada,High School,Disabled,Female,12762.0,Suburban,Married,Agent,Extended,Corporate,Two-Door Car,Midsize,86.0,10.0,1412.8,3323.86
KU56006,Arizona,Associate,Employed,Female,52220.0,Suburban,Married,Call Center,Basic,Personal,Four-Door Car,Small,70.0,17.0,1336.0,5536.39
KU56071,Oregon,Associate,Employed,Female,93416.0,Urban,Married,Call Center,Basic,Personal,Two-Door Car,Midsize,62.0,5.0,1246.25,4991.54
KU61611,Arizona,High School,Employed,Male,69040.0,Suburban,Married,Call Center,Basic,Corporate,Sports Car,Small,108.0,4.0,1518.4,4327.1
KU69274,Arizona,High School,Disabled,Female,17157.0,Suburban,Married,Agent,Extended,Personal,SUV,Small,123.0,33.0,1770.75,14267.93
KU85991,California,High School,Employed,Male,72421.0,Suburban,Married,Call Center,Basic,Corporate,Four-Door Car,Small,65.0,8.0,1312.0,2592.44
KU88219,Arizona,Master,Employed,Male,25816.0,Suburban,Single,Agent,Basic,Personal,Sports Car,Midsize,119.0,18.0,1571.2,4637.16
KU94282,Oregon,Master,Employed,Female,62900.0,Rural,Married,Agent,Basic,Personal,Two-Door Car,Midsize,62.0,3.0,1083.9,10016.29
KV17007,California,Associate,Employed,Male,82255.0,Rural,Married,Branch,Basic,Personal,Four-Door Car,Midsize,71.0,29.0,1145.0,5680.28
KV17233,Arizona,Bachelor,Employed,Female,23033.0,Suburban,Married,Web,Basic,Personal,Two-Door Car,Small,62.0,5.0,1500.91,2434.0
KV56995,Nevada,Bachelor,Disabled,Male,18375.0,Suburban,Married,Branch,Basic,Personal,Sports Car,Large,103.0,8.0,1535.08,3954.34
KV79964,Arizona,Doctoral,Employed,Male,32260.0,Suburban,Married,Branch,Premium,Personal,Four-Door Car,Midsize,113.0,8.0,1601.12,9009.22
KV99077,Nevada,Associate,Employed,Male,43906.0,Suburban,Divorced,Web,Basic,Personal,Two-Door Car,Small,65.0,6.0,1468.0,5157.05
KW12214,Oregon,High School,Employed,Male,78441.0,Suburban,Married,Branch,Basic,Personal,SUV,Midsize,103.0,6.0,1613.87,12375.02
KW41658,Arizona,Bachelor,Employed,Male,21606.0,Suburban,Divorced,Call Center,Basic,Personal,Four-Door Car,Midsize,71.0,21.0,1340.8,2534.31
KW52227,California,Bachelor,Employed,Male,51972.0,Suburban,Married,Web,Basic,Personal,Four-Door Car,Midsize,66.0,19.0,1316.8,7814.6
KW52549,Arizona,Bachelor,Employed,Female,33806.0,Urban,Divorced,Web,Extended,Personal,Four-Door Car,Midsize,89.0,32.0,1395.73,27789.69
KW59167,Oregon,Associate,Employed,Female,72608.0,Suburban,Married,Agent,Extended,Personal,Four-Door Car,Midsize,82.0,26.0,1393.6,6521.37
KW84736,California,Associate,Employed,Male,33104.0,Suburban,Married,Agent,Basic,Personal,Two-Door Car,Small,70.0,10.0,1336.0,2691.6
KW93227,Washington,Associate,Employed,Male,58149.0,Suburban,Married,Branch,Basic,Special,Four-Door Car,Small,61.0,5.0,1292.8,21892.94
KW95891,Oregon,High School,Employed,Female,93884.0,Suburban,Married,Branch,Basic,Personal,Four-Door Car,Small,65.0,7.0,1312.0,2635.15
KW99972,California,High School,Employed,Female,40332.0,Urban,Married,Branch,Extended,Personal,Sports Car,Midsize,132.0,10.0,1463.6,10524.71
KX18446,Washington,High School,Employed,Male,56980.0,Suburban,Married,Agent,Extended,Corporate,Two-Door Car,Midsize,84.0,33.0,1599.0,6689.02
KX32370,California,Associate,Employed,Male,23222.0,Urban,Married,Branch,Extended,Corporate,Two-Door Car,Large,90.0,10.0,1252.94,7078.95
KX47545,Oregon,High School,Employed,Male,40082.0,Suburban,Divorced,Agent,Basic,Personal,Four-Door Car,Small,69.0,6.0,1331.2,8031.71
KX53892,Oregon,Associate,Employed,Female,61146.0,Urban,Married,Branch,Basic,Personal,Four-Door Car,Midsize,65.0,7.0,1273.02,5259.44
KX54357,Washington,Associate,Employed,Male,84910.0,Urban,Married,Web,Extended,Corporate,Two-Door Car,Small,95.0,4.0,1383.17,11365.27
KX54900,Arizona,Doctoral,Employed,Male,57760.0,Urban,Single,Call Center,Extended,Special,Four-Door Car,Midsize,78.0,9.0,1223.95,6236.02
KX55910,Oregon,Associate,Employed,Female,62803.0,Suburban,Married,Web,Basic,Personal,Two-Door Car,Small,62.0,16.0,1400.96,4957.03
KX57885,California,Bachelor,Retired,Male,22103.0,Suburban,Divorced,Call Center,Extended,Personal,Four-Door Car,Midsize,89.0,4.0,1427.2,6073.24
KX75698,Oregon,High School,Employed,Male,96587.0,Suburban,Married,Agent,Extended,Personal,SUV,Midsize,138.0,31.0,1749.24,5553.52
KX82226,Arizona,High School,Medical Leave,Male,13512.0,Suburban,Single,Call Center,Extended,Personal,Two-Door Car,Midsize,92.0,14.0,1441.6,3185.17
KX86150,California,High School,Medical Leave,Male,13542.0,Suburban,Married,Web,Extended,Personal,Four-Door Car,Small,94.0,5.0,1451.2,7188.29
KX99703,Oregon,Associate,Retired,Female,18577.0,Suburban,Divorced,Branch,Extended,Personal,Four-Door Car,Midsize,86.0,21.0,1412.8,6273.91
KY14688,Oregon,Master,Employed,Female,36218.0,Rural,Married,Branch,Basic,Personal,Four-Door Car,Large,68.0,6.0,1145.25,2730.31
KY29506,California,Associate,Employed,Female,92850.0,Suburban,Single,Agent,Premium,Personal,Four-Door Car,Small,104.0,3.0,1499.2,20395.97
KY32675,Arizona,High School,Employed,Male,85297.0,Suburban,Married,Branch,Extended,Special,Two-Door Car,Small,93.0,7.0,1620.01,14970.29
KY38074,California,Bachelor,Employed,Male,42305.0,Suburban,Married,Agent,Premium,Personal,Four-Door Car,Small,117.0,10.0,1561.6,13891.74
KY48450,Oregon,Associate,Employed,Female,83926.0,Rural,Married,Agent,Basic,Personal,Luxury Car,Midsize,181.0,31.0,1124.45,7334.52
KY55245,California,High School,Medical Leave,Male,12430.0,Suburban,Single,Call Center,Basic,Personal,Four-Door Car,Midsize,73.0,22.0,1350.4,5169.5
KY57676,California,High School,Employed,Male,20870.0,Suburban,Divorced,Agent,Basic,Personal,Four-Door Car,Midsize,72.0,20.0,1345.6,8400.79
KY98596,Arizona,Bachelor,Employed,Male,68331.0,Suburban,Married,Branch,Basic,Personal,Four-Door Car,Small,63.0,23.0,1302.4,5033.39
KZ11847,California,Master,Disabled,Female,22886.0,Suburban,Divorced,Agent,Basic,Personal,Four-Door Car,Small,65.0,9.0,1312.0,5096.67
KZ26788,Washington,Bachelor,Employed,Female,69379.0,Suburban,Single,Branch,Premium,Personal,Two-Door Car,Midsize,103.0,14.0,1494.4,4118.59
KZ60207,Arizona,Associate,Employed,Male,51523.0,Suburban,Married,Agent,Basic,Personal,Four-Door Car,Small,62.0,31.0,1297.6,5007.67
KZ67768,Nevada,Associate,Medical Leave,Male,23811.0,Suburban,Divorced,Web,Extended,Personal,SUV,Large,130.0,20.0,1624.0,4869.6
KZ80383,Arizona,High School,Employed,Female,29587.0,Suburban,Married,Branch,Extended,Personal,Four-Door Car,Midsize,76.0,25.0,1422.02,6035.09
KZ80424,Washington,Bachelor,Employed,Male,25998.0,Suburban,Married,Call Center,Basic,Personal,Four-Door Car,Midsize,71.0,16.0,1791.88,8382.48
KZ84621,Nevada,High School,Employed,Female,62375.0,Urban,Married,Web,Basic,Personal,SUV,Small,103.0,35.0,1411.23,8253.27
LA13377,California,Doctoral,Employed,Male,78879.0,Suburban,Married,Call Center,Basic,Personal,Four-Door Car,Small,69.0,9.0,1466.57,5509.9
LA14484,Nevada,High School,Retired,Male,27972.0,Suburban,Married,Web,Basic,Special,Four-Door Car,Midsize,61.0,7.0,1292.8,2227.07
LA16827,Arizona,Master,Employed,Male,49919.0,Suburban,Married,Branch,Extended,Personal,SUV,Midsize,134.0,27.0,1643.2,5432.86
LA20890,Oregon,Bachelor,Employed,Female,66880.0,Suburban,Married,Branch,Basic,Personal,Four-Door Car,Midsize,71.0,7.0,1340.8,2846.65
LA29810,California,Associate,Employed,Female,68332.0,Suburban,Married,Branch,Extended,Personal,Four-Door Car,Midsize,79.0,23.0,1379.2,6240.9
LA33814,Oregon,High School,Employed,Male,66245.0,Rural,Married,Agent,Premium,Personal,SUV,Midsize,145.0,22.0,1181.5,17367.27
LA35379,Oregon,Master,Employed,Female,62461.0,Rural,Married,Agent,Basic,Personal,Four-Door Car,Small,73.0,15.0,1129.27,2954.39
LA72316,California,Bachelor,Employed,Male,71941.0,Urban,Married,Web,Basic,Personal,Four-Door Car,Midsize,73.0,18.0,1198.23,23405.99
LA79102,California,Doctoral,Employed,Female,66106.0,Urban,Married,Agent,Extended,Personal,Two-Door Car,Small,95.0,10.0,1250.32,7638.44
LA97014,Washington,Bachelor,Employed,Male,37574.0,Suburban,Married,Agent,Basic,Personal,Two-Door Car,Midsize,66.0,19.0,1412.1,2576.51
LB12820,Oregon,High School,Employed,Male,57289.0,Suburban,Single,Agent,Extended,Corporate,Two-Door Car,Small,86.0,21.0,1562.22,6688.86
LB19360,Nevada,Master,Employed,Female,29462.0,Suburban,Single,Branch,Basic,Personal,SUV,Large,107.0,28.0,1513.6,4170.69
LB29621,Oregon,Bachelor,Employed,Female,21370.0,Rural,Married,Call Center,Extended,Corporate,Four-Door Car,Midsize,77.0,1.0,1105.18,9294.55
LB59405,California,High School,Employed,Female,57693.0,Suburban,Divorced,Agent,Extended,Personal,Four-Door Car,Midsize,76.0,16.0,1547.2,5979.72
LB81265,Arizona,Bachelor,Employed,Female,40987.0,Urban,Divorced,Call Center,Basic,Personal,Four-Door Car,Midsize,73.0,6.0,1329.01,2938.08
LB83807,Oregon,Bachelor,Employed,Male,63354.0,Suburban,Single,Agent,Premium,Personal,Two-Door Car,Large,106.0,16.0,1508.8,8343.41
LB97434,Arizona,Bachelor,Employed,Male,50648.0,Suburban,Married,Call Center,Basic,Personal,Two-Door Car,Midsize,69.0,27.0,1331.2,5531.63
LB98130,Oregon,Bachelor,Employed,Male,34137.0,Suburban,Married,Agent,Basic,Personal,Two-Door Car,Midsize,62.0,6.0,1297.6,7440.92
LC20778,Nevada,Master,Medical Leave,Female,27229.0,Suburban,Single,Agent,Extended,Personal,Four-Door Car,Small,99.0,20.0,1475.2,18745.4
LC23144,California,High School,Medical Leave,Female,13870.0,Suburban,Married,Web,Basic,Personal,SUV,Midsize,109.0,1.0,1550.4299999999998,8478.3
LC25393,California,Bachelor,Employed,Male,88220.0,Rural,Married,Call Center,Extended,Personal,Luxury Car,Small,230.0,28.0,1151.53,27776.29
LC33025,Oregon,Associate,Employed,Male,44698.0,Suburban,Married,Call Center,Extended,Personal,Luxury Car,Midsize,211.0,0.0,2012.8,7918.33
LC42182,Nevada,High School,Employed,Female,64321.0,Rural,Divorced,Agent,Premium,Personal,Luxury SUV,Midsize,253.0,4.0,1422.44,30442.54
LC47479,Oregon,Associate,Employed,Male,35442.0,Suburban,Married,Branch,Extended,Personal,Luxury Car,Small,239.0,10.0,2147.2,28622.31
LC58452,California,High School,Employed,Male,88240.0,Suburban,Divorced,Branch,Basic,Personal,SUV,Small,117.0,3.0,1561.6,4655.61
LC59148,Washington,High School,Employed,Female,37995.0,Suburban,Married,Branch,Extended,Personal,SUV,Midsize,139.0,16.0,1667.2,5597.12
LC60153,California,Bachelor,Employed,Male,72503.0,Urban,Single,Agent,Basic,Personal,SUV,Large,106.0,29.0,1295.82,12341.83
LC69427,Oregon,Associate,Employed,Female,20368.0,Suburban,Single,Branch,Basic,Corporate,Four-Door Car,Small,72.0,30.0,1345.6,2827.33
LC86277,Oregon,High School,Disabled,Male,19447.0,Suburban,Married,Call Center,Extended,Corporate,Four-Door Car,Midsize,89.0,6.0,1640.8,3336.22
LC87490,Arizona,Bachelor,Retired,Female,24910.0,Suburban,Single,Branch,Basic,Personal,Four-Door Car,Midsize,63.0,7.0,1347.8600000000001,2248.45
LC90366,Nevada,Bachelor,Retired,Male,22828.0,Suburban,Married,Agent,Basic,Personal,SUV,Midsize,106.0,11.0,1508.8,16473.17
LC92080,Oregon,Associate,Employed,Male,23541.0,Rural,Married,Agent,Basic,Personal,Two-Door Car,Midsize,62.0,12.0,1098.92,7247.74
LD22387,California,High School,Employed,Female,53078.0,Urban,Married,Branch,Extended,Corporate,Four-Door Car,Midsize,79.0,29.0,1200.98,6225.02
LD48189,Nevada,High School,Employed,Female,57693.0,Suburban,Divorced,Agent,Extended,Personal,Four-Door Car,Midsize,76.0,16.0,1547.2,5979.72
LD49835,California,High School,Employed,Male,73345.0,Suburban,Married,Agent,Basic,Personal,SUV,Midsize,107.0,7.0,1513.6,4307.42
LD53393,California,Bachelor,Employed,Male,67454.0,Suburban,Married,Agent,Basic,Personal,Luxury Car,Large,185.0,3.0,2332.0,7417.41
LD63324,Arizona,Associate,Employed,Male,62873.0,Urban,Divorced,Call Center,Extended,Corporate,Four-Door Car,Midsize,81.0,0.0,1207.75,3230.58
LD68165,Arizona,High School,Disabled,Female,18495.0,Suburban,Married,Branch,Basic,Corporate,SUV,Large,113.0,10.0,1542.4,26197.41
LD69905,Arizona,High School,Medical Leave,Male,21238.0,Suburban,Married,Call Center,Extended,Personal,Four-Door Car,Midsize,95.0,11.0,1456.0,6431.74
LD75023,Oregon,High School,Employed,Male,48268.0,Suburban,Divorced,Web,Extended,Personal,Luxury SUV,Midsize,223.0,28.0,2605.6,26346.09
LD76400,California,Bachelor,Employed,Female,42522.0,Suburban,Married,Agent,Extended,Corporate,SUV,Midsize,132.0,3.0,1909.88,31316.61
LD98568,California,Associate,Employed,Female,54431.0,Urban,Married,Agent,Extended,Personal,Four-Door Car,Midsize,97.0,19.0,1284.5,7849.13
LE12086,Oregon,Associate,Employed,Female,68946.0,Urban,Married,Call Center,Basic,Personal,Four-Door Car,Midsize,71.0,15.0,1309.63,5737.5
LE12782,Arizona,Associate,Employed,Male,28663.0,Suburban,Married,Agent,Basic,Personal,Four-Door Car,Midsize,61.0,15.0,1292.8,4466.98
LE30774,California,Associate,Employed,Male,80355.0,Suburban,Married,Web,Basic,Corporate,Luxury Car,Midsize,187.0,24.0,1897.6,22235.01
LE65901,Oregon,Bachelor,Employed,Female,58082.0,Rural,Married,Call Center,Basic,Personal,SUV,Midsize,112.0,31.0,1103.02,4434.94
LE74625,California,Master,Medical Leave,Male,22608.0,Suburban,Married,Agent,Extended,Personal,Four-Door Car,Small,77.0,5.0,1369.6,2961.31
LE84979,California,Master,Employed,Female,21331.0,Urban,Divorced,Agent,Basic,Personal,SUV,Large,103.0,18.0,1419.06,12208.12
LE85123,Oregon,Bachelor,Employed,Male,35624.0,Urban,Single,Call Center,Basic,Personal,Four-Door Car,Midsize,66.0,6.0,1227.45,19237.77
LE95702,California,Associate,Retired,Male,10621.0,Suburban,Single,Agent,Basic,Special,Four-Door Car,Midsize,67.0,28.0,1321.6,4386.28
LF19061,Arizona,High School,Employed,Female,74561.0,Urban,Married,Web,Basic,Personal,Two-Door Car,Midsize,68.0,0.0,1234.3899999999999,5427.48
LF41085,Arizona,Associate,Medical Leave,Female,19591.0,Rural,Divorced,Agent,Basic,Personal,Two-Door Car,Midsize,74.0,8.0,1095.93,5635.25
LF61343,California,High School,Disabled,Male,12688.0,Suburban,Married,Call Center,Premium,Personal,SUV,Midsize,140.0,5.0,1672.0,10529.01
LF66923,Nevada,High School,Employed,Female,64460.0,Suburban,Married,Agent,Basic,Corporate,Two-Door Car,Small,66.0,18.0,1316.8,5343.12
LG19551,Arizona,Bachelor,Employed,Male,22134.0,Suburban,Married,Call Center,Basic,Corporate,Four-Door Car,Midsize,72.0,13.0,1445.88,5764.78
LG45849,California,Doctoral,Employed,Male,27985.0,Suburban,Married,Call Center,Premium,Personal,Two-Door Car,Small,117.0,8.0,1561.6,4698.52
LG49010,California,Bachelor,Medical Leave,Male,10237.0,Urban,Married,Call Center,Basic,Personal,Two-Door Car,Midsize,72.0,31.0,1253.6399999999999,2620.6
LG53863,Oregon,High School,Disabled,Female,13093.0,Suburban,Divorced,Agent,Basic,Personal,SUV,Midsize,100.0,30.0,1514.51,3741.57
LG64797,California,Associate,Employed,Female,25771.0,Suburban,Married,Branch,Extended,Personal,Luxury SUV,Midsize,222.0,21.0,2253.98,17723.76
LG73224,California,High School,Employed,Male,52572.0,Suburban,Single,Web,Basic,Personal,Four-Door Car,Midsize,68.0,16.0,1379.28,2670.64
LG85340,Oregon,Bachelor,Employed,Female,70811.0,Rural,Married,Agent,Basic,Personal,Sports Car,Midsize,100.0,14.0,1141.65,8086.01
LG87047,California,High School,Disabled,Male,14209.0,Suburban,Married,Web,Basic,Personal,Four-Door Car,Midsize,62.0,34.0,1297.6,18591.55
LG90006,Oregon,Doctoral,Employed,Female,31409.0,Urban,Married,Branch,Extended,Personal,Four-Door Car,Midsize,93.0,10.0,1381.96,11154.68
LH26563,Oregon,High School,Disabled,Female,17913.0,Suburban,Married,Web,Premium,Personal,Four-Door Car,Small,116.0,0.0,1556.8,4550.86
LH38387,Nevada,Bachelor,Employed,Female,58187.0,Rural,Married,Branch,Extended,Personal,Two-Door Car,Midsize,95.0,18.0,1076.73,11389.94
LH52773,California,High School,Employed,Female,97460.0,Suburban,Married,Branch,Basic,Personal,SUV,Midsize,114.0,20.0,1660.1399999999999,23020.89
LH53046,Nevada,High School,Employed,Female,69186.0,Urban,Single,Agent,Basic,Personal,Four-Door Car,Small,69.0,24.0,1192.59,5439.36
LH66741,Arizona,Bachelor,Employed,Male,23158.0,Suburban,Married,Branch,Basic,Personal,Four-Door Car,Large,63.0,31.0,1302.4,7034.35
LH87004,Washington,Associate,Employed,Male,41418.0,Suburban,Divorced,Branch,Basic,Personal,SUV,Small,112.0,17.0,1537.6,17367.53
LH91968,Oregon,Bachelor,Employed,Male,82664.0,Rural,Married,Agent,Basic,Corporate,SUV,Midsize,114.0,24.0,1133.43,8838.09
LH94176,Arizona,High School,Employed,Male,38595.0,Suburban,Divorced,Branch,Basic,Personal,Four-Door Car,Midsize,74.0,5.0,1415.55,8203.22
LH94971,Oregon,Bachelor,Employed,Male,37840.0,Suburban,Married,Agent,Extended,Corporate,Four-Door Car,Large,90.0,31.0,1432.0,7057.89
LI11560,California,Bachelor,Employed,Female,57883.0,Suburban,Married,Agent,Basic,Personal,Four-Door Car,Small,69.0,4.0,1431.85,5580.82
LI31082,California,Bachelor,Employed,Female,73054.0,Urban,Married,Branch,Basic,Personal,SUV,Midsize,106.0,34.0,1419.37,12741.85
LI45265,Oregon,Bachelor,Employed,Female,99803.0,Urban,Married,Call Center,Basic,Personal,Four-Door Car,Small,71.0,1.0,1189.1399999999999,8569.42
LI60972,Arizona,Associate,Employed,Female,91804.0,Suburban,Married,Agent,Basic,Special,Four-Door Car,Large,62.0,18.0,1388.8,5017.61
LI76661,Oregon,Bachelor,Employed,Male,89285.0,Urban,Married,Call Center,Extended,Corporate,Two-Door Car,Midsize,93.0,17.0,1243.55,7443.83
LI77073,Oregon,Associate,Employed,Male,31670.0,Suburban,Married,Agent,Premium,Corporate,Sports Car,Large,179.0,33.0,2288.8,7100.33
LI81655,California,Master,Employed,Male,21586.0,Suburban,Married,Agent,Premium,Personal,Sports Car,Midsize,167.0,31.0,1801.6,6638.12
LJ21457,California,Associate,Employed,Male,42247.0,Suburban,Divorced,Web,Basic,Personal,Two-Door Car,Small,74.0,4.0,1355.2,2879.51
LJ43988,California,Master,Employed,Female,27317.0,Suburban,Married,Agent,Premium,Personal,Four-Door Car,Midsize,102.0,30.0,1489.6,20492.74
LJ79533,Nevada,High School,Disabled,Female,11432.0,Suburban,Married,Agent,Basic,Special,SUV,Small,119.0,11.0,1571.2,13466.92
LJ93770,Arizona,Doctoral,Employed,Female,25581.0,Urban,Married,Branch,Basic,Personal,SUV,Midsize,105.0,9.0,1429.7,4194.66
LK19630,California,High School,Employed,Female,52216.0,Suburban,Married,Web,Basic,Personal,Four-Door Car,Midsize,72.0,8.0,1362.03,2907.44
LK35963,California,Bachelor,Employed,Female,89601.0,Rural,Married,Branch,Basic,Personal,Two-Door Car,Midsize,70.0,1.0,1117.02,17019.01
LK39646,Washington,Bachelor,Employed,Female,58843.0,Urban,Single,Call Center,Basic,Corporate,Two-Door Car,Large,68.0,1.0,1200.49,8018.5
LK49091,California,Bachelor,Employed,Female,62650.0,Rural,Married,Branch,Extended,Personal,Four-Door Car,Large,92.0,0.0,1148.82,3657.59
LK51056,Arizona,Bachelor,Employed,Male,78152.0,Suburban,Married,Branch,Basic,Corporate,SUV,Midsize,114.0,18.0,1547.2,4631.01
LK51620,California,High School,Employed,Male,98478.0,Suburban,Married,Branch,Premium,Corporate,Four-Door Car,Small,106.0,21.0,1508.8,12902.09
LK57294,Oregon,High School,Employed,Male,23402.0,Suburban,Married,Call Center,Basic,Personal,Four-Door Car,Midsize,61.0,29.0,1292.8,4786.01
LK57934,Nevada,Bachelor,Employed,Male,45776.0,Rural,Married,Agent,Extended,Personal,Four-Door Car,Midsize,89.0,2.0,1095.95,10569.63
LK60013,Oregon,Bachelor,Employed,Female,97431.0,Suburban,Married,Branch,Basic,Personal,Four-Door Car,Midsize,74.0,1.0,1355.2,5969.55
LK73001,California,Associate,Employed,Male,34614.0,Suburban,Married,Branch,Premium,Personal,Four-Door Car,Small,114.0,6.0,1547.2,8954.43
LK74984,Washington,High School,Employed,Male,21190.0,Suburban,Married,Call Center,Basic,Personal,Four-Door Car,Midsize,65.0,24.0,1312.0,2459.17
LK90215,Oregon,Associate,Employed,Male,37876.0,Urban,Single,Agent,Basic,Personal,Four-Door Car,Midsize,69.0,13.0,1300.06,2647.52
LK91880,California,Associate,Employed,Female,26448.0,Rural,Married,Agent,Basic,Personal,Sports Car,Midsize,105.0,7.0,1075.33,8376.33
LL14393,Oregon,High School,Employed,Male,23867.0,Suburban,Married,Call Center,Basic,Personal,Four-Door Car,Midsize,65.0,6.0,1312.0,2556.61
LL45497,Washington,Associate,Employed,Female,67282.0,Suburban,Married,Web,Basic,Personal,Two-Door Car,Midsize,62.0,29.0,1297.6,2487.73
LL56632,Oregon,High School,Employed,Female,55842.0,Suburban,Married,Agent,Basic,Personal,SUV,Midsize,109.0,4.0,1703.12,8679.8
LL57541,California,Master,Employed,Female,63624.0,Rural,Married,Call Center,Extended,Personal,Four-Door Car,Midsize,95.0,10.0,1175.24,7712.44
LL62746,Oregon,Doctoral,Medical Leave,Male,12829.0,Urban,Married,Call Center,Basic,Personal,SUV,Midsize,118.0,33.0,1328.23,8970.65
LL73047,California,High School,Disabled,Female,28672.0,Suburban,Divorced,Branch,Basic,Personal,Four-Door Car,Midsize,71.0,14.0,1340.8,7892.09
LL95376,Washington,Bachelor,Employed,Male,92296.0,Suburban,Married,Agent,Basic,Personal,Two-Door Car,Midsize,69.0,4.0,1331.2,2759.98
LL96228,Oregon,Master,Employed,Male,99823.0,Rural,Married,Branch,Basic,Corporate,SUV,Midsize,116.0,2.0,1250.18,14091.19
LM12349,Washington,Bachelor,Employed,Female,36328.0,Rural,Married,Agent,Premium,Corporate,SUV,Midsize,155.0,6.0,1388.15,12282.84
LM34525,Washington,Associate,Employed,Female,71592.0,Rural,Divorced,Branch,Basic,Personal,Four-Door Car,Midsize,72.0,15.0,1141.73,8742.06
LM44949,Oregon,Doctoral,Employed,Female,36938.0,Urban,Married,Agent,Basic,Special,Four-Door Car,Midsize,70.0,32.0,1244.8,5682.52
LM58227,Oregon,High School,Employed,Female,65096.0,Suburban,Married,Call Center,Basic,Personal,Four-Door Car,Midsize,67.0,3.0,1321.6,5285.31
LM58949,Oregon,High School,Disabled,Male,24248.0,Suburban,Married,Agent,Basic,Personal,Four-Door Car,Midsize,70.0,33.0,1336.0,2403.54
LM76366,Nevada,High School,Employed,Male,28564.0,Suburban,Married,Branch,Extended,Corporate,Two-Door Car,Small,76.0,17.0,1364.8,2999.34
LM79063,Arizona,Doctoral,Employed,Female,76506.0,Suburban,Divorced,Call Center,Extended,Personal,Two-Door Car,Small,89.0,35.0,1427.2,7155.47
LM79795,Oregon,High School,Employed,Male,39602.0,Suburban,Divorced,Agent,Basic,Personal,Two-Door Car,Small,64.0,15.0,1307.2,7488.79
LM83004,Arizona,High School,Disabled,Male,10147.0,Suburban,Married,Branch,Basic,Personal,Four-Door Car,Midsize,67.0,15.0,1459.28,12552.65
LM86393,Oregon,High School,Employed,Female,98680.0,Suburban,Single,Call Center,Basic,Personal,Four-Door Car,Midsize,72.0,27.0,1345.6,2828.1
LM93586,Arizona,High School,Employed,Male,32314.0,Suburban,Married,Agent,Extended,Personal,Four-Door Car,Midsize,92.0,7.0,1662.4,3677.78
LM97847,California,Associate,Employed,Male,57023.0,Urban,Single,Agent,Basic,Personal,Four-Door Car,Midsize,67.0,11.0,1250.65,2615.14
LN10007,Oregon,Associate,Employed,Female,50800.0,Suburban,Married,Call Center,Basic,Corporate,Sports Car,Midsize,112.0,1.0,1621.22,13369.44
LN20978,Oregon,Bachelor,Employed,Female,25983.0,Suburban,Married,Web,Extended,Corporate,Four-Door Car,Small,90.0,32.0,1432.0,10721.61
LN26837,California,High School,Employed,Male,72421.0,Suburban,Married,Call Center,Basic,Personal,Four-Door Car,Small,65.0,8.0,1312.0,2592.44
LN31673,Washington,Associate,Employed,Male,38923.0,Rural,Married,Agent,Extended,Personal,Four-Door Car,Midsize,99.0,6.0,1115.73,11318.09
LN34660,California,Associate,Employed,Female,69654.0,Suburban,Married,Branch,Basic,Corporate,SUV,Small,118.0,10.0,1629.53,9463.11
LN44535,Washington,Associate,Employed,Female,44605.0,Suburban,Married,Branch,Extended,Personal,Four-Door Car,Midsize,91.0,3.0,1436.8,7284.45
LN47910,Arizona,Associate,Employed,Female,83220.0,Suburban,Married,Agent,Premium,Personal,Four-Door Car,Midsize,110.0,9.0,1528.0,4434.03
LN49978,Oregon,Bachelor,Employed,Female,31562.0,Suburban,Married,Branch,Basic,Personal,Four-Door Car,Midsize,66.0,9.0,1316.8,4956.62
LN50325,Arizona,High School,Employed,Female,20440.0,Suburban,Married,Branch,Extended,Corporate,Sports Car,Midsize,128.0,11.0,1614.4,10064.61
LN50415,Oregon,Bachelor,Employed,Male,50994.0,Urban,Married,Web,Extended,Corporate,SUV,Midsize,128.0,16.0,1346.3899999999999,5131.36
LN62857,California,Master,Medical Leave,Female,23749.0,Rural,Married,Agent,Extended,Personal,Four-Door Car,Midsize,77.0,20.0,1151.55,6005.03
LN99977,California,Associate,Employed,Female,30061.0,Suburban,Single,Web,Basic,Special,Sports Car,Large,104.0,4.0,1499.2,4062.0
LO14518,California,Bachelor,Employed,Male,27835.0,Suburban,Divorced,Branch,Extended,Personal,Two-Door Car,Midsize,81.0,18.0,1529.46,6376.75
LO15516,California,Bachelor,Employed,Male,34322.0,Suburban,Married,Agent,Basic,Corporate,Four-Door Car,Midsize,70.0,20.0,1336.0,2691.7
LO17461,Arizona,High School,Employed,Female,35654.0,Suburban,Married,Branch,Basic,Personal,Two-Door Car,Small,72.0,17.0,1515.12,2885.74
LO28839,California,Bachelor,Employed,Female,29193.0,Suburban,Married,Branch,Basic,Corporate,Four-Door Car,Midsize,61.0,0.0,1292.8,4723.45
LO37570,Arizona,High School,Employed,Male,40432.0,Suburban,Married,Agent,Extended,Personal,Four-Door Car,Midsize,77.0,21.0,1369.6,12157.54
LO39834,Oregon,Bachelor,Retired,Female,23904.0,Suburban,Single,Agent,Extended,Personal,SUV,Midsize,123.0,1.0,1590.4,4334.06
LO40410,Oregon,Doctoral,Disabled,Female,21986.0,Suburban,Divorced,Branch,Basic,Personal,Two-Door Car,Midsize,63.0,1.0,1333.7,2395.57
LO42325,California,Bachelor,Employed,Female,29629.0,Urban,Married,Agent,Basic,Special,Four-Door Car,Midsize,71.0,21.0,1228.44,5433.21
LO48126,Oregon,High School,Employed,Female,23845.0,Suburban,Married,Call Center,Basic,Personal,Four-Door Car,Large,61.0,33.0,1292.8,2467.13
LO48748,Oregon,Master,Employed,Female,26380.0,Rural,Single,Web,Extended,Personal,Four-Door Car,Large,96.0,29.0,1177.37,7485.36
LO57874,Oregon,Bachelor,Retired,Male,25905.0,Suburban,Divorced,Agent,Basic,Corporate,Four-Door Car,Large,63.0,21.0,1302.4,2300.69
LO67195,Arizona,Associate,Employed,Female,56047.0,Rural,Married,Agent,Extended,Corporate,Four-Door Car,Large,92.0,26.0,1082.73,7444.81
LO68739,Arizona,Bachelor,Employed,Female,64859.0,Urban,Married,Call Center,Extended,Personal,Four-Door Car,Midsize,96.0,24.0,1266.95,7739.55
LO75919,Arizona,Bachelor,Employed,Male,43543.0,Urban,Married,Call Center,Extended,Personal,Two-Door Car,Midsize,76.0,11.0,1339.26,6008.18
LO77543,Washington,Associate,Employed,Male,72302.0,Suburban,Divorced,Agent,Basic,Special,Two-Door Car,Midsize,66.0,6.0,1316.8,2616.61
LO90163,Nevada,Bachelor,Employed,Female,24626.0,Rural,Married,Call Center,Basic,Personal,SUV,Midsize,108.0,19.0,1225.97,30081.37
LO90345,Oregon,Associate,Employed,Female,22012.0,Rural,Married,Web,Basic,Corporate,Luxury SUV,Small,185.0,5.0,1075.7,14472.58
LO99872,Oregon,Associate,Employed,Male,28128.0,Suburban,Married,Agent,Basic,Personal,Two-Door Car,Midsize,70.0,6.0,1336.0,5497.66
LP34743,Oregon,Bachelor,Medical Leave,Female,13037.0,Suburban,Married,Agent,Extended,Personal,SUV,Small,124.0,28.0,1839.35,4726.87
LP45550,Oregon,Doctoral,Disabled,Female,15897.0,Urban,Divorced,Agent,Premium,Personal,Four-Door Car,Midsize,101.0,30.0,1303.15,15363.85
LP48634,California,High School,Employed,Female,59974.0,Rural,Divorced,Call Center,Basic,Corporate,Four-Door Car,Midsize,65.0,23.0,1127.23,2578.84
LP51258,Oregon,Bachelor,Employed,Female,91811.0,Urban,Married,Call Center,Basic,Personal,Four-Door Car,Midsize,70.0,1.0,1333.79,2857.11
LP59331,Arizona,Associate,Employed,Male,38606.0,Suburban,Single,Branch,Basic,Personal,Four-Door Car,Midsize,68.0,16.0,1413.29,5282.54
LP76290,Oregon,Master,Employed,Male,62588.0,Suburban,Single,Web,Premium,Special,Four-Door Car,Midsize,104.0,21.0,1499.2,8246.83
LP82042,Oregon,Bachelor,Employed,Male,54668.0,Suburban,Married,Call Center,Basic,Personal,Four-Door Car,Midsize,68.0,3.0,1326.4,5345.68
LQ13873,Nevada,High School,Employed,Male,53565.0,Suburban,Married,Agent,Basic,Personal,Four-Door Car,Small,71.0,27.0,1340.8,5569.46
LQ16286,Oregon,Associate,Employed,Male,71982.0,Suburban,Single,Call Center,Premium,Corporate,Four-Door Car,Small,103.0,29.0,1494.4,8038.95
LQ20969,California,Bachelor,Employed,Male,59523.0,Urban,Married,Branch,Extended,Personal,Four-Door Car,Large,78.0,0.0,1343.79,6189.99
LQ22609,Arizona,Associate,Employed,Female,61385.0,Rural,Married,Call Center,Extended,Personal,Four-Door Car,Midsize,86.0,25.0,1199.3,3452.03
LQ23049,California,High School,Medical Leave,Female,25965.0,Suburban,Divorced,Agent,Basic,Personal,Four-Door Car,Midsize,65.0,23.0,1329.21,2491.26
LQ24783,Oregon,Doctoral,Employed,Female,80590.0,Rural,Married,Agent,Extended,Corporate,Four-Door Car,Midsize,76.0,26.0,1104.07,6162.2
LQ28707,Oregon,Bachelor,Retired,Male,23665.0,Suburban,Married,Branch,Basic,Personal,Four-Door Car,Midsize,67.0,19.0,1404.82,22658.54
LQ50657,Arizona,High School,Employed,Female,82477.0,Suburban,Married,Agent,Extended,Personal,Two-Door Car,Large,90.0,1.0,1432.0,3644.83
LQ68252,Oregon,High School,Retired,Male,27208.0,Suburban,Single,Web,Basic,Personal,SUV,Midsize,102.0,10.0,1489.6,3738.44
LQ76410,Arizona,Associate,Employed,Male,62873.0,Urban,Divorced,Call Center,Extended,Special,Four-Door Car,Midsize,81.0,0.0,1207.75,3230.58
LQ76461,Oregon,High School,Employed,Female,35334.0,Suburban,Married,Web,Basic,Personal,Four-Door Car,Small,65.0,29.0,1468.0,5170.45
LQ79472,Arizona,Associate,Employed,Male,99816.0,Rural,Single,Branch,Extended,Corporate,Two-Door Car,Midsize,86.0,0.0,1172.91,3423.82
LR27773,California,Bachelor,Employed,Female,43671.0,Urban,Married,Agent,Basic,Corporate,Four-Door Car,Midsize,67.0,6.0,1190.65,5329.08
LR32149,Arizona,Bachelor,Employed,Female,52993.0,Urban,Married,Call Center,Basic,Personal,Four-Door Car,Midsize,64.0,16.0,1304.7,22940.38
LR35392,Oregon,High School,Employed,Male,41539.0,Suburban,Single,Web,Premium,Personal,Four-Door Car,Midsize,116.0,11.0,1556.8,9007.43
LR37068,Oregon,Associate,Employed,Female,35773.0,Suburban,Married,Web,Extended,Personal,Four-Door Car,Small,93.0,25.0,1446.4,11030.66
LR43989,Oregon,High School,Medical Leave,Female,19715.0,Suburban,Married,Web,Basic,Personal,Four-Door Car,Small,66.0,25.0,1475.2,4882.29
LR49580,Oregon,Bachelor,Employed,Female,59216.0,Urban,Married,Branch,Basic,Personal,Four-Door Car,Large,64.0,0.0,1200.49,5061.18
LR49944,Nevada,Doctoral,Employed,Female,35159.0,Rural,Married,Agent,Basic,Personal,Two-Door Car,Large,68.0,0.0,1150.5,2744.74
LR61007,Arizona,High School,Employed,Male,79253.0,Urban,Married,Agent,Extended,Corporate,Two-Door Car,Midsize,76.0,23.0,1254.98,3034.8
LR79755,California,Associate,Employed,Male,74034.0,Urban,Divorced,Branch,Basic,Personal,Four-Door Car,Midsize,72.0,20.0,1267.42,2862.18
LR82110,Nevada,Doctoral,Medical Leave,Female,23638.0,Suburban,Married,Web,Basic,Personal,SUV,Midsize,102.0,32.0,1489.6,20101.65
LR92373,Nevada,Bachelor,Employed,Female,53444.0,Urban,Divorced,Branch,Basic,Personal,Four-Door Car,Midsize,72.0,10.0,1315.7,2839.95
LS17120,California,Bachelor,Employed,Male,56869.0,Urban,Single,Agent,Extended,Personal,Four-Door Car,Midsize,83.0,25.0,1269.41,3061.05
LS51818,California,Associate,Employed,Female,37553.0,Suburban,Single,Agent,Basic,Personal,Luxury Car,Small,187.0,34.0,1897.6,22217.97
LS59637,Arizona,Associate,Retired,Female,14030.0,Suburban,Married,Branch,Basic,Corporate,Two-Door Car,Large,72.0,11.0,1345.6,2719.51
LS62045,Oregon,Bachelor,Employed,Female,70037.0,Suburban,Married,Web,Basic,Personal,Four-Door Car,Large,70.0,6.0,1409.99,2831.68
LS90887,California,Bachelor,Employed,Female,26225.0,Urban,Married,Web,Basic,Special,Four-Door Car,Midsize,72.0,18.0,1320.78,5674.38
LS92540,California,Associate,Employed,Female,32210.0,Suburban,Divorced,Call Center,Basic,Corporate,SUV,Large,103.0,16.0,1494.4,4111.2
LS98306,Nevada,High School,Employed,Male,64113.0,Suburban,Divorced,Agent,Premium,Special,Four-Door Car,Midsize,117.0,24.0,1561.6,13918.53
LS99940,California,Master,Employed,Female,63398.0,Urban,Married,Web,Extended,Personal,Four-Door Car,Midsize,83.0,29.0,1292.21,3353.38
LT16517,Oregon,High School,Employed,Female,62053.0,Urban,Married,Web,Extended,Personal,SUV,Midsize,134.0,3.0,1614.03,10827.87
LT24477,California,High School,Employed,Male,47589.0,Rural,Married,Agent,Basic,Personal,SUV,Midsize,109.0,35.0,1110.53,8605.5
LT32391,California,Master,Retired,Female,21514.0,Urban,Married,Agent,Basic,Personal,Two-Door Car,Midsize,62.0,0.0,1257.25,11981.98
LT41574,Oregon,Bachelor,Employed,Female,34717.0,Suburban,Married,Web,Basic,Special,Four-Door Car,Midsize,70.0,7.0,1336.0,2760.95
LT57545,California,Associate,Medical Leave,Female,18892.0,Rural,Married,Web,Basic,Personal,Four-Door Car,Midsize,73.0,33.0,1106.81,5575.2
LT60268,Nevada,Associate,Employed,Female,29696.0,Urban,Single,Call Center,Extended,Personal,SUV,Midsize,139.0,17.0,1478.1100000000001,11044.43
LT77960,Arizona,Associate,Employed,Female,28559.0,Suburban,Married,Call Center,Basic,Corporate,Four-Door Car,Midsize,66.0,5.0,1427.24,5316.76
LT98784,Oregon,Master,Medical Leave,Male,18129.0,Suburban,Single,Agent,Basic,Personal,Four-Door Car,Midsize,69.0,21.0,1364.7,5229.99
LU12532,California,High School,Disabled,Female,22081.0,Suburban,Married,Agent,Extended,Personal,Two-Door Car,Small,84.0,1.0,1451.67,6503.4
LU18867,Oregon,High School,Employed,Male,25075.0,Suburban,Single,Agent,Extended,Personal,Four-Door Car,Midsize,86.0,0.0,1412.8,6620.44
LU30834,Oregon,Bachelor,Employed,Female,78046.0,Suburban,Divorced,Call Center,Basic,Personal,SUV,Small,119.0,22.0,1759.12,14230.32
LU37653,Oregon,Associate,Employed,Female,74001.0,Urban,Married,Call Center,Extended,Corporate,Four-Door Car,Midsize,84.0,16.0,1224.27,10114.99
LU40443,Oregon,Master,Employed,Male,64255.0,Urban,Single,Web,Basic,Personal,Four-Door Car,Midsize,70.0,7.0,1193.87,5543.8
LU42720,Nevada,Associate,Employed,Male,52499.0,Suburban,Divorced,Call Center,Extended,Personal,SUV,Midsize,138.0,0.0,2171.54,48356.96
LU53495,California,Associate,Employed,Male,65412.0,Rural,Married,Branch,Basic,Personal,Four-Door Car,Midsize,73.0,1.0,1101.75,2888.85
LU65596,California,Associate,Employed,Female,59732.0,Rural,Married,Branch,Extended,Corporate,Four-Door Car,Midsize,94.0,0.0,1135.63,3745.37
LU79865,Nevada,Bachelor,Employed,Male,88370.0,Suburban,Divorced,Agent,Basic,Personal,Four-Door Car,Small,74.0,0.0,1355.2,5794.1
LU82585,Nevada,High School,Employed,Male,44368.0,Suburban,Married,Call Center,Extended,Personal,Two-Door Car,Large,80.0,5.0,1384.0,6366.23
LU87443,Oregon,Associate,Employed,Female,26277.0,Suburban,Single,Branch,Basic,Personal,Four-Door Car,Midsize,61.0,17.0,1292.8,4720.61
LV14566,Nevada,Master,Employed,Male,27071.0,Suburban,Divorced,Branch,Basic,Personal,Luxury Car,Large,183.0,1.0,1878.4,7176.59
LV27997,Oregon,Associate,Employed,Male,64801.0,Urban,Married,Web,Basic,Personal,Four-Door Car,Midsize,64.0,23.0,1268.47,7582.11
LV44800,California,High School,Employed,Female,78310.0,Suburban,Married,Branch,Extended,Personal,Four-Door Car,Midsize,76.0,4.0,1364.8,3056.99
LV51815,California,High School,Employed,Female,73137.0,Urban,Married,Branch,Basic,Corporate,Four-Door Car,Midsize,74.0,14.0,1227.8,2990.33
LV57595,California,Master,Employed,Female,97131.0,Suburban,Married,Agent,Basic,Corporate,Four-Door Car,Small,64.0,5.0,1307.2,5181.62
LV62981,Arizona,Associate,Employed,Male,22093.0,Suburban,Divorced,Branch,Extended,Corporate,Two-Door Car,Midsize,87.0,15.0,1616.75,6874.33
LV82913,Oregon,Associate,Employed,Male,69451.0,Urban,Married,Web,Basic,Corporate,Four-Door Car,Midsize,72.0,3.0,1230.24,5715.79
LV94312,Oregon,Associate,Employed,Male,33580.0,Suburban,Married,Agent,Basic,Corporate,Four-Door Car,Midsize,62.0,17.0,1315.33,4931.5
LW11571,California,Bachelor,Employed,Male,87313.0,Suburban,Divorced,Agent,Basic,Personal,Four-Door Car,Small,67.0,4.0,1321.6,2690.07
LW12893,California,High School,Employed,Female,43916.0,Suburban,Divorced,Call Center,Basic,Personal,Four-Door Car,Small,68.0,10.0,1326.4,7911.63
LW25030,Arizona,Bachelor,Medical Leave,Female,29957.0,Suburban,Married,Agent,Basic,Corporate,Four-Door Car,Small,65.0,19.0,1312.0,5046.89
LW29130,Washington,High School,Employed,Female,24423.0,Suburban,Divorced,Branch,Basic,Corporate,Two-Door Car,Midsize,67.0,5.0,1321.6,5272.93
LW43630,California,Bachelor,Employed,Female,71269.0,Urban,Married,Branch,Extended,Personal,Four-Door Car,Midsize,80.0,28.0,1350.69,9628.7
LW57693,Oregon,Associate,Disabled,Female,11920.0,Suburban,Married,Call Center,Basic,Personal,Four-Door Car,Midsize,74.0,20.0,1355.2,5601.68
LW59140,Arizona,Bachelor,Employed,Male,97729.0,Rural,Married,Branch,Premium,Personal,Four-Door Car,Large,115.0,4.0,1221.05,9277.47
LW64678,California,Master,Employed,Female,25167.0,Urban,Married,Agent,Premium,Personal,SUV,Small,140.0,3.0,1422.49,51016.07
LW75453,California,Bachelor,Employed,Male,29445.0,Suburban,Married,Call Center,Basic,Personal,Four-Door Car,Midsize,68.0,0.0,1334.02,5354.61
LW77178,Oregon,Bachelor,Employed,Female,33879.0,Suburban,Married,Branch,Extended,Corporate,Two-Door Car,Small,98.0,16.0,1470.4,15428.01
LW80918,Oregon,Doctoral,Employed,Male,69704.0,Rural,Married,Agent,Basic,Personal,Two-Door Car,Midsize,72.0,25.0,1089.92,8653.56
LW91009,Washington,Associate,Disabled,Male,24368.0,Suburban,Divorced,Agent,Basic,Personal,Four-Door Car,Midsize,68.0,34.0,1326.4,4992.92
LW93867,Oregon,Associate,Medical Leave,Male,16531.0,Rural,Married,Web,Basic,Corporate,Four-Door Car,Midsize,63.0,0.0,1102.88,4812.53
LX11170,Oregon,High School,Employed,Female,36839.0,Rural,Married,Agent,Basic,Personal,Four-Door Car,Midsize,61.0,22.0,1152.5,4862.91
LX15904,Washington,High School,Employed,Female,39393.0,Suburban,Married,Agent,Basic,Special,Four-Door Car,Midsize,70.0,24.0,1405.88,2755.22
LX27768,Oregon,Bachelor,Employed,Female,74057.0,Suburban,Married,Branch,Basic,Personal,SUV,Small,105.0,12.0,1632.24,4202.66
LX42787,California,Associate,Retired,Male,22567.0,Suburban,Single,Branch,Basic,Personal,Four-Door Car,Large,69.0,6.0,1496.8,2309.6
LX67597,Nevada,Bachelor,Employed,Male,84183.0,Urban,Single,Agent,Basic,Personal,Four-Door Car,Small,72.0,29.0,1255.57,5715.31
LX71137,Arizona,Bachelor,Employed,Female,87485.0,Suburban,Divorced,Branch,Extended,Personal,Four-Door Car,Midsize,92.0,12.0,1441.6,3694.15
LX72964,Arizona,High School,Employed,Female,88304.0,Urban,Single,Branch,Extended,Personal,Four-Door Car,Large,95.0,2.0,1276.47,11260.9
LX74249,Oregon,Bachelor,Employed,Female,96765.0,Urban,Married,Call Center,Basic,Personal,Two-Door Car,Midsize,72.0,28.0,1216.01,2938.81
LX77880,Oregon,Bachelor,Employed,Female,24149.0,Suburban,Married,Agent,Basic,Personal,Four-Door Car,Small,61.0,15.0,1292.8,4855.77
LX95134,California,Associate,Employed,Female,84814.0,Suburban,Married,Call Center,Extended,Corporate,Four-Door Car,Midsize,90.0,25.0,1512.8200000000002,3674.57
LX97765,Arizona,Associate,Employed,Female,81412.0,Urban,Divorced,Branch,Premium,Personal,Two-Door Car,Large,109.0,1.0,1344.29,4347.59
LX99948,Washington,Master,Employed,Female,65134.0,Urban,Married,Branch,Basic,Personal,SUV,Small,112.0,28.0,1529.15,4529.06
LY14355,Washington,High School,Employed,Female,73847.0,Suburban,Married,Web,Basic,Personal,Two-Door Car,Small,73.0,34.0,1350.4,2935.99
LY14687,Washington,Associate,Employed,Female,73604.0,Rural,Married,Agent,Basic,Personal,SUV,Midsize,114.0,15.0,1184.22,4592.15
LY17372,Arizona,Associate,Employed,Male,44743.0,Suburban,Divorced,Branch,Extended,Personal,SUV,Small,137.0,16.0,1741.3,5112.31
LY17996,California,High School,Medical Leave,Male,25743.0,Suburban,Married,Branch,Extended,Personal,Two-Door Car,Large,79.0,13.0,1596.25,6190.32
LY19199,Oregon,Bachelor,Employed,Male,80355.0,Rural,Divorced,Branch,Basic,Corporate,Two-Door Car,Midsize,62.0,26.0,1083.39,4815.53
LY46898,California,High School,Employed,Male,37473.0,Suburban,Married,Branch,Basic,Corporate,Four-Door Car,Midsize,70.0,0.0,1336.0,5558.3
LY69932,Oregon,High School,Employed,Male,68022.0,Suburban,Married,Web,Basic,Personal,Sports Car,Small,103.0,3.0,1494.4,8209.6
LY73893,California,Associate,Employed,Male,35398.0,Suburban,Divorced,Agent,Basic,Personal,Four-Door Car,Midsize,71.0,26.0,1340.8,5563.77
LY83340,Oregon,High School,Employed,Female,48943.0,Rural,Married,Web,Basic,Corporate,Two-Door Car,Midsize,65.0,17.0,1105.07,7851.58
LY90785,Oregon,Bachelor,Employed,Male,95733.0,Suburban,Married,Agent,Basic,Corporate,Two-Door Car,Small,72.0,19.0,1475.42,5793.16
LZ10377,California,High School,Employed,Male,47451.0,Suburban,Married,Agent,Extended,Personal,Four-Door Car,Midsize,87.0,0.0,1417.6,6802.07
LZ12396,Arizona,Bachelor,Employed,Female,33068.0,Urban,Married,Branch,Basic,Personal,Four-Door Car,Midsize,61.0,6.0,1213.04,4795.39
LZ19268,California,Associate,Medical Leave,Female,25370.0,Suburban,Married,Branch,Basic,Personal,Sports Car,Large,102.0,10.0,1489.6,11638.9
LZ26801,California,High School,Employed,Female,73466.0,Rural,Married,Call Center,Basic,Personal,SUV,Midsize,102.0,2.0,1204.74,8161.58
LZ31103,Oregon,Associate,Employed,Female,63860.0,Urban,Married,Agent,Basic,Personal,Four-Door Car,Midsize,62.0,26.0,1208.6,2472.47
LZ34046,Oregon,Bachelor,Employed,Male,76358.0,Rural,Married,Agent,Basic,Personal,Four-Door Car,Midsize,66.0,25.0,1086.46,23594.68
LZ34164,Nevada,Bachelor,Employed,Female,43199.0,Suburban,Married,Call Center,Basic,Personal,Four-Door Car,Midsize,61.0,23.0,1334.01,4892.62
LZ35469,California,Bachelor,Employed,Female,76731.0,Urban,Married,Agent,Basic,Personal,Four-Door Car,Midsize,64.0,2.0,1201.46,2582.41
LZ39487,Washington,High School,Employed,Female,58206.0,Suburban,Married,Branch,Basic,Personal,Four-Door Car,Small,64.0,2.0,1454.19,5122.72
LZ56963,California,Associate,Employed,Female,25785.0,Suburban,Single,Call Center,Basic,Corporate,SUV,Small,112.0,8.0,1537.6,8596.57
LZ57827,California,Bachelor,Employed,Male,37695.0,Urban,Married,Branch,Basic,Personal,SUV,Midsize,118.0,11.0,1352.31,13931.35
LZ68649,Washington,Bachelor,Employed,Male,22139.0,Suburban,Single,Call Center,Basic,Personal,SUV,Midsize,100.0,34.0,1480.0,14947.92
LZ78622,California,High School,Employed,Male,44379.0,Suburban,Married,Call Center,Extended,Special,Four-Door Car,Midsize,83.0,10.0,1398.4,6529.91
LZ84227,Arizona,Associate,Employed,Male,95715.0,Rural,Married,Agent,Premium,Personal,Four-Door Car,Midsize,119.0,0.0,1148.98,14120.04
LZ89104,Oregon,High School,Employed,Male,59789.0,Suburban,Married,Agent,Extended,Personal,Four-Door Car,Large,90.0,9.0,1527.54,7143.04
LZ98529,Arizona,High School,Retired,Male,11721.0,Suburban,Divorced,Agent,Basic,Personal,SUV,Midsize,102.0,2.0,1560.92,10382.5
MA15172,California,Bachelor,Retired,Female,14290.0,Suburban,Married,Agent,Premium,Personal,Luxury SUV,Midsize,271.0,20.0,2300.8,10179.72
MA37431,California,Associate,Employed,Female,34335.0,Suburban,Married,Call Center,Premium,Corporate,Two-Door Car,Small,101.0,18.0,1484.8,8023.08
MA43940,Oregon,High School,Employed,Male,75909.0,Suburban,Married,Branch,Basic,Special,Sports Car,Midsize,117.0,23.0,1561.6,9343.2
MA45099,Oregon,Bachelor,Employed,Male,50864.0,Rural,Married,Agent,Extended,Corporate,Four-Door Car,Midsize,83.0,18.0,1158.3600000000001,6478.8
MA47641,Oregon,High School,Retired,Male,20228.0,Suburban,Divorced,Branch,Basic,Personal,SUV,Midsize,101.0,3.0,1523.8200000000002,10408.97
MA60552,California,Bachelor,Employed,Male,28088.0,Suburban,Married,Agent,Basic,Personal,SUV,Small,102.0,8.0,1489.6,4015.4
MA68039,California,High School,Employed,Male,35056.0,Suburban,Married,Call Center,Extended,Personal,Two-Door Car,Midsize,96.0,12.0,1460.8,3635.03
MA80983,Oregon,Associate,Employed,Male,55663.0,Rural,Married,Branch,Premium,Personal,SUV,Large,166.0,19.0,1194.74,6661.18
MA83261,Arizona,High School,Employed,Male,66378.0,Rural,Divorced,Call Center,Basic,Corporate,Two-Door Car,Midsize,71.0,20.0,1158.0,2785.42
MA94219,Nevada,Associate,Employed,Male,78250.0,Suburban,Married,Branch,Premium,Personal,Four-Door Car,Midsize,114.0,7.0,1547.2,9067.66
MB19556,California,Associate,Employed,Female,29095.0,Suburban,Married,Agent,Extended,Personal,SUV,Midsize,127.0,2.0,1664.28,5067.21
MB32944,Nevada,Master,Employed,Male,77350.0,Suburban,Divorced,Branch,Basic,Personal,Four-Door Car,Midsize,66.0,11.0,1316.8,2635.51
MB60322,Arizona,Doctoral,Employed,Female,68931.0,Urban,Married,Branch,Basic,Special,Four-Door Car,Midsize,66.0,32.0,1309.58,5332.46
MB75636,Oregon,Associate,Employed,Female,50876.0,Urban,Married,Agent,Basic,Personal,Four-Door Car,Midsize,61.0,13.0,1171.25,2439.93
MB83663,Oregon,Bachelor,Employed,Female,38736.0,Suburban,Divorced,Call Center,Extended,Personal,Two-Door Car,Small,81.0,7.0,1561.4099999999999,9597.47
MB91424,California,Associate,Employed,Male,36259.0,Suburban,Married,Branch,Basic,Corporate,Four-Door Car,Midsize,63.0,14.0,1302.4,7425.27
MC11907,California,High School,Medical Leave,Female,23228.0,Suburban,Married,Agent,Basic,Corporate,Four-Door Car,Midsize,64.0,4.0,1307.2,4831.42
MC22692,Washington,High School,Employed,Female,86642.0,Urban,Married,Branch,Extended,Personal,Two-Door Car,Small,87.0,14.0,1234.06,7035.97
MC30750,Oregon,Master,Disabled,Female,16181.0,Suburban,Divorced,Web,Premium,Personal,SUV,Midsize,181.0,22.0,2261.3199999999997,13736.13
MC36247,Oregon,Bachelor,Retired,Male,22828.0,Suburban,Married,Agent,Basic,Personal,SUV,Midsize,106.0,11.0,1508.8,16473.17
MC38650,Nevada,High School,Employed,Male,88701.0,Rural,Married,Call Center,Extended,Personal,Two-Door Car,Midsize,99.0,7.0,1171.83,3963.39
MC48570,Arizona,Doctoral,Disabled,Female,18661.0,Urban,Married,Web,Basic,Personal,Two-Door Car,Midsize,62.0,13.0,1196.88,2470.44
MC55901,California,High School,Employed,Female,69231.0,Urban,Married,Agent,Basic,Personal,Four-Door Car,Midsize,65.0,19.0,1193.24,5233.95
MC62068,California,High School,Employed,Male,79494.0,Urban,Married,Agent,Extended,Personal,Four-Door Car,Large,91.0,19.0,1396.3,7288.88
MC73302,Oregon,Bachelor,Employed,Female,36267.0,Urban,Married,Agent,Basic,Personal,Four-Door Car,Midsize,69.0,21.0,1263.45,5511.03
MC83487,Arizona,Bachelor,Disabled,Male,18768.0,Suburban,Single,Agent,Basic,Corporate,Four-Door Car,Midsize,68.0,19.0,1647.45,4276.92
MD15300,California,Associate,Employed,Male,76276.0,Rural,Single,Web,Extended,Corporate,Two-Door Car,Large,86.0,24.0,1093.31,10110.77
MD17521,Oregon,High School,Employed,Male,64825.0,Urban,Married,Web,Extended,Personal,SUV,Midsize,129.0,1.0,1359.48,10298.39
MD33155,California,Associate,Employed,Male,46900.0,Suburban,Married,Web,Basic,Corporate,Four-Door Car,Midsize,66.0,13.0,1316.8,2580.85
MD40054,Oregon,High School,Employed,Male,34498.0,Suburban,Single,Branch,Extended,Personal,Two-Door Car,Small,83.0,30.0,1398.4,6369.26
MD41042,Arizona,Associate,Employed,Female,39293.0,Urban,Married,Web,Basic,Personal,Two-Door Car,Midsize,74.0,17.0,1352.74,5896.54
MD43085,Oregon,Doctoral,Employed,Female,67895.0,Urban,Married,Call Center,Premium,Personal,Four-Door Car,Midsize,101.0,25.0,1403.94,3975.32
MD44130,Oregon,High School,Employed,Male,24882.0,Suburban,Married,Branch,Basic,Corporate,Two-Door Car,Large,72.0,13.0,1345.6,5712.38
MD45928,Arizona,High School,Employed,Female,59207.0,Suburban,Single,Agent,Premium,Personal,Four-Door Car,Midsize,116.0,23.0,1556.8,13770.98
MD47500,California,Associate,Medical Leave,Male,12153.0,Suburban,Single,Branch,Basic,Personal,Four-Door Car,Large,69.0,23.0,1438.16,4861.49
MD70513,Washington,Associate,Employed,Male,68351.0,Suburban,Single,Branch,Basic,Personal,SUV,Midsize,107.0,16.0,1725.3400000000001,12759.28
MD73554,California,Associate,Employed,Male,59537.0,Suburban,Married,Branch,Basic,Personal,Two-Door Car,Midsize,66.0,23.0,1316.8,5251.98
MD87746,Oregon,Associate,Employed,Male,60920.0,Urban,Single,Agent,Basic,Personal,Two-Door Car,Midsize,64.0,10.0,1231.2,7507.46
MD95935,California,Bachelor,Employed,Female,43145.0,Suburban,Married,Web,Basic,Corporate,Two-Door Car,Midsize,73.0,1.0,1516.42,5845.43
ME22430,Nevada,Bachelor,Medical Leave,Male,29735.0,Suburban,Single,Agent,Basic,Personal,Four-Door Car,Midsize,69.0,3.0,1331.2,2453.57
ME37051,California,Bachelor,Employed,Male,50165.0,Rural,Divorced,Agent,Basic,Personal,Two-Door Car,Midsize,62.0,15.0,1130.0,7340.5
ME44353,Oregon,Associate,Employed,Female,32848.0,Urban,Married,Call Center,Basic,Personal,Four-Door Car,Midsize,74.0,2.0,1250.45,5876.05
ME47990,California,High School,Employed,Male,77485.0,Urban,Married,Branch,Extended,Corporate,Four-Door Car,Midsize,77.0,0.0,1355.91,3109.01
ME77513,Nevada,Master,Employed,Female,83707.0,Urban,Married,Agent,Premium,Corporate,Four-Door Car,Midsize,108.0,2.0,1290.3899999999999,8717.78
ME84824,Arizona,Associate,Employed,Male,66839.0,Suburban,Single,Branch,Premium,Personal,Sports Car,Midsize,154.0,33.0,1739.2,5989.77
ME87834,Oregon,Bachelor,Employed,Male,62396.0,Suburban,Married,Web,Basic,Personal,SUV,Midsize,107.0,24.0,1693.4099999999999,4219.02
ME99882,Arizona,Bachelor,Employed,Male,85654.0,Urban,Married,Call Center,Premium,Personal,Two-Door Car,Large,116.0,5.0,1346.27,9247.55
MF19231,California,Master,Employed,Male,28377.0,Suburban,Married,Call Center,Extended,Personal,Four-Door Car,Midsize,94.0,26.0,1451.2,7434.68
MF30956,California,Associate,Employed,Male,83761.0,Rural,Married,Web,Basic,Corporate,SUV,Midsize,112.0,16.0,1270.23,8945.69
MF49636,Arizona,High School,Employed,Male,70705.0,Urban,Married,Agent,Basic,Personal,Two-Door Car,Midsize,69.0,31.0,1272.02,5390.27
MF53477,California,High School,Retired,Female,25147.0,Suburban,Single,Agent,Basic,Corporate,SUV,Midsize,101.0,7.0,1694.6,3600.93
MF83904,Oregon,Bachelor,Disabled,Female,17723.0,Suburban,Married,Agent,Basic,Personal,Two-Door Car,Midsize,72.0,3.0,1345.6,5452.63
MF87270,California,High School,Employed,Female,57248.0,Suburban,Married,Call Center,Basic,Personal,Four-Door Car,Small,74.0,31.0,1355.2,2952.58
MG53211,California,Associate,Employed,Female,60097.0,Urban,Single,Branch,Extended,Personal,Four-Door Car,Midsize,82.0,11.0,1278.74,3237.92
MG72449,Nevada,Bachelor,Employed,Female,77167.0,Rural,Divorced,Call Center,Basic,Personal,Four-Door Car,Midsize,66.0,15.0,1137.09,5279.2
MG74662,Oregon,High School,Employed,Female,51337.0,Rural,Single,Branch,Extended,Corporate,Four-Door Car,Midsize,88.0,3.0,1072.54,3484.25
MG77033,California,Associate,Employed,Male,46971.0,Rural,Married,Agent,Basic,Corporate,Four-Door Car,Large,69.0,26.0,1120.11,5522.77
MG88768,California,Associate,Employed,Male,82733.0,Rural,Married,Branch,Basic,Corporate,Four-Door Car,Midsize,62.0,5.0,1072.1,4938.73
MH13358,Oregon,High School,Employed,Female,34807.0,Suburban,Single,Agent,Basic,Personal,Two-Door Car,Small,73.0,8.0,1472.04,2854.27
MH14039,California,High School,Employed,Male,72421.0,Suburban,Married,Call Center,Basic,Personal,Four-Door Car,Small,65.0,8.0,1312.0,2592.44
MH40017,Arizona,High School,Employed,Male,29809.0,Suburban,Married,Call Center,Basic,Personal,Four-Door Car,Midsize,61.0,13.0,1365.31,4802.48
MH43755,Arizona,Associate,Disabled,Female,17961.0,Urban,Married,Agent,Premium,Personal,Sports Car,Midsize,181.0,28.0,1476.71,13881.04
MH50997,California,Bachelor,Employed,Female,33901.0,Rural,Married,Branch,Extended,Personal,Four-Door Car,Midsize,84.0,11.0,1145.99,20003.14
MH76107,California,Associate,Employed,Male,56586.0,Rural,Married,Agent,Basic,Personal,Sports Car,Midsize,100.0,33.0,1121.93,4013.95
MH81246,Oregon,High School,Employed,Male,36247.0,Urban,Married,Agent,Extended,Corporate,Four-Door Car,Midsize,96.0,35.0,1329.52,7613.19
MH85165,California,High School,Employed,Male,39650.0,Suburban,Married,Branch,Extended,Personal,Four-Door Car,Midsize,86.0,18.0,1922.3400000000001,6767.81
MI13678,Oregon,High School,Employed,Male,92056.0,Rural,Married,Branch,Basic,Personal,Four-Door Car,Midsize,62.0,21.0,1089.4,2506.2
MI16758,Nevada,High School,Employed,Female,43184.0,Urban,Divorced,Web,Basic,Personal,SUV,Small,102.0,6.0,1376.84,12052.89
MI49191,California,Bachelor,Employed,Male,96060.0,Suburban,Married,Branch,Premium,Corporate,Four-Door Car,Large,117.0,6.0,1561.6,9410.67
MI62456,Arizona,Bachelor,Retired,Female,23376.0,Suburban,Divorced,Call Center,Extended,Personal,Four-Door Car,Midsize,78.0,19.0,1374.4,2867.31
MI65698,Oregon,Associate,Employed,Female,28354.0,Urban,Divorced,Agent,Premium,Personal,Two-Door Car,Large,118.0,33.0,1320.33,4590.81
MI81870,Arizona,Bachelor,Employed,Female,22799.0,Suburban,Married,Branch,Premium,Corporate,SUV,Midsize,190.0,10.0,1912.0,15042.58
MI91352,California,Bachelor,Employed,Male,25998.0,Suburban,Married,Call Center,Basic,Personal,Four-Door Car,Midsize,71.0,16.0,1791.88,8382.48
MI95708,Arizona,High School,Retired,Female,15083.0,Suburban,Married,Call Center,Premium,Personal,Four-Door Car,Large,115.0,25.0,1552.0,12947.68
MI99404,California,Associate,Retired,Male,28215.0,Suburban,Single,Agent,Basic,Personal,Two-Door Car,Midsize,65.0,15.0,1468.0,4650.06
MJ14480,Arizona,High School,Employed,Female,35012.0,Suburban,Single,Agent,Basic,Personal,Four-Door Car,Midsize,72.0,0.0,1345.6,5599.38
MJ45965,Oregon,High School,Employed,Male,72309.0,Urban,Single,Branch,Basic,Personal,Four-Door Car,Midsize,68.0,3.0,1244.73,8059.89
MJ51323,Oregon,Bachelor,Employed,Female,46503.0,Suburban,Divorced,Agent,Extended,Personal,Luxury SUV,Midsize,215.0,4.0,2032.0,8427.17
MJ54807,Nevada,Bachelor,Retired,Male,22828.0,Suburban,Married,Agent,Basic,Personal,SUV,Midsize,106.0,11.0,1508.8,16473.17
MJ60422,Arizona,Bachelor,Employed,Male,34886.0,Suburban,Married,Call Center,Extended,Personal,Two-Door Car,Small,84.0,3.0,1403.2,6652.47
MJ77630,Oregon,High School,Employed,Male,39891.0,Urban,Married,Agent,Extended,Personal,SUV,Midsize,133.0,12.0,1630.8899999999999,47155.63
MJ95558,California,Bachelor,Employed,Male,23589.0,Suburban,Married,Agent,Extended,Special,Luxury SUV,Small,211.0,30.0,2012.8,16570.09
MK15785,Nevada,Master,Employed,Male,48015.0,Suburban,Married,Call Center,Basic,Corporate,Sports Car,Midsize,110.0,24.0,1528.0,4387.31
MK19833,Arizona,Associate,Disabled,Male,15383.0,Suburban,Married,Web,Basic,Corporate,Two-Door Car,Midsize,61.0,10.0,1292.8,4567.87
MK34957,Oregon,Associate,Employed,Female,50631.0,Suburban,Married,Agent,Basic,Special,SUV,Midsize,112.0,19.0,1784.6599999999999,13297.71
MK52711,California,High School,Employed,Female,99759.0,Rural,Married,Agent,Basic,Personal,Two-Door Car,Midsize,65.0,12.0,1074.46,10314.52
MK56815,California,Associate,Employed,Male,54538.0,Urban,Married,Call Center,Premium,Personal,Four-Door Car,Midsize,119.0,32.0,1507.8,9591.23
MK70700,California,Master,Employed,Male,68197.0,Urban,Married,Branch,Basic,Personal,Four-Door Car,Midsize,69.0,1.0,1176.82,5553.3
MK73855,Washington,High School,Employed,Female,32314.0,Suburban,Married,Agent,Basic,Personal,Four-Door Car,Midsize,68.0,17.0,1326.4,8109.36
MK87221,Arizona,High School,Medical Leave,Female,18168.0,Suburban,Married,Agent,Extended,Personal,Two-Door Car,Midsize,87.0,25.0,1417.6,3413.62
MK93363,Washington,Master,Employed,Female,29133.0,Suburban,Married,Branch,Basic,Personal,Sports Car,Midsize,104.0,27.0,1499.2,4177.67
ML23548,Arizona,Doctoral,Employed,Female,27458.0,Suburban,Married,Call Center,Extended,Personal,Sports Car,Midsize,131.0,18.0,1730.37,10548.54
ML29312,Oregon,High School,Disabled,Female,16969.0,Suburban,Divorced,Call Center,Extended,Personal,SUV,Midsize,124.0,34.0,1704.77,4499.49
ML68781,California,Associate,Employed,Female,84498.0,Urban,Married,Branch,Basic,Personal,Four-Door Car,Midsize,65.0,18.0,1255.21,2628.56
ML79788,Arizona,Associate,Employed,Female,43630.0,Suburban,Divorced,Branch,Extended,Corporate,Four-Door Car,Midsize,99.0,33.0,1475.2,7908.67
ML82674,Oregon,Bachelor,Employed,Male,68158.0,Rural,Married,Call Center,Extended,Personal,SUV,Midsize,139.0,28.0,1253.18,10978.78
ML93326,Washington,Associate,Employed,Female,84903.0,Urban,Married,Agent,Basic,Personal,SUV,Midsize,111.0,7.0,1497.13,4475.42
MM10866,California,Bachelor,Employed,Female,79090.0,Urban,Married,Branch,Basic,Personal,SUV,Midsize,107.0,2.0,1289.04,8609.16
MM27192,Oregon,Master,Retired,Female,21514.0,Urban,Married,Agent,Basic,Personal,Two-Door Car,Midsize,62.0,0.0,1257.25,11981.98
MM44301,California,Associate,Retired,Female,21073.0,Suburban,Divorced,Agent,Basic,Corporate,SUV,Small,106.0,25.0,1508.8,7805.31
MM45334,Oregon,Associate,Employed,Female,40803.0,Rural,Single,Call Center,Basic,Personal,Four-Door Car,Midsize,71.0,8.0,1122.91,8169.51
MM45897,Nevada,Bachelor,Employed,Male,88545.0,Suburban,Married,Call Center,Basic,Personal,Four-Door Car,Large,68.0,25.0,1374.1100000000001,2714.65
MM49431,Washington,Bachelor,Employed,Male,74069.0,Urban,Divorced,Agent,Basic,Personal,Two-Door Car,Midsize,63.0,33.0,1275.52,7298.58
MM50888,Arizona,High School,Employed,Female,34317.0,Urban,Married,Web,Extended,Personal,Two-Door Car,Midsize,78.0,6.0,1263.59,3056.22
MM62953,Arizona,High School,Employed,Male,66620.0,Suburban,Married,Agent,Basic,Personal,Four-Door Car,Midsize,70.0,13.0,1336.0,5619.85
MM67983,Oregon,Bachelor,Employed,Male,36913.0,Rural,Married,Branch,Basic,Personal,Four-Door Car,Midsize,62.0,22.0,1090.57,4938.89
MM70762,Arizona,Master,Employed,Male,37722.0,Rural,Single,Agent,Basic,Personal,Sports Car,Midsize,116.0,8.0,1158.08,9075.77
MM71959,Arizona,Bachelor,Employed,Male,83210.0,Suburban,Divorced,Branch,Basic,Personal,Sports Car,Large,110.0,0.0,1528.0,8733.53
MM83308,Arizona,High School,Employed,Male,69202.0,Suburban,Single,Web,Basic,Personal,Two-Door Car,Small,61.0,33.0,1292.8,2379.83
MM90239,Oregon,High School,Employed,Male,34498.0,Suburban,Single,Branch,Extended,Personal,Two-Door Car,Small,83.0,30.0,1398.4,6369.26
MM97107,Oregon,High School,Medical Leave,Male,19066.0,Suburban,Married,Agent,Premium,Personal,Two-Door Car,Midsize,103.0,5.0,1494.4,32144.65
MN20737,Nevada,Associate,Employed,Female,73935.0,Rural,Married,Call Center,Basic,Corporate,Four-Door Car,Midsize,64.0,13.0,1072.07,2553.67
MN53151,Oregon,Associate,Retired,Male,13624.0,Suburban,Divorced,Agent,Basic,Personal,Sports Car,Midsize,117.0,4.0,1561.6,27937.75
MN61620,Arizona,Associate,Employed,Female,67752.0,Rural,Single,Web,Extended,Personal,Sports Car,Small,131.0,4.0,1168.52,9877.3
MN62189,California,High School,Medical Leave,Female,17331.0,Suburban,Divorced,Agent,Basic,Personal,SUV,Midsize,117.0,13.0,2138.26,8991.98
MN74944,Arizona,Associate,Employed,Male,52210.0,Suburban,Married,Branch,Extended,Personal,Four-Door Car,Midsize,80.0,6.0,1384.0,6285.15
MN79082,Oregon,Associate,Employed,Male,46750.0,Suburban,Married,Branch,Extended,Corporate,Two-Door Car,Small,82.0,20.0,1672.03,6444.08
MN81810,California,High School,Employed,Female,76638.0,Suburban,Single,Agent,Basic,Personal,Four-Door Car,Small,73.0,2.0,1435.19,2913.48
MN82687,Oregon,Bachelor,Employed,Female,54507.0,Suburban,Married,Agent,Extended,Personal,SUV,Midsize,138.0,20.0,1702.99,5470.06
MN83273,California,High School,Employed,Female,46587.0,Suburban,Divorced,Call Center,Premium,Personal,Four-Door Car,Midsize,119.0,34.0,1571.2,41787.9
MN98042,California,Associate,Employed,Male,62291.0,Suburban,Married,Web,Basic,Personal,Sports Car,Midsize,100.0,1.0,1480.0,7901.7
MO21402,Oregon,Master,Disabled,Female,16181.0,Suburban,Divorced,Web,Premium,Personal,SUV,Midsize,181.0,22.0,2261.3199999999997,13736.13
MO27230,Oregon,Associate,Employed,Female,47829.0,Suburban,Married,Call Center,Basic,Personal,SUV,Midsize,117.0,23.0,1561.6,4708.2
MO33279,California,Associate,Employed,Female,62229.0,Suburban,Divorced,Agent,Basic,Personal,Two-Door Car,Midsize,70.0,13.0,1336.0,5592.46
MO33320,Oregon,Associate,Disabled,Male,18024.0,Suburban,Single,Agent,Basic,Personal,Two-Door Car,Midsize,65.0,13.0,1312.0,4657.16
MO38507,California,High School,Employed,Male,59556.0,Suburban,Married,Agent,Basic,Personal,Sports Car,Large,113.0,11.0,1681.51,4540.38
MO41014,Arizona,Bachelor,Employed,Male,86305.0,Rural,Married,Call Center,Basic,Corporate,Four-Door Car,Midsize,62.0,1.0,1080.73,4984.62
MO56878,California,Bachelor,Employed,Male,33799.0,Suburban,Single,Agent,Basic,Corporate,SUV,Small,109.0,28.0,1664.98,15488.43
MO63575,Oregon,Bachelor,Retired,Female,23904.0,Suburban,Single,Agent,Extended,Corporate,SUV,Midsize,123.0,1.0,1590.4,4334.06
MO82744,California,Bachelor,Employed,Female,45586.0,Urban,Divorced,Branch,Basic,Personal,Four-Door Car,Midsize,72.0,17.0,1203.42,5656.2
MP16820,Arizona,Associate,Employed,Male,70047.0,Rural,Married,Web,Basic,Personal,Two-Door Car,Midsize,71.0,6.0,1107.71,2821.1
MP22051,Washington,Associate,Employed,Male,54314.0,Urban,Married,Branch,Basic,Personal,Four-Door Car,Midsize,66.0,13.0,1282.77,2615.85
MP47256,California,Bachelor,Retired,Male,23665.0,Suburban,Married,Branch,Basic,Personal,Four-Door Car,Midsize,67.0,19.0,1404.82,22658.54
MP53505,Washington,High School,Employed,Female,86073.0,Rural,Married,Agent,Extended,Corporate,Sports Car,Midsize,136.0,3.0,1333.57,5500.01
MP68135,Oregon,Associate,Employed,Male,90414.0,Suburban,Married,Call Center,Extended,Personal,Four-Door Car,Small,83.0,7.0,1398.4,6615.82
MP76478,Washington,High School,Employed,Female,64125.0,Urban,Married,Branch,Basic,Corporate,SUV,Large,108.0,3.0,1369.82,8646.5
MP95255,California,High School,Employed,Female,66676.0,Suburban,Married,Agent,Extended,Personal,Four-Door Car,Small,97.0,0.0,1558.1,3919.37
MP96373,Washington,Master,Employed,Male,54585.0,Suburban,Married,Call Center,Basic,Personal,Two-Door Car,Small,71.0,33.0,1340.8,5719.79
MQ14219,Arizona,Associate,Employed,Male,27804.0,Suburban,Married,Branch,Basic,Personal,SUV,Midsize,109.0,19.0,1784.8,8492.7
MQ15074,Washington,High School,Employed,Male,28082.0,Suburban,Married,Branch,Basic,Personal,Four-Door Car,Midsize,64.0,9.0,1578.5,2499.5
MQ32284,California,Associate,Employed,Female,35133.0,Suburban,Married,Agent,Basic,Personal,SUV,Midsize,102.0,2.0,1692.96,12232.78
MQ37971,Arizona,Bachelor,Employed,Female,31532.0,Urban,Single,Branch,Extended,Personal,Four-Door Car,Midsize,79.0,1.0,1241.08,3038.11
MQ46375,Oregon,Bachelor,Employed,Male,36637.0,Suburban,Married,Branch,Basic,Corporate,Luxury Car,Midsize,192.0,28.0,1921.6,15320.22
MQ48266,Arizona,Bachelor,Employed,Female,46507.0,Urban,Married,Agent,Basic,Personal,Two-Door Car,Midsize,73.0,17.0,1325.57,5564.96
MQ54182,California,Bachelor,Employed,Female,49447.0,Suburban,Married,Branch,Premium,Personal,Four-Door Car,Midsize,119.0,9.0,1762.01,4739.35
MQ64736,Washington,Bachelor,Medical Leave,Female,12287.0,Suburban,Single,Call Center,Extended,Personal,Four-Door Car,Small,99.0,11.0,1712.8,3700.42
MQ73697,Nevada,Associate,Employed,Female,68727.0,Urban,Married,Call Center,Extended,Corporate,Two-Door Car,Large,94.0,19.0,1386.52,3776.67
MQ74051,Arizona,Bachelor,Employed,Female,55067.0,Urban,Single,Agent,Basic,Personal,SUV,Midsize,110.0,3.0,1353.1,13014.23
MQ79612,California,Doctoral,Employed,Male,91890.0,Rural,Married,Agent,Basic,Personal,SUV,Small,107.0,30.0,1156.62,8738.3
MQ84363,California,Bachelor,Employed,Male,58971.0,Urban,Divorced,Agent,Extended,Corporate,Four-Door Car,Midsize,94.0,12.0,1318.88,11072.03
MQ93707,Oregon,High School,Disabled,Male,26721.0,Suburban,Divorced,Agent,Basic,Personal,Four-Door Car,Midsize,65.0,18.0,1312.0,6747.52
MR13691,Arizona,Bachelor,Employed,Male,47622.0,Urban,Married,Call Center,Extended,Personal,Four-Door Car,Midsize,80.0,15.0,1305.54,6301.1
MR22119,Oregon,High School,Employed,Male,24059.0,Suburban,Married,Web,Basic,Personal,SUV,Midsize,112.0,31.0,1537.6,4430.57
MR27647,Washington,High School,Disabled,Female,27431.0,Suburban,Married,Agent,Extended,Personal,Four-Door Car,Midsize,85.0,2.0,1457.78,3312.18
MR33456,Washington,High School,Employed,Male,59839.0,Suburban,Single,Agent,Basic,Personal,SUV,Midsize,107.0,8.0,1513.6,8093.9
MR39613,California,Bachelor,Medical Leave,Male,22854.0,Suburban,Married,Branch,Extended,Special,Sports Car,Small,122.0,28.0,1878.4,36860.91
MR46875,Washington,Master,Employed,Male,41126.0,Urban,Divorced,Call Center,Basic,Corporate,Four-Door Car,Midsize,61.0,28.0,1199.28,4860.58
MR50410,Nevada,Associate,Employed,Male,89703.0,Urban,Married,Branch,Extended,Personal,SUV,Midsize,126.0,6.0,1601.98,5067.0
MR52230,Oregon,Doctoral,Employed,Male,56598.0,Rural,Married,Web,Extended,Personal,Four-Door Car,Midsize,88.0,29.0,1092.97,10629.34
MR56401,Oregon,Associate,Employed,Female,37072.0,Suburban,Married,Call Center,Basic,Personal,Four-Door Car,Large,64.0,1.0,1307.2,2542.85
MR57294,California,High School,Employed,Male,73168.0,Suburban,Married,Agent,Basic,Personal,Four-Door Car,Midsize,70.0,21.0,1425.8,5639.94
MR60878,Oregon,Bachelor,Employed,Female,44362.0,Rural,Married,Call Center,Basic,Corporate,Four-Door Car,Small,66.0,15.0,1142.1100000000001,15762.53
MR67738,Oregon,High School,Employed,Female,54480.0,Suburban,Married,Branch,Basic,Personal,Four-Door Car,Small,67.0,19.0,1321.6,2676.87
MR76405,California,Associate,Employed,Female,46530.0,Rural,Married,Agent,Extended,Corporate,Four-Door Car,Midsize,80.0,12.0,1118.56,9470.06
MR77933,Arizona,Bachelor,Disabled,Female,11885.0,Suburban,Divorced,Agent,Premium,Personal,Four-Door Car,Midsize,101.0,18.0,1484.8,11315.2
MR84659,Oregon,Associate,Employed,Female,35482.0,Suburban,Married,Branch,Extended,Personal,SUV,Midsize,129.0,21.0,1619.2,10208.93
MS18916,California,Associate,Medical Leave,Male,20978.0,Suburban,Married,Branch,Extended,Personal,Four-Door Car,Small,98.0,19.0,2176.2799999999997,3508.57
MS20849,California,Associate,Employed,Male,53058.0,Rural,Married,Agent,Extended,Personal,Four-Door Car,Midsize,91.0,16.0,1209.47,6745.89
MS34991,Arizona,High School,Employed,Male,66627.0,Suburban,Married,Branch,Extended,Personal,Four-Door Car,Midsize,85.0,32.0,1733.21,6832.37
MS45259,Nevada,Associate,Employed,Male,88079.0,Rural,Married,Agent,Basic,Personal,Two-Door Car,Midsize,61.0,16.0,1121.89,4864.38
MS59005,Nevada,Bachelor,Employed,Male,43676.0,Suburban,Single,Agent,Extended,Personal,Four-Door Car,Midsize,76.0,19.0,1364.8,5913.31
MS67230,Nevada,Associate,Employed,Female,86481.0,Urban,Single,Agent,Basic,Corporate,Two-Door Car,Small,65.0,9.0,1189.97,23295.06
MS78828,Nevada,Associate,Employed,Female,33169.0,Suburban,Married,Branch,Extended,Personal,SUV,Midsize,128.0,33.0,1614.4,5126.54
MS88882,California,Associate,Disabled,Male,24636.0,Suburban,Single,Agent,Extended,Personal,Two-Door Car,Midsize,77.0,5.0,1480.93,5639.4
MS94619,California,High School,Employed,Female,76448.0,Suburban,Married,Web,Basic,Personal,Four-Door Car,Midsize,63.0,9.0,1302.4,5111.3
MT27589,Oregon,Associate,Employed,Male,58414.0,Suburban,Single,Agent,Extended,Corporate,Luxury SUV,Small,210.0,7.0,2008.0,7840.17
MT35297,Oregon,High School,Employed,Female,43460.0,Suburban,Married,Branch,Basic,Personal,Four-Door Car,Small,63.0,4.0,1302.4,5065.94
MT39460,California,Master,Employed,Male,76441.0,Urban,Single,Branch,Basic,Personal,Four-Door Car,Midsize,62.0,22.0,1294.26,2472.23
MT41386,Washington,Bachelor,Employed,Male,84768.0,Rural,Married,Agent,Basic,Personal,Two-Door Car,Midsize,72.0,6.0,1110.48,2875.43
MT53449,Arizona,Master,Retired,Female,19614.0,Suburban,Married,Agent,Extended,Personal,Two-Door Car,Midsize,85.0,21.0,1574.02,16301.97
MT58123,California,Associate,Employed,Male,28432.0,Suburban,Married,Branch,Basic,Corporate,SUV,Small,118.0,1.0,1612.3,13869.93
MT67399,Nevada,Bachelor,Employed,Female,95025.0,Urban,Divorced,Call Center,Extended,Personal,Four-Door Car,Midsize,81.0,15.0,1271.97,6488.9
MT78037,California,High School,Employed,Male,55964.0,Suburban,Divorced,Branch,Basic,Personal,Four-Door Car,Midsize,69.0,20.0,1496.8,2748.93
MT91823,Arizona,Associate,Employed,Female,69693.0,Suburban,Married,Branch,Basic,Special,Sports Car,Small,112.0,34.0,1537.6,13438.04
MT97446,California,Master,Employed,Female,26441.0,Urban,Married,Agent,Basic,Corporate,Two-Door Car,Midsize,66.0,32.0,1210.6399999999999,2647.2
MU23938,Oregon,Bachelor,Employed,Male,45259.0,Rural,Single,Agent,Extended,Personal,SUV,Midsize,138.0,1.0,1272.22,10477.68
MU59158,Arizona,Master,Employed,Female,38884.0,Urban,Married,Branch,Premium,Personal,Two-Door Car,Midsize,102.0,4.0,1423.82,4090.75
MU63232,Arizona,Master,Employed,Male,54817.0,Rural,Single,Agent,Extended,Personal,SUV,Midsize,137.0,24.0,1209.5,5351.85
MU64306,California,Associate,Employed,Male,57074.0,Rural,Married,Web,Basic,Personal,SUV,Midsize,105.0,28.0,1080.13,8355.64
MU75490,Oregon,Bachelor,Employed,Male,31756.0,Urban,Married,Agent,Basic,Corporate,SUV,Midsize,107.0,1.0,1415.85,8417.1
MU76701,Washington,Associate,Employed,Female,62445.0,Suburban,Married,Call Center,Extended,Personal,Four-Door Car,Small,98.0,19.0,1681.17,3921.02
MU79385,Arizona,Associate,Employed,Male,60944.0,Urban,Married,Web,Extended,Personal,SUV,Midsize,130.0,10.0,1623.51,10080.37
MU88116,Oregon,Master,Employed,Female,69085.0,Urban,Married,Web,Basic,Corporate,Sports Car,Midsize,113.0,10.0,1472.27,4582.67
MU96709,California,High School,Employed,Female,46379.0,Suburban,Single,Call Center,Basic,Corporate,Four-Door Car,Large,72.0,11.0,1345.6,8618.3
MU97512,Oregon,Bachelor,Employed,Male,27383.0,Suburban,Married,Branch,Basic,Corporate,Luxury Car,Midsize,188.0,33.0,1902.4,7398.87
MV41462,Arizona,Bachelor,Employed,Female,35596.0,Suburban,Married,Agent,Basic,Personal,Two-Door Car,Midsize,64.0,11.0,1307.2,5066.63
MV54498,California,Associate,Employed,Female,59932.0,Rural,Single,Branch,Basic,Personal,Four-Door Car,Midsize,71.0,16.0,1116.6,5503.92
MV69686,Oregon,Doctoral,Employed,Female,38500.0,Urban,Married,Agent,Extended,Corporate,Four-Door Car,Large,99.0,26.0,1423.29,3982.18
MV81355,California,High School,Employed,Male,99845.0,Suburban,Married,Branch,Basic,Personal,SUV,Midsize,110.0,23.0,1528.0,8819.02
MV93555,Oregon,High School,Employed,Female,69792.0,Suburban,Single,Web,Extended,Personal,SUV,Midsize,137.0,1.0,1696.76,11058.22
MV97958,Arizona,Bachelor,Employed,Female,40525.0,Rural,Married,Branch,Basic,Personal,Four-Door Car,Midsize,73.0,3.0,1123.79,2879.63
MW57614,Arizona,Bachelor,Disabled,Female,19864.0,Suburban,Divorced,Web,Basic,Personal,Four-Door Car,Midsize,63.0,22.0,1352.3899999999999,2359.42
MW62634,California,High School,Retired,Male,27972.0,Suburban,Married,Web,Basic,Corporate,Four-Door Car,Midsize,61.0,7.0,1292.8,2227.07
MW70227,California,Associate,Employed,Male,20396.0,Suburban,Married,Branch,Extended,Personal,Four-Door Car,Midsize,76.0,15.0,1364.8,6047.03
MW83318,Oregon,Associate,Employed,Female,26320.0,Suburban,Married,Web,Basic,Corporate,SUV,Large,111.0,3.0,1603.8200000000002,8826.61
MX28412,Oregon,Associate,Medical Leave,Female,28700.0,Suburban,Married,Web,Basic,Personal,Four-Door Car,Midsize,68.0,2.0,1326.4,2575.32
MX50302,Oregon,Bachelor,Employed,Male,78618.0,Urban,Divorced,Agent,Basic,Special,Two-Door Car,Midsize,66.0,7.0,1225.58,2619.34
MX76292,California,Doctoral,Employed,Female,48019.0,Rural,Married,Agent,Basic,Corporate,Four-Door Car,Midsize,64.0,15.0,1137.67,7706.04
MX80067,California,High School,Employed,Male,74045.0,Suburban,Single,Web,Basic,Personal,Four-Door Car,Midsize,64.0,23.0,1307.2,2509.27
MX93069,Oregon,Doctoral,Employed,Male,57709.0,Suburban,Married,Branch,Extended,Personal,SUV,Midsize,125.0,10.0,1600.0,5073.28
MX93376,California,Associate,Retired,Female,26714.0,Suburban,Divorced,Call Center,Basic,Personal,Two-Door Car,Small,64.0,17.0,1307.2,6913.57
MY11682,California,Bachelor,Employed,Male,37511.0,Urban,Married,Call Center,Basic,Personal,Luxury Car,Midsize,185.0,14.0,1579.47,7098.02
MY13737,California,High School,Employed,Male,42090.0,Rural,Married,Branch,Basic,Corporate,SUV,Midsize,119.0,0.0,1203.35,9386.75
MY31220,California,Associate,Employed,Female,54230.0,Suburban,Married,Agent,Premium,Personal,Two-Door Car,Midsize,112.0,10.0,1537.6,8997.04
MY37953,Arizona,Bachelor,Employed,Female,73760.0,Rural,Married,Web,Basic,Personal,Sports Car,Midsize,107.0,16.0,1230.25,25830.91
MY43761,California,High School,Employed,Male,50607.0,Suburban,Single,Agent,Extended,Personal,SUV,Large,137.0,15.0,1657.6,10737.68
MY55142,Washington,Associate,Employed,Male,46043.0,Suburban,Married,Agent,Basic,Personal,Four-Door Car,Midsize,70.0,22.0,1336.0,5551.59
MY56715,Oregon,Bachelor,Employed,Male,58109.0,Suburban,Divorced,Branch,Extended,Corporate,Two-Door Car,Midsize,86.0,9.0,1412.8,3380.71
MY64920,Oregon,Associate,Employed,Female,73259.0,Suburban,Married,Web,Basic,Personal,SUV,Midsize,115.0,7.0,1673.3400000000001,9217.13
MY80583,Oregon,Bachelor,Employed,Female,84365.0,Suburban,Married,Branch,Basic,Personal,Four-Door Car,Small,66.0,14.0,1316.8,23981.54
MY88518,Nevada,Doctoral,Employed,Male,31278.0,Suburban,Married,Branch,Extended,Personal,Two-Door Car,Midsize,92.0,24.0,1441.6,3528.04
MZ10085,Nevada,High School,Employed,Male,72531.0,Suburban,Married,Call Center,Basic,Personal,Sports Car,Midsize,109.0,35.0,1523.2,4328.37
MZ16820,Nevada,High School,Employed,Male,86811.0,Suburban,Married,Call Center,Premium,Corporate,Four-Door Car,Small,102.0,19.0,1489.6,8157.93
MZ24175,Arizona,Associate,Employed,Female,21604.0,Suburban,Divorced,Branch,Extended,Personal,Four-Door Car,Midsize,79.0,14.0,1379.2,3096.51
MZ30958,Nevada,High School,Retired,Male,21835.0,Suburban,Married,Agent,Extended,Corporate,Two-Door Car,Midsize,90.0,6.0,1432.0,6715.59
MZ43298,California,Bachelor,Employed,Female,90167.0,Urban,Single,Web,Extended,Corporate,SUV,Midsize,131.0,31.0,1523.73,5200.08
MZ79386,California,Bachelor,Employed,Female,88893.0,Rural,Married,Call Center,Extended,Personal,Four-Door Car,Small,86.0,5.0,1072.87,6925.18
MZ81826,Arizona,High School,Employed,Female,34337.0,Suburban,Married,Web,Premium,Personal,Four-Door Car,Large,113.0,20.0,1542.4,9035.67
MZ82036,Nevada,Associate,Employed,Male,42536.0,Suburban,Divorced,Branch,Basic,Personal,Four-Door Car,Midsize,63.0,30.0,1375.33,4889.25
MZ84108,Arizona,Bachelor,Employed,Male,44006.0,Urban,Single,Branch,Extended,Personal,Sports Car,Midsize,130.0,18.0,1494.66,9853.77
MZ89625,California,Bachelor,Employed,Female,23377.0,Suburban,Married,Web,Premium,Personal,Four-Door Car,Midsize,116.0,15.0,1556.8,9263.18
NA12740,Oregon,Master,Disabled,Male,25486.0,Rural,Married,Web,Basic,Special,Two-Door Car,Midsize,65.0,15.0,1072.44,5004.31
NA14154,California,Bachelor,Employed,Male,59292.0,Urban,Married,Call Center,Basic,Corporate,Two-Door Car,Midsize,64.0,14.0,1218.49,5044.86
NA27429,Nevada,High School,Employed,Female,82477.0,Suburban,Married,Agent,Extended,Personal,Two-Door Car,Large,90.0,1.0,1432.0,3644.83
NA39347,California,Associate,Employed,Male,73976.0,Urban,Divorced,Web,Basic,Personal,Four-Door Car,Midsize,73.0,27.0,1338.53,5824.22
NA45983,Arizona,Associate,Employed,Male,38870.0,Rural,Divorced,Agent,Basic,Special,Four-Door Car,Small,74.0,3.0,1145.37,2877.81
NA82031,Washington,Associate,Employed,Female,71809.0,Rural,Divorced,Agent,Basic,Corporate,Four-Door Car,Midsize,74.0,14.0,1078.25,2962.98
NB10500,California,Bachelor,Employed,Female,60021.0,Suburban,Married,Agent,Extended,Personal,Four-Door Car,Small,99.0,12.0,1882.87,3939.01
NB18234,Nevada,Associate,Employed,Female,30514.0,Rural,Single,Web,Basic,Personal,Four-Door Car,Midsize,72.0,3.0,1154.05,5384.02
NB27041,Arizona,High School,Employed,Female,34337.0,Suburban,Married,Web,Premium,Corporate,Four-Door Car,Large,113.0,20.0,1542.4,9035.67
NB30472,Arizona,Associate,Employed,Female,30845.0,Suburban,Married,Branch,Premium,Personal,Four-Door Car,Midsize,116.0,3.0,1556.8,41103.24
NB30963,California,High School,Employed,Male,41859.0,Rural,Married,Agent,Extended,Personal,Two-Door Car,Large,76.0,18.0,1166.13,5994.23
NB39218,California,High School,Employed,Male,68420.0,Suburban,Married,Branch,Premium,Personal,Four-Door Car,Midsize,104.0,5.0,1499.2,12315.09
NB54665,Arizona,High School,Employed,Female,43860.0,Rural,Single,Agent,Basic,Corporate,Four-Door Car,Midsize,65.0,15.0,1156.12,2514.59
NB79936,Washington,Bachelor,Employed,Male,48259.0,Rural,Single,Branch,Premium,Personal,Two-Door Car,Midsize,108.0,14.0,1073.7,8346.98
NB86692,Nevada,Associate,Employed,Female,60060.0,Urban,Married,Web,Basic,Personal,Four-Door Car,Midsize,67.0,24.0,1320.63,2690.48
NB87421,Arizona,High School,Employed,Male,78189.0,Rural,Married,Agent,Premium,Corporate,Four-Door Car,Midsize,103.0,10.0,1099.14,8294.97
NB96938,Oregon,Associate,Medical Leave,Male,22842.0,Suburban,Married,Agent,Basic,Personal,Four-Door Car,Midsize,65.0,20.0,1468.0,4958.02
NB98740,California,High School,Employed,Female,82875.0,Suburban,Married,Call Center,Basic,Personal,Four-Door Car,Small,70.0,5.0,1455.34,2824.68
NC34154,California,High School,Disabled,Female,17950.0,Suburban,Married,Web,Basic,Special,Two-Door Car,Midsize,71.0,16.0,1340.8,8066.07
NC35008,Oregon,Associate,Employed,Female,64429.0,Rural,Married,Call Center,Extended,Personal,SUV,Midsize,133.0,1.0,1222.08,15923.96
NC42524,California,Associate,Employed,Male,30430.0,Suburban,Single,Web,Extended,Special,Four-Door Car,Small,86.0,6.0,1425.66,9707.65
NC47038,Arizona,High School,Employed,Male,91171.0,Suburban,Married,Agent,Basic,Personal,SUV,Midsize,110.0,3.0,1771.4,8788.53
NC58480,Nevada,Bachelor,Employed,Female,73769.0,Urban,Married,Web,Basic,Personal,Four-Door Car,Midsize,61.0,24.0,1239.54,4838.21
NC76877,California,Bachelor,Employed,Female,88043.0,Urban,Married,Web,Basic,Corporate,Four-Door Car,Small,61.0,2.0,1188.72,4905.13
NC78961,Oregon,Bachelor,Employed,Male,35945.0,Suburban,Divorced,Agent,Basic,Personal,SUV,Small,105.0,14.0,1756.0,4139.9
NC98544,Nevada,High School,Employed,Male,26292.0,Suburban,Married,Agent,Extended,Personal,Two-Door Car,Midsize,80.0,1.0,1384.0,25030.38
ND29059,Oregon,Bachelor,Employed,Male,78011.0,Urban,Married,Agent,Extended,Personal,SUV,Midsize,138.0,14.0,1619.7,11077.69
ND41876,Arizona,High School,Employed,Male,86122.0,Suburban,Married,Agent,Basic,Personal,Luxury SUV,Small,182.0,33.0,1873.6,7247.71
ND43316,Oregon,High School,Employed,Male,27782.0,Suburban,Married,Agent,Basic,Personal,SUV,Small,103.0,20.0,1517.1,4027.7
ND62955,Nevada,Bachelor,Employed,Male,50250.0,Suburban,Married,Agent,Basic,Personal,SUV,Midsize,117.0,3.0,1561.6,4633.45
ND68993,Nevada,Bachelor,Employed,Female,33190.0,Suburban,Divorced,Web,Basic,Personal,SUV,Midsize,106.0,18.0,1508.8,33473.35
ND71187,Arizona,Master,Employed,Male,56233.0,Suburban,Married,Agent,Extended,Corporate,Four-Door Car,Large,79.0,30.0,1558.75,9487.72
ND77597,Oregon,Bachelor,Employed,Male,25542.0,Suburban,Married,Branch,Basic,Personal,Four-Door Car,Midsize,70.0,21.0,1448.37,11084.61
ND80148,California,Associate,Employed,Male,37399.0,Urban,Married,Call Center,Premium,Personal,Four-Door Car,Midsize,116.0,30.0,1392.83,9199.39
ND87457,Nevada,Bachelor,Employed,Male,65252.0,Suburban,Divorced,Branch,Extended,Personal,Four-Door Car,Midsize,78.0,27.0,1482.49,6091.9
NE10467,Arizona,High School,Employed,Female,23712.0,Suburban,Married,Call Center,Basic,Corporate,SUV,Midsize,106.0,2.0,1508.8,4281.06
NE13752,Arizona,Bachelor,Employed,Male,56021.0,Urban,Married,Agent,Basic,Personal,Four-Door Car,Midsize,69.0,20.0,1279.51,8232.76
NE16405,California,Bachelor,Employed,Female,76731.0,Urban,Married,Agent,Basic,Personal,Four-Door Car,Midsize,64.0,2.0,1201.46,2582.41
NE24371,Oregon,Associate,Medical Leave,Female,15300.0,Suburban,Married,Call Center,Extended,Personal,Four-Door Car,Small,85.0,17.0,1408.0,6494.24
NE49052,California,High School,Medical Leave,Female,20068.0,Urban,Married,Web,Extended,Corporate,Four-Door Car,Midsize,86.0,8.0,1411.01,6618.02
NE51159,Oregon,Associate,Employed,Male,61783.0,Suburban,Married,Branch,Extended,Personal,Four-Door Car,Small,94.0,17.0,1658.13,7481.83
NE52009,California,Associate,Employed,Male,60500.0,Suburban,Married,Branch,Basic,Personal,Sports Car,Small,110.0,27.0,1770.48,39561.08
NE57101,Oregon,Associate,Employed,Male,34220.0,Suburban,Married,Branch,Basic,Corporate,SUV,Midsize,109.0,23.0,1523.2,4244.47
NE58217,Oregon,Bachelor,Employed,Female,83560.0,Rural,Married,Agent,Premium,Corporate,Four-Door Car,Large,113.0,5.0,1276.05,27064.46
NE60110,Arizona,Associate,Employed,Male,66839.0,Suburban,Single,Branch,Premium,Personal,Sports Car,Midsize,154.0,33.0,1739.2,5989.77
NE67816,Oregon,Associate,Employed,Male,25558.0,Suburban,Married,Branch,Basic,Personal,Four-Door Car,Small,63.0,31.0,1453.6,2515.26
NE70589,California,Associate,Disabled,Male,29504.0,Suburban,Married,Branch,Basic,Personal,SUV,Midsize,117.0,24.0,1809.04,13220.8
NE70831,California,High School,Employed,Female,86650.0,Urban,Single,Web,Basic,Personal,Two-Door Car,Midsize,69.0,7.0,1323.87,2732.65
NE79174,California,Bachelor,Employed,Male,41228.0,Suburban,Married,Web,Basic,Personal,Two-Door Car,Midsize,70.0,2.0,1336.0,5386.51
NE83217,Nevada,Bachelor,Employed,Female,70342.0,Suburban,Single,Web,Extended,Personal,Four-Door Car,Small,96.0,3.0,1685.9099999999999,3746.03
NF25863,Nevada,High School,Employed,Male,32150.0,Suburban,Married,Call Center,Extended,Personal,Two-Door Car,Midsize,98.0,21.0,1470.4,7887.82
NF31087,Nevada,High School,Employed,Female,44685.0,Suburban,Married,Agent,Basic,Personal,Four-Door Car,Midsize,69.0,1.0,1331.2,24723.18
NF51705,Nevada,High School,Employed,Male,92157.0,Urban,Single,Branch,Basic,Corporate,Two-Door Car,Midsize,69.0,19.0,1270.38,2734.51
NF53775,California,Associate,Retired,Female,17557.0,Suburban,Married,Web,Extended,Personal,Four-Door Car,Midsize,96.0,6.0,1666.72,3700.39
NF60680,Arizona,High School,Employed,Female,92766.0,Suburban,Married,Agent,Basic,Personal,Two-Door Car,Large,71.0,17.0,1379.03,20096.89
NF90665,Oregon,Bachelor,Employed,Male,39268.0,Urban,Married,Agent,Basic,Personal,Four-Door Car,Midsize,66.0,30.0,1188.87,5143.88
NG13451,Oregon,High School,Employed,Male,29215.0,Suburban,Single,Call Center,Basic,Personal,Four-Door Car,Small,67.0,7.0,1327.66,7892.82
NG15645,California,Master,Employed,Female,27382.0,Rural,Married,Web,Basic,Personal,Four-Door Car,Midsize,71.0,33.0,1134.1,2858.09
NG56399,Arizona,High School,Employed,Male,61367.0,Suburban,Divorced,Branch,Basic,Personal,Two-Door Car,Midsize,70.0,7.0,1498.53,8319.53
NG59515,California,Associate,Employed,Male,52693.0,Suburban,Married,Branch,Extended,Personal,SUV,Midsize,129.0,1.0,1619.2,10248.9
NG66579,Oregon,Bachelor,Employed,Male,41869.0,Urban,Married,Web,Basic,Personal,Two-Door Car,Midsize,64.0,5.0,1262.12,5059.62
NG68910,California,High School,Employed,Male,46814.0,Suburban,Married,Agent,Basic,Corporate,SUV,Midsize,113.0,7.0,1542.4,8901.06
NG82219,Oregon,Bachelor,Employed,Female,76731.0,Urban,Married,Agent,Basic,Personal,Four-Door Car,Midsize,64.0,2.0,1201.46,2582.41
NG85002,Washington,High School,Employed,Male,21499.0,Suburban,Married,Branch,Extended,Corporate,SUV,Midsize,135.0,34.0,1648.0,10515.97
NG93751,California,Bachelor,Employed,Male,46435.0,Urban,Married,Branch,Extended,Corporate,Two-Door Car,Midsize,82.0,13.0,1350.33,3245.33
NG94479,Arizona,High School,Employed,Female,69844.0,Urban,Married,Branch,Basic,Corporate,Four-Door Car,Midsize,68.0,5.0,1184.38,2731.52
NG94966,California,Associate,Employed,Male,34759.0,Suburban,Divorced,Agent,Basic,Personal,Four-Door Car,Large,61.0,30.0,1302.35,2437.08
NH24429,Arizona,Doctoral,Employed,Male,52972.0,Suburban,Single,Call Center,Basic,Special,Four-Door Car,Midsize,74.0,3.0,1355.2,2886.23
NH76558,California,High School,Employed,Female,97657.0,Rural,Married,Branch,Basic,Personal,Two-Door Car,Midsize,71.0,2.0,1107.33,5755.18
NH95163,Oregon,Associate,Medical Leave,Female,16476.0,Urban,Divorced,Web,Premium,Personal,Four-Door Car,Midsize,101.0,29.0,1313.8899999999999,3707.28
NI18835,California,Bachelor,Employed,Male,51991.0,Rural,Married,Web,Basic,Personal,Four-Door Car,Midsize,73.0,4.0,1124.38,2927.73
NI27358,Arizona,Associate,Employed,Female,67352.0,Urban,Married,Branch,Basic,Personal,Luxury Car,Small,181.0,7.0,1560.95,7255.14
NI44621,Oregon,Master,Employed,Female,36576.0,Rural,Married,Agent,Extended,Personal,SUV,Midsize,125.0,11.0,1113.45,9880.39
NI46290,Oregon,Associate,Employed,Female,39429.0,Rural,Divorced,Call Center,Basic,Corporate,Four-Door Car,Midsize,62.0,12.0,1102.47,4860.91
NI49607,Oregon,Associate,Employed,Female,28719.0,Suburban,Married,Branch,Basic,Personal,SUV,Midsize,110.0,0.0,1792.0,4395.89
NI58226,Oregon,High School,Employed,Female,81280.0,Urban,Married,Web,Basic,Personal,Four-Door Car,Midsize,68.0,6.0,1308.35,2752.66
NI68379,Oregon,Master,Employed,Male,74424.0,Suburban,Married,Agent,Extended,Personal,Four-Door Car,Midsize,81.0,26.0,1388.8,6554.39
NI71089,California,Associate,Retired,Male,28215.0,Suburban,Single,Agent,Basic,Personal,Two-Door Car,Midsize,65.0,15.0,1468.0,4650.06
NI99807,Oregon,Associate,Employed,Male,28432.0,Suburban,Married,Branch,Basic,Personal,SUV,Small,118.0,1.0,1612.3,13869.93
NJ10602,Washington,Associate,Employed,Female,92717.0,Urban,Married,Call Center,Basic,Personal,Two-Door Car,Midsize,70.0,24.0,1224.28,8459.05
NJ11986,Arizona,Master,Employed,Female,29550.0,Rural,Single,Web,Premium,Corporate,Two-Door Car,Midsize,114.0,16.0,1118.75,4456.02
NJ21108,Oregon,Bachelor,Employed,Female,33832.0,Suburban,Married,Branch,Basic,Corporate,Four-Door Car,Small,67.0,22.0,1321.6,5297.67
NJ28041,Oregon,High School,Employed,Male,58684.0,Suburban,Married,Web,Premium,Personal,SUV,Midsize,162.0,4.0,2166.4,13055.57
NJ43658,California,Master,Disabled,Male,21724.0,Suburban,Married,Agent,Basic,Corporate,Luxury SUV,Large,198.0,4.0,2505.23,22721.47
NJ46471,Oregon,Bachelor,Employed,Female,56550.0,Rural,Married,Agent,Basic,Corporate,Four-Door Car,Midsize,73.0,22.0,1162.78,8696.71
NJ55678,Arizona,Bachelor,Employed,Female,64543.0,Urban,Married,Call Center,Basic,Personal,Four-Door Car,Midsize,65.0,1.0,1200.18,7824.49
NJ88229,California,Associate,Employed,Female,64127.0,Rural,Single,Branch,Basic,Personal,Four-Door Car,Midsize,71.0,31.0,1072.86,8343.75
NK16909,Oregon,Doctoral,Employed,Male,45318.0,Suburban,Married,Call Center,Basic,Personal,SUV,Large,103.0,17.0,1494.4,8188.92
NK26146,Washington,Associate,Employed,Female,90551.0,Suburban,Divorced,Call Center,Basic,Corporate,Four-Door Car,Small,61.0,28.0,1374.53,7072.93
NK27819,Arizona,Associate,Retired,Male,23091.0,Suburban,Married,Agent,Extended,Personal,Four-Door Car,Midsize,96.0,28.0,1460.8,5926.73
NK34682,Oregon,Bachelor,Employed,Male,39492.0,Suburban,Married,Agent,Basic,Corporate,Four-Door Car,Midsize,68.0,12.0,1326.4,2736.53
NK39001,Oregon,Bachelor,Medical Leave,Female,13457.0,Urban,Married,Branch,Extended,Personal,Two-Door Car,Large,94.0,31.0,1285.83,3621.69
NK40551,California,High School,Employed,Female,74089.0,Suburban,Married,Agent,Extended,Personal,Four-Door Car,Small,94.0,13.0,1648.69,7455.36
NK53902,Oregon,High School,Employed,Male,23235.0,Suburban,Married,Call Center,Extended,Personal,Four-Door Car,Large,82.0,32.0,1483.48,6459.64
NK53911,California,High School,Employed,Male,79980.0,Suburban,Married,Web,Extended,Personal,Two-Door Car,Midsize,91.0,22.0,1629.8200000000002,7345.9
NK53938,Oregon,Master,Employed,Male,45181.0,Suburban,Married,Call Center,Basic,Personal,Four-Door Car,Midsize,65.0,21.0,1312.0,2599.97
NK71023,Nevada,Bachelor,Employed,Male,67890.0,Suburban,Single,Agent,Extended,Personal,Four-Door Car,Small,85.0,23.0,1408.0,9942.3
NK91488,Nevada,Master,Employed,Male,56005.0,Suburban,Married,Branch,Basic,Personal,Four-Door Car,Small,68.0,31.0,1326.4,5479.56
NK91656,Oregon,Master,Disabled,Male,20075.0,Suburban,Divorced,Web,Extended,Personal,Two-Door Car,Midsize,79.0,7.0,1483.73,2913.32
NL17964,Oregon,High School,Employed,Male,35795.0,Suburban,Married,Agent,Basic,Personal,Four-Door Car,Midsize,65.0,25.0,1312.0,2581.02
NL32558,Arizona,High School,Disabled,Female,22081.0,Suburban,Married,Agent,Extended,Personal,Two-Door Car,Small,84.0,1.0,1451.67,6503.4
NL33789,California,Bachelor,Employed,Female,53093.0,Rural,Divorced,Call Center,Basic,Corporate,SUV,Midsize,103.0,3.0,1098.99,4077.5
NL39999,Washington,High School,Medical Leave,Male,18129.0,Suburban,Divorced,Call Center,Basic,Personal,Two-Door Car,Large,71.0,23.0,1340.8,2624.9
NL41409,Oregon,Bachelor,Employed,Female,28519.0,Suburban,Married,Web,Basic,Personal,Two-Door Car,Large,66.0,1.0,1456.47,2606.21
NL44360,Oregon,Bachelor,Retired,Female,13424.0,Suburban,Divorced,Call Center,Basic,Personal,Four-Door Car,Midsize,71.0,30.0,1340.8,2611.15
NL59273,Oregon,Doctoral,Employed,Female,61486.0,Urban,Married,Call Center,Basic,Personal,Two-Door Car,Midsize,70.0,2.0,1334.13,5627.3
NL59519,California,Associate,Employed,Female,64642.0,Urban,Married,Branch,Extended,Personal,Four-Door Car,Large,96.0,3.0,1404.27,11565.69
NL68893,California,Bachelor,Employed,Male,76608.0,Rural,Married,Call Center,Basic,Personal,Four-Door Car,Small,62.0,2.0,1091.23,2485.11
NL75739,Arizona,High School,Disabled,Male,10375.0,Suburban,Married,Branch,Basic,Personal,Two-Door Car,Midsize,66.0,10.0,1316.8,7590.05
NL80137,Oregon,Associate,Disabled,Female,14262.0,Urban,Married,Agent,Extended,Personal,Four-Door Car,Midsize,90.0,27.0,1290.43,3460.67
NM18924,Oregon,High School,Disabled,Female,27587.0,Rural,Divorced,Call Center,Basic,Corporate,Sports Car,Midsize,103.0,14.0,1241.1399999999999,30286.69
NM39588,Washington,Doctoral,Employed,Female,72450.0,Rural,Married,Branch,Basic,Corporate,Four-Door Car,Midsize,66.0,21.0,1084.22,2678.06
NM40177,California,Bachelor,Employed,Male,52009.0,Urban,Married,Agent,Basic,Personal,Four-Door Car,Midsize,68.0,20.0,1250.42,8010.97
NM42917,Arizona,Associate,Employed,Female,58703.0,Rural,Married,Agent,Extended,Personal,SUV,Small,127.0,32.0,1227.92,9927.88
NM51858,Oregon,High School,Employed,Male,53252.0,Suburban,Married,Web,Basic,Personal,SUV,Midsize,117.0,1.0,1561.6,4668.04
NM57315,California,Bachelor,Employed,Male,35095.0,Suburban,Divorced,Call Center,Basic,Special,Two-Door Car,Small,73.0,25.0,1525.6,16979.8
NM70181,Oregon,Master,Employed,Male,25748.0,Rural,Married,Call Center,Extended,Personal,Four-Door Car,Midsize,90.0,9.0,1117.87,3585.94
NM77390,Nevada,High School,Employed,Male,56788.0,Suburban,Single,Agent,Basic,Special,SUV,Midsize,108.0,22.0,1579.71,8197.71
NM77735,Oregon,Bachelor,Employed,Female,47593.0,Urban,Single,Call Center,Basic,Personal,Four-Door Car,Midsize,72.0,33.0,1344.1399999999999,8396.61
NM95102,Oregon,High School,Employed,Male,44788.0,Suburban,Married,Agent,Basic,Personal,Four-Door Car,Small,61.0,6.0,1386.03,7285.03
NN40477,Arizona,Bachelor,Employed,Female,52679.0,Suburban,Divorced,Branch,Basic,Personal,Sports Car,Midsize,110.0,25.0,1528.0,4280.75
NN44612,Nevada,Bachelor,Employed,Female,61402.0,Urban,Divorced,Agent,Basic,Personal,Two-Door Car,Midsize,62.0,1.0,1252.16,4909.84
NN44758,Arizona,High School,Employed,Female,76157.0,Suburban,Married,Call Center,Premium,Personal,Two-Door Car,Small,116.0,15.0,1556.8,4669.23
NN51066,Oregon,High School,Retired,Female,10312.0,Suburban,Married,Agent,Extended,Personal,Four-Door Car,Large,78.0,10.0,1486.28,2886.45
NN52789,Arizona,Bachelor,Disabled,Male,18375.0,Suburban,Married,Branch,Basic,Personal,Sports Car,Large,103.0,8.0,1535.08,3954.34
NN53003,California,Associate,Medical Leave,Male,20754.0,Suburban,Divorced,Agent,Basic,Personal,Luxury SUV,Midsize,184.0,19.0,2324.8,13258.18
NN65590,California,Associate,Employed,Female,72335.0,Suburban,Single,Web,Basic,Personal,Four-Door Car,Midsize,69.0,23.0,1331.2,2762.8
NN65845,Washington,Bachelor,Disabled,Female,21603.0,Suburban,Married,Branch,Basic,Personal,Four-Door Car,Large,68.0,11.0,1326.4,2585.94
NN66592,California,Bachelor,Employed,Male,73758.0,Urban,Married,Branch,Basic,Personal,Four-Door Car,Midsize,74.0,24.0,1301.56,5923.52
NN68193,Washington,Associate,Employed,Male,21440.0,Suburban,Married,Agent,Extended,Personal,SUV,Midsize,135.0,7.0,1972.0,5391.08
NN71951,California,High School,Employed,Female,66525.0,Rural,Married,Agent,Basic,Personal,SUV,Midsize,100.0,0.0,1104.33,24261.02
NN79124,Nevada,Bachelor,Employed,Male,90156.0,Urban,Married,Call Center,Basic,Personal,SUV,Small,114.0,16.0,1388.35,4554.91
NN87570,Oregon,Bachelor,Retired,Male,27681.0,Suburban,Married,Agent,Extended,Corporate,Two-Door Car,Midsize,83.0,13.0,1398.4,6057.07
NN99001,Arizona,Associate,Employed,Female,56940.0,Suburban,Married,Web,Extended,Personal,Four-Door Car,Small,87.0,11.0,1512.6599999999999,6997.83
No19664,California,High School,Employed,Female,26409.0,Suburban,Married,Branch,Basic,Personal,Four-Door Car,Large,71.0,30.0,1475.17,5686.74
No31089,Arizona,Bachelor,Employed,Female,65742.0,Urban,Married,Call Center,Extended,Personal,Four-Door Car,Midsize,79.0,6.0,1277.3600000000001,3179.47
No34698,Oregon,Bachelor,Employed,Male,80055.0,Rural,Married,Branch,Basic,Corporate,SUV,Midsize,100.0,30.0,1121.95,4015.34
No35621,Arizona,Bachelor,Employed,Male,49746.0,Suburban,Single,Call Center,Basic,Personal,Two-Door Car,Small,61.0,5.0,1624.4299999999998,2369.37
No36572,Oregon,High School,Employed,Male,22728.0,Suburban,Married,Call Center,Premium,Personal,Four-Door Car,Large,116.0,28.0,1556.8,4583.1
No50634,Oregon,Associate,Employed,Male,60475.0,Suburban,Married,Branch,Premium,Personal,Four-Door Car,Midsize,107.0,9.0,1513.6,4330.39
No59551,California,Associate,Retired,Female,12902.0,Suburban,Divorced,Agent,Extended,Personal,Sports Car,Midsize,139.0,3.0,1667.2,4904.89
No61408,California,Bachelor,Employed,Female,57452.0,Suburban,Married,Branch,Extended,Personal,SUV,Large,136.0,25.0,1652.8,5414.9
No69427,California,High School,Employed,Male,69604.0,Rural,Married,Agent,Basic,Corporate,Four-Door Car,Midsize,70.0,10.0,1112.34,2797.67
No73819,California,Master,Employed,Female,29365.0,Suburban,Married,Agent,Extended,Personal,Sports Car,Large,137.0,14.0,1657.6,10896.05
No73821,Oregon,High School,Employed,Male,44577.0,Suburban,Single,Branch,Extended,Personal,SUV,Midsize,131.0,27.0,1640.49,10145.44
No74162,Arizona,High School,Retired,Male,20538.0,Suburban,Divorced,Agent,Basic,Personal,SUV,Small,104.0,25.0,1499.2,7595.34
No81415,Arizona,Bachelor,Employed,Male,31177.0,Suburban,Married,Call Center,Extended,Personal,Four-Door Car,Small,79.0,14.0,1905.7,3139.17
No93155,Arizona,Master,Disabled,Male,28245.0,Suburban,Married,Agent,Basic,Personal,Two-Door Car,Midsize,62.0,0.0,1297.6,7200.57
No94161,California,High School,Employed,Male,37703.0,Rural,Divorced,Agent,Basic,Corporate,Two-Door Car,Midsize,70.0,11.0,1083.12,2719.43
NP18074,Arizona,Bachelor,Employed,Female,57933.0,Suburban,Married,Call Center,Basic,Personal,SUV,Small,105.0,10.0,1533.26,4209.68
NP19156,Arizona,Master,Employed,Female,28264.0,Urban,Divorced,Agent,Basic,Corporate,Four-Door Car,Midsize,61.0,22.0,1167.8899999999999,4624.56
NP23146,Arizona,Associate,Employed,Female,62808.0,Urban,Married,Branch,Basic,Special,Two-Door Car,Midsize,66.0,33.0,1211.52,5365.93
NP30139,Oregon,Associate,Employed,Male,56779.0,Suburban,Divorced,Web,Extended,Corporate,Four-Door Car,Midsize,86.0,21.0,1435.3899999999999,6862.87
NP60037,Oregon,Bachelor,Employed,Male,22697.0,Suburban,Divorced,Web,Basic,Corporate,Luxury SUV,Midsize,186.0,35.0,1892.8,14318.45
NP88319,Oregon,High School,Disabled,Female,15850.0,Suburban,Married,Call Center,Basic,Corporate,Two-Door Car,Midsize,61.0,28.0,1314.53,6945.02
NQ32487,California,High School,Retired,Female,25147.0,Suburban,Single,Agent,Basic,Personal,SUV,Midsize,101.0,7.0,1694.6,3600.93
NQ42020,Oregon,High School,Employed,Male,80864.0,Urban,Married,Agent,Basic,Personal,Luxury SUV,Midsize,182.0,5.0,1618.21,7322.93
NQ45562,California,Master,Employed,Male,35173.0,Rural,Married,Agent,Premium,Personal,Sports Car,Midsize,180.0,24.0,1415.33,7092.64
NQ67659,Nevada,Bachelor,Employed,Female,33190.0,Suburban,Divorced,Web,Basic,Personal,SUV,Midsize,106.0,18.0,1508.8,33473.35
NQ71171,California,Bachelor,Employed,Male,70174.0,Rural,Married,Agent,Basic,Personal,Four-Door Car,Midsize,64.0,18.0,1128.9,5107.07
NQ86532,California,High School,Medical Leave,Male,26854.0,Suburban,Married,Agent,Basic,Personal,Four-Door Car,Small,66.0,31.0,1475.2,2576.46
NR15332,California,High School,Employed,Male,29757.0,Suburban,Married,Web,Basic,Personal,Four-Door Car,Small,65.0,13.0,1312.0,2581.11
NR18672,Nevada,High School,Employed,Male,63127.0,Rural,Married,Agent,Basic,Personal,Two-Door Car,Large,74.0,35.0,1174.29,2928.12
NR32615,California,Associate,Medical Leave,Male,22520.0,Suburban,Married,Branch,Basic,Corporate,Four-Door Car,Midsize,73.0,17.0,1350.4,5498.94
NR49426,Nevada,Associate,Employed,Male,69488.0,Suburban,Divorced,Branch,Basic,Personal,Four-Door Car,Midsize,68.0,13.0,1326.4,5195.82
NR66922,Oregon,Master,Employed,Male,98254.0,Rural,Married,Agent,Extended,Corporate,Four-Door Car,Midsize,94.0,23.0,1229.71,11323.36
NR99710,Arizona,High School,Disabled,Female,24395.0,Suburban,Married,Branch,Basic,Personal,Two-Door Car,Midsize,62.0,35.0,1357.1100000000001,4792.81
NS10490,Oregon,Bachelor,Employed,Female,83235.0,Suburban,Married,Agent,Basic,Personal,Two-Door Car,Midsize,70.0,16.0,1336.0,14158.61
NS12730,Oregon,Bachelor,Employed,Male,24672.0,Suburban,Married,Branch,Extended,Personal,Two-Door Car,Midsize,93.0,9.0,1669.6,7297.69
NS14955,Oregon,Master,Employed,Female,40564.0,Rural,Married,Call Center,Extended,Personal,Four-Door Car,Small,97.0,0.0,1085.97,11726.19
NS19456,Oregon,Associate,Employed,Female,36067.0,Suburban,Married,Branch,Basic,Personal,Sports Car,Large,117.0,30.0,1561.6,9378.63
NS23754,California,High School,Employed,Female,21375.0,Suburban,Married,Call Center,Basic,Corporate,Four-Door Car,Large,65.0,14.0,1312.0,2566.78
NS38229,Nevada,Associate,Employed,Female,63147.0,Rural,Married,Agent,Basic,Personal,Four-Door Car,Midsize,64.0,1.0,1087.57,5126.04
NS39326,California,Associate,Employed,Female,66670.0,Urban,Married,Agent,Basic,Personal,SUV,Midsize,114.0,23.0,1518.1799999999998,4625.55
NS45347,Oregon,Associate,Medical Leave,Female,17291.0,Suburban,Married,Agent,Basic,Personal,Four-Door Car,Midsize,73.0,3.0,1350.4,5631.45
NS51605,Oregon,Master,Disabled,Male,26057.0,Suburban,Divorced,Call Center,Basic,Personal,Four-Door Car,Small,74.0,3.0,1523.8899999999999,8509.85
NS57426,Arizona,Bachelor,Employed,Male,28915.0,Suburban,Single,Web,Extended,Personal,Four-Door Car,Midsize,76.0,10.0,1364.8,11611.95
NS92256,Oregon,Master,Employed,Female,33032.0,Rural,Married,Branch,Extended,Personal,Two-Door Car,Midsize,86.0,33.0,1087.08,23777.81
NT15165,California,Bachelor,Employed,Female,43324.0,Urban,Married,Branch,Premium,Corporate,Two-Door Car,Midsize,101.0,8.0,1284.67,12047.78
NT19879,Arizona,Bachelor,Medical Leave,Female,29177.0,Suburban,Married,Call Center,Basic,Personal,Four-Door Car,Large,64.0,5.0,1307.2,4766.94
NT21324,Arizona,Associate,Employed,Male,72389.0,Urban,Married,Branch,Basic,Personal,Four-Door Car,Midsize,70.0,3.0,1206.16,2791.88
NT25078,Nevada,Bachelor,Employed,Male,23156.0,Suburban,Married,Agent,Extended,Special,Four-Door Car,Midsize,88.0,9.0,1422.4,3387.78
NT36519,California,Associate,Employed,Male,32967.0,Suburban,Married,Branch,Basic,Personal,SUV,Small,105.0,16.0,1504.0,8161.94
NT38409,California,Associate,Employed,Male,79452.0,Urban,Single,Call Center,Basic,Corporate,Four-Door Car,Midsize,65.0,33.0,1187.68,2551.31
NT40494,California,High School,Employed,Female,66933.0,Urban,Married,Agent,Basic,Personal,Four-Door Car,Midsize,63.0,8.0,1160.52,5074.25
NT43594,Nevada,Bachelor,Retired,Female,24910.0,Suburban,Single,Branch,Basic,Personal,Four-Door Car,Midsize,63.0,7.0,1347.8600000000001,2248.45
NT59303,Oregon,Associate,Employed,Female,63528.0,Suburban,Divorced,Agent,Premium,Personal,Luxury Car,Large,256.0,15.0,2228.8,10115.45
NT75612,Oregon,Associate,Employed,Female,22784.0,Urban,Married,Agent,Basic,Personal,Four-Door Car,Midsize,70.0,11.0,1224.9,19338.53
NT77164,Arizona,Doctoral,Medical Leave,Male,16686.0,Rural,Married,Agent,Basic,Personal,Four-Door Car,Midsize,71.0,9.0,1125.51,2744.17
NT78297,Oregon,Bachelor,Employed,Female,37695.0,Suburban,Single,Branch,Extended,Personal,Two-Door Car,Small,96.0,17.0,1460.8,7517.38
NT79981,Nevada,High School,Disabled,Female,13199.0,Suburban,Divorced,Agent,Extended,Personal,Four-Door Car,Midsize,93.0,23.0,1582.46,3605.97
NT89061,Arizona,High School,Employed,Female,78532.0,Suburban,Married,Call Center,Extended,Personal,Four-Door Car,Midsize,78.0,25.0,1374.4,6323.92
NT97069,Washington,Bachelor,Employed,Male,53988.0,Urban,Married,Agent,Basic,Personal,Two-Door Car,Midsize,64.0,10.0,1206.82,2533.74
NU22358,Washington,Master,Employed,Female,97131.0,Suburban,Married,Agent,Basic,Special,Four-Door Car,Small,64.0,5.0,1307.2,5181.62
NU25698,Oregon,High School,Employed,Female,48245.0,Suburban,Married,Agent,Extended,Personal,SUV,Midsize,121.0,16.0,1580.8,13995.69
NU42684,Nevada,Associate,Employed,Female,83431.0,Suburban,Married,Web,Extended,Personal,Four-Door Car,Midsize,84.0,13.0,1403.2,3394.72
NU61528,Washington,Doctoral,Disabled,Male,28383.0,Urban,Single,Branch,Extended,Personal,Four-Door Car,Midsize,81.0,11.0,1258.1100000000001,3023.89
NU64028,Nevada,Bachelor,Employed,Male,35693.0,Suburban,Divorced,Branch,Basic,Personal,Sports Car,Small,103.0,8.0,1494.4,12265.6
NU84299,Arizona,High School,Employed,Male,71126.0,Urban,Married,Branch,Basic,Personal,Four-Door Car,Midsize,71.0,11.0,1324.74,2854.11
NV13794,Nevada,High School,Employed,Female,55986.0,Urban,Married,Agent,Basic,Personal,SUV,Small,119.0,3.0,1388.51,9549.11
NV14535,Nevada,High School,Retired,Male,20228.0,Suburban,Divorced,Branch,Basic,Personal,SUV,Midsize,101.0,3.0,1523.8200000000002,10408.97
NV35796,Oregon,Master,Employed,Female,71366.0,Urban,Divorced,Call Center,Extended,Personal,Four-Door Car,Small,94.0,23.0,1265.22,15162.07
NV55438,Nevada,High School,Retired,Female,23422.0,Suburban,Single,Agent,Basic,Personal,Two-Door Car,Midsize,72.0,25.0,1518.4,5285.27
NV61299,Arizona,Bachelor,Employed,Female,33806.0,Urban,Divorced,Web,Extended,Corporate,Four-Door Car,Midsize,89.0,32.0,1395.73,27789.69
NV91476,California,Associate,Employed,Female,75606.0,Suburban,Married,Web,Premium,Personal,Four-Door Car,Midsize,119.0,6.0,1571.2,9581.28
NW14895,Arizona,Bachelor,Employed,Male,77469.0,Suburban,Divorced,Agent,Basic,Personal,SUV,Small,109.0,2.0,1757.17,12883.12
NW19960,Oregon,Associate,Employed,Male,37937.0,Suburban,Married,Call Center,Basic,Personal,SUV,Midsize,116.0,11.0,1556.8,9095.05
NW54906,Oregon,Associate,Employed,Male,28432.0,Suburban,Married,Branch,Basic,Personal,SUV,Small,118.0,1.0,1612.3,13869.93
NW62233,California,Master,Employed,Male,66467.0,Urban,Married,Web,Basic,Personal,Two-Door Car,Midsize,66.0,17.0,1294.71,5314.96
NW65065,California,High School,Disabled,Female,11904.0,Suburban,Single,Web,Basic,Corporate,Two-Door Car,Small,61.0,34.0,1292.8,4254.62
NW67881,Oregon,Bachelor,Employed,Male,74586.0,Suburban,Married,Call Center,Basic,Personal,SUV,Midsize,103.0,14.0,1494.4,12300.01
NX11526,Arizona,Bachelor,Employed,Male,92296.0,Suburban,Married,Agent,Basic,Corporate,Two-Door Car,Midsize,69.0,4.0,1331.2,2759.98
NX18774,Oregon,Bachelor,Employed,Male,55308.0,Suburban,Divorced,Call Center,Basic,Corporate,SUV,Midsize,107.0,17.0,1513.6,8415.68
NX18821,Oregon,Master,Employed,Male,49833.0,Suburban,Married,Agent,Basic,Personal,Four-Door Car,Small,69.0,5.0,1331.2,5564.74
NX31380,Arizona,Bachelor,Employed,Female,23032.0,Suburban,Married,Branch,Extended,Corporate,Four-Door Car,Midsize,89.0,30.0,1427.2,7094.17
NX32730,California,High School,Employed,Female,77041.0,Suburban,Married,Agent,Basic,Personal,Two-Door Car,Large,74.0,11.0,1475.01,3000.44
NX34811,Nevada,Bachelor,Employed,Female,85478.0,Rural,Married,Call Center,Premium,Personal,Two-Door Car,Midsize,103.0,29.0,1224.16,8295.84
NX37589,Washington,Bachelor,Employed,Female,79251.0,Suburban,Married,Web,Basic,Personal,Four-Door Car,Midsize,67.0,10.0,1321.6,2666.98
NX52648,California,High School,Employed,Female,33043.0,Suburban,Married,Branch,Extended,Personal,Two-Door Car,Midsize,95.0,15.0,1456.0,3801.75
NX63627,Oregon,Doctoral,Medical Leave,Male,23053.0,Suburban,Married,Agent,Extended,Personal,Sports Car,Midsize,132.0,5.0,1780.94,10127.77
NX71501,California,Doctoral,Employed,Female,42889.0,Rural,Married,Agent,Basic,Personal,Four-Door Car,Small,74.0,31.0,1177.32,5936.34
NX84287,California,Master,Employed,Female,65727.0,Urban,Married,Agent,Extended,Corporate,SUV,Midsize,134.0,14.0,1364.0,10861.52
NX93393,Oregon,High School,Employed,Male,86096.0,Suburban,Married,Call Center,Premium,Corporate,Two-Door Car,Large,108.0,30.0,1518.4,4335.35
NY20756,California,High School,Employed,Male,36568.0,Suburban,Married,Agent,Extended,Personal,SUV,Midsize,128.0,28.0,1978.62,10209.02
NY24020,Arizona,High School,Employed,Male,82189.0,Urban,Divorced,Web,Extended,Personal,Two-Door Car,Midsize,94.0,20.0,1354.08,3748.99
NY30370,Washington,High School,Employed,Male,28663.0,Suburban,Married,Call Center,Basic,Corporate,Two-Door Car,Midsize,66.0,23.0,1430.6,2618.33
NY49598,California,Associate,Employed,Male,65828.0,Suburban,Divorced,Agent,Basic,Personal,Four-Door Car,Small,62.0,22.0,1297.6,2451.99
NY55083,Oregon,Associate,Employed,Female,74916.0,Rural,Single,Branch,Basic,Personal,Two-Door Car,Midsize,62.0,8.0,1123.49,14083.97
NY56352,Oregon,Bachelor,Medical Leave,Female,23220.0,Urban,Married,Agent,Basic,Personal,Four-Door Car,Midsize,74.0,3.0,1251.33,2803.92
NY57065,California,Bachelor,Employed,Male,42937.0,Urban,Married,Call Center,Basic,Corporate,Two-Door Car,Small,71.0,14.0,1251.78,2816.76
NY89701,California,Bachelor,Employed,Female,25320.0,Urban,Married,Agent,Extended,Personal,Four-Door Car,Large,76.0,10.0,1269.07,5977.41
NY90858,California,Associate,Employed,Male,59034.0,Urban,Married,Agent,Extended,Personal,Four-Door Car,Midsize,85.0,0.0,1378.75,6765.8
NY91328,California,Bachelor,Retired,Female,16972.0,Suburban,Divorced,Agent,Extended,Personal,SUV,Large,125.0,17.0,1600.0,9029.71
NY93341,Arizona,High School,Employed,Female,33882.0,Rural,Married,Branch,Basic,Personal,SUV,Midsize,114.0,22.0,1272.84,9118.93
NY97446,Oregon,High School,Employed,Female,96339.0,Urban,Married,Branch,Basic,Corporate,Four-Door Car,Midsize,68.0,1.0,1293.21,2746.12
NZ15548,Oregon,Bachelor,Employed,Male,41833.0,Suburban,Married,Branch,Premium,Personal,Four-Door Car,Midsize,103.0,28.0,1643.83,4023.81
NZ30757,California,Bachelor,Medical Leave,Male,18107.0,Suburban,Married,Agent,Basic,Personal,Four-Door Car,Midsize,62.0,29.0,1297.6,4801.66
NZ57065,Oregon,Bachelor,Employed,Male,36844.0,Urban,Married,Agent,Basic,Personal,Four-Door Car,Midsize,73.0,10.0,1283.97,2872.98
NZ60700,Washington,High School,Employed,Male,55687.0,Suburban,Divorced,Agent,Premium,Personal,Luxury SUV,Midsize,276.0,33.0,2324.8,10963.96
NZ73268,California,Bachelor,Employed,Male,32646.0,Urban,Married,Agent,Premium,Corporate,Four-Door Car,Midsize,119.0,25.0,1465.0,4686.81
NZ81536,Washington,Doctoral,Employed,Female,73049.0,Rural,Single,Branch,Extended,Personal,SUV,Midsize,139.0,3.0,1284.44,16710.84
NZ85858,Arizona,High School,Employed,Female,78115.0,Urban,Married,Branch,Basic,Personal,Four-Door Car,Small,65.0,1.0,1255.45,5270.01
NZ98813,California,High School,Medical Leave,Female,29658.0,Suburban,Divorced,Call Center,Basic,Personal,SUV,Midsize,119.0,20.0,1571.2,13840.16
OA23108,Oregon,Doctoral,Employed,Female,40896.0,Urban,Married,Branch,Basic,Personal,Sports Car,Midsize,109.0,3.0,1319.29,4379.93
OA46321,Oregon,Associate,Employed,Male,54833.0,Suburban,Married,Agent,Basic,Corporate,Luxury Car,Large,198.0,22.0,2396.7,15512.25
OA55110,Arizona,Master,Medical Leave,Male,14306.0,Urban,Divorced,Agent,Basic,Corporate,Four-Door Car,Midsize,74.0,31.0,1355.06,5264.36
OA57352,Arizona,Associate,Retired,Female,18577.0,Suburban,Divorced,Branch,Extended,Personal,Four-Door Car,Midsize,86.0,21.0,1412.8,6273.91
OA59724,Washington,Associate,Employed,Female,66711.0,Urban,Married,Call Center,Extended,Corporate,Two-Door Car,Small,86.0,25.0,1366.38,3479.26
OA89218,Nevada,Associate,Employed,Female,21506.0,Suburban,Divorced,Agent,Premium,Personal,Sports Car,Midsize,151.0,11.0,1826.6599999999999,11660.57
OA92714,California,Bachelor,Employed,Female,88989.0,Urban,Married,Call Center,Basic,Personal,Four-Door Car,Small,63.0,19.0,1232.75,5055.9
OA96690,Oregon,High School,Employed,Female,47406.0,Urban,Married,Agent,Extended,Personal,Four-Door Car,Midsize,94.0,2.0,1287.15,7421.59
OB21477,Oregon,Associate,Employed,Male,53437.0,Suburban,Married,Branch,Extended,Personal,Two-Door Car,Midsize,91.0,2.0,1436.8,10777.57
OB32671,Oregon,High School,Employed,Female,20587.0,Urban,Married,Agent,Basic,Personal,SUV,Small,106.0,14.0,1363.78,37939.49
OB49075,Arizona,Bachelor,Retired,Male,17622.0,Suburban,Divorced,Agent,Basic,Personal,Four-Door Car,Midsize,65.0,1.0,1312.0,4458.11
OB52091,Washington,Bachelor,Employed,Male,87403.0,Suburban,Divorced,Agent,Basic,Personal,Four-Door Car,Midsize,68.0,1.0,1456.29,8112.32
OB55054,Oregon,Bachelor,Employed,Male,88410.0,Suburban,Single,Call Center,Extended,Corporate,Four-Door Car,Midsize,99.0,30.0,1475.2,3964.81
OB63331,Arizona,Doctoral,Employed,Female,50397.0,Suburban,Married,Web,Basic,Corporate,Four-Door Car,Small,70.0,34.0,1350.65,2813.51
OB66874,Oregon,Associate,Employed,Female,28137.0,Suburban,Married,Web,Basic,Personal,Two-Door Car,Large,65.0,23.0,1312.0,2585.21
OB69329,California,Associate,Retired,Female,18577.0,Suburban,Divorced,Branch,Extended,Personal,Four-Door Car,Midsize,86.0,21.0,1412.8,6273.91
OB73235,California,Associate,Employed,Male,45949.0,Rural,Single,Agent,Basic,Corporate,Two-Door Car,Midsize,62.0,0.0,1110.56,2404.46
OB96537,Oregon,Master,Employed,Male,81139.0,Suburban,Divorced,Web,Basic,Special,Four-Door Car,Midsize,74.0,22.0,1392.6399999999999,5946.67
OB97365,California,High School,Employed,Female,77237.0,Rural,Single,Call Center,Premium,Personal,Four-Door Car,Midsize,102.0,6.0,1197.04,4045.34
OB98149,Washington,Associate,Disabled,Female,11417.0,Suburban,Married,Agent,Basic,Personal,Two-Door Car,Small,63.0,25.0,1302.4,4700.01
OC32181,Nevada,High School,Employed,Female,70279.0,Urban,Single,Call Center,Basic,Special,Four-Door Car,Midsize,71.0,17.0,1331.23,5708.02
OC47565,Oregon,Associate,Employed,Female,67760.0,Suburban,Married,Branch,Basic,Special,Four-Door Car,Midsize,74.0,19.0,1465.28,5947.22
OC80343,Oregon,Bachelor,Employed,Male,49682.0,Rural,Single,Web,Basic,Personal,SUV,Midsize,101.0,30.0,1198.84,7757.92
OC83172,Oregon,Bachelor,Employed,Female,62902.0,Rural,Married,Web,Basic,Personal,Two-Door Car,Midsize,69.0,14.0,1159.38,8256.3
OC88207,California,Master,Employed,Male,77265.0,Rural,Married,Branch,Basic,Special,Two-Door Car,Midsize,69.0,25.0,1170.69,5577.24
OD18225,California,Associate,Employed,Male,32918.0,Suburban,Married,Agent,Extended,Personal,Four-Door Car,Midsize,84.0,33.0,1403.2,6631.67
OD45969,California,Bachelor,Employed,Male,98677.0,Rural,Married,Branch,Premium,Personal,Four-Door Car,Large,105.0,3.0,1108.03,8531.4
OD56551,Oregon,Associate,Employed,Male,27978.0,Suburban,Single,Branch,Basic,Personal,Four-Door Car,Midsize,69.0,3.0,1447.91,5239.89
OD69005,Arizona,High School,Employed,Female,39102.0,Rural,Married,Agent,Extended,Personal,Four-Door Car,Midsize,88.0,11.0,1152.34,10481.94
OD75777,Oregon,Associate,Disabled,Female,19280.0,Suburban,Married,Branch,Basic,Personal,Four-Door Car,Midsize,72.0,4.0,1345.6,5586.97
OD76309,Washington,Associate,Retired,Female,21073.0,Suburban,Divorced,Agent,Basic,Personal,SUV,Small,106.0,25.0,1508.8,7805.31
OD79784,Arizona,Bachelor,Employed,Male,84450.0,Urban,Single,Branch,Basic,Corporate,Four-Door Car,Midsize,68.0,18.0,1291.26,2679.69
OD85990,Oregon,Bachelor,Disabled,Female,23474.0,Suburban,Divorced,Branch,Basic,Corporate,SUV,Midsize,102.0,5.0,1489.6,3964.15
OD89873,Arizona,Bachelor,Employed,Male,71391.0,Urban,Married,Agent,Basic,Corporate,Four-Door Car,Midsize,67.0,29.0,1284.0,8044.87
OE14751,Oregon,Doctoral,Employed,Male,31278.0,Suburban,Married,Branch,Extended,Personal,Two-Door Car,Midsize,92.0,24.0,1441.6,3528.04
OE15005,California,Associate,Medical Leave,Male,28855.0,Suburban,Married,Call Center,Basic,Personal,SUV,Midsize,101.0,12.0,1647.44,3945.24
OE15600,California,Associate,Employed,Male,91169.0,Rural,Single,Call Center,Basic,Personal,Two-Door Car,Midsize,65.0,5.0,1139.75,2544.97
OE51254,California,Associate,Employed,Female,53882.0,Suburban,Married,Agent,Basic,Personal,Four-Door Car,Midsize,69.0,14.0,1331.2,2790.68
OE56979,Oregon,High School,Employed,Female,57016.0,Urban,Married,Agent,Basic,Personal,SUV,Midsize,119.0,31.0,1341.87,9551.17
OE75231,Washington,Bachelor,Employed,Female,72540.0,Suburban,Married,Call Center,Extended,Corporate,Two-Door Car,Midsize,88.0,7.0,1631.74,10656.88
OE75629,California,Associate,Employed,Male,48675.0,Suburban,Divorced,Web,Basic,Corporate,Four-Door Car,Midsize,71.0,26.0,1340.8,2798.83
OE88763,California,Bachelor,Disabled,Female,11885.0,Suburban,Divorced,Agent,Premium,Corporate,Four-Door Car,Midsize,101.0,18.0,1484.8,11315.2
OF12725,California,Bachelor,Disabled,Female,28139.0,Suburban,Married,Branch,Extended,Personal,Four-Door Car,Midsize,97.0,31.0,1465.6,7080.13
OF20965,Nevada,Bachelor,Employed,Female,67780.0,Suburban,Divorced,Call Center,Extended,Personal,Four-Door Car,Small,92.0,0.0,1601.46,7284.36
OF24813,Washington,High School,Employed,Female,66014.0,Urban,Married,Branch,Basic,Personal,SUV,Midsize,102.0,34.0,1459.97,32961.15
OF38237,California,Doctoral,Disabled,Female,29950.0,Suburban,Married,Call Center,Basic,Personal,Two-Door Car,Midsize,61.0,0.0,1292.8,4878.83
OF47250,California,Doctoral,Employed,Female,92374.0,Rural,Divorced,Call Center,Basic,Personal,SUV,Midsize,107.0,16.0,1220.02,8639.5
OF49789,Oregon,Associate,Employed,Female,57161.0,Suburban,Married,Agent,Extended,Personal,Sports Car,Midsize,127.0,20.0,1609.6,5121.84
OF77789,Arizona,High School,Disabled,Female,11904.0,Suburban,Single,Web,Basic,Personal,Two-Door Car,Small,61.0,34.0,1292.8,4254.62
OF78862,Oregon,Associate,Employed,Female,54964.0,Suburban,Married,Agent,Extended,Personal,Four-Door Car,Midsize,99.0,13.0,1525.52,3991.73
OF93412,Nevada,Bachelor,Employed,Female,27514.0,Suburban,Married,Call Center,Premium,Personal,SUV,Midsize,197.0,12.0,2367.2,15613.95
OG17756,Arizona,Associate,Retired,Female,12902.0,Suburban,Divorced,Agent,Extended,Personal,Sports Car,Midsize,139.0,3.0,1667.2,4904.89
OG17838,Washington,High School,Employed,Male,36168.0,Suburban,Divorced,Agent,Extended,Personal,Four-Door Car,Midsize,90.0,16.0,1432.0,3549.02
OG30514,Nevada,Bachelor,Employed,Female,65900.0,Suburban,Married,Agent,Basic,Personal,Four-Door Car,Midsize,62.0,17.0,1297.6,20018.2
OG31942,California,Associate,Employed,Male,63936.0,Urban,Single,Agent,Basic,Personal,Luxury Car,Midsize,189.0,4.0,1765.01,14628.5
OG36837,Arizona,Doctoral,Employed,Female,91071.0,Urban,Married,Call Center,Extended,Personal,Four-Door Car,Midsize,94.0,21.0,1402.74,7648.26
OG62048,California,Master,Medical Leave,Female,10211.0,Suburban,Divorced,Branch,Basic,Personal,SUV,Midsize,119.0,7.0,1571.2,9052.95
OG77759,Arizona,Bachelor,Disabled,Male,28227.0,Suburban,Married,Agent,Basic,Personal,Four-Door Car,Small,62.0,14.0,1551.28,7119.53
OG84541,Arizona,Master,Employed,Female,33514.0,Urban,Married,Branch,Basic,Personal,Sports Car,Midsize,105.0,33.0,1265.22,12780.28
OH11674,Arizona,Bachelor,Employed,Female,51584.0,Suburban,Divorced,Branch,Basic,Corporate,Two-Door Car,Small,69.0,11.0,1368.92,8068.62
OH15780,California,Associate,Employed,Male,88340.0,Suburban,Married,Branch,Premium,Personal,Two-Door Car,Midsize,102.0,16.0,1489.6,12280.77
OH23652,Oregon,Bachelor,Medical Leave,Female,26607.0,Suburban,Married,Agent,Extended,Personal,SUV,Midsize,122.0,3.0,1585.6,4693.75
OH23893,California,Bachelor,Employed,Female,69588.0,Rural,Married,Branch,Basic,Personal,SUV,Midsize,114.0,19.0,1173.08,9115.57
OH41318,Washington,Master,Employed,Male,83385.0,Suburban,Divorced,Web,Extended,Personal,SUV,Midsize,131.0,26.0,1704.3400000000001,26122.13
OH55411,California,Master,Employed,Female,79487.0,Suburban,Divorced,Branch,Basic,Corporate,SUV,Midsize,114.0,20.0,1547.2,4626.8
OH60605,Oregon,High School,Employed,Female,39679.0,Suburban,Married,Branch,Extended,Personal,Two-Door Car,Midsize,92.0,2.0,1641.3899999999999,3652.53
OH64088,California,High School,Employed,Male,33345.0,Suburban,Single,Agent,Basic,Corporate,Four-Door Car,Midsize,65.0,32.0,1338.62,7375.57
OH83248,California,Master,Employed,Male,57394.0,Urban,Married,Call Center,Premium,Personal,Four-Door Car,Midsize,106.0,8.0,1316.49,8458.53
OH83983,California,Doctoral,Employed,Male,31278.0,Suburban,Married,Branch,Extended,Personal,Two-Door Car,Midsize,92.0,24.0,1441.6,3528.04
OH91173,California,Associate,Retired,Male,28142.0,Suburban,Married,Agent,Basic,Personal,Sports Car,Midsize,105.0,18.0,1701.71,3873.65
OH98172,California,High School,Employed,Female,81081.0,Urban,Married,Agent,Extended,Personal,Two-Door Car,Midsize,79.0,20.0,1224.8899999999999,3188.53
OH99089,California,Master,Employed,Female,30228.0,Rural,Married,Branch,Basic,Personal,Four-Door Car,Midsize,73.0,28.0,1163.35,5827.41
OI29521,Oregon,Associate,Employed,Female,33432.0,Rural,Single,Agent,Extended,Corporate,Two-Door Car,Midsize,90.0,28.0,1161.42,10388.99
OI39918,California,Bachelor,Medical Leave,Male,16208.0,Suburban,Married,Call Center,Extended,Personal,Two-Door Car,Large,93.0,22.0,1446.4,3443.3
OI44122,California,Bachelor,Employed,Male,45600.0,Suburban,Married,Agent,Basic,Personal,SUV,Midsize,113.0,6.0,1617.94,8845.19
OI48267,California,Associate,Employed,Male,20396.0,Suburban,Married,Branch,Extended,Personal,Four-Door Car,Midsize,76.0,15.0,1364.8,6047.03
OI68331,California,Doctoral,Employed,Female,21576.0,Suburban,Married,Web,Basic,Personal,Four-Door Car,Midsize,65.0,27.0,1312.0,5207.2
OI74902,California,Associate,Retired,Female,15630.0,Suburban,Divorced,Web,Basic,Personal,SUV,Midsize,115.0,8.0,1656.78,7980.3
OI77877,Oregon,High School,Employed,Male,31134.0,Suburban,Married,Call Center,Extended,Personal,Four-Door Car,Midsize,96.0,24.0,1666.53,7498.29
OI80614,California,High School,Employed,Male,56980.0,Suburban,Married,Agent,Extended,Personal,Two-Door Car,Midsize,84.0,33.0,1599.0,6689.02
OI83286,Oregon,Associate,Employed,Female,56872.0,Urban,Married,Agent,Basic,Personal,Two-Door Car,Midsize,69.0,20.0,1192.88,5551.39
OI92280,Oregon,Associate,Disabled,Female,12180.0,Suburban,Single,Agent,Basic,Corporate,SUV,Midsize,113.0,17.0,1675.5700000000002,8428.47
OI98135,Washington,High School,Employed,Male,25927.0,Suburban,Single,Web,Basic,Personal,SUV,Midsize,103.0,6.0,1674.97,3933.81
OJ33945,Oregon,High School,Employed,Female,97768.0,Rural,Divorced,Agent,Basic,Personal,Two-Door Car,Midsize,72.0,22.0,1151.84,8692.64
OJ37666,California,Bachelor,Employed,Female,47285.0,Suburban,Married,Call Center,Basic,Personal,Four-Door Car,Midsize,63.0,7.0,1302.4,2503.6
OJ38536,California,Doctoral,Employed,Female,62010.0,Suburban,Married,Agent,Basic,Personal,SUV,Midsize,112.0,2.0,1537.6,4563.86
OJ43280,California,Bachelor,Employed,Male,33137.0,Suburban,Single,Web,Basic,Personal,Two-Door Car,Midsize,74.0,16.0,1472.5,5644.47
OJ50322,Nevada,High School,Employed,Male,39032.0,Suburban,Married,Call Center,Premium,Personal,SUV,Midsize,198.0,31.0,1950.4,15762.6
OJ58066,Nevada,High School,Employed,Male,24726.0,Rural,Divorced,Call Center,Extended,Personal,Four-Door Car,Midsize,92.0,18.0,1150.69,7025.04
OJ60800,Oregon,Bachelor,Employed,Male,75988.0,Urban,Divorced,Agent,Basic,Personal,Four-Door Car,Midsize,67.0,0.0,1200.55,7930.6
OJ63606,Arizona,High School,Medical Leave,Female,27510.0,Suburban,Married,Call Center,Premium,Corporate,SUV,Small,159.0,5.0,1871.46,5776.34
OJ64812,Washington,Bachelor,Employed,Male,26432.0,Suburban,Single,Branch,Extended,Personal,Four-Door Car,Midsize,88.0,19.0,1422.4,9585.5
OJ65117,Oregon,Bachelor,Employed,Female,77095.0,Suburban,Divorced,Agent,Basic,Personal,Four-Door Car,Small,68.0,22.0,1461.84,5365.54
OJ65428,Nevada,Associate,Disabled,Male,27906.0,Suburban,Divorced,Call Center,Premium,Personal,Four-Door Car,Midsize,102.0,5.0,1489.6,3842.03
OJ77448,Arizona,Bachelor,Employed,Female,85185.0,Rural,Married,Agent,Basic,Corporate,SUV,Small,107.0,26.0,1166.5,8709.85
OJ84485,California,High School,Medical Leave,Male,12607.0,Suburban,Married,Call Center,Basic,Personal,SUV,Midsize,110.0,13.0,1528.0,12516.92
OJ94107,Arizona,Master,Employed,Male,50335.0,Urban,Married,Call Center,Premium,Personal,SUV,Midsize,140.0,9.0,1456.52,5619.07
OK31456,California,Bachelor,Employed,Female,51643.0,Suburban,Single,Agent,Premium,Corporate,Luxury Car,Midsize,283.0,16.0,2358.4,11009.13
OK50159,Arizona,Bachelor,Employed,Female,31071.0,Rural,Single,Call Center,Basic,Personal,Sports Car,Small,111.0,0.0,1215.23,4305.79
OK56965,California,Bachelor,Employed,Female,31264.0,Urban,Divorced,Branch,Basic,Personal,Luxury SUV,Midsize,198.0,9.0,1825.6599999999999,45708.65
OK86731,Oregon,Associate,Employed,Male,44230.0,Suburban,Married,Web,Basic,Personal,Sports Car,Midsize,114.0,2.0,1738.22,4510.19
OK96130,California,High School,Employed,Male,37331.0,Suburban,Married,Agent,Extended,Personal,SUV,Midsize,134.0,26.0,1898.9099999999999,5319.31
OL27257,Nevada,Associate,Medical Leave,Female,20394.0,Urban,Married,Branch,Premium,Personal,Two-Door Car,Midsize,115.0,28.0,1508.6100000000001,4381.88
OL28568,California,Bachelor,Employed,Male,69772.0,Suburban,Single,Branch,Premium,Personal,Four-Door Car,Midsize,112.0,17.0,1537.6,8725.29
OL28902,California,Associate,Disabled,Male,26303.0,Suburban,Divorced,Agent,Premium,Personal,SUV,Small,165.0,16.0,1956.5900000000001,5999.38
OL55220,California,Bachelor,Employed,Female,48345.0,Urban,Single,Web,Basic,Personal,Four-Door Car,Large,67.0,7.0,1212.01,5241.14
OL61964,California,Bachelor,Employed,Male,74627.0,Urban,Married,Agent,Basic,Corporate,Four-Door Car,Midsize,65.0,21.0,1176.74,5207.68
OL72737,Oregon,High School,Employed,Female,21235.0,Urban,Married,Agent,Extended,Personal,Two-Door Car,Midsize,79.0,18.0,1244.23,3102.79
OL82456,Oregon,Bachelor,Disabled,Male,18375.0,Suburban,Married,Branch,Basic,Personal,Sports Car,Large,103.0,8.0,1535.08,3954.34
OL97871,Oregon,Bachelor,Employed,Female,48992.0,Urban,Married,Agent,Extended,Personal,Four-Door Car,Midsize,94.0,30.0,1426.07,7482.49
OM13505,Washington,Bachelor,Employed,Male,81741.0,Urban,Single,Agent,Basic,Corporate,Four-Door Car,Midsize,64.0,10.0,1186.45,5047.48
OM37610,Nevada,High School,Employed,Female,26312.0,Suburban,Married,Web,Premium,Personal,Four-Door Car,Midsize,110.0,29.0,1565.8400000000001,13024.22
OM37845,California,Master,Employed,Male,56005.0,Suburban,Married,Branch,Basic,Personal,Four-Door Car,Small,68.0,31.0,1326.4,5479.56
OM50417,Arizona,Bachelor,Employed,Female,48471.0,Rural,Married,Call Center,Extended,Personal,Four-Door Car,Midsize,83.0,5.0,1208.9,29973.42
OM55336,Nevada,Associate,Employed,Male,60920.0,Urban,Single,Agent,Basic,Personal,Two-Door Car,Midsize,64.0,10.0,1231.2,7507.46
OM63414,Arizona,Bachelor,Employed,Female,62258.0,Rural,Single,Agent,Basic,Personal,Two-Door Car,Large,65.0,14.0,1117.45,5071.65
OM63954,California,Bachelor,Employed,Female,55837.0,Suburban,Single,Agent,Premium,Personal,Two-Door Car,Midsize,117.0,16.0,1741.87,9264.57
OM69210,Arizona,Bachelor,Employed,Male,81531.0,Urban,Married,Web,Extended,Personal,SUV,Small,135.0,23.0,1420.43,5411.94
OM73267,California,High School,Employed,Female,69545.0,Suburban,Married,Call Center,Basic,Corporate,Four-Door Car,Midsize,65.0,17.0,1312.0,5229.45
OM82309,California,Bachelor,Employed,Male,61321.0,Rural,Single,Branch,Basic,Personal,Luxury Car,Small,186.0,0.0,1427.63,58166.55
OM85313,California,Master,Employed,Male,63499.0,Urban,Married,Agent,Basic,Personal,Four-Door Car,Midsize,73.0,21.0,1278.96,2921.93
OM92482,Arizona,Bachelor,Disabled,Male,11698.0,Suburban,Married,Branch,Basic,Personal,Four-Door Car,Large,65.0,4.0,1468.0,4834.4
OM99303,Arizona,High School,Employed,Female,76310.0,Suburban,Married,Branch,Basic,Personal,Two-Door Car,Midsize,67.0,1.0,1321.6,2701.49
ON30714,California,Associate,Employed,Male,74809.0,Urban,Married,Branch,Basic,Personal,Two-Door Car,Small,61.0,7.0,1283.79,4932.88
ON34922,Oregon,High School,Employed,Male,61894.0,Urban,Married,Branch,Basic,Personal,Four-Door Car,Small,67.0,22.0,1267.0,5353.93
ON59472,Arizona,High School,Medical Leave,Male,21921.0,Suburban,Married,Branch,Extended,Corporate,Luxury SUV,Large,206.0,14.0,2254.1400000000003,15771.39
ON63161,Oregon,High School,Disabled,Female,18017.0,Suburban,Divorced,Call Center,Premium,Personal,Four-Door Car,Midsize,114.0,23.0,1547.2,8583.27
ON68006,California,Bachelor,Employed,Female,26129.0,Suburban,Divorced,Agent,Basic,Personal,Four-Door Car,Midsize,70.0,4.0,1419.19,5520.15
ON72594,California,Master,Employed,Female,58881.0,Urban,Married,Branch,Extended,Personal,Four-Door Car,Midsize,97.0,8.0,1354.8899999999999,11776.0
ON73702,Arizona,Bachelor,Employed,Female,33897.0,Urban,Married,Agent,Basic,Corporate,SUV,Small,114.0,15.0,1539.8400000000001,9080.64
ON74557,California,Bachelor,Employed,Male,74915.0,Urban,Married,Branch,Extended,Personal,SUV,Midsize,122.0,13.0,1393.15,14651.62
ON77649,Oregon,Associate,Employed,Female,35895.0,Urban,Married,Agent,Basic,Personal,Four-Door Car,Midsize,73.0,11.0,1312.92,2908.88
ON77827,Arizona,Master,Medical Leave,Female,22974.0,Urban,Married,Call Center,Basic,Personal,Four-Door Car,Large,71.0,0.0,1180.67,2790.23
ON90223,Washington,Associate,Employed,Male,93210.0,Suburban,Married,Agent,Basic,Personal,SUV,Small,107.0,6.0,1513.6,12846.45
ON91363,Washington,Associate,Employed,Male,75132.0,Suburban,Married,Call Center,Extended,Personal,Four-Door Car,Midsize,93.0,7.0,1446.4,3730.14
OO11531,Nevada,Master,Employed,Female,37125.0,Urban,Married,Agent,Basic,Personal,Four-Door Car,Large,63.0,29.0,1290.91,2540.55
OO11998,Oregon,Master,Employed,Male,94804.0,Suburban,Married,Branch,Basic,Personal,SUV,Midsize,115.0,13.0,1764.5900000000001,4583.75
OO35641,Oregon,Associate,Employed,Female,78487.0,Urban,Divorced,Agent,Basic,Personal,SUV,Midsize,117.0,5.0,1448.26,32871.75
OO49507,Washington,Doctoral,Employed,Female,52957.0,Urban,Married,Branch,Basic,Personal,Sports Car,Midsize,112.0,14.0,1425.42,4530.39
OO62338,Oregon,Bachelor,Disabled,Male,16121.0,Suburban,Married,Web,Basic,Corporate,Four-Door Car,Small,65.0,5.0,1312.0,7099.57
OO63074,California,Bachelor,Medical Leave,Female,25261.0,Suburban,Married,Branch,Basic,Personal,SUV,Midsize,118.0,31.0,1566.4,4517.91
OO88645,California,Associate,Employed,Female,74665.0,Urban,Married,Call Center,Extended,Corporate,Four-Door Car,Midsize,78.0,10.0,1236.9,3103.92
OO92815,Arizona,High School,Employed,Female,21246.0,Suburban,Married,Agent,Extended,Personal,Four-Door Car,Midsize,83.0,19.0,1398.4,3311.16
OO96263,Nevada,High School,Employed,Female,45893.0,Suburban,Married,Call Center,Extended,Personal,Two-Door Car,Midsize,97.0,3.0,1465.6,11606.85
OO97388,Oregon,Master,Employed,Female,99612.0,Suburban,Married,Agent,Basic,Personal,Two-Door Car,Small,70.0,14.0,1336.0,2855.69
OP26403,California,Associate,Employed,Female,32017.0,Suburban,Married,Branch,Basic,Personal,Four-Door Car,Small,62.0,9.0,1297.6,4834.8
OP43389,California,Associate,Employed,Female,29057.0,Suburban,Married,Agent,Basic,Corporate,SUV,Midsize,102.0,22.0,1489.6,8178.24
OP52966,Arizona,High School,Employed,Male,44279.0,Suburban,Married,Agent,Basic,Personal,Two-Door Car,Small,61.0,32.0,1292.8,4854.36
OP54725,Washington,Associate,Employed,Male,53351.0,Suburban,Married,Branch,Premium,Personal,Four-Door Car,Small,119.0,4.0,1571.2,9540.92
OP67672,Washington,Master,Employed,Female,20290.0,Suburban,Married,Agent,Basic,Personal,SUV,Midsize,113.0,6.0,1766.52,9079.82
OP70207,Oregon,Associate,Employed,Male,37934.0,Urban,Divorced,Call Center,Extended,Personal,Sports Car,Midsize,137.0,2.0,1385.44,10506.88
OP75571,Arizona,Associate,Employed,Female,40635.0,Suburban,Divorced,Call Center,Basic,Personal,SUV,Midsize,102.0,4.0,1489.6,8012.84
OP93305,California,High School,Employed,Male,78255.0,Suburban,Single,Branch,Extended,Personal,Four-Door Car,Small,95.0,14.0,1456.0,11093.72
OQ15169,Washington,High School,Employed,Female,37995.0,Suburban,Married,Branch,Extended,Corporate,SUV,Midsize,139.0,16.0,1667.2,5597.12
OQ20827,California,Associate,Employed,Male,55593.0,Urban,Married,Web,Basic,Corporate,Luxury Car,Midsize,182.0,10.0,1677.6399999999999,14203.04
OQ27893,Oregon,High School,Employed,Male,20510.0,Suburban,Married,Agent,Basic,Personal,Two-Door Car,Midsize,74.0,32.0,1355.2,2903.24
OQ41280,Nevada,High School,Employed,Male,46298.0,Rural,Divorced,Agent,Extended,Corporate,Four-Door Car,Midsize,88.0,11.0,1128.29,6503.22
OQ43721,Oregon,High School,Disabled,Female,26540.0,Suburban,Married,Branch,Basic,Personal,Four-Door Car,Midsize,69.0,15.0,1378.43,2648.47
OQ45659,Arizona,Associate,Employed,Female,45431.0,Suburban,Married,Branch,Premium,Personal,Four-Door Car,Midsize,116.0,23.0,1556.8,41745.01
OQ51004,California,Bachelor,Disabled,Male,18375.0,Suburban,Married,Branch,Basic,Personal,Sports Car,Large,103.0,8.0,1535.08,3954.34
OQ88395,California,Associate,Employed,Male,84300.0,Rural,Married,Branch,Basic,Corporate,SUV,Midsize,111.0,13.0,1202.22,4510.54
OQ90898,California,Master,Employed,Male,90279.0,Urban,Divorced,Call Center,Basic,Personal,SUV,Midsize,115.0,7.0,1372.18,13955.57
OQ99704,Washington,Bachelor,Employed,Female,52801.0,Urban,Married,Branch,Basic,Personal,SUV,Small,100.0,21.0,1475.2,3981.78
OR28030,California,Bachelor,Employed,Male,35095.0,Suburban,Divorced,Call Center,Basic,Corporate,Two-Door Car,Small,73.0,25.0,1525.6,16979.8
OR40060,Arizona,Bachelor,Employed,Male,70410.0,Rural,Married,Web,Extended,Personal,Four-Door Car,Midsize,83.0,25.0,1131.83,3323.09
OR40901,California,Doctoral,Employed,Male,40870.0,Suburban,Married,Agent,Basic,Corporate,SUV,Large,105.0,3.0,1504.0,12731.95
OR78439,Arizona,Associate,Employed,Male,62464.0,Urban,Married,Agent,Basic,Corporate,Sports Car,Midsize,109.0,23.0,1400.18,8658.86
OR85652,Oregon,Bachelor,Employed,Female,78294.0,Rural,Married,Agent,Extended,Personal,Four-Door Car,Midsize,92.0,6.0,1181.15,7427.85
OS11465,Oregon,High School,Employed,Male,79153.0,Suburban,Married,Call Center,Basic,Special,SUV,Midsize,106.0,12.0,1508.8,8500.91
OS21957,California,High School,Employed,Female,26201.0,Rural,Married,Call Center,Basic,Personal,SUV,Small,112.0,4.0,1168.9,8896.5
OS39723,Oregon,Doctoral,Employed,Female,68665.0,Suburban,Married,Call Center,Basic,Personal,Two-Door Car,Small,69.0,33.0,1331.2,5600.5
OS54451,California,Bachelor,Employed,Male,31964.0,Rural,Married,Web,Basic,Personal,Four-Door Car,Midsize,67.0,30.0,1120.06,2627.83
OS70004,California,Associate,Employed,Male,49561.0,Suburban,Single,Branch,Premium,Personal,SUV,Midsize,193.0,4.0,1926.4,7506.78
OS75493,California,High School,Employed,Female,42589.0,Suburban,Divorced,Agent,Extended,Corporate,Four-Door Car,Midsize,98.0,8.0,1470.4,3848.48
OS84395,Nevada,Bachelor,Employed,Male,90252.0,Rural,Married,Web,Extended,Corporate,Four-Door Car,Midsize,95.0,1.0,1122.92,7611.95
OS94884,Arizona,Bachelor,Employed,Female,52705.0,Rural,Married,Web,Basic,Personal,Two-Door Car,Large,64.0,14.0,1128.71,7649.28
OS95734,California,Bachelor,Employed,Female,94508.0,Suburban,Married,Agent,Extended,Personal,Four-Door Car,Midsize,88.0,27.0,1491.38,7074.4
OS96036,Arizona,Associate,Employed,Female,63624.0,Urban,Married,Agent,Basic,Personal,SUV,Midsize,115.0,10.0,1306.34,41143.09
OT24208,California,Bachelor,Medical Leave,Male,14382.0,Suburban,Married,Agent,Basic,Personal,Four-Door Car,Midsize,66.0,8.0,1316.8,12390.48
OT36536,Oregon,Bachelor,Employed,Male,41596.0,Suburban,Married,Call Center,Basic,Personal,Four-Door Car,Midsize,66.0,12.0,1316.8,5232.45
OT42923,California,High School,Employed,Male,86788.0,Suburban,Single,Agent,Basic,Personal,Four-Door Car,Midsize,70.0,32.0,1336.0,2751.25
OT49339,Oregon,Associate,Disabled,Male,21052.0,Urban,Married,Call Center,Basic,Corporate,SUV,Midsize,111.0,12.0,1453.58,8432.82
OT50011,California,Master,Medical Leave,Female,23305.0,Rural,Married,Branch,Basic,Personal,Four-Door Car,Midsize,68.0,25.0,1127.16,2671.17
OT52034,California,Bachelor,Employed,Male,24204.0,Suburban,Married,Branch,Extended,Personal,Four-Door Car,Midsize,99.0,25.0,1707.3,3864.78
OT53330,Arizona,Bachelor,Employed,Female,34837.0,Suburban,Single,Branch,Extended,Personal,SUV,Midsize,139.0,4.0,1667.2,10720.42
OT56964,California,Master,Employed,Male,46897.0,Urban,Married,Agent,Basic,Corporate,SUV,Midsize,118.0,13.0,1322.58,9424.26
OT66924,Oregon,Bachelor,Disabled,Female,14606.0,Suburban,Married,Call Center,Basic,Personal,Four-Door Car,Midsize,72.0,2.0,1439.77,4681.53
OT85112,Washington,Associate,Employed,Male,38460.0,Rural,Divorced,Agent,Extended,Personal,Four-Door Car,Midsize,88.0,15.0,1091.55,3403.92
OT94107,Oregon,Bachelor,Employed,Female,35551.0,Suburban,Single,Branch,Extended,Personal,Four-Door Car,Small,81.0,33.0,1565.1100000000001,3176.87
OU24549,Nevada,Bachelor,Employed,Male,37573.0,Suburban,Married,Call Center,Basic,Corporate,SUV,Midsize,112.0,3.0,1537.6,8516.75
OU40102,Oregon,High School,Disabled,Female,22081.0,Suburban,Married,Agent,Extended,Special,Two-Door Car,Small,84.0,1.0,1451.67,6503.4
OU43146,Oregon,Bachelor,Employed,Male,89464.0,Suburban,Married,Agent,Basic,Personal,Luxury SUV,Midsize,194.0,17.0,2067.29,15415.04
OU50429,California,Bachelor,Employed,Male,36580.0,Suburban,Married,Agent,Basic,Personal,Four-Door Car,Small,64.0,20.0,1460.8,7524.74
OU53351,Arizona,Associate,Employed,Male,36635.0,Suburban,Married,Agent,Basic,Corporate,Four-Door Car,Small,63.0,20.0,1302.4,2486.06
OU60143,Oregon,Bachelor,Employed,Female,60021.0,Suburban,Married,Agent,Extended,Corporate,Four-Door Car,Small,99.0,12.0,1882.87,3939.01
OU62604,Washington,Bachelor,Employed,Female,78362.0,Suburban,Divorced,Agent,Basic,Personal,Four-Door Car,Small,73.0,16.0,1525.6,17484.53
OU62959,California,Bachelor,Employed,Male,95340.0,Urban,Married,Web,Basic,Personal,Luxury SUV,Midsize,198.0,5.0,1808.8400000000001,15531.79
OU78642,Arizona,Master,Employed,Female,81568.0,Urban,Married,Web,Basic,Personal,Luxury SUV,Midsize,186.0,0.0,1737.44,7583.56
OV29928,Washington,Associate,Employed,Female,67423.0,Urban,Married,Agent,Basic,Corporate,Four-Door Car,Midsize,65.0,24.0,1293.31,5225.25
OV40993,Nevada,Associate,Disabled,Female,17453.0,Suburban,Married,Branch,Basic,Personal,SUV,Small,118.0,12.0,1566.4,8693.63
OV64984,Arizona,Bachelor,Employed,Male,90892.0,Rural,Married,Branch,Basic,Personal,Two-Door Car,Midsize,61.0,1.0,1102.32,4881.39
OV87950,California,Associate,Employed,Male,29242.0,Suburban,Married,Branch,Basic,Personal,Two-Door Car,Large,73.0,26.0,1350.4,2837.16
OW33876,Washington,Associate,Employed,Female,47918.0,Urban,Married,Call Center,Basic,Corporate,Two-Door Car,Midsize,62.0,2.0,1246.26,2476.48
OW68478,California,High School,Medical Leave,Male,17101.0,Suburban,Single,Call Center,Basic,Corporate,SUV,Midsize,113.0,1.0,1542.4,12298.69
OW83209,Nevada,Bachelor,Employed,Male,30344.0,Urban,Divorced,Branch,Basic,Personal,SUV,Midsize,107.0,29.0,1342.83,8341.93
OW84481,Nevada,High School,Employed,Male,67837.0,Suburban,Married,Agent,Basic,Personal,Four-Door Car,Midsize,69.0,19.0,1430.48,2675.57
OW85480,California,Master,Medical Leave,Male,25545.0,Suburban,Married,Agent,Basic,Personal,Four-Door Car,Midsize,69.0,19.0,1331.2,5348.07
OW97322,Oregon,Bachelor,Employed,Male,28013.0,Suburban,Married,Branch,Premium,Personal,Luxury Car,Small,266.0,25.0,2276.8,31410.93
OX21474,California,High School,Employed,Male,88867.0,Suburban,Single,Web,Basic,Personal,Four-Door Car,Midsize,69.0,6.0,1331.2,2698.36
OX28638,Arizona,High School,Employed,Male,37839.0,Suburban,Married,Branch,Extended,Personal,Two-Door Car,Midsize,86.0,35.0,1465.63,6806.49
OX35378,Oregon,Bachelor,Employed,Male,36706.0,Suburban,Married,Agent,Extended,Personal,Four-Door Car,Midsize,80.0,19.0,1488.3,3155.46
OX36896,California,High School,Employed,Male,92983.0,Rural,Married,Agent,Extended,Corporate,Four-Door Car,Midsize,87.0,9.0,1153.21,10536.08
OX53879,Arizona,Bachelor,Employed,Male,92427.0,Rural,Married,Call Center,Basic,Personal,Four-Door Car,Large,64.0,2.0,1126.05,5113.9
OX59701,California,High School,Employed,Male,21006.0,Suburban,Married,Branch,Extended,Personal,SUV,Midsize,139.0,14.0,1667.2,5445.82
OX61728,California,High School,Employed,Female,40252.0,Suburban,Divorced,Agent,Basic,Personal,Sports Car,Midsize,104.0,12.0,1499.2,29006.67
OX62816,Washington,Master,Employed,Male,30376.0,Suburban,Single,Web,Basic,Personal,Four-Door Car,Small,66.0,26.0,1316.8,5167.36
OX75108,Arizona,Master,Employed,Female,44305.0,Urban,Married,Call Center,Basic,Personal,Four-Door Car,Midsize,67.0,33.0,1214.77,5463.91
OX87524,California,Master,Employed,Female,90349.0,Suburban,Divorced,Branch,Basic,Personal,Four-Door Car,Midsize,64.0,31.0,1435.72,2611.13
OY20177,Oregon,High School,Employed,Male,52707.0,Suburban,Married,Branch,Extended,Corporate,Four-Door Car,Midsize,90.0,33.0,1432.0,7089.68
OY34553,Nevada,Bachelor,Employed,Female,60221.0,Urban,Married,Agent,Basic,Personal,Four-Door Car,Midsize,67.0,3.0,1238.56,24320.64
OY38576,Oregon,High School,Employed,Female,71416.0,Suburban,Divorced,Agent,Basic,Corporate,SUV,Midsize,116.0,10.0,1556.8,9277.23
OY47486,California,Associate,Employed,Male,71960.0,Rural,Single,Call Center,Basic,Personal,Two-Door Car,Midsize,67.0,12.0,1151.5,5284.51
OY68395,Oregon,High School,Employed,Female,40740.0,Suburban,Single,Web,Basic,Personal,Luxury SUV,Large,198.0,19.0,1950.4,55277.45
OY70124,Washington,Bachelor,Employed,Female,73054.0,Urban,Married,Branch,Basic,Personal,SUV,Midsize,106.0,34.0,1419.37,12741.85
OY88200,Nevada,Associate,Medical Leave,Female,22664.0,Suburban,Divorced,Agent,Basic,Personal,Two-Door Car,Small,73.0,0.0,1350.4,2706.61
OY92520,California,Bachelor,Medical Leave,Female,12075.0,Suburban,Married,Branch,Extended,Personal,Four-Door Car,Midsize,94.0,16.0,1451.2,7264.8
OY94707,California,Associate,Employed,Male,58297.0,Suburban,Married,Agent,Extended,Special,Four-Door Car,Small,97.0,19.0,1647.04,3609.8
OY95739,Nevada,High School,Medical Leave,Male,17101.0,Suburban,Single,Call Center,Basic,Corporate,SUV,Midsize,113.0,1.0,1542.4,12298.69
OY96856,Oregon,Bachelor,Employed,Male,71391.0,Urban,Married,Agent,Basic,Personal,Four-Door Car,Midsize,67.0,29.0,1284.0,8044.87
OZ30867,Oregon,High School,Employed,Female,33397.0,Suburban,Married,Call Center,Basic,Personal,SUV,Midsize,106.0,31.0,1508.8,8409.07
OZ62735,Arizona,Bachelor,Employed,Male,69161.0,Urban,Married,Agent,Extended,Personal,Sports Car,Midsize,129.0,24.0,1441.1399999999999,15487.44
OZ64384,Oregon,Bachelor,Employed,Female,79090.0,Urban,Married,Branch,Basic,Personal,SUV,Midsize,107.0,2.0,1289.04,8609.16
OZ86942,California,Bachelor,Employed,Female,52443.0,Suburban,Married,Agent,Basic,Corporate,Four-Door Car,Midsize,73.0,0.0,1350.4,5790.46
OZ89964,California,High School,Employed,Male,35979.0,Suburban,Single,Call Center,Basic,Personal,Sports Car,Small,116.0,34.0,1556.8,4422.62
OZ92426,Oregon,Associate,Employed,Male,46264.0,Urban,Single,Branch,Basic,Corporate,Four-Door Car,Midsize,62.0,17.0,1199.37,2364.43
OZ97704,California,High School,Employed,Female,84311.0,Suburban,Single,Call Center,Basic,Personal,SUV,Small,111.0,11.0,1532.8,13117.52
PA15141,California,High School,Employed,Female,43221.0,Urban,Married,Branch,Extended,Special,Four-Door Car,Large,87.0,33.0,1398.74,6953.95
PA16884,California,Bachelor,Employed,Female,69379.0,Suburban,Single,Branch,Premium,Personal,Two-Door Car,Midsize,103.0,14.0,1494.4,4118.59
PA18731,Oregon,Associate,Employed,Female,46855.0,Urban,Married,Branch,Basic,Personal,SUV,Small,119.0,13.0,1472.3899999999999,9501.01
PA19547,Washington,High School,Employed,Male,54194.0,Rural,Married,Agent,Basic,Personal,SUV,Midsize,119.0,9.0,1112.27,4779.89
PA20570,California,Bachelor,Employed,Male,84146.0,Suburban,Married,Agent,Extended,Personal,Four-Door Car,Midsize,82.0,0.0,1464.71,6575.45
PA28328,California,Associate,Employed,Female,93272.0,Urban,Married,Branch,Extended,Corporate,Four-Door Car,Midsize,95.0,3.0,1281.1100000000001,3861.49
PA48777,Washington,High School,Medical Leave,Female,25965.0,Suburban,Divorced,Agent,Basic,Personal,Four-Door Car,Midsize,65.0,23.0,1329.21,2491.26
PA75237,Nevada,Doctoral,Employed,Male,58883.0,Suburban,Married,Branch,Basic,Corporate,Two-Door Car,Midsize,62.0,1.0,1432.48,15118.9
PA80607,Oregon,High School,Employed,Male,85483.0,Urban,Married,Agent,Basic,Personal,Two-Door Car,Midsize,67.0,8.0,1314.1399999999999,8096.31
PA95799,Arizona,Associate,Medical Leave,Male,19581.0,Suburban,Married,Call Center,Basic,Personal,Four-Door Car,Midsize,61.0,32.0,1377.24,2320.75
PB16956,Oregon,Associate,Employed,Female,51001.0,Urban,Married,Agent,Extended,Personal,Four-Door Car,Midsize,99.0,13.0,1291.8899999999999,7842.38
PB21909,Oregon,Bachelor,Employed,Male,55632.0,Urban,Single,Agent,Extended,Personal,SUV,Midsize,123.0,35.0,1478.6100000000001,9775.82
PB39857,California,Master,Employed,Male,72433.0,Urban,Married,Agent,Extended,Personal,SUV,Large,126.0,34.0,1343.1399999999999,5129.61
PB41497,Oregon,High School,Employed,Male,81763.0,Suburban,Married,Branch,Basic,Personal,Two-Door Car,Small,72.0,22.0,1518.4,2866.78
PB43222,Washington,Doctoral,Employed,Male,73759.0,Suburban,Married,Agent,Premium,Personal,Four-Door Car,Small,114.0,2.0,1547.2,9102.9
PB54378,Oregon,Doctoral,Medical Leave,Female,26463.0,Suburban,Married,Branch,Basic,Corporate,Four-Door Car,Midsize,72.0,28.0,1345.6,19582.47
PB60303,Oregon,Master,Employed,Female,68568.0,Suburban,Married,Branch,Extended,Personal,Luxury Car,Midsize,223.0,5.0,2070.4,18089.8
PB60406,California,Doctoral,Employed,Female,79719.0,Suburban,Single,Agent,Basic,Personal,Four-Door Car,Small,71.0,12.0,1425.92,5714.23
PB81005,Oregon,Bachelor,Employed,Male,53562.0,Urban,Married,Branch,Extended,Personal,SUV,Midsize,135.0,24.0,1589.63,5364.47
PB90912,California,High School,Employed,Male,70833.0,Suburban,Married,Web,Basic,Personal,Luxury SUV,Large,193.0,15.0,1926.4,7804.02
PB93081,California,High School,Employed,Male,41195.0,Rural,Married,Branch,Premium,Corporate,SUV,Small,160.0,32.0,1323.19,6360.65
PC12390,Nevada,Master,Employed,Male,74960.0,Rural,Single,Call Center,Basic,Corporate,Four-Door Car,Midsize,69.0,11.0,1107.99,5507.16
PC23709,California,Bachelor,Employed,Female,74905.0,Rural,Single,Call Center,Basic,Personal,Four-Door Car,Midsize,72.0,16.0,1167.03,5714.56
PC43437,Arizona,Associate,Employed,Female,24083.0,Suburban,Divorced,Agent,Basic,Personal,Four-Door Car,Small,63.0,22.0,1340.45,7317.01
PC76141,Nevada,Bachelor,Medical Leave,Male,22932.0,Suburban,Married,Web,Basic,Personal,Four-Door Car,Small,62.0,2.0,1297.6,2346.68
PC80039,Oregon,Bachelor,Disabled,Female,19864.0,Suburban,Divorced,Web,Basic,Personal,Four-Door Car,Midsize,63.0,22.0,1352.3899999999999,2359.42
PC83755,Oregon,High School,Employed,Male,95697.0,Rural,Married,Agent,Basic,Personal,Two-Door Car,Midsize,61.0,16.0,1114.27,2471.53
PD11073,California,Associate,Employed,Female,35045.0,Urban,Married,Agent,Extended,Personal,Four-Door Car,Midsize,96.0,21.0,1420.6100000000001,7614.83
PD19551,California,Bachelor,Employed,Female,37612.0,Suburban,Divorced,Call Center,Basic,Personal,Four-Door Car,Small,64.0,0.0,1307.2,2537.97
PD27940,Arizona,High School,Disabled,Male,26372.0,Suburban,Married,Agent,Extended,Personal,SUV,Midsize,126.0,11.0,1604.8,4885.16
PD30266,California,Associate,Employed,Female,73809.0,Urban,Married,Branch,Extended,Special,SUV,Midsize,125.0,5.0,1537.3200000000002,5015.64
PD32052,California,High School,Employed,Male,51125.0,Suburban,Divorced,Agent,Basic,Personal,Four-Door Car,Midsize,67.0,3.0,1430.29,7957.63
PD32641,Oregon,Associate,Employed,Male,31320.0,Urban,Married,Branch,Basic,Personal,Four-Door Car,Midsize,72.0,30.0,1293.87,5785.22
PD32854,Arizona,High School,Medical Leave,Female,28513.0,Suburban,Married,Call Center,Basic,Personal,SUV,Midsize,100.0,4.0,1480.0,15114.4
PD33979,Oregon,High School,Employed,Male,21709.0,Suburban,Married,Branch,Basic,Personal,Four-Door Car,Large,62.0,28.0,1408.37,4892.44
PD36660,California,High School,Employed,Female,95850.0,Urban,Married,Agent,Basic,Corporate,Sports Car,Midsize,109.0,3.0,1328.5,8845.07
PD66941,Arizona,Bachelor,Retired,Male,17622.0,Suburban,Divorced,Agent,Basic,Personal,Four-Door Car,Midsize,65.0,1.0,1312.0,4458.11
PD94315,Arizona,Bachelor,Disabled,Female,23444.0,Suburban,Married,Call Center,Premium,Corporate,SUV,Midsize,196.0,7.0,1940.8,22256.69
PE32165,California,High School,Employed,Female,76912.0,Rural,Married,Agent,Basic,Corporate,Sports Car,Midsize,116.0,0.0,1169.23,27934.62
PE39479,Washington,Associate,Employed,Male,88592.0,Urban,Married,Branch,Extended,Corporate,Four-Door Car,Large,76.0,19.0,1199.8,18321.42
PE42960,California,Bachelor,Employed,Male,58488.0,Suburban,Divorced,Agent,Basic,Personal,Four-Door Car,Small,73.0,29.0,1350.4,8474.63
PE47967,Oregon,Associate,Employed,Female,79055.0,Rural,Divorced,Branch,Basic,Personal,Luxury SUV,Midsize,186.0,32.0,1177.6399999999999,7283.93
PE51299,California,High School,Employed,Male,73026.0,Suburban,Married,Branch,Basic,Personal,Four-Door Car,Small,67.0,29.0,1321.6,10781.61
PE54870,Oregon,Associate,Employed,Male,88454.0,Urban,Divorced,Web,Basic,Personal,SUV,Midsize,101.0,8.0,1308.75,4050.51
PE59368,Washington,Bachelor,Employed,Female,72096.0,Urban,Married,Agent,Basic,Personal,Two-Door Car,Midsize,64.0,24.0,1252.33,5123.48
PE59735,Oregon,High School,Disabled,Female,20031.0,Rural,Married,Branch,Extended,Personal,Four-Door Car,Midsize,86.0,4.0,1109.69,22952.07
PE63707,Nevada,Bachelor,Employed,Male,88567.0,Suburban,Married,Web,Basic,Personal,Four-Door Car,Midsize,67.0,9.0,1321.6,5452.17
PE66545,Oregon,Bachelor,Employed,Male,29250.0,Suburban,Married,Agent,Basic,Personal,Two-Door Car,Small,64.0,27.0,1308.24,2545.52
PE72696,California,Associate,Employed,Male,68025.0,Suburban,Divorced,Branch,Extended,Personal,Four-Door Car,Midsize,91.0,15.0,1436.8,10892.91
PF24757,Arizona,Associate,Employed,Female,72608.0,Suburban,Married,Agent,Extended,Personal,Four-Door Car,Midsize,82.0,26.0,1393.6,6521.37
PF26758,Oregon,Associate,Employed,Female,94880.0,Urban,Single,Agent,Extended,Special,Four-Door Car,Midsize,79.0,18.0,1347.6,6271.32
PF40592,Washington,Associate,Medical Leave,Female,23285.0,Rural,Married,Web,Basic,Personal,Two-Door Car,Midsize,65.0,30.0,1118.45,4942.63
PF53601,Oregon,Bachelor,Medical Leave,Male,17130.0,Suburban,Divorced,Agent,Basic,Special,Luxury SUV,Midsize,198.0,1.0,1950.4,28432.0
PF77449,Washington,High School,Employed,Female,23923.0,Suburban,Married,Call Center,Extended,Personal,Four-Door Car,Midsize,82.0,29.0,1393.6,9824.75
PF78020,California,Associate,Employed,Male,20075.0,Suburban,Married,Agent,Basic,Personal,Four-Door Car,Small,71.0,0.0,1371.68,5574.62
PF88939,Nevada,Doctoral,Disabled,Male,21726.0,Suburban,Married,Branch,Basic,Personal,SUV,Midsize,104.0,20.0,1697.01,7860.09
PG26401,Washington,High School,Employed,Male,77603.0,Suburban,Married,Call Center,Basic,Personal,SUV,Midsize,114.0,10.0,1547.2,9191.67
PG27422,California,Bachelor,Employed,Female,89953.0,Urban,Single,Web,Basic,Corporate,Four-Door Car,Midsize,74.0,3.0,1274.17,5904.85
PG42834,Arizona,Bachelor,Employed,Female,26577.0,Rural,Married,Agent,Extended,Personal,Four-Door Car,Midsize,79.0,9.0,1073.72,6292.74
PG43749,Oregon,Associate,Disabled,Female,17572.0,Suburban,Married,Call Center,Premium,Personal,Two-Door Car,Midsize,110.0,0.0,1639.77,4318.43
PG48617,California,High School,Employed,Male,46267.0,Urban,Married,Call Center,Basic,Personal,Four-Door Car,Midsize,72.0,4.0,1231.97,2895.52
PG50529,California,High School,Employed,Female,31972.0,Suburban,Married,Call Center,Basic,Personal,Four-Door Car,Small,70.0,4.0,1416.26,5580.92
PG82270,California,Associate,Employed,Male,36845.0,Suburban,Married,Branch,Basic,Personal,Four-Door Car,Small,74.0,14.0,1355.2,2903.02
PG90331,California,Associate,Disabled,Male,11656.0,Suburban,Married,Agent,Basic,Personal,Two-Door Car,Midsize,70.0,19.0,1336.0,18635.9
PG93638,Oregon,Associate,Employed,Male,28919.0,Urban,Married,Call Center,Basic,Personal,Two-Door Car,Midsize,73.0,11.0,1207.83,5761.11
PH47195,California,Bachelor,Employed,Male,74271.0,Rural,Divorced,Call Center,Extended,Personal,Sports Car,Midsize,136.0,1.0,1174.33,5492.39
PH70685,California,Bachelor,Employed,Female,70795.0,Urban,Married,Call Center,Basic,Corporate,Four-Door Car,Midsize,68.0,10.0,1177.95,5481.5
PH78214,Oregon,Associate,Medical Leave,Female,27677.0,Suburban,Married,Agent,Basic,Personal,Four-Door Car,Midsize,72.0,10.0,1345.6,5427.17
PH83205,Oregon,Bachelor,Employed,Male,26790.0,Suburban,Married,Agent,Basic,Corporate,Two-Door Car,Midsize,71.0,4.0,1340.8,2810.46
PH85036,Washington,Bachelor,Employed,Female,79325.0,Urban,Married,Agent,Basic,Corporate,Four-Door Car,Midsize,68.0,4.0,1251.29,5482.55
PH91033,Oregon,Associate,Employed,Male,86347.0,Urban,Married,Web,Extended,Personal,Sports Car,Midsize,130.0,17.0,1593.78,15808.76
PH97342,Arizona,High School,Disabled,Female,18495.0,Suburban,Married,Branch,Basic,Personal,SUV,Large,113.0,10.0,1542.4,26197.41
PI71828,Arizona,Associate,Employed,Male,38460.0,Urban,Divorced,Branch,Basic,Personal,Four-Door Car,Midsize,61.0,11.0,1191.37,2395.97
PI79725,Oregon,Bachelor,Employed,Female,79297.0,Urban,Married,Call Center,Basic,Corporate,Four-Door Car,Small,64.0,14.0,1164.33,2569.69
PI92163,Nevada,Bachelor,Medical Leave,Male,24383.0,Suburban,Single,Call Center,Basic,Corporate,Four-Door Car,Midsize,69.0,4.0,1331.2,4897.04
PJ36160,California,Bachelor,Employed,Male,83589.0,Urban,Single,Agent,Basic,Personal,SUV,Small,103.0,27.0,1366.04,16272.74
PJ36749,Washington,High School,Employed,Female,37995.0,Suburban,Married,Branch,Extended,Personal,SUV,Midsize,139.0,16.0,1667.2,5597.12
PJ67250,Arizona,Associate,Employed,Female,33554.0,Suburban,Married,Agent,Extended,Special,SUV,Midsize,131.0,25.0,1934.6599999999999,5237.48
PJ73790,Oregon,Bachelor,Employed,Female,60021.0,Suburban,Married,Agent,Extended,Special,Four-Door Car,Small,99.0,12.0,1882.87,3939.01
PJ84431,California,High School,Employed,Male,91512.0,Suburban,Married,Branch,Basic,Personal,Luxury Car,Midsize,189.0,6.0,1907.2,7647.45
PJ86059,Oregon,High School,Employed,Female,83460.0,Suburban,Divorced,Call Center,Basic,Corporate,Four-Door Car,Midsize,66.0,20.0,1443.45,2655.86
PJ92694,California,High School,Employed,Male,57135.0,Urban,Divorced,Branch,Basic,Corporate,Four-Door Car,Midsize,61.0,25.0,1156.92,4762.59
PK20739,Oregon,Bachelor,Employed,Male,25074.0,Suburban,Married,Branch,Premium,Personal,Two-Door Car,Midsize,112.0,17.0,1537.6,13248.64
PK23339,Arizona,High School,Employed,Female,72460.0,Urban,Married,Call Center,Extended,Personal,Four-Door Car,Midsize,85.0,9.0,1370.02,3417.95
PK26805,California,High School,Employed,Male,20371.0,Suburban,Married,Call Center,Basic,Personal,Four-Door Car,Midsize,71.0,19.0,1340.8,2810.96
PK28821,California,Associate,Employed,Male,24721.0,Rural,Married,Branch,Basic,Personal,Four-Door Car,Midsize,67.0,3.0,1139.96,2620.39
PK37121,Washington,High School,Employed,Female,91775.0,Rural,Married,Branch,Basic,Personal,SUV,Large,108.0,9.0,1256.8899999999999,4369.6
PK37320,Oregon,Master,Employed,Female,83838.0,Urban,Married,Call Center,Basic,Personal,Two-Door Car,Midsize,65.0,1.0,1281.41,2628.66
PK47936,Washington,High School,Employed,Female,25806.0,Suburban,Married,Call Center,Premium,Personal,Four-Door Car,Midsize,110.0,20.0,1528.0,8750.71
PK51938,Oregon,Associate,Retired,Female,17489.0,Suburban,Divorced,Branch,Extended,Corporate,Four-Door Car,Small,85.0,31.0,1587.69,3044.79
PK52952,Arizona,Doctoral,Employed,Male,28224.0,Suburban,Single,Call Center,Basic,Personal,SUV,Midsize,109.0,13.0,1523.2,8544.41
PK58026,Nevada,Bachelor,Employed,Female,96917.0,Suburban,Married,Agent,Basic,Personal,Two-Door Car,Midsize,71.0,31.0,1373.05,5736.46
PK66498,California,High School,Employed,Male,72897.0,Suburban,Married,Call Center,Basic,Personal,Two-Door Car,Midsize,73.0,26.0,1507.71,8793.52
PK79296,California,Associate,Disabled,Female,28995.0,Suburban,Married,Branch,Basic,Personal,Four-Door Car,Midsize,67.0,28.0,1321.6,2602.21
PK87824,California,Associate,Employed,Female,21604.0,Suburban,Divorced,Branch,Extended,Corporate,Four-Door Car,Midsize,79.0,14.0,1379.2,3096.51
PL14941,Nevada,High School,Employed,Female,76700.0,Urban,Married,Branch,Premium,Personal,Four-Door Car,Small,112.0,13.0,1322.05,9113.69
PL18921,Oregon,Master,Retired,Female,21514.0,Urban,Married,Agent,Basic,Personal,Two-Door Car,Midsize,62.0,0.0,1257.25,11981.98
PL28709,California,Associate,Medical Leave,Female,22571.0,Suburban,Single,Web,Basic,Personal,Four-Door Car,Large,63.0,29.0,1302.4,4605.04
PL44132,Arizona,Associate,Employed,Male,88362.0,Suburban,Single,Call Center,Extended,Personal,Two-Door Car,Midsize,78.0,9.0,1452.6,3061.8
PL54420,Arizona,Bachelor,Employed,Female,33190.0,Suburban,Divorced,Web,Basic,Personal,SUV,Midsize,106.0,18.0,1508.8,33473.35
PL56477,Oregon,Associate,Employed,Female,20852.0,Suburban,Married,Branch,Basic,Personal,Two-Door Car,Small,73.0,8.0,1383.79,2927.52
PL78574,Arizona,High School,Employed,Male,57449.0,Suburban,Single,Agent,Premium,Personal,Four-Door Car,Midsize,103.0,6.0,1494.4,12157.33
PM11577,Oregon,Bachelor,Employed,Female,74001.0,Rural,Married,Web,Premium,Corporate,Two-Door Car,Midsize,108.0,3.0,1254.31,8476.77
PM13394,Washington,Associate,Medical Leave,Female,22404.0,Urban,Married,Agent,Basic,Personal,Four-Door Car,Midsize,70.0,0.0,1211.1399999999999,5309.44
PM14429,California,Associate,Employed,Male,30852.0,Urban,Single,Branch,Extended,Personal,Four-Door Car,Midsize,88.0,7.0,1318.87,6699.28
PM19162,Oregon,Bachelor,Employed,Male,25805.0,Suburban,Divorced,Call Center,Basic,Personal,Four-Door Car,Midsize,66.0,25.0,1375.87,14536.79
PM27367,California,Master,Employed,Female,73570.0,Rural,Single,Branch,Basic,Special,Two-Door Car,Midsize,70.0,0.0,1075.94,2778.9
PM76175,Oregon,Bachelor,Employed,Female,49721.0,Suburban,Married,Call Center,Extended,Corporate,Sports Car,Large,132.0,18.0,1639.97,21147.28
PN18507,Arizona,Bachelor,Employed,Male,88854.0,Suburban,Single,Branch,Premium,Personal,Two-Door Car,Midsize,118.0,6.0,1715.25,14042.1
PN18863,California,Associate,Employed,Male,21277.0,Suburban,Divorced,Web,Basic,Corporate,Four-Door Car,Midsize,66.0,1.0,1316.8,5109.5
PN35535,California,Associate,Employed,Female,98475.0,Suburban,Married,Web,Basic,Personal,SUV,Midsize,115.0,8.0,1552.0,4651.28
PN47493,Oregon,Associate,Employed,Female,41968.0,Urban,Married,Agent,Basic,Corporate,Four-Door Car,Midsize,67.0,11.0,1183.21,2680.9
PN53766,California,Doctoral,Employed,Male,43091.0,Urban,Married,Branch,Basic,Corporate,Four-Door Car,Midsize,69.0,2.0,1330.1399999999999,5450.39
PN77420,California,Associate,Employed,Male,30039.0,Suburban,Single,Agent,Basic,Corporate,Four-Door Car,Midsize,70.0,21.0,1498.6100000000001,5376.89
PN86062,California,High School,Medical Leave,Male,16495.0,Suburban,Married,Branch,Extended,Corporate,Four-Door Car,Midsize,85.0,25.0,1408.0,2962.72
PN98247,California,Associate,Employed,Male,58414.0,Suburban,Single,Agent,Extended,Personal,Luxury SUV,Small,210.0,7.0,2008.0,7840.17
PO26937,Oregon,Bachelor,Employed,Male,95102.0,Rural,Married,Web,Premium,Corporate,Four-Door Car,Midsize,101.0,6.0,1094.34,8223.16
PO27978,Oregon,Doctoral,Employed,Female,97785.0,Urban,Single,Call Center,Basic,Personal,Two-Door Car,Midsize,73.0,35.0,1236.6100000000001,14727.51
PO56357,California,High School,Employed,Female,64604.0,Urban,Married,Web,Basic,Personal,Four-Door Car,Midsize,67.0,18.0,1272.45,5363.53
PO80505,Nevada,Associate,Disabled,Female,14170.0,Suburban,Married,Agent,Basic,Personal,SUV,Midsize,109.0,9.0,1523.2,4223.27
PO90615,Arizona,High School,Medical Leave,Female,25965.0,Suburban,Divorced,Agent,Basic,Personal,Four-Door Car,Midsize,65.0,23.0,1329.21,2491.26
PO98961,Washington,Associate,Medical Leave,Male,18400.0,Suburban,Married,Agent,Extended,Corporate,Two-Door Car,Small,89.0,26.0,1640.8,6701.77
PP14656,Washington,Master,Employed,Male,90353.0,Rural,Married,Branch,Basic,Personal,Two-Door Car,Midsize,70.0,3.0,1072.62,5680.47
PP26786,Arizona,Associate,Employed,Male,51906.0,Suburban,Married,Branch,Basic,Corporate,Four-Door Car,Midsize,73.0,29.0,1374.8600000000001,2890.34
PP30874,California,High School,Employed,Female,28304.0,Suburban,Married,Agent,Extended,Personal,Four-Door Car,Midsize,91.0,10.0,1655.2,3579.02
PP35705,California,High School,Medical Leave,Male,26376.0,Suburban,Divorced,Agent,Extended,Personal,SUV,Small,121.0,7.0,1580.8,35862.99
PP36346,Nevada,High School,Disabled,Female,23393.0,Suburban,Married,Branch,Extended,Corporate,Four-Door Car,Midsize,95.0,26.0,1456.0,3708.81
PP39078,California,Associate,Employed,Female,31504.0,Suburban,Married,Branch,Basic,Special,Four-Door Car,Small,71.0,8.0,1340.8,5623.61
PP64004,Nevada,Bachelor,Disabled,Female,20369.0,Suburban,Married,Agent,Basic,Personal,SUV,Small,105.0,4.0,2126.66,8186.31
PP80817,California,High School,Employed,Female,59886.0,Rural,Married,Agent,Basic,Personal,Sports Car,Midsize,104.0,30.0,1071.73,8323.53
PP92749,California,Bachelor,Employed,Female,60021.0,Suburban,Married,Agent,Extended,Special,Four-Door Car,Small,99.0,12.0,1882.87,3939.01
PP97061,Nevada,Associate,Employed,Female,40864.0,Rural,Married,Agent,Basic,Personal,SUV,Midsize,109.0,16.0,1166.94,4282.95
PQ13422,Nevada,Associate,Employed,Male,58194.0,Suburban,Married,Web,Extended,Personal,Four-Door Car,Small,84.0,26.0,1451.0,10049.29
PQ19113,Washington,Bachelor,Employed,Female,90750.0,Urban,Married,Agent,Premium,Personal,SUV,Midsize,170.0,30.0,1746.05,6837.54
PQ27923,Washington,Master,Employed,Male,71737.0,Urban,Divorced,Agent,Extended,Personal,Two-Door Car,Midsize,79.0,7.0,1338.8,6333.03
PQ35034,Oregon,Associate,Employed,Female,37586.0,Rural,Divorced,Branch,Basic,Corporate,Two-Door Car,Midsize,63.0,29.0,1153.49,9918.7
PQ36549,Arizona,Bachelor,Disabled,Male,14174.0,Suburban,Married,Call Center,Basic,Personal,Four-Door Car,Midsize,72.0,1.0,1345.6,5598.27
PQ46798,California,Associate,Disabled,Female,17034.0,Suburban,Single,Agent,Basic,Personal,Sports Car,Midsize,113.0,11.0,1542.4,8300.71
PQ65328,Oregon,High School,Employed,Male,71460.0,Rural,Married,Call Center,Basic,Personal,Four-Door Car,Midsize,74.0,11.0,1093.95,2839.3
PQ72803,Washington,High School,Retired,Female,10312.0,Suburban,Married,Agent,Extended,Personal,Four-Door Car,Large,78.0,10.0,1486.28,2886.45
PR10005,Oregon,Bachelor,Employed,Male,85210.0,Rural,Divorced,Web,Basic,Personal,Four-Door Car,Midsize,74.0,23.0,1100.52,2916.42
PR13091,Oregon,Associate,Employed,Female,55542.0,Urban,Single,Web,Basic,Personal,Sports Car,Midsize,117.0,1.0,1310.65,9206.43
PR21713,Nevada,High School,Employed,Male,81082.0,Urban,Married,Agent,Basic,Personal,Four-Door Car,Large,73.0,5.0,1281.3,5838.9
PR22184,California,Associate,Employed,Female,95330.0,Suburban,Married,Branch,Basic,Corporate,Sports Car,Midsize,113.0,1.0,1542.4,9135.29
PR23514,California,Associate,Employed,Male,60184.0,Rural,Divorced,Web,Basic,Personal,Luxury SUV,Midsize,199.0,7.0,1161.62,7664.22
PR31642,Oregon,Bachelor,Employed,Female,32802.0,Suburban,Married,Call Center,Basic,Personal,SUV,Midsize,114.0,31.0,1547.2,4525.28
PR37714,California,Bachelor,Employed,Female,32238.0,Suburban,Divorced,Branch,Extended,Personal,Four-Door Car,Midsize,91.0,15.0,1439.78,7153.21
PR51268,Arizona,Doctoral,Employed,Female,37384.0,Suburban,Married,Agent,Extended,Personal,Four-Door Car,Midsize,99.0,9.0,1475.2,4014.45
PR59105,Oregon,High School,Employed,Female,53223.0,Urban,Divorced,Agent,Basic,Personal,Four-Door Car,Large,72.0,9.0,1299.79,8535.11
PR80703,California,Bachelor,Employed,Female,51335.0,Rural,Married,Branch,Basic,Personal,Four-Door Car,Midsize,71.0,17.0,1171.69,5745.96
PR98117,Oregon,Bachelor,Employed,Female,97666.0,Rural,Single,Branch,Basic,Personal,Four-Door Car,Midsize,66.0,16.0,1136.27,2640.52
PS25185,Washington,Bachelor,Medical Leave,Female,20079.0,Suburban,Single,Web,Premium,Corporate,Two-Door Car,Midsize,110.0,1.0,1528.0,4097.37
PS28082,Arizona,High School,Employed,Male,57563.0,Suburban,Divorced,Branch,Basic,Personal,Four-Door Car,Midsize,66.0,7.0,1316.8,2592.93
PS30217,California,Bachelor,Employed,Female,44817.0,Suburban,Married,Agent,Extended,Personal,Four-Door Car,Small,83.0,23.0,1527.42,9886.66
PS43764,Washington,High School,Medical Leave,Male,12430.0,Suburban,Single,Call Center,Basic,Special,Four-Door Car,Midsize,73.0,22.0,1350.4,5169.5
PS47550,California,High School,Employed,Female,80237.0,Suburban,Married,Branch,Basic,Personal,SUV,Midsize,108.0,4.0,1776.6,13178.43
PS57128,California,Bachelor,Employed,Female,41341.0,Rural,Single,Agent,Extended,Personal,Four-Door Car,Midsize,99.0,4.0,1240.24,3834.74
PS68884,California,Associate,Employed,Male,58089.0,Suburban,Married,Agent,Basic,Corporate,SUV,Midsize,118.0,31.0,1566.4,4686.47
PS69748,Washington,Associate,Employed,Male,83846.0,Suburban,Married,Agent,Basic,Personal,Four-Door Car,Large,74.0,22.0,1355.2,8717.05
PS78418,Oregon,Bachelor,Employed,Male,52278.0,Urban,Married,Branch,Basic,Personal,Two-Door Car,Midsize,73.0,31.0,1235.0,5773.9
PT12544,Arizona,Associate,Employed,Male,63935.0,Urban,Married,Call Center,Extended,Personal,Four-Door Car,Midsize,87.0,20.0,1221.62,6880.47
PT32230,California,High School,Employed,Female,70059.0,Rural,Married,Agent,Basic,Personal,Luxury SUV,Midsize,194.0,1.0,1253.74,7782.13
PT34656,California,Associate,Employed,Female,55350.0,Suburban,Married,Agent,Basic,Personal,Four-Door Car,Midsize,67.0,0.0,1321.6,5380.9
PT40521,California,Bachelor,Retired,Female,23904.0,Suburban,Single,Agent,Extended,Corporate,SUV,Midsize,123.0,1.0,1590.4,4334.06
PT42203,California,Associate,Employed,Male,78617.0,Rural,Married,Web,Premium,Corporate,Four-Door Car,Midsize,101.0,3.0,1233.17,8052.24
PT46181,California,Associate,Employed,Male,65176.0,Suburban,Married,Branch,Basic,Personal,Four-Door Car,Midsize,62.0,24.0,1297.6,2471.15
PT50287,Oregon,Bachelor,Employed,Female,69746.0,Urban,Divorced,Call Center,Basic,Personal,Four-Door Car,Midsize,74.0,17.0,1225.03,2959.82
PT64580,Washington,Master,Employed,Male,77048.0,Rural,Married,Agent,Basic,Personal,SUV,Midsize,103.0,20.0,1141.2,4191.97
PT70350,Oregon,High School,Employed,Male,27607.0,Suburban,Married,Agent,Premium,Corporate,Four-Door Car,Midsize,104.0,15.0,1640.58,28511.03
PT73521,California,Associate,Employed,Male,42968.0,Suburban,Married,Agent,Basic,Personal,Four-Door Car,Midsize,69.0,15.0,1331.2,2732.61
PU18983,Oregon,High School,Employed,Female,21450.0,Suburban,Divorced,Call Center,Basic,Personal,Sports Car,Small,110.0,8.0,1528.0,8608.16
PU25554,Oregon,Bachelor,Employed,Female,62579.0,Urban,Married,Agent,Basic,Personal,Four-Door Car,Midsize,72.0,33.0,1326.24,2885.33
PU33703,California,Associate,Employed,Female,43721.0,Suburban,Married,Branch,Basic,Personal,Four-Door Car,Small,61.0,5.0,1292.8,2435.32
PU34934,Arizona,Associate,Employed,Female,22601.0,Suburban,Married,Branch,Extended,Personal,Four-Door Car,Midsize,88.0,1.0,1633.6,10394.36
PU36617,Arizona,Associate,Employed,Male,48638.0,Rural,Married,Call Center,Extended,Personal,Four-Door Car,Midsize,82.0,16.0,1183.1,6470.54
PU41393,Nevada,Associate,Medical Leave,Male,20225.0,Suburban,Married,Call Center,Basic,Special,SUV,Small,114.0,27.0,1547.2,8269.08
PU42145,California,Bachelor,Medical Leave,Male,14072.0,Suburban,Divorced,Agent,Basic,Personal,Four-Door Car,Midsize,71.0,13.0,1511.2,24127.5
PU71194,Oregon,Bachelor,Employed,Female,56343.0,Suburban,Divorced,Branch,Premium,Personal,Luxury Car,Midsize,295.0,11.0,2612.96,35203.57
PU73501,Arizona,Bachelor,Employed,Male,97361.0,Suburban,Single,Agent,Basic,Personal,Four-Door Car,Midsize,73.0,6.0,1350.4,8622.84
PU73561,Arizona,Bachelor,Employed,Female,24641.0,Suburban,Married,Agent,Basic,Personal,SUV,Midsize,105.0,12.0,1504.0,4196.43
PU75847,Arizona,Associate,Employed,Male,98451.0,Suburban,Married,Agent,Basic,Personal,Four-Door Car,Small,62.0,19.0,1316.55,4964.67
PU78245,Arizona,Bachelor,Employed,Female,88249.0,Rural,Single,Agent,Basic,Personal,SUV,Large,108.0,9.0,1244.8,13094.61
PU81096,Arizona,Bachelor,Employed,Male,43947.0,Urban,Married,Agent,Basic,Personal,Four-Door Car,Large,61.0,33.0,1291.3899999999999,6817.43
PU88199,Oregon,High School,Employed,Male,99845.0,Suburban,Married,Branch,Basic,Corporate,SUV,Midsize,110.0,23.0,1528.0,8819.02
PU92298,Arizona,Bachelor,Medical Leave,Female,22699.0,Suburban,Married,Call Center,Basic,Personal,Four-Door Car,Midsize,74.0,11.0,1355.2,7956.15
PU95227,Washington,Bachelor,Employed,Male,22853.0,Urban,Married,Agent,Extended,Personal,Four-Door Car,Midsize,87.0,16.0,1316.3600000000001,3362.41
PV12088,Arizona,High School,Medical Leave,Male,19508.0,Suburban,Single,Branch,Basic,Personal,Two-Door Car,Midsize,61.0,22.0,1292.8,6558.88
PV26437,California,Bachelor,Employed,Female,57777.0,Urban,Married,Agent,Basic,Corporate,Four-Door Car,Midsize,61.0,21.0,1273.88,7319.58
PV39600,California,Bachelor,Employed,Male,24285.0,Suburban,Divorced,Agent,Premium,Personal,Two-Door Car,Small,111.0,6.0,2257.5299999999997,8417.0
PV48046,California,Master,Employed,Male,39722.0,Suburban,Divorced,Call Center,Extended,Personal,SUV,Large,133.0,9.0,1638.4,5267.76
PV55726,Oregon,Master,Employed,Female,29462.0,Suburban,Single,Branch,Basic,Personal,SUV,Large,107.0,28.0,1513.6,4170.69
PV62467,California,Associate,Employed,Female,36413.0,Rural,Married,Branch,Basic,Personal,Four-Door Car,Midsize,61.0,21.0,1153.01,4849.7
PV62583,Nevada,Associate,Medical Leave,Male,22166.0,Suburban,Married,Web,Extended,Personal,SUV,Midsize,126.0,10.0,1604.8,9799.18
PV77228,Arizona,Associate,Employed,Male,62873.0,Urban,Divorced,Call Center,Extended,Corporate,Four-Door Car,Midsize,81.0,0.0,1207.75,3230.58
PV77906,Arizona,Bachelor,Disabled,Male,23604.0,Suburban,Married,Web,Basic,Corporate,Two-Door Car,Midsize,64.0,4.0,1460.8,4804.51
PW15144,Washington,Associate,Employed,Male,40818.0,Suburban,Married,Call Center,Basic,Personal,Four-Door Car,Midsize,66.0,6.0,1316.8,5267.85
PW23851,Oregon,Bachelor,Employed,Female,63287.0,Suburban,Married,Agent,Extended,Personal,SUV,Small,127.0,5.0,1617.2,15251.58
PW31239,Oregon,Associate,Employed,Female,40864.0,Rural,Married,Agent,Basic,Personal,SUV,Midsize,109.0,16.0,1166.94,4282.95
PW51793,Oregon,Bachelor,Employed,Male,52920.0,Suburban,Divorced,Branch,Extended,Personal,Four-Door Car,Small,93.0,18.0,2101.05,7325.89
PW65305,California,Associate,Employed,Male,91580.0,Urban,Married,Branch,Basic,Personal,Two-Door Car,Midsize,73.0,14.0,1290.7,8870.67
PW69692,Oregon,Associate,Employed,Female,93272.0,Urban,Married,Branch,Extended,Personal,Four-Door Car,Midsize,95.0,3.0,1281.1100000000001,3861.49
PW78930,California,Bachelor,Employed,Male,79523.0,Rural,Married,Agent,Basic,Personal,Four-Door Car,Midsize,74.0,34.0,1132.02,2982.2
PW88443,Oregon,Associate,Employed,Female,32764.0,Suburban,Married,Web,Basic,Personal,Two-Door Car,Small,61.0,30.0,1292.95,2452.73
PW90662,Oregon,Associate,Employed,Male,67060.0,Urban,Single,Web,Extended,Personal,SUV,Midsize,126.0,1.0,1339.0,13623.62
PW95813,Oregon,High School,Retired,Female,10312.0,Suburban,Married,Agent,Extended,Personal,Four-Door Car,Large,78.0,10.0,1486.28,2886.45
PW98890,Oregon,Bachelor,Employed,Female,81538.0,Urban,Divorced,Call Center,Basic,Personal,Four-Door Car,Small,66.0,3.0,1272.84,2665.74
PX31667,Washington,High School,Employed,Male,52198.0,Suburban,Married,Branch,Basic,Personal,Two-Door Car,Small,74.0,2.0,1355.2,2952.36
PX44289,Arizona,Associate,Employed,Male,58651.0,Suburban,Single,Call Center,Basic,Personal,Four-Door Car,Midsize,71.0,6.0,1472.6,5480.1
PX60116,California,High School,Employed,Female,40867.0,Suburban,Married,Branch,Premium,Corporate,Two-Door Car,Large,112.0,21.0,1537.6,8920.46
PX66705,California,High School,Employed,Female,20072.0,Suburban,Married,Agent,Basic,Personal,Four-Door Car,Midsize,70.0,26.0,1487.81,8257.01
PX70175,Arizona,Associate,Employed,Male,93459.0,Suburban,Married,Web,Extended,Personal,Four-Door Car,Midsize,99.0,9.0,1655.4099999999999,7996.01
PX72779,Arizona,Master,Employed,Male,41832.0,Suburban,Married,Call Center,Basic,Personal,Four-Door Car,Small,66.0,19.0,1402.75,7942.17
PX86841,Arizona,Associate,Employed,Female,72608.0,Suburban,Married,Agent,Extended,Special,Four-Door Car,Midsize,82.0,26.0,1393.6,6521.37
PY17715,California,Master,Employed,Female,58840.0,Rural,Single,Agent,Extended,Corporate,Two-Door Car,Midsize,86.0,25.0,1073.27,3427.15
PY20159,Nevada,Associate,Employed,Male,45225.0,Rural,Single,Web,Extended,Corporate,Sports Car,Small,124.0,15.0,1209.18,4787.81
PY42157,Washington,High School,Employed,Female,62006.0,Suburban,Married,Agent,Basic,Personal,Four-Door Car,Large,61.0,31.0,1292.8,2472.25
PY50779,Arizona,High School,Employed,Male,85412.0,Rural,Divorced,Call Center,Extended,Personal,Four-Door Car,Midsize,88.0,33.0,1134.68,7060.21
PY51000,California,Bachelor,Employed,Male,34148.0,Urban,Married,Agent,Premium,Personal,Four-Door Car,Midsize,109.0,27.0,1451.57,12883.81
PY51963,California,Bachelor,Employed,Female,33190.0,Suburban,Divorced,Web,Basic,Corporate,SUV,Midsize,106.0,18.0,1508.8,33473.35
PY70169,Oregon,High School,Employed,Male,93011.0,Rural,Divorced,Agent,Basic,Personal,SUV,Midsize,113.0,17.0,1281.45,22643.83
PY79113,California,Master,Employed,Male,41958.0,Urban,Married,Call Center,Basic,Corporate,Four-Door Car,Small,66.0,15.0,1206.82,2602.65
PY79729,Oregon,High School,Employed,Female,94310.0,Suburban,Divorced,Agent,Basic,Corporate,Four-Door Car,Small,70.0,1.0,1430.77,2786.66
PY80449,Arizona,High School,Employed,Male,53603.0,Suburban,Married,Branch,Extended,Personal,Sports Car,Midsize,132.0,30.0,1697.27,5170.98
PY80506,Oregon,High School,Employed,Male,78757.0,Urban,Married,Agent,Basic,Personal,Sports Car,Midsize,119.0,8.0,1383.8,4764.86
PY98041,Oregon,Bachelor,Employed,Male,27166.0,Suburban,Single,Web,Basic,Personal,Four-Door Car,Midsize,71.0,29.0,1340.8,5406.88
PY98958,Oregon,Bachelor,Employed,Male,44428.0,Suburban,Single,Call Center,Basic,Special,SUV,Midsize,104.0,17.0,1499.2,12036.62
PZ10136,Oregon,Master,Employed,Male,51641.0,Rural,Single,Agent,Basic,Personal,Four-Door Car,Midsize,63.0,8.0,1137.09,2465.62
PZ31902,Arizona,Bachelor,Employed,Female,69276.0,Urban,Married,Web,Basic,Personal,Two-Door Car,Midsize,74.0,14.0,1201.33,5797.6
PZ47477,Arizona,High School,Employed,Male,41829.0,Suburban,Married,Call Center,Extended,Personal,Two-Door Car,Midsize,76.0,11.0,1416.37,8966.31
PZ53130,California,Associate,Medical Leave,Female,16370.0,Urban,Married,Branch,Basic,Personal,Two-Door Car,Large,74.0,4.0,1296.05,8467.27
PZ67684,Arizona,Associate,Employed,Female,88753.0,Suburban,Single,Agent,Basic,Personal,Luxury SUV,Small,181.0,6.0,1868.8,14514.01
PZ81131,California,Bachelor,Employed,Female,36723.0,Suburban,Married,Agent,Basic,Personal,SUV,Midsize,106.0,13.0,1580.0900000000001,4171.3
PZ94551,Oregon,Bachelor,Employed,Female,56649.0,Suburban,Married,Branch,Extended,Special,SUV,Large,125.0,12.0,1780.0900000000001,4991.58
PZ94965,California,High School,Employed,Female,79955.0,Rural,Married,Agent,Basic,Personal,Four-Door Car,Large,71.0,10.0,1142.93,5733.21
PZ95949,Arizona,Doctoral,Employed,Male,31278.0,Suburban,Married,Branch,Extended,Personal,Two-Door Car,Midsize,92.0,24.0,1441.6,3528.04
QA17596,California,Bachelor,Employed,Female,60068.0,Suburban,Married,Agent,Extended,Personal,Two-Door Car,Small,98.0,17.0,1470.4,3903.47
QA22158,Arizona,Associate,Employed,Female,64571.0,Suburban,Divorced,Call Center,Extended,Corporate,Four-Door Car,Small,89.0,34.0,1452.12,7122.27
QA32784,Oregon,Bachelor,Disabled,Male,21497.0,Suburban,Married,Call Center,Extended,Personal,Sports Car,Midsize,128.0,31.0,1614.4,4983.18
QA41472,Oregon,Bachelor,Employed,Male,34495.0,Urban,Married,Branch,Basic,Personal,SUV,Midsize,113.0,27.0,1389.67,13355.49
QA41558,Oregon,Master,Employed,Female,73536.0,Urban,Married,Branch,Basic,Personal,Two-Door Car,Midsize,67.0,29.0,1172.52,5419.46
QA45054,Arizona,High School,Employed,Female,60909.0,Urban,Married,Agent,Basic,Personal,SUV,Small,112.0,8.0,1412.1100000000001,8932.32
QA49556,Washington,Master,Employed,Male,23401.0,Suburban,Single,Web,Basic,Personal,Four-Door Car,Midsize,66.0,17.0,1316.8,5200.23
QA50777,Oregon,Bachelor,Medical Leave,Female,23675.0,Suburban,Married,Branch,Premium,Personal,Four-Door Car,Midsize,117.0,4.0,1707.9299999999998,9025.07
QA66968,California,Bachelor,Employed,Female,46879.0,Urban,Married,Agent,Extended,Personal,Four-Door Car,Midsize,86.0,3.0,1324.94,6756.06
QA69109,Arizona,Master,Employed,Female,69468.0,Urban,Married,Call Center,Basic,Personal,Four-Door Car,Midsize,67.0,2.0,1302.73,5453.71
QA71190,California,Bachelor,Employed,Female,31506.0,Suburban,Married,Web,Premium,Personal,Four-Door Car,Small,102.0,23.0,1601.0700000000002,8083.92
QA72881,Oregon,Associate,Employed,Male,62464.0,Urban,Married,Agent,Basic,Personal,Sports Car,Midsize,109.0,23.0,1400.18,8658.86
QA87025,Oregon,Bachelor,Employed,Female,28406.0,Urban,Married,Call Center,Basic,Personal,Four-Door Car,Midsize,72.0,16.0,1192.88,5670.44
QB14087,California,Associate,Employed,Female,44934.0,Suburban,Married,Agent,Basic,Personal,Four-Door Car,Midsize,61.0,9.0,1357.93,4869.28
QB14114,Oregon,High School,Employed,Female,81850.0,Urban,Single,Call Center,Extended,Personal,Sports Car,Midsize,132.0,1.0,1429.8600000000001,5275.06
QB47024,Washington,Bachelor,Employed,Female,53998.0,Suburban,Divorced,Call Center,Extended,Personal,Four-Door Car,Midsize,78.0,5.0,1414.52,5898.73
QB58745,California,High School,Employed,Male,34927.0,Urban,Married,Web,Basic,Personal,Two-Door Car,Large,70.0,5.0,1242.49,2787.54
QB86817,Oregon,High School,Employed,Female,98235.0,Urban,Divorced,Agent,Extended,Personal,Four-Door Car,Midsize,93.0,21.0,1377.42,7446.81
QC27179,Oregon,Bachelor,Employed,Male,38466.0,Urban,Single,Agent,Basic,Personal,Two-Door Car,Midsize,68.0,18.0,1204.69,5261.42
QC28119,Oregon,High School,Employed,Male,90043.0,Urban,Married,Branch,Basic,Personal,Four-Door Car,Midsize,63.0,12.0,1203.23,7681.55
QC30094,Oregon,High School,Medical Leave,Female,15921.0,Suburban,Married,Call Center,Extended,Corporate,Four-Door Car,Small,92.0,9.0,1571.55,6903.95
QC30857,Nevada,Associate,Employed,Female,45768.0,Urban,Married,Agent,Basic,Personal,Two-Door Car,Midsize,73.0,33.0,1191.93,2931.16
QC34927,California,High School,Employed,Male,74142.0,Suburban,Married,Branch,Extended,Personal,Two-Door Car,Midsize,83.0,24.0,1398.4,3317.9
QC35222,California,Bachelor,Employed,Female,48269.0,Urban,Married,Web,Basic,Corporate,Four-Door Car,Midsize,69.0,3.0,1282.15,2683.47
QC47433,Oregon,Associate,Medical Leave,Male,12459.0,Suburban,Married,Branch,Basic,Personal,Four-Door Car,Small,70.0,4.0,1336.0,2554.44
QC50643,California,Bachelor,Employed,Female,52721.0,Urban,Married,Branch,Extended,Personal,SUV,Midsize,136.0,34.0,1550.13,5438.7
QC55306,Washington,High School,Employed,Male,83170.0,Urban,Married,Agent,Extended,Personal,Four-Door Car,Midsize,97.0,0.0,1344.12,31162.69
QC87108,Oregon,Associate,Employed,Female,49665.0,Suburban,Single,Web,Basic,Personal,Four-Door Car,Large,74.0,5.0,1355.2,8769.27
QC89139,Oregon,High School,Employed,Female,90034.0,Suburban,Married,Call Center,Basic,Corporate,SUV,Midsize,112.0,5.0,1537.6,4528.74
QC93181,California,Associate,Retired,Female,13663.0,Suburban,Single,Branch,Extended,Corporate,Four-Door Car,Small,97.0,1.0,1465.6,25464.82
QC95625,California,High School,Employed,Male,57449.0,Suburban,Single,Agent,Premium,Personal,Four-Door Car,Midsize,103.0,6.0,1494.4,12157.33
QD17769,Oregon,High School,Employed,Male,75740.0,Rural,Married,Agent,Basic,Corporate,Two-Door Car,Midsize,64.0,13.0,1128.52,2552.04
QD26729,California,Associate,Employed,Male,43204.0,Urban,Married,Branch,Basic,Personal,Four-Door Car,Midsize,64.0,31.0,1246.07,2523.65
QD28391,Washington,Associate,Employed,Male,84302.0,Rural,Married,Branch,Basic,Personal,Four-Door Car,Midsize,62.0,19.0,1076.61,7425.85
QD31377,California,Bachelor,Employed,Male,34621.0,Suburban,Married,Branch,Basic,Corporate,SUV,Midsize,108.0,21.0,1621.46,8595.67
QD36906,Nevada,Master,Employed,Female,33291.0,Rural,Married,Agent,Basic,Personal,Four-Door Car,Midsize,73.0,30.0,1172.23,8723.67
QD46343,Arizona,High School,Employed,Female,66676.0,Suburban,Married,Agent,Extended,Personal,Four-Door Car,Small,97.0,0.0,1558.1,3919.37
QD73891,Oregon,High School,Employed,Male,90217.0,Suburban,Married,Web,Basic,Personal,Four-Door Car,Small,66.0,14.0,1316.8,5261.12
QD85803,California,Bachelor,Employed,Female,30374.0,Urban,Married,Call Center,Extended,Personal,Four-Door Car,Midsize,99.0,1.0,1304.54,7861.8
QD86074,Oregon,High School,Employed,Female,34337.0,Suburban,Married,Web,Premium,Corporate,Four-Door Car,Large,113.0,20.0,1542.4,9035.67
QD86271,Arizona,High School,Medical Leave,Male,25918.0,Suburban,Married,Agent,Basic,Personal,SUV,Midsize,104.0,7.0,1996.78,12022.39
QD97878,Nevada,Master,Medical Leave,Male,24046.0,Suburban,Married,Agent,Premium,Personal,Two-Door Car,Small,116.0,27.0,1556.8,4419.12
QD98396,California,Associate,Employed,Male,45867.0,Suburban,Married,Agent,Extended,Personal,Sports Car,Midsize,126.0,31.0,1604.8,5010.92
QE12539,California,Doctoral,Employed,Male,40870.0,Suburban,Married,Agent,Basic,Personal,SUV,Large,105.0,3.0,1504.0,12731.95
QE13586,California,High School,Employed,Male,44368.0,Suburban,Married,Call Center,Extended,Personal,Two-Door Car,Large,80.0,5.0,1384.0,6366.23
QE21030,Washington,High School,Employed,Male,24661.0,Suburban,Married,Call Center,Basic,Personal,Luxury SUV,Midsize,196.0,6.0,2961.16,15483.53
QE46704,Nevada,Associate,Employed,Male,94178.0,Urban,Married,Web,Basic,Personal,Four-Door Car,Midsize,72.0,26.0,1226.1,2871.15
QE50648,Washington,High School,Employed,Female,74298.0,Rural,Married,Call Center,Premium,Corporate,Sports Car,Midsize,177.0,9.0,1161.54,7095.13
QE73187,Oregon,High School,Employed,Male,66152.0,Suburban,Married,Call Center,Basic,Corporate,SUV,Midsize,111.0,14.0,1532.8,4407.97
QE79527,California,Bachelor,Employed,Female,46503.0,Suburban,Divorced,Agent,Extended,Personal,Luxury SUV,Midsize,215.0,4.0,2032.0,8427.17
QE92747,Oregon,Bachelor,Employed,Female,77282.0,Suburban,Married,Agent,Premium,Corporate,Four-Door Car,Midsize,102.0,8.0,1489.6,8209.05
QF17193,Arizona,Associate,Employed,Female,20484.0,Urban,Married,Agent,Basic,Personal,Four-Door Car,Midsize,61.0,3.0,1181.22,2389.31
QF21045,Oregon,Associate,Employed,Female,99205.0,Urban,Married,Branch,Basic,Personal,Two-Door Car,Midsize,68.0,7.0,1323.25,2735.54
QF21628,California,High School,Employed,Male,53588.0,Suburban,Married,Branch,Extended,Personal,Four-Door Car,Midsize,77.0,10.0,1369.6,3095.63
QF29828,Arizona,Master,Employed,Female,40135.0,Rural,Married,Agent,Extended,Personal,Four-Door Car,Midsize,80.0,29.0,1078.01,3208.92
QF55724,California,Bachelor,Employed,Male,60798.0,Suburban,Married,Call Center,Basic,Personal,Four-Door Car,Midsize,66.0,21.0,1316.8,2609.53
QF59448,Washington,Associate,Retired,Male,17752.0,Suburban,Married,Agent,Extended,Personal,Four-Door Car,Midsize,77.0,26.0,1369.6,2831.59
QF69163,Washington,Associate,Disabled,Female,25676.0,Suburban,Married,Web,Premium,Personal,Two-Door Car,Midsize,113.0,6.0,1542.4,4373.36
QF74147,California,Associate,Employed,Female,84574.0,Rural,Divorced,Call Center,Basic,Special,Four-Door Car,Midsize,70.0,13.0,1167.46,8456.72
QF74806,California,Associate,Employed,Male,20396.0,Suburban,Married,Branch,Extended,Personal,Four-Door Car,Midsize,76.0,15.0,1364.8,6047.03
QF75939,Washington,High School,Employed,Female,36710.0,Suburban,Single,Agent,Extended,Personal,Four-Door Car,Small,94.0,17.0,1676.8,3700.68
QF76244,Oregon,Doctoral,Employed,Female,83218.0,Urban,Married,Agent,Basic,Personal,Four-Door Car,Midsize,72.0,6.0,1245.1,2915.65
QF91596,Nevada,Bachelor,Employed,Female,82763.0,Urban,Single,Agent,Basic,Personal,Four-Door Car,Midsize,61.0,28.0,1245.16,4794.96
QG15435,Arizona,Associate,Employed,Female,75680.0,Rural,Married,Agent,Extended,Personal,Four-Door Car,Midsize,78.0,27.0,1136.79,6242.6
QG15661,Oregon,Associate,Employed,Male,66841.0,Rural,Divorced,Call Center,Basic,Personal,Four-Door Car,Midsize,62.0,4.0,1123.44,2425.49
QG22665,Arizona,Associate,Employed,Male,43723.0,Suburban,Married,Agent,Basic,Personal,Four-Door Car,Small,66.0,31.0,1316.8,5000.62
QG27547,Oregon,Bachelor,Retired,Female,23376.0,Suburban,Divorced,Call Center,Extended,Personal,Four-Door Car,Midsize,78.0,19.0,1374.4,2867.31
QG39997,Arizona,Associate,Disabled,Female,10097.0,Rural,Married,Web,Premium,Personal,Four-Door Car,Midsize,110.0,17.0,1218.6399999999999,4212.8
QG51953,Oregon,Associate,Employed,Male,36655.0,Suburban,Married,Web,Basic,Personal,Four-Door Car,Small,61.0,15.0,1295.22,4835.78
QH27767,Oregon,Doctoral,Employed,Male,82601.0,Urban,Divorced,Agent,Basic,Personal,Four-Door Car,Midsize,66.0,9.0,1186.3899999999999,5308.29
QH48047,Oregon,Associate,Retired,Male,25251.0,Suburban,Divorced,Web,Basic,Personal,Four-Door Car,Midsize,66.0,13.0,1316.8,11790.5
QH60569,California,Associate,Employed,Female,71587.0,Rural,Married,Agent,Extended,Personal,Two-Door Car,Midsize,99.0,1.0,1133.1,11955.4
QH61060,Arizona,High School,Employed,Female,31365.0,Suburban,Married,Call Center,Basic,Special,SUV,Midsize,115.0,1.0,1828.0,9209.41
QH87479,Oregon,High School,Employed,Female,54586.0,Rural,Married,Branch,Extended,Personal,Two-Door Car,Large,76.0,1.0,1122.59,27528.31
QH90382,Oregon,Master,Employed,Female,52471.0,Rural,Married,Branch,Premium,Personal,Two-Door Car,Small,103.0,35.0,1163.96,4187.78
QI11566,Oregon,Bachelor,Disabled,Female,25163.0,Suburban,Married,Branch,Basic,Corporate,Two-Door Car,Small,67.0,32.0,1321.6,2534.99
QI21338,Oregon,High School,Employed,Female,76157.0,Suburban,Married,Call Center,Premium,Personal,Two-Door Car,Small,116.0,15.0,1556.8,4669.23
QI31659,California,Bachelor,Employed,Female,76797.0,Urban,Single,Call Center,Basic,Personal,Four-Door Car,Midsize,71.0,22.0,1234.77,16953.08
QI37869,California,Associate,Disabled,Male,12876.0,Urban,Married,Call Center,Premium,Corporate,Four-Door Car,Large,107.0,8.0,1425.96,7572.24
QI51950,Nevada,High School,Employed,Female,74057.0,Suburban,Single,Branch,Basic,Personal,SUV,Midsize,109.0,27.0,1523.2,4303.64
QI69873,Washington,Master,Disabled,Male,19132.0,Suburban,Single,Agent,Extended,Personal,Luxury Car,Small,207.0,25.0,2008.5700000000002,15063.5
QI99143,California,Bachelor,Employed,Female,31168.0,Urban,Married,Agent,Extended,Corporate,Four-Door Car,Midsize,78.0,14.0,1289.3899999999999,3092.63
QJ21876,California,Associate,Employed,Female,48156.0,Suburban,Divorced,Web,Premium,Personal,SUV,Midsize,143.0,9.0,1686.4,5666.7
QJ22615,Arizona,Master,Employed,Female,37998.0,Suburban,Married,Call Center,Basic,Special,Four-Door Car,Midsize,61.0,26.0,1292.8,4881.3
QJ31447,California,Master,Employed,Male,22582.0,Suburban,Married,Web,Basic,Personal,Four-Door Car,Midsize,61.0,0.0,1292.8,19339.2
QJ40732,Arizona,Associate,Employed,Male,97984.0,Suburban,Married,Agent,Basic,Personal,Four-Door Car,Small,61.0,1.0,1407.45,4880.34
QJ49871,Oregon,Associate,Employed,Male,26605.0,Suburban,Married,Call Center,Basic,Personal,SUV,Midsize,100.0,33.0,1933.33,3893.31
QJ64737,California,High School,Employed,Female,60884.0,Suburban,Married,Branch,Extended,Personal,Four-Door Car,Small,77.0,10.0,1491.85,6165.86
QJ65472,California,High School,Medical Leave,Male,28613.0,Suburban,Single,Agent,Premium,Personal,Four-Door Car,Small,114.0,17.0,1820.8,29232.69
QJ90136,California,High School,Employed,Female,28363.0,Suburban,Divorced,Agent,Extended,Personal,Sports Car,Midsize,133.0,0.0,1638.4,10455.49
QJ93301,Nevada,Master,Employed,Male,44661.0,Urban,Married,Agent,Premium,Personal,Two-Door Car,Midsize,101.0,2.0,1436.84,4053.37
QK18099,Washington,Associate,Employed,Female,69050.0,Suburban,Married,Web,Basic,Personal,Four-Door Car,Large,67.0,17.0,1334.8899999999999,5375.84
QK23524,Oregon,Bachelor,Employed,Female,26877.0,Suburban,Married,Agent,Extended,Personal,SUV,Small,131.0,5.0,1628.8,5149.3
QK37708,California,Bachelor,Employed,Male,50146.0,Suburban,Married,Branch,Basic,Personal,SUV,Midsize,116.0,6.0,1759.29,4514.25
QK62680,Oregon,Master,Employed,Female,39770.0,Suburban,Married,Agent,Premium,Personal,Two-Door Car,Midsize,117.0,11.0,1561.6,9393.97
QK69627,Washington,High School,Employed,Female,75264.0,Urban,Married,Web,Extended,Personal,Four-Door Car,Midsize,78.0,24.0,1343.34,9388.16
QK88438,Arizona,Associate,Employed,Female,55289.0,Rural,Single,Agent,Basic,Personal,Four-Door Car,Midsize,67.0,10.0,1134.12,5323.27
QK90365,Oregon,Master,Retired,Female,19614.0,Suburban,Married,Agent,Extended,Personal,Two-Door Car,Midsize,85.0,21.0,1574.02,16301.97
QL10321,California,Doctoral,Employed,Female,92509.0,Rural,Married,Agent,Basic,Personal,Four-Door Car,Midsize,71.0,16.0,1109.3,5768.83
QL18084,Nevada,Master,Employed,Male,91268.0,Urban,Married,Agent,Extended,Corporate,Luxury Car,Small,229.0,32.0,1737.74,18504.28
QL20148,Oregon,Associate,Employed,Male,49078.0,Suburban,Single,Branch,Extended,Personal,Four-Door Car,Midsize,97.0,10.0,1484.01,22332.44
QL45827,Washington,Associate,Employed,Female,71210.0,Suburban,Married,Branch,Extended,Personal,Luxury Car,Small,214.0,8.0,2027.2,25807.06
QL46987,Oregon,Bachelor,Employed,Female,34430.0,Rural,Divorced,Branch,Premium,Personal,Four-Door Car,Midsize,117.0,16.0,1232.88,9082.83
QL59704,Arizona,Associate,Employed,Female,69906.0,Urban,Married,Branch,Basic,Corporate,Four-Door Car,Midsize,74.0,34.0,1202.8600000000001,23444.9
QL77686,Nevada,Associate,Employed,Female,23986.0,Urban,Married,Call Center,Basic,Corporate,SUV,Small,119.0,31.0,1463.34,4724.79
QL80658,Arizona,High School,Employed,Male,84229.0,Suburban,Married,Branch,Extended,Personal,Four-Door Car,Small,98.0,25.0,1470.4,3934.71
QL93655,Oregon,High School,Employed,Female,66538.0,Urban,Married,Agent,Extended,Personal,Two-Door Car,Midsize,95.0,14.0,1317.84,11473.48
QM38267,Arizona,High School,Employed,Female,86321.0,Suburban,Married,Call Center,Basic,Personal,Four-Door Car,Midsize,66.0,7.0,1316.8,2666.05
QM39493,California,High School,Disabled,Male,16711.0,Suburban,Married,Call Center,Extended,Personal,Four-Door Car,Midsize,91.0,29.0,1580.62,3499.99
QM46642,California,Bachelor,Disabled,Male,15587.0,Rural,Married,Agent,Basic,Special,Two-Door Car,Midsize,71.0,11.0,1136.03,2619.17
QM60216,Oregon,Associate,Employed,Male,58718.0,Suburban,Single,Agent,Extended,Personal,Luxury Car,Midsize,226.0,11.0,2084.8,8906.99
QM61543,Arizona,High School,Employed,Male,73168.0,Suburban,Married,Agent,Basic,Corporate,Four-Door Car,Midsize,70.0,21.0,1425.8,5639.94
QM74025,Oregon,High School,Employed,Female,49558.0,Suburban,Divorced,Web,Basic,Personal,SUV,Large,115.0,1.0,1552.0,4582.16
QM78112,Washington,Bachelor,Employed,Male,26790.0,Suburban,Married,Agent,Basic,Personal,Two-Door Car,Midsize,71.0,4.0,1340.8,2810.46
QN26812,Arizona,High School,Employed,Male,79297.0,Rural,Single,Agent,Basic,Personal,Four-Door Car,Midsize,64.0,34.0,1072.76,5054.78
QN30162,Oregon,Bachelor,Disabled,Female,11885.0,Suburban,Divorced,Agent,Premium,Special,Four-Door Car,Midsize,101.0,18.0,1484.8,11315.2
QN36109,Nevada,Master,Employed,Female,85140.0,Rural,Single,Branch,Basic,Personal,SUV,Midsize,118.0,7.0,1088.18,4554.56
QN44699,Oregon,Bachelor,Employed,Female,30383.0,Suburban,Divorced,Branch,Premium,Personal,Two-Door Car,Small,119.0,32.0,1803.69,4655.21
QN60028,California,Bachelor,Employed,Male,92296.0,Suburban,Married,Agent,Basic,Corporate,Two-Door Car,Midsize,69.0,4.0,1331.2,2759.98
QN62502,Oregon,Bachelor,Employed,Female,70146.0,Rural,Married,Branch,Extended,Personal,Four-Door Car,Midsize,96.0,28.0,1157.44,3839.14
QN65180,Oregon,Bachelor,Employed,Female,22254.0,Rural,Married,Call Center,Extended,Personal,Four-Door Car,Large,79.0,22.0,1125.19,21903.91
QN67807,Arizona,Bachelor,Employed,Male,97316.0,Urban,Married,Branch,Basic,Personal,Two-Door Car,Large,67.0,13.0,1309.08,5387.41
QN76156,Oregon,Associate,Employed,Female,30752.0,Suburban,Married,Call Center,Basic,Personal,Four-Door Car,Small,73.0,2.0,1400.29,2925.73
QO26846,Oregon,Master,Medical Leave,Female,16891.0,Suburban,Single,Call Center,Extended,Personal,Four-Door Car,Midsize,88.0,15.0,1633.6,3359.29
QO41043,Oregon,Associate,Disabled,Female,27572.0,Suburban,Married,Branch,Extended,Corporate,SUV,Midsize,124.0,11.0,1595.2,14476.12
QO56615,California,Associate,Medical Leave,Female,13535.0,Suburban,Married,Agent,Extended,Personal,Four-Door Car,Small,80.0,7.0,1384.0,2980.01
QO56662,Arizona,Master,Employed,Male,79751.0,Suburban,Married,Web,Basic,Personal,Two-Door Car,Small,63.0,15.0,1392.24,2551.23
QO59138,Arizona,High School,Disabled,Male,18746.0,Suburban,Married,Branch,Basic,Personal,Four-Door Car,Large,68.0,21.0,1326.4,2590.21
QO61775,California,Master,Employed,Male,79453.0,Rural,Single,Agent,Basic,Personal,SUV,Midsize,115.0,11.0,1242.1,4571.61
QO62792,Oregon,Associate,Employed,Male,58414.0,Suburban,Single,Agent,Extended,Personal,Luxury SUV,Small,210.0,7.0,2008.0,7840.17
QO65264,California,Associate,Employed,Male,48328.0,Rural,Married,Branch,Basic,Personal,Two-Door Car,Small,63.0,22.0,1108.14,5012.08
QO68842,California,Doctoral,Employed,Female,39317.0,Rural,Single,Branch,Basic,Personal,Four-Door Car,Midsize,64.0,22.0,1077.7,2518.74
QO70290,California,Bachelor,Employed,Male,52408.0,Rural,Married,Agent,Extended,Personal,Sports Car,Midsize,125.0,13.0,1179.13,9890.21
QO79771,California,Master,Employed,Female,72330.0,Rural,Married,Call Center,Extended,Personal,Four-Door Car,Small,81.0,2.0,1126.51,3242.04
QO89177,California,Associate,Employed,Male,50234.0,Suburban,Divorced,Agent,Premium,Personal,Four-Door Car,Small,101.0,12.0,1484.8,11926.75
QP56563,Oregon,Associate,Employed,Male,80985.0,Rural,Married,Agent,Basic,Personal,Four-Door Car,Midsize,67.0,0.0,1124.93,2707.21
QP65569,Arizona,High School,Employed,Male,57449.0,Suburban,Single,Agent,Premium,Personal,Four-Door Car,Midsize,103.0,6.0,1494.4,12157.33
QP77560,California,High School,Employed,Female,91603.0,Suburban,Married,Web,Basic,Personal,Four-Door Car,Large,64.0,18.0,1307.2,5024.03
QP84605,Washington,Bachelor,Employed,Female,41546.0,Rural,Divorced,Call Center,Premium,Corporate,Four-Door Car,Midsize,111.0,4.0,1121.31,8709.85
QQ18636,Arizona,Associate,Employed,Female,70725.0,Suburban,Divorced,Web,Basic,Corporate,Four-Door Car,Midsize,70.0,2.0,1336.0,13891.68
QQ25666,Arizona,High School,Employed,Male,60120.0,Urban,Married,Branch,Basic,Personal,Luxury Car,Midsize,182.0,30.0,1716.47,14510.75
QQ26855,California,High School,Employed,Female,52583.0,Urban,Single,Agent,Basic,Personal,SUV,Small,113.0,12.0,1528.2,8879.79
QQ37605,Washington,Master,Employed,Female,26047.0,Urban,Married,Branch,Basic,Personal,Four-Door Car,Midsize,64.0,19.0,1187.9,2547.37
QQ51185,Nevada,Associate,Employed,Female,64987.0,Urban,Married,Web,Basic,Personal,Four-Door Car,Small,66.0,17.0,1182.93,2659.5
QQ69088,Washington,Doctoral,Disabled,Male,11097.0,Suburban,Married,Web,Basic,Corporate,Two-Door Car,Small,73.0,26.0,1350.4,5577.67
QQ86648,Oregon,High School,Employed,Male,78834.0,Suburban,Married,Call Center,Basic,Personal,Two-Door Car,Small,72.0,14.0,1345.6,5658.53
QQ90441,Nevada,High School,Employed,Female,59207.0,Suburban,Single,Agent,Premium,Personal,Four-Door Car,Midsize,116.0,23.0,1556.8,13770.98
QR15221,Washington,High School,Employed,Female,22562.0,Suburban,Married,Branch,Basic,Personal,Two-Door Car,Midsize,65.0,4.0,1312.0,2584.2
QR15592,Arizona,Bachelor,Employed,Female,59586.0,Rural,Divorced,Branch,Basic,Personal,Four-Door Car,Midsize,72.0,6.0,1091.2,5660.13
QR26617,California,Bachelor,Employed,Male,21498.0,Suburban,Married,Agent,Basic,Corporate,Four-Door Car,Midsize,63.0,23.0,1302.4,4865.85
QR36329,Washington,Bachelor,Medical Leave,Female,11822.0,Urban,Single,Agent,Basic,Corporate,Two-Door Car,Large,70.0,10.0,1285.8899999999999,2624.1
QR47308,Nevada,Associate,Employed,Female,45191.0,Urban,Married,Web,Basic,Personal,Four-Door Car,Large,69.0,18.0,1330.78,2745.25
QR57842,California,Associate,Employed,Female,73895.0,Suburban,Married,Branch,Extended,Corporate,SUV,Midsize,129.0,2.0,1825.42,10351.37
QR72180,California,Doctoral,Employed,Female,66889.0,Urban,Married,Call Center,Extended,Personal,Four-Door Car,Small,80.0,6.0,1294.32,3241.31
QR79788,Nevada,Associate,Employed,Male,58643.0,Urban,Divorced,Agent,Basic,Personal,Four-Door Car,Midsize,74.0,33.0,1329.47,5812.0
QR91631,California,High School,Employed,Female,51205.0,Urban,Married,Branch,Basic,Personal,Two-Door Car,Midsize,72.0,4.0,1185.53,8732.09
QS23134,Arizona,Associate,Employed,Male,33746.0,Suburban,Married,Call Center,Premium,Personal,Two-Door Car,Midsize,106.0,29.0,1508.8,12504.49
QS26062,California,High School,Employed,Male,80915.0,Urban,Married,Branch,Basic,Corporate,Four-Door Car,Midsize,70.0,17.0,1187.85,2807.05
QS35019,California,Master,Employed,Male,60880.0,Rural,Married,Agent,Premium,Personal,Two-Door Car,Midsize,119.0,25.0,1109.91,14435.67
QS36363,Arizona,High School,Employed,Female,26149.0,Suburban,Married,Web,Premium,Personal,SUV,Midsize,157.0,2.0,1753.6,12655.53
QS65968,California,Master,Employed,Male,98796.0,Suburban,Married,Agent,Basic,Personal,SUV,Midsize,104.0,22.0,1499.2,8429.49
QS70017,Arizona,Bachelor,Employed,Male,43597.0,Suburban,Married,Agent,Premium,Personal,Two-Door Car,Midsize,110.0,20.0,1528.0,8738.4
QS75550,Washington,Bachelor,Employed,Female,93383.0,Urban,Single,Branch,Basic,Corporate,Two-Door Car,Midsize,62.0,31.0,1244.21,2480.05
QS79556,Arizona,Associate,Disabled,Female,20455.0,Suburban,Married,Branch,Extended,Corporate,Two-Door Car,Midsize,84.0,14.0,1564.92,9414.12
QS81789,Oregon,Bachelor,Medical Leave,Female,24410.0,Suburban,Married,Web,Basic,Corporate,Four-Door Car,Small,73.0,5.0,1350.4,25107.1
QS83113,Oregon,Bachelor,Employed,Male,30735.0,Suburban,Married,Agent,Basic,Personal,Two-Door Car,Small,63.0,4.0,1307.08,5032.39
QS96715,Nevada,High School,Employed,Female,93715.0,Rural,Married,Web,Basic,Personal,SUV,Midsize,102.0,9.0,1254.84,8131.78
QT13680,California,High School,Employed,Male,25385.0,Suburban,Married,Branch,Basic,Corporate,Four-Door Car,Midsize,65.0,1.0,1458.8,2555.52
QT24496,California,Associate,Disabled,Female,13483.0,Suburban,Married,Branch,Basic,Personal,SUV,Midsize,107.0,9.0,1556.05,4083.56
QT25383,Nevada,High School,Employed,Male,41986.0,Suburban,Single,Branch,Extended,Personal,Two-Door Car,Small,84.0,25.0,1430.38,6364.9
QT26393,California,Bachelor,Medical Leave,Male,29152.0,Urban,Divorced,Agent,Basic,Personal,Two-Door Car,Midsize,67.0,24.0,1255.08,2446.91
QT27514,California,Bachelor,Employed,Female,25134.0,Suburban,Married,Call Center,Basic,Personal,Four-Door Car,Small,67.0,3.0,1321.6,5318.9
QT39025,Arizona,Bachelor,Employed,Female,66991.0,Urban,Married,Branch,Basic,Personal,SUV,Midsize,115.0,1.0,1399.62,4582.9
QT39597,Arizona,High School,Employed,Male,26242.0,Urban,Married,Branch,Basic,Personal,Four-Door Car,Midsize,74.0,5.0,1347.06,2926.83
QT46430,California,Associate,Medical Leave,Female,12780.0,Rural,Married,Call Center,Basic,Personal,Sports Car,Midsize,111.0,17.0,1225.44,8193.75
QT46509,Oregon,Associate,Disabled,Male,20416.0,Suburban,Married,Branch,Extended,Personal,Four-Door Car,Small,93.0,33.0,1446.4,7048.54
QT61438,Oregon,Master,Employed,Male,38795.0,Suburban,Married,Branch,Extended,Corporate,Two-Door Car,Small,82.0,30.0,1393.6,6519.29
QT63794,California,Bachelor,Employed,Female,21150.0,Suburban,Married,Branch,Basic,Personal,SUV,Midsize,116.0,8.0,1833.42,9144.86
QT77453,Arizona,High School,Employed,Female,80928.0,Urban,Divorced,Agent,Extended,Corporate,SUV,Midsize,132.0,26.0,1538.55,5283.36
QT84069,Oregon,Master,Employed,Male,82081.0,Urban,Married,Branch,Extended,Personal,Luxury SUV,Small,249.0,1.0,1753.76,50568.26
QT84720,Oregon,Bachelor,Employed,Female,56761.0,Rural,Married,Branch,Basic,Corporate,Two-Door Car,Large,73.0,31.0,1085.15,2891.73
QT89604,Arizona,High School,Employed,Female,55702.0,Rural,Married,Agent,Basic,Personal,Four-Door Car,Midsize,61.0,13.0,1151.13,4961.41
QT90140,Arizona,Doctoral,Employed,Female,68931.0,Urban,Married,Branch,Basic,Personal,Four-Door Car,Midsize,66.0,32.0,1309.58,5332.46
QT97406,Arizona,Bachelor,Employed,Male,32869.0,Rural,Married,Web,Extended,Corporate,Two-Door Car,Large,85.0,4.0,1117.47,20120.56
QU20310,Arizona,High School,Employed,Female,97030.0,Suburban,Married,Call Center,Extended,Corporate,Four-Door Car,Small,76.0,14.0,1416.6399999999999,9247.46
QU52713,California,Bachelor,Employed,Male,43177.0,Urban,Married,Agent,Basic,Corporate,SUV,Midsize,103.0,34.0,1420.97,4089.04
QU53781,Oregon,High School,Employed,Male,37388.0,Suburban,Married,Branch,Basic,Corporate,SUV,Midsize,117.0,30.0,1561.6,9192.59
QU55718,California,Bachelor,Employed,Female,92914.0,Suburban,Married,Agent,Extended,Personal,Sports Car,Large,136.0,24.0,1979.2,10978.78
QU58523,Arizona,Master,Employed,Male,52979.0,Suburban,Divorced,Agent,Basic,Personal,Two-Door Car,Small,72.0,14.0,1345.6,5794.68
QV11152,Arizona,High School,Employed,Male,34398.0,Suburban,Married,Agent,Basic,Personal,Two-Door Car,Small,61.0,10.0,1292.8,9613.61
QV13947,Oregon,Associate,Employed,Male,63597.0,Rural,Married,Branch,Basic,Personal,SUV,Midsize,114.0,10.0,1183.98,4425.75
QV19964,Oregon,Doctoral,Employed,Male,33947.0,Urban,Married,Web,Basic,Personal,Four-Door Car,Midsize,66.0,10.0,1192.21,2599.29
QV24282,California,Bachelor,Employed,Female,43879.0,Urban,Single,Branch,Basic,Corporate,Four-Door Car,Midsize,69.0,19.0,1242.13,5363.53
QV26574,Washington,Associate,Medical Leave,Male,25646.0,Urban,Married,Call Center,Extended,Personal,Four-Door Car,Midsize,83.0,14.0,1377.92,6013.74
QV30663,Nevada,Master,Employed,Female,99654.0,Rural,Married,Call Center,Extended,Personal,SUV,Midsize,121.0,13.0,1272.79,9863.5
QV40364,California,High School,Medical Leave,Female,28513.0,Suburban,Married,Call Center,Basic,Personal,SUV,Midsize,100.0,4.0,1480.0,15114.4
QV47358,Arizona,Bachelor,Employed,Female,32021.0,Suburban,Single,Call Center,Basic,Personal,Four-Door Car,Small,70.0,12.0,1336.0,8133.16
QV48556,Arizona,Master,Disabled,Female,29981.0,Suburban,Divorced,Agent,Basic,Corporate,Two-Door Car,Midsize,71.0,4.0,1340.8,5421.05
QV55524,Washington,Associate,Employed,Male,52464.0,Suburban,Married,Agent,Extended,Personal,Four-Door Car,Midsize,95.0,9.0,1515.9299999999998,7503.37
QV66305,Washington,Master,Employed,Female,59828.0,Suburban,Married,Call Center,Basic,Personal,SUV,Large,104.0,25.0,1499.2,8414.08
QV83172,Nevada,High School,Employed,Male,28311.0,Suburban,Married,Branch,Extended,Personal,SUV,Midsize,134.0,7.0,1643.2,41855.17
QV86635,California,Bachelor,Employed,Male,28848.0,Urban,Single,Branch,Extended,Corporate,Two-Door Car,Midsize,96.0,22.0,1450.6,7427.5
QV89018,Arizona,High School,Employed,Male,89025.0,Urban,Married,Branch,Basic,Personal,Four-Door Car,Large,64.0,32.0,1179.25,20467.72
QV89210,Nevada,High School,Employed,Female,57693.0,Suburban,Divorced,Agent,Extended,Corporate,Four-Door Car,Midsize,76.0,16.0,1547.2,5979.72
QV89791,California,High School,Employed,Female,55217.0,Suburban,Married,Branch,Premium,Personal,Two-Door Car,Midsize,107.0,9.0,1696.12,8476.81
QW10541,California,High School,Employed,Female,25714.0,Suburban,Married,Agent,Basic,Personal,Two-Door Car,Small,67.0,17.0,1321.6,5319.84
QW17286,Washington,Master,Employed,Female,66030.0,Urban,Married,Web,Basic,Personal,Four-Door Car,Midsize,69.0,33.0,1282.15,2778.32
QW21716,Nevada,Bachelor,Employed,Male,31093.0,Suburban,Married,Branch,Basic,Personal,Four-Door Car,Midsize,63.0,3.0,1302.4,4923.95
QW33258,California,Bachelor,Employed,Male,53310.0,Suburban,Divorced,Branch,Basic,Personal,Luxury Car,Midsize,189.0,26.0,2360.8,7082.83
QW40254,Oregon,Associate,Employed,Male,28447.0,Suburban,Married,Agent,Basic,Personal,Four-Door Car,Midsize,67.0,20.0,1321.6,5259.71
QW40898,Arizona,Associate,Medical Leave,Female,17576.0,Suburban,Married,Call Center,Basic,Personal,Four-Door Car,Midsize,71.0,29.0,1398.5,2722.21
QW44027,Oregon,Associate,Employed,Male,89384.0,Suburban,Married,Web,Premium,Corporate,Luxury Car,Large,285.0,27.0,3052.0,22837.14
QW44380,Washington,High School,Employed,Male,54378.0,Suburban,Married,Call Center,Basic,Personal,Four-Door Car,Small,66.0,16.0,1316.8,2637.6
QW47320,California,Bachelor,Retired,Female,14290.0,Suburban,Married,Agent,Premium,Personal,Luxury SUV,Midsize,271.0,20.0,2300.8,10179.72
QW59726,California,Master,Employed,Female,87274.0,Suburban,Married,Agent,Basic,Personal,Four-Door Car,Midsize,73.0,2.0,1350.4,2944.78
QW60568,California,Associate,Employed,Male,58789.0,Rural,Married,Call Center,Premium,Corporate,Four-Door Car,Midsize,111.0,4.0,1215.44,8888.14
QW81912,California,High School,Employed,Female,63762.0,Rural,Married,Branch,Extended,Personal,Four-Door Car,Midsize,99.0,13.0,1108.16,8006.22
QW87316,Oregon,Associate,Employed,Female,39035.0,Urban,Divorced,Agent,Basic,Personal,Four-Door Car,Midsize,68.0,15.0,1244.56,2650.62
QW88350,Washington,Associate,Employed,Female,41900.0,Urban,Married,Web,Basic,Corporate,Four-Door Car,Large,63.0,0.0,1170.5,7618.44
QW98193,California,Associate,Employed,Male,56480.0,Suburban,Single,Branch,Basic,Corporate,SUV,Midsize,101.0,32.0,1617.65,3924.42
QX22025,California,High School,Employed,Female,37025.0,Urban,Married,Branch,Basic,Corporate,SUV,Midsize,101.0,15.0,1427.24,12148.94
QX24179,Oregon,Bachelor,Employed,Male,41878.0,Rural,Married,Agent,Basic,Personal,Four-Door Car,Midsize,71.0,5.0,1161.7,5619.65
QX31376,Oregon,Master,Employed,Female,70961.0,Suburban,Married,Agent,Extended,Corporate,Four-Door Car,Small,85.0,19.0,1408.0,17114.33
QX42433,California,Associate,Employed,Male,30449.0,Suburban,Married,Agent,Extended,Personal,Four-Door Car,Midsize,92.0,23.0,1501.09,7390.9
QX54666,California,High School,Disabled,Male,14533.0,Suburban,Single,Branch,Basic,Personal,Four-Door Car,Midsize,63.0,4.0,1302.4,11172.5
QX64770,Oregon,Master,Medical Leave,Female,13376.0,Suburban,Single,Agent,Premium,Personal,Four-Door Car,Small,108.0,13.0,1774.71,8221.87
QX67584,Nevada,High School,Employed,Female,64125.0,Urban,Married,Branch,Basic,Personal,SUV,Large,108.0,3.0,1369.82,8646.5
QX84389,California,Master,Employed,Male,71499.0,Suburban,Married,Agent,Basic,Corporate,Sports Car,Small,112.0,25.0,1537.6,9024.2
QX84402,California,Associate,Retired,Female,13663.0,Suburban,Single,Branch,Extended,Corporate,Four-Door Car,Small,97.0,1.0,1465.6,25464.82
QY37300,Nevada,Master,Employed,Male,57222.0,Urban,Married,Branch,Basic,Personal,Sports Car,Midsize,112.0,3.0,1297.19,13502.63
QY41527,Arizona,Bachelor,Employed,Male,23060.0,Suburban,Married,Agent,Basic,Corporate,SUV,Midsize,109.0,13.0,1731.35,4175.95
QY70905,Arizona,Associate,Employed,Male,30718.0,Suburban,Married,Call Center,Basic,Personal,Two-Door Car,Midsize,67.0,26.0,1321.6,2668.66
QY78671,Arizona,High School,Medical Leave,Male,12048.0,Suburban,Married,Agent,Extended,Corporate,Four-Door Car,Large,77.0,6.0,1369.6,2910.32
QZ17137,Arizona,High School,Employed,Female,45944.0,Rural,Married,Call Center,Extended,Personal,Two-Door Car,Midsize,83.0,20.0,1182.95,3330.67
QZ19741,Oregon,Associate,Employed,Female,96745.0,Suburban,Married,Branch,Premium,Personal,SUV,Midsize,179.0,14.0,1859.2,13815.78
QZ24527,California,Bachelor,Employed,Female,33190.0,Suburban,Divorced,Web,Basic,Personal,SUV,Midsize,106.0,18.0,1508.8,33473.35
QZ58370,Nevada,Bachelor,Employed,Female,86801.0,Urban,Married,Branch,Extended,Personal,Four-Door Car,Midsize,98.0,5.0,1371.1100000000001,11820.11
QZ70160,Nevada,Associate,Medical Leave,Female,26222.0,Suburban,Married,Branch,Basic,Personal,Four-Door Car,Midsize,62.0,23.0,1297.6,2396.67
QZ77637,Washington,Associate,Employed,Female,84978.0,Rural,Married,Agent,Basic,Corporate,Four-Door Car,Large,72.0,12.0,1166.77,11665.1
QZ83992,California,Associate,Medical Leave,Male,10540.0,Suburban,Married,Agent,Basic,Corporate,SUV,Midsize,115.0,33.0,1552.0,8682.23
RA14734,Arizona,High School,Employed,Female,64125.0,Urban,Married,Branch,Basic,Personal,SUV,Large,108.0,3.0,1369.82,8646.5
RA17555,Oregon,High School,Employed,Male,41533.0,Urban,Married,Agent,Basic,Corporate,Four-Door Car,Midsize,65.0,2.0,1232.88,5176.73
RA27021,Nevada,Bachelor,Disabled,Female,26410.0,Rural,Married,Agent,Extended,Corporate,Four-Door Car,Large,91.0,17.0,1184.52,27564.74
RA29518,Washington,Master,Employed,Male,45971.0,Rural,Married,Branch,Extended,Special,SUV,Midsize,138.0,15.0,1139.83,5512.34
RA34556,California,High School,Disabled,Male,20178.0,Suburban,Divorced,Branch,Basic,Corporate,Four-Door Car,Midsize,69.0,26.0,1331.2,4877.95
RA47157,California,High School,Employed,Male,45609.0,Urban,Married,Agent,Extended,Corporate,Two-Door Car,Midsize,87.0,4.0,1246.52,3451.25
RA61917,Washington,High School,Employed,Female,76081.0,Suburban,Single,Branch,Basic,Personal,Four-Door Car,Midsize,68.0,14.0,1384.21,8029.72
RA63927,Oregon,High School,Employed,Male,30886.0,Rural,Married,Web,Extended,Personal,Two-Door Car,Midsize,91.0,7.0,1103.42,7193.1
RA65645,California,High School,Employed,Male,95697.0,Rural,Married,Agent,Basic,Personal,Sports Car,Midsize,107.0,29.0,1178.01,8564.77
RA66180,Washington,High School,Employed,Female,33837.0,Urban,Married,Branch,Basic,Corporate,Two-Door Car,Midsize,72.0,29.0,1305.58,2764.03
RA70851,Oregon,High School,Employed,Male,86863.0,Suburban,Married,Branch,Extended,Personal,Four-Door Car,Midsize,92.0,27.0,1441.6,7437.69
RA88421,Oregon,Associate,Employed,Female,26787.0,Suburban,Married,Branch,Extended,Personal,Four-Door Car,Midsize,77.0,7.0,1369.6,6121.11
RA89822,California,High School,Employed,Female,20090.0,Suburban,Married,Agent,Basic,Personal,Sports Car,Midsize,109.0,10.0,1523.2,34611.38
RA91280,Arizona,Doctoral,Employed,Male,30817.0,Rural,Divorced,Branch,Extended,Personal,Four-Door Car,Midsize,88.0,25.0,1091.83,3436.13
RA93608,Oregon,Bachelor,Employed,Male,64620.0,Suburban,Married,Agent,Extended,Personal,Two-Door Car,Small,76.0,24.0,1364.8,18073.94
RA98783,Arizona,Bachelor,Employed,Female,33806.0,Urban,Divorced,Web,Extended,Corporate,Four-Door Car,Midsize,89.0,32.0,1395.73,27789.69
RB16360,Oregon,High School,Employed,Male,84240.0,Suburban,Divorced,Branch,Extended,Personal,SUV,Large,132.0,10.0,1633.6,5330.59
RB28630,Oregon,High School,Employed,Female,39381.0,Suburban,Married,Branch,Basic,Personal,Four-Door Car,Small,74.0,6.0,1355.2,5894.91
RB69909,Nevada,High School,Employed,Female,36014.0,Rural,Married,Branch,Basic,Special,Four-Door Car,Midsize,69.0,4.0,1173.96,7983.43
RB70060,California,High School,Employed,Male,51408.0,Suburban,Married,Agent,Basic,Personal,Four-Door Car,Large,62.0,11.0,1297.6,7434.25
RC11491,Oregon,Associate,Employed,Female,28948.0,Rural,Married,Call Center,Extended,Corporate,SUV,Midsize,131.0,7.0,1295.83,10390.67
RC44077,California,Bachelor,Employed,Male,26790.0,Suburban,Married,Agent,Basic,Personal,Two-Door Car,Midsize,71.0,4.0,1340.8,2810.46
RC61383,Oregon,High School,Employed,Male,28014.0,Suburban,Single,Branch,Basic,Personal,SUV,Small,104.0,14.0,1631.5900000000001,11925.72
RC67125,Arizona,Associate,Employed,Female,96506.0,Urban,Married,Agent,Extended,Corporate,SUV,Midsize,124.0,4.0,1504.51,10110.96
RC72799,Oregon,Associate,Employed,Female,33252.0,Suburban,Married,Agent,Basic,Personal,Four-Door Car,Midsize,71.0,20.0,1407.67,2839.81
RC95515,Arizona,Associate,Medical Leave,Male,20647.0,Urban,Divorced,Branch,Basic,Personal,Four-Door Car,Midsize,63.0,17.0,1185.06,4792.83
RD15786,Oregon,Bachelor,Retired,Male,25905.0,Suburban,Divorced,Agent,Basic,Personal,Four-Door Car,Large,63.0,21.0,1302.4,2300.69
RD28560,Washington,Bachelor,Employed,Female,73054.0,Urban,Married,Branch,Basic,Corporate,SUV,Midsize,106.0,34.0,1419.37,12741.85
RD47708,Oregon,Associate,Employed,Male,39101.0,Rural,Married,Branch,Extended,Personal,Four-Door Car,Midsize,99.0,34.0,1167.17,3978.67
RD73104,Washington,High School,Disabled,Female,12181.0,Suburban,Divorced,Web,Premium,Personal,Four-Door Car,Midsize,108.0,10.0,1591.51,7942.45
RD89159,Oregon,Associate,Employed,Male,58842.0,Suburban,Married,Branch,Premium,Personal,Four-Door Car,Midsize,110.0,6.0,1528.0,4362.93
RE12758,California,High School,Employed,Male,26116.0,Suburban,Married,Agent,Extended,Personal,Four-Door Car,Midsize,85.0,6.0,1612.0,6782.56
RE29039,California,High School,Medical Leave,Female,27558.0,Suburban,Married,Agent,Basic,Personal,Four-Door Car,Midsize,65.0,18.0,1312.0,7568.85
RE29131,Oregon,Associate,Employed,Female,75648.0,Rural,Married,Branch,Basic,Personal,SUV,Large,108.0,28.0,1112.66,4349.31
RE32481,California,Master,Employed,Female,49390.0,Urban,Married,Call Center,Basic,Personal,Luxury Car,Midsize,195.0,31.0,1738.05,7835.93
RE36747,Nevada,High School,Medical Leave,Male,17308.0,Suburban,Married,Branch,Extended,Personal,Four-Door Car,Small,82.0,10.0,1874.3200000000002,3034.77
RE42925,Oregon,Bachelor,Employed,Male,49088.0,Suburban,Divorced,Branch,Basic,Corporate,SUV,Small,114.0,17.0,1547.2,13107.93
RE46032,Nevada,Associate,Medical Leave,Male,23203.0,Suburban,Single,Agent,Extended,Personal,SUV,Midsize,132.0,21.0,2158.79,43290.5
RE46783,California,Bachelor,Employed,Female,69379.0,Suburban,Single,Branch,Premium,Personal,Two-Door Car,Midsize,103.0,14.0,1494.4,4118.59
RE52529,California,High School,Employed,Female,81872.0,Rural,Married,Web,Premium,Corporate,Four-Door Car,Midsize,115.0,10.0,1256.44,14024.36
RE63028,Nevada,High School,Employed,Female,87210.0,Urban,Single,Call Center,Extended,Personal,Four-Door Car,Midsize,81.0,3.0,1353.59,6486.11
RE67051,California,Bachelor,Employed,Male,34236.0,Suburban,Married,Agent,Basic,Corporate,Four-Door Car,Small,70.0,3.0,1336.0,5509.38
RE68901,Washington,Associate,Employed,Female,20303.0,Suburban,Married,Branch,Basic,Corporate,Four-Door Car,Small,71.0,24.0,1340.8,5635.75
RE73564,Oregon,Bachelor,Employed,Female,41098.0,Urban,Married,Branch,Extended,Personal,Two-Door Car,Midsize,96.0,3.0,1250.06,11533.48
RE85409,California,High School,Employed,Male,93893.0,Rural,Married,Agent,Basic,Personal,Four-Door Car,Midsize,67.0,16.0,1098.66,5386.97
RE93978,Washington,Associate,Employed,Male,89061.0,Suburban,Divorced,Web,Basic,Personal,SUV,Small,103.0,19.0,1565.27,8188.98
RF14806,Arizona,Associate,Employed,Female,33415.0,Suburban,Divorced,Branch,Extended,Personal,Four-Door Car,Midsize,78.0,15.0,1374.4,3095.8
RF35142,Nevada,Bachelor,Disabled,Female,23815.0,Suburban,Married,Call Center,Basic,Personal,Four-Door Car,Midsize,73.0,4.0,1424.33,8257.67
RF39856,Nevada,Bachelor,Employed,Male,51437.0,Rural,Married,Branch,Basic,Corporate,SUV,Midsize,115.0,35.0,1244.09,22754.66
RF44930,California,Associate,Employed,Male,52679.0,Rural,Married,Agent,Basic,Personal,Four-Door Car,Midsize,62.0,21.0,1118.0,4964.63
RF61565,California,Associate,Employed,Male,31911.0,Suburban,Married,Agent,Basic,Personal,Four-Door Car,Midsize,67.0,33.0,1321.6,2636.98
RF71693,Arizona,Bachelor,Employed,Female,35143.0,Urban,Married,Agent,Basic,Corporate,Four-Door Car,Midsize,65.0,31.0,1171.18,5179.89
RF73080,Oregon,Associate,Retired,Male,23091.0,Suburban,Married,Agent,Extended,Personal,Four-Door Car,Midsize,96.0,28.0,1460.8,5926.73
RF73329,California,High School,Employed,Female,33451.0,Suburban,Married,Agent,Basic,Personal,Four-Door Car,Midsize,67.0,0.0,1337.22,2674.23
RF94484,Oregon,Associate,Medical Leave,Female,22571.0,Suburban,Single,Web,Basic,Corporate,Four-Door Car,Large,63.0,29.0,1302.4,4605.04
RH70194,Nevada,Bachelor,Employed,Male,29638.0,Suburban,Married,Branch,Basic,Personal,Four-Door Car,Midsize,64.0,19.0,1307.2,5093.01
RH70599,Arizona,Bachelor,Employed,Male,40506.0,Rural,Married,Call Center,Basic,Personal,Four-Door Car,Midsize,70.0,14.0,1113.72,2769.25
RH71877,Arizona,Associate,Medical Leave,Female,12964.0,Suburban,Single,Web,Basic,Personal,Two-Door Car,Midsize,65.0,2.0,1362.77,4770.55
RH72839,Nevada,High School,Employed,Female,76157.0,Suburban,Married,Call Center,Premium,Personal,Two-Door Car,Small,116.0,15.0,1556.8,4669.23
RH83684,Oregon,Master,Employed,Female,43282.0,Rural,Divorced,Web,Basic,Personal,Two-Door Car,Midsize,72.0,3.0,1166.8,5808.93
RH97231,Washington,Bachelor,Employed,Male,48893.0,Suburban,Married,Branch,Basic,Personal,SUV,Midsize,110.0,9.0,1787.8899999999999,8694.0
RI22468,Arizona,Bachelor,Employed,Female,57740.0,Urban,Married,Web,Basic,Personal,Four-Door Car,Midsize,74.0,30.0,1269.91,5745.94
RI24911,Arizona,Associate,Employed,Male,60920.0,Urban,Single,Agent,Basic,Personal,Two-Door Car,Midsize,64.0,10.0,1231.2,7507.46
RI40862,Nevada,Associate,Employed,Male,85704.0,Urban,Married,Agent,Basic,Personal,Four-Door Car,Small,69.0,21.0,1325.4,5573.11
RI46607,California,Bachelor,Employed,Female,48567.0,Suburban,Single,Agent,Extended,Corporate,SUV,Midsize,130.0,12.0,1624.0,5015.01
RI52095,Washington,High School,Employed,Male,51878.0,Suburban,Single,Branch,Basic,Personal,Four-Door Car,Midsize,66.0,10.0,1316.8,7610.54
RI53167,Arizona,Bachelor,Medical Leave,Male,20811.0,Suburban,Married,Agent,Basic,Personal,Four-Door Car,Midsize,61.0,33.0,1292.8,2308.65
RI69055,California,High School,Employed,Female,58172.0,Rural,Married,Web,Basic,Personal,Four-Door Car,Midsize,67.0,8.0,1141.53,8104.43
RI76399,California,High School,Employed,Female,37109.0,Suburban,Married,Agent,Basic,Corporate,Two-Door Car,Midsize,63.0,7.0,1302.4,17636.42
RI76571,Washington,Master,Employed,Male,59349.0,Rural,Married,Web,Basic,Personal,SUV,Midsize,119.0,15.0,1222.03,43026.52
RI76930,California,Associate,Employed,Female,43276.0,Suburban,Married,Call Center,Basic,Personal,SUV,Large,104.0,16.0,1499.2,4163.04
RI78966,Oregon,Master,Medical Leave,Male,21876.0,Suburban,Married,Agent,Basic,Personal,Four-Door Car,Small,68.0,12.0,1465.41,7771.16
RI85578,Washington,Bachelor,Employed,Female,79699.0,Suburban,Married,Call Center,Basic,Personal,Two-Door Car,Small,65.0,24.0,1348.83,2638.14
RJ32720,Arizona,Associate,Employed,Female,86036.0,Suburban,Divorced,Web,Extended,Personal,Four-Door Car,Midsize,90.0,8.0,1501.27,10719.08
RJ39700,Oregon,Bachelor,Medical Leave,Male,10037.0,Urban,Single,Call Center,Basic,Personal,Four-Door Car,Midsize,71.0,14.0,1292.18,4914.04
RJ45123,Oregon,Associate,Employed,Male,48029.0,Suburban,Divorced,Agent,Basic,Personal,SUV,Midsize,116.0,9.0,1556.8,9101.52
RJ57593,Arizona,Bachelor,Employed,Male,71391.0,Urban,Married,Agent,Basic,Personal,Four-Door Car,Midsize,67.0,29.0,1284.0,8044.87
RJ68578,Oregon,High School,Employed,Male,76879.0,Suburban,Married,Web,Basic,Corporate,Sports Car,Large,101.0,20.0,1487.1,8110.7
RJ79502,Arizona,Bachelor,Employed,Male,98003.0,Urban,Divorced,Call Center,Basic,Personal,SUV,Small,107.0,4.0,1449.41,8501.28
RJ80405,Arizona,Bachelor,Employed,Male,33191.0,Suburban,Married,Branch,Basic,Personal,Four-Door Car,Midsize,70.0,9.0,1443.54,5498.66
RJ85627,Washington,Bachelor,Employed,Female,43817.0,Urban,Married,Branch,Basic,Personal,Four-Door Car,Midsize,62.0,25.0,1245.45,12302.76
RJ99408,California,High School,Employed,Male,35637.0,Suburban,Married,Branch,Basic,Personal,Four-Door Car,Midsize,68.0,13.0,1326.4,5377.01
RK24470,Washington,Bachelor,Employed,Male,40113.0,Urban,Divorced,Branch,Basic,Corporate,Two-Door Car,Midsize,67.0,2.0,1262.05,5029.3
RK53289,California,Bachelor,Employed,Female,39841.0,Suburban,Single,Agent,Basic,Personal,Two-Door Car,Small,72.0,9.0,1440.13,5646.32
RK59543,California,High School,Employed,Female,74454.0,Suburban,Single,Call Center,Basic,Personal,Four-Door Car,Midsize,71.0,25.0,1340.8,5595.39
RK63095,California,Associate,Employed,Male,72916.0,Suburban,Single,Web,Extended,Personal,Two-Door Car,Midsize,80.0,25.0,1384.0,3122.98
RK96223,California,Associate,Employed,Male,52369.0,Suburban,Married,Agent,Basic,Personal,SUV,Midsize,110.0,34.0,1528.0,12941.89
RL12319,Oregon,High School,Employed,Female,51692.0,Suburban,Married,Agent,Basic,Special,Luxury Car,Midsize,186.0,12.0,1892.8,7484.38
RL21492,Arizona,Bachelor,Employed,Male,86305.0,Rural,Married,Call Center,Basic,Corporate,Four-Door Car,Midsize,62.0,1.0,1080.73,4984.62
RL28880,Nevada,Bachelor,Employed,Female,69959.0,Suburban,Divorced,Branch,Basic,Personal,Two-Door Car,Midsize,63.0,9.0,1401.84,7553.23
RL28918,California,High School,Employed,Male,42148.0,Urban,Married,Branch,Basic,Personal,SUV,Small,104.0,4.0,1366.98,16504.96
RL34830,California,Associate,Employed,Male,43838.0,Suburban,Married,Web,Extended,Corporate,Four-Door Car,Midsize,97.0,11.0,1465.6,7644.76
RL59810,Oregon,Associate,Employed,Female,78460.0,Urban,Married,Agent,Basic,Personal,Four-Door Car,Midsize,64.0,3.0,1203.57,5137.85
RL64888,California,Associate,Employed,Female,29697.0,Suburban,Married,Agent,Basic,Personal,Four-Door Car,Midsize,66.0,0.0,1316.8,2571.26
RL65736,Oregon,High School,Medical Leave,Female,13662.0,Suburban,Single,Agent,Extended,Personal,Four-Door Car,Small,85.0,29.0,1408.0,6274.45
RL74454,Nevada,Bachelor,Employed,Female,33171.0,Urban,Married,Branch,Basic,Personal,Four-Door Car,Midsize,65.0,27.0,1236.6399999999999,5147.11
RM10880,California,Associate,Employed,Female,21604.0,Suburban,Divorced,Branch,Extended,Corporate,Four-Door Car,Midsize,79.0,14.0,1379.2,3096.51
RM21896,Oregon,Associate,Employed,Female,47730.0,Rural,Divorced,Call Center,Extended,Personal,Four-Door Car,Midsize,91.0,12.0,1219.44,28699.89
RM31359,Oregon,High School,Employed,Female,48056.0,Suburban,Married,Agent,Extended,Corporate,Four-Door Car,Small,78.0,15.0,1374.4,3129.11
RM42344,Oregon,Associate,Employed,Male,91757.0,Suburban,Married,Web,Basic,Personal,Four-Door Car,Midsize,69.0,29.0,1331.2,2745.13
RM83767,Washington,Associate,Employed,Male,64008.0,Urban,Single,Agent,Extended,Personal,Four-Door Car,Midsize,85.0,9.0,1372.8899999999999,5971.0
RM87465,Arizona,High School,Employed,Male,51066.0,Suburban,Single,Call Center,Basic,Personal,Four-Door Car,Midsize,74.0,23.0,1787.99,5780.18
RN20799,Arizona,High School,Retired,Female,21926.0,Suburban,Married,Agent,Basic,Personal,Four-Door Car,Small,63.0,13.0,1302.4,4755.19
RN36393,California,High School,Medical Leave,Female,28513.0,Suburban,Married,Call Center,Basic,Personal,SUV,Midsize,100.0,4.0,1480.0,15114.4
RN45606,Nevada,High School,Employed,Female,32184.0,Rural,Married,Branch,Extended,Personal,SUV,Midsize,136.0,14.0,1266.15,16224.54
RN48574,California,Associate,Retired,Female,18577.0,Suburban,Divorced,Branch,Extended,Corporate,Four-Door Car,Midsize,86.0,21.0,1412.8,6273.91
RN56430,Nevada,High School,Employed,Female,41449.0,Suburban,Married,Branch,Basic,Personal,Two-Door Car,Midsize,69.0,16.0,1331.2,5443.76
RN66346,California,Master,Employed,Male,91015.0,Rural,Divorced,Agent,Basic,Personal,Two-Door Car,Midsize,73.0,31.0,1119.06,14663.2
RN66968,California,High School,Employed,Male,74837.0,Suburban,Married,Agent,Basic,Personal,Four-Door Car,Large,66.0,9.0,1376.5,5332.62
RN71166,Oregon,High School,Employed,Female,88081.0,Rural,Married,Branch,Basic,Personal,Four-Door Car,Midsize,64.0,35.0,1082.48,5174.08
RN72721,California,High School,Disabled,Female,20903.0,Suburban,Married,Branch,Basic,Personal,SUV,Midsize,117.0,4.0,1561.6,8886.3
RN78170,Arizona,Associate,Employed,Female,40589.0,Suburban,Divorced,Branch,Basic,Corporate,Four-Door Car,Midsize,69.0,23.0,1331.2,8159.14
RN82884,Arizona,Associate,Employed,Female,40864.0,Rural,Married,Agent,Basic,Personal,SUV,Midsize,109.0,16.0,1166.94,4282.95
RN86953,California,High School,Employed,Female,69674.0,Suburban,Married,Branch,Basic,Personal,Two-Door Car,Midsize,62.0,14.0,1297.6,7536.07
RN97635,Arizona,Bachelor,Employed,Male,53984.0,Suburban,Divorced,Call Center,Extended,Corporate,Four-Door Car,Small,80.0,15.0,1421.48,3214.98
RN98239,California,High School,Employed,Male,96306.0,Rural,Divorced,Agent,Extended,Personal,Four-Door Car,Midsize,95.0,12.0,1185.3600000000001,7519.13
RO16377,Oregon,High School,Employed,Male,59821.0,Suburban,Married,Branch,Basic,Personal,Luxury SUV,Midsize,193.0,12.0,2389.6,23144.13
RO25639,Nevada,Doctoral,Employed,Female,25884.0,Urban,Married,Branch,Basic,Personal,Four-Door Car,Midsize,69.0,18.0,1292.27,5442.74
RO26233,California,Associate,Employed,Female,31056.0,Suburban,Divorced,Agent,Basic,Personal,Four-Door Car,Midsize,63.0,5.0,1302.4,2464.71
RO57944,Nevada,High School,Disabled,Female,18495.0,Suburban,Married,Branch,Basic,Personal,SUV,Large,113.0,10.0,1542.4,26197.41
RO70057,Nevada,High School,Employed,Male,34498.0,Suburban,Single,Branch,Extended,Personal,Two-Door Car,Small,83.0,30.0,1398.4,6369.26
RO73268,California,Bachelor,Disabled,Male,16269.0,Suburban,Divorced,Agent,Extended,Corporate,Two-Door Car,Midsize,86.0,6.0,1412.8,3211.07
RO77709,California,High School,Employed,Male,63775.0,Urban,Married,Call Center,Basic,Corporate,SUV,Small,100.0,29.0,1462.75,8008.1
RO82935,Nevada,High School,Medical Leave,Female,18120.0,Suburban,Married,Web,Basic,Personal,Two-Door Car,Small,63.0,34.0,1302.4,7028.94
RO85831,Oregon,High School,Employed,Male,82157.0,Suburban,Single,Agent,Basic,Corporate,Luxury Car,Midsize,188.0,5.0,2353.6,7531.7
RO87000,California,High School,Employed,Male,50719.0,Suburban,Single,Call Center,Basic,Personal,Four-Door Car,Midsize,68.0,10.0,1394.25,2688.88
RO89785,Oregon,Associate,Medical Leave,Male,20978.0,Suburban,Married,Branch,Extended,Personal,Four-Door Car,Small,98.0,19.0,2176.2799999999997,3508.57
RO90746,California,High School,Employed,Female,60192.0,Suburban,Married,Agent,Extended,Personal,Luxury Car,Midsize,220.0,17.0,2056.0,17816.68
RP12388,Arizona,Bachelor,Employed,Male,39886.0,Urban,Married,Web,Basic,Personal,Two-Door Car,Midsize,64.0,34.0,1290.3600000000001,12379.57
RP19541,Arizona,Associate,Employed,Male,64801.0,Urban,Married,Web,Basic,Personal,Four-Door Car,Midsize,64.0,23.0,1268.47,7582.11
RP27249,Oregon,Master,Employed,Female,80358.0,Urban,Married,Agent,Basic,Personal,SUV,Large,116.0,19.0,1443.6399999999999,4698.88
RP30093,Oregon,Bachelor,Employed,Female,63035.0,Suburban,Married,Agent,Premium,Personal,SUV,Midsize,153.0,20.0,1734.4,49221.43
RP33869,Washington,Bachelor,Employed,Female,49467.0,Suburban,Divorced,Call Center,Basic,Personal,Two-Door Car,Small,65.0,1.0,1413.7,2577.51
RP92511,Nevada,Bachelor,Employed,Male,69090.0,Urban,Married,Agent,Extended,Personal,Sports Car,Midsize,139.0,24.0,1387.22,11085.88
RP98585,Arizona,Master,Employed,Male,38086.0,Urban,Married,Agent,Extended,Personal,Two-Door Car,Midsize,96.0,17.0,1243.24,7610.2
RQ11502,Nevada,Bachelor,Retired,Female,23975.0,Suburban,Married,Agent,Extended,Corporate,SUV,Small,128.0,8.0,1614.4,4755.72
RQ16234,Arizona,High School,Employed,Female,55099.0,Rural,Divorced,Branch,Extended,Corporate,Sports Car,Midsize,122.0,33.0,1260.27,9837.51
RQ19236,Arizona,Doctoral,Employed,Male,55411.0,Urban,Married,Web,Basic,Personal,Sports Car,Midsize,100.0,24.0,1259.56,8042.8
RQ41621,Arizona,Doctoral,Employed,Female,64640.0,Urban,Divorced,Agent,Basic,Personal,Four-Door Car,Midsize,73.0,5.0,1327.91,2862.73
RQ72272,Arizona,Associate,Employed,Male,94304.0,Urban,Divorced,Call Center,Basic,Personal,Two-Door Car,Midsize,71.0,31.0,1182.82,2814.21
RQ77476,Oregon,Bachelor,Employed,Male,87502.0,Urban,Married,Branch,Premium,Personal,Four-Door Car,Midsize,102.0,20.0,1421.1100000000001,20461.15
RQ78687,Oregon,Associate,Employed,Male,89410.0,Rural,Divorced,Agent,Basic,Personal,Four-Door Car,Midsize,74.0,11.0,1096.0,2946.0
RQ88363,California,Associate,Employed,Female,77857.0,Rural,Married,Agent,Basic,Personal,Four-Door Car,Small,64.0,0.0,1160.63,5155.53
RQ99149,California,Master,Employed,Male,32437.0,Suburban,Married,Branch,Basic,Corporate,Two-Door Car,Midsize,69.0,4.0,1473.3600000000001,2748.85
RR37482,Washington,High School,Employed,Male,41727.0,Rural,Married,Agent,Premium,Personal,Four-Door Car,Midsize,117.0,18.0,1082.26,23055.57
RR37715,Oregon,Bachelor,Employed,Male,64692.0,Suburban,Married,Agent,Basic,Corporate,Two-Door Car,Small,70.0,17.0,1336.0,8435.18
RR39300,California,High School,Employed,Female,51255.0,Urban,Married,Call Center,Extended,Personal,SUV,Midsize,122.0,12.0,1421.71,34243.51
RR49534,Oregon,Bachelor,Employed,Female,25820.0,Suburban,Divorced,Agent,Extended,Personal,Four-Door Car,Midsize,82.0,10.0,1393.6,3265.16
RR54950,Arizona,Associate,Employed,Male,85753.0,Suburban,Married,Branch,Basic,Special,Four-Door Car,Small,66.0,23.0,1316.8,5285.08
RR68322,Nevada,High School,Employed,Male,65162.0,Rural,Married,Call Center,Extended,Personal,Four-Door Car,Midsize,86.0,11.0,1134.43,3482.69
RR73059,California,Associate,Employed,Female,55911.0,Urban,Married,Web,Basic,Personal,Four-Door Car,Midsize,74.0,7.0,1187.93,2994.35
RR93140,California,Associate,Employed,Female,81565.0,Urban,Married,Branch,Basic,Personal,Four-Door Car,Midsize,71.0,19.0,1190.6399999999999,2880.35
RS20615,California,High School,Employed,Female,34974.0,Urban,Married,Web,Basic,Special,Four-Door Car,Midsize,71.0,7.0,1315.16,5671.93
RS24501,Oregon,Associate,Employed,Female,28919.0,Suburban,Single,Agent,Premium,Personal,SUV,Midsize,173.0,5.0,1830.4,13350.12
RS30611,Arizona,High School,Disabled,Male,15871.0,Suburban,Married,Branch,Extended,Personal,Four-Door Car,Midsize,89.0,20.0,1427.2,6838.77
RS53995,California,Associate,Employed,Male,52774.0,Rural,Married,Web,Basic,Corporate,Two-Door Car,Large,66.0,16.0,1078.45,7529.86
RS57109,Arizona,Bachelor,Employed,Female,51193.0,Rural,Married,Agent,Premium,Personal,Two-Door Car,Midsize,104.0,31.0,1097.31,4100.47
RS59102,California,Associate,Employed,Male,37050.0,Suburban,Married,Agent,Basic,Personal,Sports Car,Midsize,110.0,4.0,1528.0,12885.79
RS85283,Oregon,Bachelor,Employed,Male,56044.0,Suburban,Married,Agent,Premium,Personal,SUV,Small,182.0,27.0,1952.85,21776.58
RT17851,Oregon,High School,Employed,Female,37940.0,Urban,Married,Branch,Extended,Special,SUV,Midsize,129.0,11.0,1512.54,5209.95
RT22532,Arizona,Bachelor,Disabled,Male,18375.0,Suburban,Married,Branch,Basic,Personal,Sports Car,Large,103.0,8.0,1535.08,3954.34
RT23641,Oregon,High School,Employed,Female,35577.0,Urban,Married,Branch,Extended,Personal,SUV,Midsize,130.0,1.0,1574.51,5163.23
RT29777,Oregon,Bachelor,Employed,Female,88613.0,Urban,Divorced,Branch,Basic,Personal,SUV,Small,111.0,5.0,1359.37,4439.9
RT36566,California,Bachelor,Employed,Female,31006.0,Suburban,Divorced,Call Center,Basic,Personal,Four-Door Car,Midsize,67.0,20.0,1321.6,5260.62
RT63209,California,Master,Employed,Female,74284.0,Urban,Married,Call Center,Basic,Personal,Four-Door Car,Midsize,74.0,27.0,1268.13,5994.26
RT64920,Oregon,Master,Employed,Male,55836.0,Urban,Married,Web,Basic,Personal,Four-Door Car,Midsize,73.0,8.0,1314.94,5875.04
RT65829,Oregon,Bachelor,Employed,Male,36692.0,Suburban,Married,Call Center,Premium,Personal,Four-Door Car,Midsize,109.0,1.0,1523.2,4276.36
RT80802,Nevada,Associate,Disabled,Male,19851.0,Rural,Married,Branch,Basic,Personal,Sports Car,Small,102.0,33.0,1220.04,11658.6
RU39880,California,Bachelor,Employed,Female,58658.0,Suburban,Married,Call Center,Basic,Personal,Two-Door Car,Midsize,74.0,16.0,1355.2,11747.65
RU49126,Washington,Associate,Employed,Female,61846.0,Rural,Married,Agent,Basic,Personal,SUV,Midsize,112.0,1.0,1215.82,4465.34
RU58277,California,Master,Employed,Female,72026.0,Urban,Married,Web,Basic,Corporate,Luxury SUV,Small,191.0,22.0,1554.9299999999998,15485.8
RU75129,Washington,High School,Employed,Female,65431.0,Suburban,Married,Call Center,Basic,Personal,Four-Door Car,Midsize,69.0,7.0,1331.2,2777.34
RU75949,Oregon,Associate,Employed,Male,85789.0,Rural,Married,Agent,Basic,Personal,Sports Car,Midsize,105.0,18.0,1122.3,12332.52
RU76604,Arizona,Associate,Employed,Male,46900.0,Suburban,Married,Web,Basic,Personal,Four-Door Car,Midsize,66.0,13.0,1316.8,2580.85
RU83859,California,Bachelor,Medical Leave,Female,11489.0,Suburban,Married,Call Center,Premium,Personal,Two-Door Car,Small,105.0,4.0,1504.0,8110.33
RU94434,Oregon,High School,Employed,Male,57449.0,Suburban,Single,Agent,Premium,Personal,Four-Door Car,Midsize,103.0,6.0,1494.4,12157.33
RV14138,Nevada,Bachelor,Retired,Female,23904.0,Suburban,Single,Agent,Extended,Personal,SUV,Midsize,123.0,1.0,1590.4,4334.06
RV22056,Oregon,Bachelor,Employed,Female,98784.0,Rural,Married,Web,Extended,Personal,Sports Car,Midsize,124.0,7.0,1155.41,4971.35
RV58659,Washington,Associate,Employed,Female,21124.0,Suburban,Married,Web,Basic,Corporate,SUV,Midsize,112.0,3.0,1733.3200000000002,4422.88
RV75918,California,Associate,Employed,Female,69161.0,Urban,Married,Agent,Extended,Personal,Four-Door Car,Midsize,97.0,19.0,1341.43,7809.52
RV82726,California,High School,Employed,Male,22768.0,Suburban,Married,Branch,Premium,Personal,Four-Door Car,Midsize,112.0,16.0,1537.6,4437.84
RV92809,California,Associate,Medical Leave,Male,22520.0,Suburban,Married,Branch,Basic,Personal,Four-Door Car,Midsize,73.0,17.0,1350.4,5498.94
RV95842,California,Associate,Retired,Male,29692.0,Suburban,Divorced,Branch,Extended,Personal,Four-Door Car,Midsize,77.0,3.0,1449.35,8065.23
RV98763,Oregon,Associate,Employed,Male,61709.0,Urban,Married,Branch,Extended,Personal,Four-Door Car,Midsize,82.0,5.0,1275.4,6410.97
RW24925,Oregon,Associate,Employed,Female,58542.0,Rural,Married,Branch,Basic,Personal,SUV,Midsize,114.0,29.0,1129.99,31920.77
RW46214,Oregon,High School,Medical Leave,Female,26540.0,Suburban,Divorced,Call Center,Basic,Personal,Four-Door Car,Midsize,69.0,13.0,1331.2,5229.68
RW50070,Arizona,High School,Employed,Male,63326.0,Suburban,Married,Branch,Extended,Personal,Luxury Car,Midsize,225.0,5.0,2080.0,8935.27
RW51650,Oregon,Bachelor,Employed,Male,97361.0,Suburban,Single,Agent,Basic,Personal,Four-Door Car,Midsize,73.0,6.0,1350.4,8622.84
RW54189,California,Bachelor,Employed,Male,23504.0,Suburban,Married,Call Center,Basic,Personal,Four-Door Car,Small,73.0,2.0,1350.4,5747.27
RW61528,Nevada,Associate,Employed,Female,52423.0,Suburban,Single,Web,Premium,Corporate,Four-Door Car,Midsize,119.0,2.0,1571.2,13916.93
RW66792,California,High School,Employed,Female,76522.0,Suburban,Married,Branch,Basic,Personal,Four-Door Car,Midsize,71.0,31.0,1340.8,5705.55
RW67951,Washington,Bachelor,Employed,Male,93485.0,Rural,Married,Agent,Basic,Personal,Four-Door Car,Midsize,72.0,31.0,1127.1,8663.55
RW70500,Oregon,Master,Employed,Female,43657.0,Suburban,Married,Agent,Basic,Personal,Two-Door Car,Large,66.0,21.0,1316.8,7996.6
RW71963,Nevada,High School,Employed,Female,94550.0,Suburban,Single,Agent,Extended,Personal,Four-Door Car,Small,90.0,0.0,1432.0,7233.54
RW82766,Oregon,Bachelor,Employed,Female,46988.0,Rural,Single,Call Center,Basic,Corporate,Luxury SUV,Midsize,195.0,8.0,1294.76,7724.05
RW86245,Arizona,High School,Employed,Male,92864.0,Rural,Married,Agent,Extended,Personal,SUV,Midsize,123.0,13.0,1096.34,5008.28
RX12347,Nevada,Associate,Employed,Male,35695.0,Suburban,Married,Branch,Extended,Personal,Four-Door Car,Midsize,90.0,2.0,1432.0,3543.23
RX13282,Oregon,Bachelor,Retired,Male,14973.0,Suburban,Divorced,Branch,Basic,Personal,SUV,Midsize,115.0,2.0,1828.0,12168.74
RX14132,California,High School,Employed,Male,25926.0,Suburban,Married,Agent,Basic,Personal,Two-Door Car,Small,61.0,28.0,1292.8,7228.01
RX19151,Washington,Bachelor,Employed,Male,67137.0,Urban,Married,Agent,Basic,Personal,SUV,Midsize,111.0,0.0,1314.88,8176.58
RX24650,Oregon,High School,Retired,Male,20993.0,Suburban,Divorced,Agent,Extended,Corporate,SUV,Midsize,133.0,35.0,1638.4,4772.94
RX25695,Arizona,Bachelor,Employed,Male,26900.0,Suburban,Married,Call Center,Extended,Personal,Four-Door Car,Midsize,97.0,7.0,1465.6,22721.24
RX31862,California,High School,Employed,Male,49529.0,Urban,Married,Agent,Extended,Personal,Two-Door Car,Midsize,78.0,4.0,1234.72,6176.7
RX45809,California,Associate,Employed,Male,37899.0,Rural,Married,Branch,Basic,Personal,Luxury SUV,Midsize,187.0,9.0,1246.99,14854.2
RX50446,Arizona,High School,Disabled,Female,27042.0,Suburban,Divorced,Branch,Premium,Personal,Four-Door Car,Midsize,110.0,17.0,2263.33,8365.96
RX66745,Washington,Bachelor,Retired,Male,23665.0,Suburban,Married,Branch,Basic,Corporate,Four-Door Car,Midsize,67.0,19.0,1404.82,22658.54
RX93631,Arizona,Bachelor,Employed,Female,90035.0,Rural,Married,Call Center,Extended,Personal,Four-Door Car,Midsize,80.0,28.0,1141.63,6438.97
RX96438,Washington,High School,Disabled,Female,24400.0,Suburban,Single,Agent,Basic,Corporate,Two-Door Car,Midsize,62.0,13.0,1297.6,2311.21
RY10920,Oregon,Associate,Employed,Male,60475.0,Suburban,Married,Branch,Premium,Personal,Four-Door Car,Midsize,107.0,9.0,1513.6,4330.39
RY23571,California,Bachelor,Employed,Female,75615.0,Rural,Married,Branch,Basic,Personal,Four-Door Car,Midsize,65.0,16.0,1156.55,2483.67
RY26286,California,Associate,Employed,Male,80846.0,Urban,Single,Agent,Basic,Corporate,Four-Door Car,Midsize,65.0,9.0,1227.18,5068.43
RY27018,Washington,High School,Employed,Male,53214.0,Suburban,Married,Call Center,Extended,Personal,Four-Door Car,Large,91.0,21.0,1436.8,7228.99
RY32848,Oregon,Doctoral,Employed,Male,44930.0,Rural,Married,Call Center,Extended,Personal,SUV,Midsize,132.0,19.0,1111.05,15839.09
RY38931,Arizona,Bachelor,Employed,Male,36088.0,Suburban,Single,Agent,Basic,Personal,Four-Door Car,Midsize,72.0,16.0,1345.6,5528.21
RY43586,Oregon,Master,Disabled,Female,12590.0,Rural,Married,Agent,Basic,Personal,Two-Door Car,Midsize,73.0,22.0,1132.5,8372.85
RY44996,Oregon,High School,Employed,Female,56536.0,Urban,Divorced,Web,Basic,Special,Four-Door Car,Midsize,67.0,10.0,1301.8899999999999,2677.22
RY47606,California,Bachelor,Employed,Male,43987.0,Suburban,Married,Call Center,Extended,Personal,Four-Door Car,Midsize,96.0,29.0,1460.8,3843.97
RY92254,Washington,Bachelor,Employed,Male,33531.0,Suburban,Married,Agent,Premium,Personal,Two-Door Car,Midsize,116.0,11.0,1801.58,4547.89
RZ24101,Nevada,Associate,Medical Leave,Female,24417.0,Suburban,Divorced,Call Center,Premium,Personal,SUV,Midsize,185.0,22.0,1888.0,7142.55
RZ27571,Washington,Bachelor,Employed,Female,25544.0,Suburban,Married,Agent,Basic,Personal,Four-Door Car,Midsize,68.0,18.0,1326.4,2695.96
RZ33670,California,Associate,Disabled,Female,29879.0,Suburban,Married,Web,Premium,Personal,Four-Door Car,Midsize,102.0,17.0,1500.25,11727.78
RZ50353,California,High School,Employed,Male,57734.0,Suburban,Divorced,Web,Extended,Personal,Four-Door Car,Midsize,78.0,2.0,1374.4,6243.14
RZ51338,Arizona,Bachelor,Retired,Male,28992.0,Suburban,Divorced,Branch,Basic,Personal,Four-Door Car,Midsize,74.0,3.0,1355.2,6895.31
RZ80299,California,Master,Employed,Female,54684.0,Suburban,Divorced,Agent,Basic,Personal,Four-Door Car,Small,71.0,28.0,1487.07,5574.96
RZ89024,Oregon,Doctoral,Employed,Male,31841.0,Rural,Married,Agent,Extended,Personal,Four-Door Car,Midsize,78.0,24.0,1126.86,3103.0
RZ97154,Arizona,Bachelor,Employed,Male,56768.0,Suburban,Divorced,Agent,Extended,Personal,Two-Door Car,Small,92.0,11.0,1441.6,3572.49
SA40041,Washington,Bachelor,Employed,Female,22814.0,Suburban,Divorced,Agent,Basic,Personal,Four-Door Car,Small,73.0,16.0,1360.77,5749.88
SA45648,California,Bachelor,Employed,Male,90874.0,Urban,Married,Call Center,Extended,Personal,SUV,Midsize,137.0,18.0,1459.79,10628.06
SA50567,Nevada,Bachelor,Employed,Male,85296.0,Suburban,Married,Web,Basic,Personal,Four-Door Car,Midsize,68.0,15.0,1342.52,5448.56
SA54664,Washington,Master,Employed,Male,73196.0,Rural,Married,Web,Basic,Personal,Four-Door Car,Large,66.0,0.0,1085.81,2654.38
SA62385,Oregon,High School,Medical Leave,Female,26526.0,Suburban,Married,Call Center,Extended,Personal,Four-Door Car,Midsize,99.0,0.0,1523.7,7644.68
SA84892,California,High School,Employed,Female,66982.0,Suburban,Married,Agent,Extended,Corporate,SUV,Midsize,121.0,12.0,1871.2,4916.37
SB24397,California,High School,Employed,Male,96306.0,Rural,Divorced,Agent,Extended,Personal,Four-Door Car,Midsize,95.0,12.0,1185.3600000000001,7519.13
SB27146,Oregon,High School,Employed,Female,26026.0,Rural,Single,Agent,Premium,Personal,Two-Door Car,Midsize,116.0,1.0,1283.67,4369.04
SB41594,California,Associate,Employed,Male,26691.0,Suburban,Married,Agent,Basic,Personal,Four-Door Car,Large,65.0,7.0,1312.0,2543.0
SB44315,Arizona,Associate,Employed,Male,39010.0,Suburban,Married,Agent,Extended,Personal,Four-Door Car,Midsize,78.0,27.0,1374.4,3011.34
SB50826,Oregon,Associate,Employed,Male,61091.0,Urban,Single,Agent,Extended,Personal,Two-Door Car,Midsize,95.0,17.0,1409.87,7496.01
SB60942,Arizona,Associate,Employed,Male,88082.0,Urban,Married,Branch,Basic,Personal,Two-Door Car,Midsize,61.0,10.0,1218.78,7258.63
SB61617,California,Master,Employed,Male,39910.0,Suburban,Single,Call Center,Basic,Personal,SUV,Midsize,112.0,16.0,1561.5,8935.03
SB64873,Oregon,Doctoral,Employed,Male,25381.0,Suburban,Single,Branch,Basic,Personal,Four-Door Car,Midsize,71.0,22.0,1340.8,8200.79
SB66770,Arizona,Master,Employed,Male,60880.0,Rural,Married,Agent,Premium,Corporate,Two-Door Car,Midsize,119.0,25.0,1109.91,14435.67
SB82356,Nevada,Bachelor,Retired,Female,11276.0,Suburban,Married,Agent,Extended,Corporate,Four-Door Car,Midsize,91.0,22.0,1436.8,30591.61
SB83749,California,High School,Employed,Male,20355.0,Suburban,Married,Branch,Basic,Personal,Four-Door Car,Large,61.0,4.0,1439.2,4717.63
SB99002,Oregon,Bachelor,Employed,Female,49734.0,Rural,Married,Call Center,Basic,Corporate,Four-Door Car,Midsize,69.0,3.0,1154.75,8319.12
SC23927,California,High School,Retired,Male,20993.0,Suburban,Divorced,Agent,Extended,Personal,SUV,Midsize,133.0,35.0,1638.4,4772.94
SC30127,California,Doctoral,Medical Leave,Female,12081.0,Suburban,Divorced,Agent,Extended,Personal,Two-Door Car,Midsize,82.0,18.0,1548.06,9244.35
SC40169,Oregon,Associate,Retired,Female,14030.0,Suburban,Married,Branch,Basic,Personal,Two-Door Car,Large,72.0,11.0,1345.6,2719.51
SC47383,Nevada,Bachelor,Employed,Female,38169.0,Rural,Married,Branch,Basic,Corporate,Four-Door Car,Midsize,62.0,18.0,1071.68,7406.88
SC66359,Arizona,Associate,Employed,Female,50653.0,Rural,Married,Agent,Basic,Corporate,SUV,Small,110.0,29.0,1262.87,4433.97
SC81807,California,Associate,Employed,Female,32180.0,Suburban,Married,Call Center,Basic,Special,Sports Car,Small,103.0,3.0,1558.8400000000001,4095.2
SC90717,California,Doctoral,Employed,Male,23576.0,Urban,Married,Web,Extended,Personal,Four-Door Car,Midsize,89.0,8.0,1383.51,31864.86
SC92090,Arizona,Associate,Employed,Male,83846.0,Suburban,Married,Agent,Basic,Personal,Four-Door Car,Large,74.0,22.0,1355.2,8717.05
SC93784,Oregon,Bachelor,Employed,Male,61401.0,Rural,Married,Call Center,Basic,Personal,Four-Door Car,Midsize,69.0,8.0,1144.44,5510.11
SC95565,Nevada,High School,Employed,Female,62018.0,Urban,Married,Branch,Basic,Personal,Two-Door Car,Midsize,71.0,21.0,1293.87,2887.78
SD21312,Nevada,Associate,Employed,Male,66839.0,Suburban,Single,Branch,Premium,Personal,Sports Car,Midsize,154.0,33.0,1739.2,5989.77
SD30853,Oregon,Associate,Employed,Female,63918.0,Suburban,Single,Agent,Basic,Personal,Four-Door Car,Small,64.0,4.0,1307.2,12687.15
SD41771,California,High School,Employed,Male,49259.0,Suburban,Single,Call Center,Premium,Personal,Sports Car,Midsize,144.0,35.0,1820.4299999999998,44520.14
SD62061,Oregon,High School,Employed,Female,24860.0,Suburban,Married,Web,Basic,Personal,Four-Door Car,Large,73.0,2.0,1350.4,5810.63
SD64087,California,Associate,Employed,Male,32961.0,Suburban,Married,Branch,Premium,Corporate,SUV,Small,190.0,13.0,1912.0,15014.09
SD67101,Nevada,High School,Retired,Female,25147.0,Suburban,Single,Agent,Basic,Personal,SUV,Midsize,101.0,7.0,1694.6,3600.93
SD75391,California,Master,Retired,Female,24173.0,Urban,Married,Web,Basic,Personal,Four-Door Car,Midsize,70.0,16.0,1181.47,2704.54
SD83603,Oregon,Associate,Employed,Female,56830.0,Urban,Married,Agent,Extended,Personal,Two-Door Car,Midsize,83.0,6.0,1319.8,6672.13
SD94067,California,Master,Employed,Female,23616.0,Urban,Married,Web,Extended,Special,Two-Door Car,Midsize,83.0,8.0,1229.62,6610.05
SD96596,Washington,High School,Employed,Female,34087.0,Urban,Single,Branch,Extended,Personal,Luxury SUV,Midsize,235.0,12.0,1889.52,18544.3
SE47384,California,Bachelor,Employed,Female,94230.0,Suburban,Married,Agent,Extended,Special,SUV,Midsize,137.0,21.0,1657.6,5526.44
SE50560,Oregon,Associate,Employed,Male,88816.0,Rural,Married,Branch,Basic,Personal,Two-Door Car,Midsize,70.0,33.0,1164.28,2818.31
SE62920,California,Bachelor,Employed,Male,63909.0,Rural,Married,Branch,Basic,Personal,SUV,Midsize,112.0,24.0,1206.91,8836.03
SE64365,California,High School,Employed,Male,35830.0,Suburban,Married,Agent,Premium,Corporate,Four-Door Car,Small,118.0,4.0,1597.26,4674.71
SE72928,California,Master,Employed,Male,37722.0,Rural,Single,Agent,Basic,Personal,Sports Car,Midsize,116.0,8.0,1158.08,9075.77
SE76116,California,Bachelor,Employed,Male,81410.0,Rural,Divorced,Branch,Basic,Personal,SUV,Midsize,119.0,8.0,1221.19,9567.71
SE86346,Nevada,Associate,Employed,Female,58467.0,Suburban,Married,Web,Basic,Corporate,Four-Door Car,Small,65.0,30.0,1452.92,7771.02
SF11920,Arizona,Associate,Employed,Female,39507.0,Urban,Married,Web,Basic,Corporate,Two-Door Car,Midsize,70.0,32.0,1283.74,5607.25
SF15712,Oregon,High School,Employed,Male,51833.0,Rural,Divorced,Agent,Extended,Personal,Four-Door Car,Midsize,99.0,1.0,1190.51,3903.8
SF25048,California,Associate,Employed,Male,50825.0,Urban,Married,Agent,Basic,Personal,SUV,Midsize,102.0,3.0,1369.6100000000001,8092.88
SF29524,Oregon,Doctoral,Retired,Male,19186.0,Suburban,Divorced,Branch,Basic,Personal,Four-Door Car,Small,62.0,10.0,1297.6,4518.78
SF29724,California,Bachelor,Employed,Female,31535.0,Rural,Single,Branch,Basic,Personal,Four-Door Car,Midsize,70.0,27.0,1090.53,2713.37
SF30642,California,High School,Employed,Male,49706.0,Suburban,Married,Call Center,Basic,Personal,SUV,Midsize,113.0,13.0,1617.52,8996.77
SF32458,California,Doctoral,Medical Leave,Male,12608.0,Urban,Married,Agent,Basic,Personal,Four-Door Car,Midsize,66.0,23.0,1214.87,4991.47
SF38922,Oregon,Associate,Employed,Male,33760.0,Rural,Married,Branch,Basic,Personal,SUV,Midsize,102.0,24.0,1123.49,11944.4
SF46129,California,High School,Employed,Male,66267.0,Suburban,Married,Web,Premium,Personal,Four-Door Car,Small,111.0,23.0,2093.71,8986.61
SF57173,Oregon,Master,Employed,Male,84394.0,Suburban,Married,Agent,Basic,Personal,SUV,Midsize,114.0,9.0,1691.4099999999999,4601.63
SF86727,Nevada,Master,Employed,Male,25180.0,Urban,Married,Branch,Basic,Personal,Four-Door Car,Midsize,70.0,21.0,1235.9,5580.96
SG32258,Arizona,Associate,Medical Leave,Female,18944.0,Rural,Married,Call Center,Basic,Personal,Four-Door Car,Midsize,63.0,20.0,1125.27,2416.54
SG51792,Arizona,Bachelor,Employed,Female,75277.0,Suburban,Married,Agent,Basic,Corporate,Two-Door Car,Midsize,70.0,2.0,1459.74,2753.16
SG52649,Washington,High School,Retired,Male,19683.0,Suburban,Married,Web,Basic,Corporate,Sports Car,Midsize,117.0,17.0,1561.6,8382.63
SG54382,Arizona,Bachelor,Employed,Male,25964.0,Suburban,Married,Branch,Extended,Corporate,Four-Door Car,Midsize,76.0,21.0,1364.8,8646.55
SG59507,California,Associate,Employed,Female,38222.0,Rural,Divorced,Call Center,Basic,Personal,Four-Door Car,Midsize,71.0,6.0,1166.79,2775.67
SG62327,Nevada,High School,Employed,Male,30622.0,Suburban,Married,Agent,Basic,Corporate,Four-Door Car,Small,68.0,22.0,1326.4,8111.65
SG66076,Arizona,Bachelor,Disabled,Male,16097.0,Suburban,Single,Branch,Extended,Personal,Sports Car,Midsize,139.0,7.0,2000.8,10056.51
SG73822,California,Bachelor,Employed,Female,99517.0,Rural,Divorced,Agent,Premium,Personal,Four-Door Car,Midsize,109.0,2.0,1239.91,8743.85
SG81493,Arizona,Bachelor,Employed,Male,46384.0,Rural,Married,Web,Premium,Corporate,Four-Door Car,Midsize,113.0,33.0,1251.77,4443.74
SG82836,Oregon,High School,Employed,Male,47412.0,Suburban,Married,Branch,Extended,Personal,Two-Door Car,Small,81.0,10.0,1421.82,6439.78
SG86615,Oregon,High School,Employed,Male,40260.0,Urban,Married,Web,Basic,Personal,Four-Door Car,Midsize,73.0,20.0,1299.51,14558.42
SH12501,Washington,High School,Employed,Male,43412.0,Suburban,Married,Agent,Extended,Personal,Two-Door Car,Midsize,94.0,33.0,1509.72,3768.09
SH36774,California,High School,Employed,Male,28262.0,Suburban,Single,Web,Basic,Personal,Luxury SUV,Midsize,192.0,9.0,1921.6,15023.6
SH48087,California,Associate,Medical Leave,Female,27231.0,Suburban,Married,Branch,Extended,Personal,Four-Door Car,Midsize,88.0,0.0,1422.4,10144.31
SH51981,Washington,Associate,Employed,Male,70301.0,Suburban,Divorced,Agent,Basic,Personal,Four-Door Car,Small,67.0,7.0,1328.94,5246.06
SH55598,Arizona,High School,Employed,Female,23120.0,Suburban,Married,Agent,Extended,Personal,Four-Door Car,Midsize,93.0,5.0,1446.4,3703.44
SH60585,Nevada,High School,Employed,Female,65538.0,Urban,Married,Web,Basic,Personal,Four-Door Car,Small,72.0,24.0,1261.34,5799.06
SH74080,Oregon,Associate,Retired,Female,21073.0,Suburban,Divorced,Agent,Basic,Personal,SUV,Small,106.0,25.0,1508.8,7805.31
SH75038,California,Bachelor,Employed,Female,88723.0,Suburban,Divorced,Agent,Basic,Personal,Two-Door Car,Midsize,74.0,12.0,1355.2,5981.38
SH85263,California,Bachelor,Employed,Male,77642.0,Urban,Married,Branch,Basic,Personal,Two-Door Car,Large,64.0,20.0,1282.15,7710.91
SH93005,California,Associate,Retired,Male,13528.0,Suburban,Single,Agent,Extended,Personal,Four-Door Car,Midsize,86.0,21.0,1412.8,6005.85
SI11249,California,High School,Employed,Female,29401.0,Suburban,Single,Branch,Basic,Personal,Four-Door Car,Small,65.0,30.0,1312.0,5048.23
SI13406,Arizona,High School,Employed,Female,32714.0,Suburban,Married,Agent,Extended,Personal,Four-Door Car,Midsize,87.0,35.0,1513.04,3469.84
SI20178,California,High School,Employed,Male,80892.0,Suburban,Married,Branch,Basic,Personal,SUV,Midsize,110.0,15.0,1528.0,4425.91
SI30451,Arizona,Associate,Employed,Female,30009.0,Urban,Married,Agent,Basic,Personal,Four-Door Car,Midsize,68.0,28.0,1317.43,2718.38
SI31035,Arizona,Doctoral,Employed,Male,59601.0,Suburban,Married,Branch,Basic,Personal,Four-Door Car,Midsize,67.0,28.0,1321.6,5368.89
SI31236,Oregon,Bachelor,Employed,Male,70200.0,Suburban,Divorced,Agent,Basic,Corporate,Four-Door Car,Midsize,65.0,25.0,1312.0,10171.34
SI32097,Oregon,Bachelor,Employed,Female,30814.0,Suburban,Married,Branch,Extended,Personal,Four-Door Car,Midsize,87.0,8.0,1417.6,6889.62
SI35064,Washington,Bachelor,Employed,Female,74583.0,Rural,Married,Agent,Basic,Personal,SUV,Midsize,118.0,31.0,1161.21,9521.68
SI48717,Oregon,Associate,Employed,Male,70600.0,Suburban,Divorced,Call Center,Extended,Personal,SUV,Midsize,122.0,26.0,1636.98,14435.66
SI58884,California,Associate,Retired,Male,17220.0,Suburban,Married,Web,Basic,Personal,SUV,Large,105.0,10.0,1504.0,3985.32
SI60881,Oregon,Bachelor,Employed,Female,26351.0,Suburban,Divorced,Branch,Basic,Personal,SUV,Midsize,119.0,14.0,1571.2,9217.98
SI88726,California,Associate,Employed,Female,38898.0,Suburban,Divorced,Agent,Basic,Corporate,SUV,Small,117.0,26.0,1561.6,9100.79
SI90461,Washington,High School,Employed,Female,93489.0,Rural,Divorced,Agent,Extended,Corporate,Four-Door Car,Midsize,84.0,16.0,1104.28,3372.42
SJ15498,Oregon,Bachelor,Employed,Female,26313.0,Suburban,Single,Agent,Extended,Corporate,Two-Door Car,Midsize,87.0,6.0,1417.6,6852.36
SJ16410,Arizona,Bachelor,Employed,Male,41458.0,Rural,Single,Agent,Extended,Personal,Four-Door Car,Midsize,98.0,6.0,1191.1,7532.26
SJ24275,Nevada,Associate,Employed,Female,37313.0,Urban,Single,Branch,Basic,Personal,Four-Door Car,Midsize,62.0,34.0,1246.58,4803.24
SJ42058,Oregon,High School,Employed,Female,73268.0,Rural,Married,Agent,Extended,Personal,Four-Door Car,Midsize,84.0,18.0,1093.62,3387.2
SJ74501,Arizona,Bachelor,Employed,Female,26608.0,Urban,Married,Agent,Basic,Personal,Two-Door Car,Midsize,73.0,12.0,1234.23,5866.42
SJ87108,Arizona,Bachelor,Retired,Female,23904.0,Suburban,Single,Agent,Extended,Corporate,SUV,Midsize,123.0,1.0,1590.4,4334.06
SJ88799,Washington,High School,Employed,Male,92539.0,Suburban,Single,Agent,Premium,Personal,Four-Door Car,Midsize,101.0,2.0,1707.4099999999999,3980.84
SJ95423,Arizona,High School,Employed,Male,99845.0,Suburban,Married,Branch,Basic,Corporate,SUV,Midsize,110.0,23.0,1528.0,8819.02
SK32629,California,Associate,Retired,Female,12902.0,Suburban,Divorced,Agent,Extended,Personal,Sports Car,Midsize,139.0,3.0,1667.2,4904.89
SK46419,California,High School,Employed,Male,96443.0,Suburban,Single,Branch,Basic,Personal,SUV,Midsize,102.0,1.0,1489.6,4072.85
SK47066,Washington,Associate,Employed,Male,72297.0,Rural,Married,Agent,Extended,Personal,Four-Door Car,Midsize,87.0,17.0,1109.54,10492.97
SK55033,California,Bachelor,Employed,Female,92711.0,Suburban,Single,Agent,Basic,Personal,Two-Door Car,Midsize,62.0,24.0,1368.4,2469.78
SK58227,California,High School,Employed,Female,52583.0,Urban,Single,Agent,Basic,Personal,SUV,Small,113.0,12.0,1528.2,8879.79
SK65854,Nevada,Associate,Employed,Female,29730.0,Suburban,Married,Branch,Basic,Personal,Four-Door Car,Midsize,72.0,1.0,1463.21,5728.58
SK66747,Washington,Bachelor,Employed,Male,33481.0,Suburban,Single,Agent,Basic,Personal,Luxury SUV,Midsize,188.0,28.0,2194.8900000000003,66025.75
SK69036,California,Bachelor,Employed,Male,25708.0,Suburban,Divorced,Branch,Premium,Personal,Four-Door Car,Small,118.0,21.0,1566.4,13780.49
SK79760,Washington,Bachelor,Medical Leave,Male,15340.0,Suburban,Divorced,Branch,Extended,Corporate,SUV,Midsize,121.0,12.0,1686.5,13755.54
SK93727,Washington,High School,Employed,Female,36121.0,Suburban,Married,Call Center,Premium,Personal,Four-Door Car,Small,118.0,7.0,2107.15,9470.27
SK97780,California,Bachelor,Medical Leave,Female,15752.0,Urban,Married,Branch,Extended,Corporate,Two-Door Car,Large,90.0,27.0,1339.34,10110.78
SL22297,California,Master,Disabled,Female,27679.0,Suburban,Single,Call Center,Premium,Personal,SUV,Midsize,150.0,30.0,1722.49,11140.3
SL35268,Arizona,Associate,Employed,Male,30855.0,Urban,Married,Web,Basic,Corporate,Four-Door Car,Midsize,68.0,7.0,1259.06,5453.86
SL70257,Nevada,Associate,Employed,Female,77156.0,Suburban,Divorced,Branch,Basic,Personal,Four-Door Car,Small,73.0,30.0,1445.82,5872.96
SL70555,California,Bachelor,Employed,Male,69114.0,Rural,Divorced,Agent,Basic,Personal,SUV,Midsize,103.0,9.0,1162.2,8184.59
SL71998,Oregon,Associate,Employed,Male,63223.0,Suburban,Married,Web,Basic,Personal,Two-Door Car,Small,71.0,3.0,1397.62,2797.76
SM10254,Oregon,Bachelor,Medical Leave,Female,13037.0,Suburban,Married,Agent,Extended,Personal,SUV,Small,124.0,28.0,1839.35,4726.87
SM42728,California,Associate,Employed,Male,34455.0,Suburban,Married,Call Center,Extended,Personal,SUV,Midsize,135.0,8.0,1648.0,15925.06
SM52139,Washington,Associate,Employed,Male,33663.0,Suburban,Married,Web,Basic,Personal,Four-Door Car,Midsize,73.0,29.0,1350.4,2930.69
SM52948,Nevada,Bachelor,Employed,Female,57107.0,Suburban,Married,Branch,Basic,Personal,SUV,Small,110.0,27.0,1528.0,8707.62
SM58898,California,High School,Employed,Female,85378.0,Suburban,Married,Call Center,Basic,Corporate,SUV,Midsize,107.0,7.0,1513.6,17223.89
SM62247,Nevada,High School,Employed,Female,68297.0,Suburban,Single,Call Center,Extended,Corporate,Luxury Car,Midsize,212.0,6.0,2272.49,24543.2
SM67119,California,Associate,Disabled,Female,16139.0,Suburban,Married,Branch,Basic,Personal,Four-Door Car,Large,62.0,19.0,1297.6,7123.69
SM80235,Oregon,High School,Employed,Male,62302.0,Suburban,Single,Call Center,Basic,Personal,Four-Door Car,Small,70.0,7.0,1504.0,2746.92
SM87252,California,Associate,Employed,Male,77498.0,Urban,Single,Branch,Basic,Personal,Two-Door Car,Midsize,74.0,17.0,1249.15,5843.61
SM88270,California,High School,Employed,Male,68906.0,Suburban,Married,Web,Premium,Personal,Sports Car,Midsize,187.0,12.0,2053.3,30118.66
SN16059,California,Master,Employed,Female,29305.0,Suburban,Married,Web,Basic,Personal,Four-Door Car,Small,66.0,1.0,1475.2,2641.45
SN21895,Arizona,Bachelor,Medical Leave,Female,13088.0,Suburban,Married,Agent,Extended,Personal,Four-Door Car,Small,82.0,29.0,1393.6,6411.12
SN23932,Arizona,Master,Employed,Male,60244.0,Urban,Married,Agent,Extended,Personal,Four-Door Car,Midsize,83.0,3.0,1326.28,3238.0
SN26999,Oregon,High School,Employed,Female,98542.0,Suburban,Single,Agent,Extended,Personal,Two-Door Car,Small,90.0,1.0,1432.0,10925.82
SN36487,Arizona,Associate,Employed,Female,78358.0,Suburban,Married,Agent,Extended,Corporate,SUV,Midsize,128.0,6.0,1614.4,10307.65
SN49269,Oregon,High School,Employed,Male,72353.0,Suburban,Divorced,Web,Basic,Personal,Two-Door Car,Small,66.0,27.0,1316.8,7812.89
SN53710,Washington,High School,Employed,Male,80101.0,Suburban,Single,Call Center,Extended,Personal,Four-Door Car,Midsize,79.0,16.0,1442.92,6245.44
SN58128,Oregon,Associate,Employed,Female,34948.0,Urban,Married,Branch,Extended,Personal,SUV,Small,130.0,20.0,1443.79,10396.53
SN63066,Nevada,Bachelor,Employed,Female,28204.0,Urban,Married,Branch,Basic,Personal,Luxury Car,Midsize,182.0,30.0,1532.0900000000001,7154.09
SN67992,Washington,Bachelor,Medical Leave,Female,25236.0,Suburban,Divorced,Call Center,Extended,Personal,Four-Door Car,Midsize,89.0,2.0,1427.2,3449.49
SN69015,California,Associate,Employed,Male,23797.0,Suburban,Married,Web,Extended,Personal,Four-Door Car,Midsize,81.0,10.0,1388.8,6371.32
SO18542,Oregon,Bachelor,Employed,Female,33409.0,Suburban,Married,Agent,Basic,Personal,SUV,Midsize,105.0,4.0,1553.55,8370.57
SO38188,Oregon,Bachelor,Employed,Male,40178.0,Suburban,Married,Agent,Extended,Special,SUV,Midsize,136.0,7.0,1652.8,5308.62
SO40738,California,High School,Employed,Female,99189.0,Rural,Single,Web,Basic,Corporate,SUV,Midsize,117.0,27.0,1075.3,9406.38
SO42230,California,Master,Medical Leave,Female,22490.0,Rural,Married,Agent,Extended,Personal,Two-Door Car,Large,90.0,8.0,1088.77,7126.26
SO43919,California,Bachelor,Employed,Male,31650.0,Suburban,Married,Branch,Extended,Personal,SUV,Midsize,121.0,25.0,1580.8,14228.23
SO47345,Arizona,Master,Employed,Female,56410.0,Urban,Married,Agent,Basic,Personal,SUV,Midsize,117.0,13.0,1524.0,9403.88
SO54368,Oregon,Associate,Employed,Male,58089.0,Suburban,Married,Agent,Basic,Personal,SUV,Midsize,118.0,31.0,1566.4,4686.47
SO55284,Nevada,High School,Employed,Female,64125.0,Urban,Married,Branch,Basic,Personal,SUV,Large,108.0,3.0,1369.82,8646.5
SO57563,Arizona,Associate,Employed,Male,54878.0,Rural,Married,Call Center,Extended,Personal,Four-Door Car,Midsize,96.0,5.0,1204.95,7381.91
SO95845,California,Associate,Employed,Female,62447.0,Rural,Single,Call Center,Basic,Personal,Two-Door Car,Midsize,74.0,9.0,1133.98,5807.66
SP56326,Arizona,High School,Medical Leave,Female,12195.0,Suburban,Divorced,Branch,Premium,Personal,Four-Door Car,Midsize,101.0,29.0,1670.58,7453.0
SP58110,California,Bachelor,Employed,Female,61469.0,Suburban,Married,Branch,Basic,Personal,Four-Door Car,Small,63.0,16.0,1302.4,4923.18
SP80065,California,High School,Employed,Female,40032.0,Suburban,Married,Agent,Extended,Special,Four-Door Car,Midsize,99.0,18.0,1475.2,7899.22
SP85148,California,Master,Employed,Female,43811.0,Suburban,Married,Web,Basic,Personal,Sports Car,Small,117.0,24.0,1571.1399999999999,9429.63
SP93911,California,High School,Employed,Female,86721.0,Urban,Divorced,Agent,Premium,Corporate,Two-Door Car,Midsize,110.0,20.0,1372.59,8828.93
SP94430,California,Bachelor,Employed,Female,53330.0,Urban,Single,Agent,Basic,Personal,Four-Door Car,Midsize,65.0,8.0,1224.09,7651.1
SQ14756,California,Master,Employed,Male,49008.0,Suburban,Married,Branch,Basic,Personal,Four-Door Car,Midsize,61.0,11.0,1292.8,2424.69
SQ18525,Arizona,Associate,Employed,Female,26023.0,Rural,Married,Branch,Basic,Personal,Four-Door Car,Midsize,72.0,26.0,1079.46,8457.46
SQ19467,Oregon,Associate,Disabled,Female,25222.0,Suburban,Single,Agent,Extended,Personal,Four-Door Car,Small,90.0,28.0,1475.62,6554.22
SQ35375,Oregon,Doctoral,Employed,Female,22241.0,Suburban,Married,Web,Basic,Personal,Four-Door Car,Midsize,63.0,1.0,1343.16,5054.33
SQ36805,Oregon,Doctoral,Disabled,Female,21986.0,Suburban,Divorced,Branch,Basic,Personal,Two-Door Car,Midsize,63.0,1.0,1333.7,2395.57
SQ37580,Arizona,Bachelor,Employed,Female,64964.0,Urban,Single,Call Center,Basic,Personal,Four-Door Car,Midsize,66.0,9.0,1286.97,5219.89
SQ53118,California,Associate,Employed,Male,22355.0,Suburban,Married,Branch,Basic,Personal,Four-Door Car,Midsize,71.0,27.0,1340.8,7873.71
SQ60915,Arizona,High School,Employed,Male,35970.0,Suburban,Divorced,Call Center,Extended,Corporate,Four-Door Car,Large,98.0,29.0,1470.4,3895.96
SQ70457,Oregon,Bachelor,Employed,Male,44719.0,Suburban,Single,Branch,Basic,Personal,Four-Door Car,Midsize,66.0,6.0,1316.8,23331.83
SR24177,Nevada,Bachelor,Employed,Male,31725.0,Rural,Single,Agent,Extended,Personal,Two-Door Car,Midsize,76.0,31.0,1177.23,5763.27
SR26762,California,Bachelor,Employed,Female,34837.0,Rural,Married,Agent,Basic,Personal,Four-Door Car,Midsize,63.0,32.0,1072.83,7663.51
SR30440,California,Associate,Employed,Female,43383.0,Suburban,Married,Branch,Basic,Personal,SUV,Midsize,109.0,7.0,1757.5900000000001,8649.18
SR38658,Arizona,High School,Employed,Male,43244.0,Suburban,Married,Agent,Basic,Personal,Sports Car,Midsize,103.0,15.0,1494.4,12231.88
SR47878,California,High School,Employed,Female,74454.0,Suburban,Single,Call Center,Basic,Personal,Four-Door Car,Midsize,71.0,25.0,1340.8,5595.39
SR49919,Arizona,Bachelor,Employed,Female,72540.0,Suburban,Married,Call Center,Extended,Personal,Two-Door Car,Midsize,88.0,7.0,1631.74,10656.88
SR53077,Nevada,High School,Employed,Female,57231.0,Urban,Married,Branch,Basic,Personal,Four-Door Car,Midsize,65.0,35.0,1305.12,2601.81
SR71068,Washington,High School,Employed,Male,25927.0,Suburban,Single,Web,Basic,Personal,SUV,Midsize,103.0,6.0,1674.97,3933.81
SS20130,Oregon,Bachelor,Employed,Female,67414.0,Rural,Married,Branch,Basic,Personal,Four-Door Car,Midsize,68.0,7.0,1148.78,5424.26
SS28002,Arizona,High School,Employed,Female,95284.0,Urban,Married,Call Center,Basic,Personal,Four-Door Car,Midsize,69.0,6.0,1327.65,5603.74
SS34897,California,Bachelor,Employed,Male,63546.0,Rural,Married,Call Center,Basic,Personal,Four-Door Car,Midsize,64.0,1.0,1131.81,2541.52
SS48498,Washington,Associate,Employed,Female,20836.0,Rural,Married,Branch,Extended,Corporate,Four-Door Car,Midsize,79.0,25.0,1193.57,6273.17
SS54050,California,Bachelor,Employed,Male,44901.0,Suburban,Married,Branch,Basic,Personal,Four-Door Car,Small,70.0,15.0,1460.81,16005.51
SS63511,California,High School,Employed,Male,95697.0,Rural,Married,Agent,Basic,Corporate,Sports Car,Midsize,107.0,29.0,1178.01,8564.77
SS69401,Oregon,Associate,Employed,Female,23449.0,Suburban,Married,Web,Basic,Corporate,Four-Door Car,Midsize,61.0,33.0,1292.8,4841.06
SS90882,Oregon,Associate,Employed,Female,66795.0,Urban,Married,Web,Basic,Personal,Four-Door Car,Midsize,64.0,14.0,1238.03,7680.75
SS95187,Arizona,Bachelor,Employed,Male,40794.0,Urban,Divorced,Branch,Extended,Personal,Four-Door Car,Midsize,87.0,6.0,1334.45,3343.93
ST27958,Washington,Associate,Retired,Male,10621.0,Suburban,Single,Agent,Basic,Personal,Four-Door Car,Midsize,67.0,28.0,1321.6,4386.28
ST31207,California,Bachelor,Employed,Female,25134.0,Suburban,Married,Call Center,Basic,Personal,Four-Door Car,Small,67.0,3.0,1321.6,5318.9
ST43550,Oregon,Bachelor,Employed,Male,99934.0,Suburban,Married,Web,Basic,Special,Four-Door Car,Midsize,71.0,9.0,1460.32,5727.33
ST43920,Arizona,Doctoral,Disabled,Female,21986.0,Suburban,Divorced,Branch,Basic,Personal,Two-Door Car,Midsize,63.0,1.0,1333.7,2395.57
ST52914,Arizona,Associate,Employed,Male,25899.0,Suburban,Divorced,Branch,Extended,Personal,Two-Door Car,Midsize,79.0,10.0,1568.8,6042.91
ST65635,Arizona,Associate,Retired,Female,14030.0,Suburban,Married,Branch,Basic,Corporate,Two-Door Car,Large,72.0,11.0,1345.6,2719.51
SU31072,Washington,Bachelor,Employed,Male,85756.0,Rural,Divorced,Branch,Basic,Personal,Four-Door Car,Midsize,61.0,18.0,1117.04,4821.16
SU44811,Oregon,High School,Employed,Female,42406.0,Rural,Married,Call Center,Extended,Corporate,Four-Door Car,Midsize,77.0,15.0,1108.87,3055.7
SU56153,Nevada,Bachelor,Employed,Male,63568.0,Suburban,Married,Agent,Basic,Corporate,Two-Door Car,Midsize,65.0,19.0,1390.79,7776.84
SU71163,Arizona,Associate,Employed,Male,59855.0,Suburban,Married,Branch,Basic,Personal,Two-Door Car,Midsize,74.0,30.0,1355.2,2771.66
SU86402,Arizona,High School,Disabled,Female,25876.0,Suburban,Married,Branch,Extended,Personal,Two-Door Car,Midsize,83.0,29.0,1398.4,6568.76
SV15363,California,High School,Employed,Male,44368.0,Suburban,Married,Call Center,Extended,Personal,Two-Door Car,Large,80.0,5.0,1384.0,6366.23
SV28347,California,High School,Employed,Male,32607.0,Suburban,Single,Branch,Basic,Corporate,SUV,Midsize,111.0,27.0,1532.8,8485.33
SV34223,California,Associate,Employed,Female,58317.0,Suburban,Married,Call Center,Basic,Personal,Four-Door Car,Midsize,73.0,0.0,1350.4,20477.11
SV38190,Nevada,Bachelor,Employed,Female,30689.0,Suburban,Married,Branch,Extended,Personal,Four-Door Car,Midsize,81.0,23.0,1467.25,6481.53
SV43220,Oregon,Associate,Employed,Male,37256.0,Rural,Married,Branch,Basic,Personal,Four-Door Car,Midsize,62.0,15.0,1128.97,9816.53
SV50502,Oregon,Master,Employed,Female,79189.0,Suburban,Married,Branch,Basic,Corporate,Four-Door Car,Midsize,69.0,6.0,1331.2,5595.84
SV51174,Oregon,Master,Employed,Male,28935.0,Rural,Married,Agent,Extended,Personal,Two-Door Car,Midsize,87.0,24.0,1119.63,20631.15
SV58690,California,Bachelor,Employed,Male,41853.0,Rural,Single,Agent,Basic,Personal,Two-Door Car,Midsize,71.0,17.0,1155.51,5555.56
SV62436,Washington,Bachelor,Disabled,Female,13789.0,Suburban,Divorced,Call Center,Extended,Personal,Four-Door Car,Midsize,79.0,8.0,1379.2,3041.79
SV68939,Arizona,Master,Employed,Female,33157.0,Rural,Married,Agent,Extended,Personal,SUV,Midsize,124.0,28.0,1286.0,9988.79
SV85652,Arizona,Associate,Employed,Male,23158.0,Suburban,Married,Call Center,Basic,Personal,Four-Door Car,Small,63.0,4.0,1322.29,2454.58
SV94314,Arizona,Bachelor,Employed,Male,36898.0,Suburban,Married,Branch,Premium,Personal,SUV,Midsize,169.0,14.0,1811.2,13246.57
SW31412,Oregon,Associate,Employed,Female,41440.0,Suburban,Married,Agent,Basic,Personal,Four-Door Car,Small,62.0,20.0,1297.6,14808.06
SW42446,California,Associate,Employed,Female,42513.0,Urban,Married,Agent,Extended,Corporate,Sports Car,Small,133.0,0.0,1628.21,10581.28
SW55711,Oregon,High School,Disabled,Male,23540.0,Suburban,Married,Branch,Premium,Corporate,Two-Door Car,Midsize,103.0,30.0,1494.4,3815.32
SW69117,Oregon,Associate,Disabled,Male,27972.0,Urban,Married,Call Center,Extended,Corporate,Two-Door Car,Midsize,90.0,13.0,1240.32,6966.32
SW74846,Washington,Bachelor,Employed,Female,62473.0,Suburban,Married,Web,Basic,Personal,Luxury SUV,Midsize,185.0,25.0,2298.85,7414.44
SW79912,Oregon,Bachelor,Employed,Male,95854.0,Suburban,Married,Agent,Basic,Personal,Two-Door Car,Small,65.0,16.0,1312.0,2632.55
SW88021,California,Bachelor,Medical Leave,Female,12222.0,Suburban,Married,Agent,Basic,Corporate,Two-Door Car,Midsize,67.0,8.0,1321.6,2461.8
SW93780,Arizona,Master,Retired,Male,24182.0,Suburban,Divorced,Web,Basic,Personal,Four-Door Car,Large,66.0,12.0,1316.8,2398.74
SW94040,Oregon,Associate,Employed,Female,21326.0,Suburban,Divorced,Agent,Extended,Personal,Four-Door Car,Midsize,99.0,22.0,1632.77,7756.17
SW96063,Arizona,Bachelor,Employed,Female,78435.0,Urban,Divorced,Call Center,Extended,Personal,SUV,Midsize,130.0,11.0,1553.6100000000001,10479.9
SW98498,California,Associate,Employed,Male,88233.0,Urban,Single,Call Center,Extended,Personal,Four-Door Car,Midsize,88.0,32.0,1253.06,10439.5
SX18141,Arizona,High School,Employed,Female,50320.0,Urban,Married,Call Center,Basic,Personal,Four-Door Car,Midsize,73.0,24.0,1297.74,5846.52
SX20211,Oregon,Associate,Employed,Male,52548.0,Suburban,Married,Call Center,Premium,Personal,Four-Door Car,Midsize,101.0,10.0,1587.5,8110.31
SX25962,Arizona,Associate,Employed,Male,83283.0,Rural,Single,Branch,Basic,Personal,Luxury Car,Midsize,193.0,11.0,1273.7,15055.54
SX26335,Oregon,Associate,Employed,Female,97732.0,Urban,Married,Branch,Extended,Personal,Four-Door Car,Midsize,79.0,0.0,1289.91,9552.93
SX29898,California,Bachelor,Employed,Female,54751.0,Suburban,Married,Agent,Basic,Personal,SUV,Midsize,114.0,6.0,1721.24,9111.76
SX50964,Arizona,Bachelor,Employed,Female,83389.0,Urban,Married,Branch,Basic,Corporate,Two-Door Car,Small,65.0,5.0,1209.26,5224.33
SX63814,Arizona,High School,Employed,Male,75986.0,Rural,Married,Call Center,Premium,Personal,Four-Door Car,Midsize,115.0,11.0,1089.12,9312.59
SX65826,Arizona,Bachelor,Employed,Male,36431.0,Suburban,Married,Agent,Extended,Personal,Two-Door Car,Small,99.0,27.0,1513.25,11760.88
SX75100,Arizona,Bachelor,Employed,Male,79065.0,Urban,Married,Web,Basic,Corporate,Four-Door Car,Midsize,69.0,13.0,1290.8899999999999,2760.48
SX85653,Arizona,Doctoral,Employed,Female,85609.0,Suburban,Married,Agent,Extended,Personal,SUV,Midsize,136.0,22.0,1652.8,5522.52
SX95355,Oregon,Bachelor,Employed,Female,67511.0,Suburban,Married,Call Center,Basic,Personal,Four-Door Car,Small,73.0,3.0,1350.4,5849.49
SX98462,Oregon,Associate,Disabled,Male,16916.0,Suburban,Married,Agent,Basic,Personal,Four-Door Car,Midsize,64.0,31.0,1377.51,7155.34
SY17488,Arizona,Associate,Employed,Female,46623.0,Suburban,Divorced,Call Center,Extended,Corporate,Four-Door Car,Small,91.0,1.0,1436.8,7164.4
SY22123,California,Associate,Medical Leave,Female,29539.0,Suburban,Single,Agent,Extended,Personal,Four-Door Car,Midsize,85.0,20.0,1408.0,6300.44
SY28542,Nevada,Bachelor,Employed,Female,59940.0,Urban,Single,Web,Extended,Personal,Four-Door Car,Midsize,94.0,17.0,1303.1,7412.14
SY36127,California,Master,Employed,Female,33462.0,Rural,Married,Branch,Basic,Personal,Four-Door Car,Midsize,72.0,12.0,1112.43,2874.09
SY46862,Arizona,High School,Employed,Male,98917.0,Rural,Married,Agent,Extended,Corporate,Sports Car,Midsize,139.0,18.0,1336.6100000000001,5657.69
SY48471,California,High School,Employed,Female,88692.0,Urban,Married,Agent,Basic,Personal,Four-Door Car,Midsize,64.0,29.0,1253.19,5163.84
SY66568,Oregon,Associate,Employed,Female,55338.0,Suburban,Married,Branch,Premium,Corporate,Two-Door Car,Midsize,116.0,25.0,1556.8,9415.53
SY81273,Oregon,High School,Employed,Male,55269.0,Suburban,Divorced,Agent,Basic,Personal,Two-Door Car,Midsize,71.0,32.0,1340.8,16798.86
SY93381,California,Associate,Employed,Female,30694.0,Suburban,Married,Agent,Extended,Personal,Four-Door Car,Small,91.0,22.0,1436.8,3596.83
SZ16483,Arizona,High School,Employed,Female,79583.0,Suburban,Married,Agent,Premium,Personal,Four-Door Car,Midsize,109.0,12.0,1523.2,4361.37
SZ17657,Oregon,Associate,Employed,Female,67840.0,Rural,Married,Web,Basic,Personal,SUV,Small,112.0,34.0,1083.24,9012.92
SZ35936,Oregon,High School,Disabled,Female,18495.0,Suburban,Married,Branch,Basic,Corporate,SUV,Large,113.0,10.0,1542.4,26197.41
SZ37147,California,Bachelor,Employed,Male,41005.0,Suburban,Single,Branch,Basic,Personal,Four-Door Car,Midsize,70.0,22.0,1336.0,2719.85
SZ56338,Oregon,High School,Employed,Female,37995.0,Suburban,Married,Branch,Extended,Personal,SUV,Midsize,139.0,16.0,1667.2,5597.12
SZ60342,Arizona,Associate,Employed,Male,51071.0,Suburban,Married,Agent,Basic,Personal,Two-Door Car,Small,65.0,17.0,1312.0,5148.65
SZ61347,California,Associate,Employed,Male,76927.0,Rural,Married,Branch,Extended,Personal,SUV,Midsize,138.0,2.0,1114.74,5583.58
SZ61563,California,Bachelor,Employed,Male,70908.0,Urban,Divorced,Call Center,Extended,Personal,SUV,Midsize,132.0,0.0,1521.44,36632.53
SZ64974,Arizona,Doctoral,Employed,Male,77025.0,Suburban,Single,Agent,Basic,Personal,Two-Door Car,Midsize,64.0,18.0,1380.92,5104.35
SZ75668,Oregon,Associate,Employed,Male,44186.0,Urban,Married,Agent,Basic,Personal,Four-Door Car,Midsize,64.0,9.0,1295.05,7474.61
SZ86381,Oregon,Bachelor,Employed,Male,56587.0,Suburban,Divorced,Web,Basic,Personal,Four-Door Car,Midsize,65.0,4.0,1312.0,5112.57
SZ94413,California,High School,Employed,Male,30706.0,Urban,Married,Agent,Extended,Personal,Four-Door Car,Midsize,84.0,6.0,1225.65,3286.44
TA22923,Arizona,Master,Employed,Male,40463.0,Suburban,Married,Branch,Basic,Personal,Four-Door Car,Small,61.0,17.0,1292.8,4944.24
TA31436,California,Bachelor,Employed,Female,36737.0,Suburban,Married,Agent,Basic,Corporate,Sports Car,Large,102.0,13.0,1512.8600000000001,8132.7
TA34903,Oregon,High School,Employed,Male,81082.0,Urban,Married,Agent,Basic,Personal,Four-Door Car,Large,73.0,5.0,1281.3,5838.9
TA35356,California,Associate,Employed,Female,86054.0,Rural,Married,Branch,Extended,Personal,Luxury Car,Midsize,239.0,12.0,1115.17,9664.33
TA66375,Oregon,Bachelor,Employed,Female,51643.0,Suburban,Single,Agent,Premium,Corporate,Luxury Car,Midsize,283.0,16.0,2358.4,11009.13
TA75663,California,Master,Employed,Female,38702.0,Rural,Married,Web,Basic,Personal,SUV,Large,101.0,7.0,1253.3600000000001,8024.99
TA77711,Oregon,Associate,Employed,Male,31354.0,Suburban,Married,Branch,Basic,Personal,SUV,Small,109.0,11.0,1527.76,8667.09
TA82973,Oregon,High School,Employed,Female,28937.0,Rural,Divorced,Call Center,Basic,Personal,SUV,Midsize,104.0,28.0,1117.96,7858.11
TB17648,Arizona,Associate,Employed,Male,39718.0,Suburban,Married,Web,Basic,Personal,Four-Door Car,Midsize,65.0,1.0,1366.53,2515.41
TB31268,Arizona,Associate,Employed,Female,48990.0,Suburban,Married,Web,Basic,Personal,Four-Door Car,Midsize,74.0,3.0,1355.2,8804.54
TB46243,Arizona,High School,Employed,Male,88294.0,Urban,Married,Call Center,Basic,Personal,SUV,Small,108.0,0.0,1367.15,8693.65
TB53616,California,High School,Retired,Male,20228.0,Suburban,Divorced,Branch,Basic,Personal,SUV,Midsize,101.0,3.0,1523.8200000000002,10408.97
TB54645,Oregon,Bachelor,Disabled,Female,27369.0,Urban,Married,Call Center,Extended,Personal,Four-Door Car,Midsize,77.0,13.0,1331.94,3033.41
TC18240,Oregon,Associate,Employed,Male,67890.0,Urban,Married,Agent,Basic,Personal,Four-Door Car,Midsize,63.0,23.0,1174.09,5020.47
TC18805,Washington,Bachelor,Disabled,Male,13207.0,Urban,Married,Agent,Extended,Personal,SUV,Midsize,137.0,16.0,1392.92,9939.26
TC44716,California,Bachelor,Retired,Male,23909.0,Suburban,Single,Agent,Basic,Personal,SUV,Midsize,119.0,21.0,1571.2,21569.34
TC69546,Arizona,Associate,Employed,Male,70341.0,Rural,Married,Branch,Premium,Personal,SUV,Midsize,179.0,11.0,1253.51,14376.55
TC78849,Oregon,Bachelor,Employed,Male,24825.0,Rural,Married,Branch,Basic,Personal,Two-Door Car,Midsize,64.0,34.0,1155.94,2497.46
TC82133,Oregon,Bachelor,Employed,Male,66844.0,Rural,Married,Branch,Basic,Personal,Four-Door Car,Midsize,70.0,11.0,1104.98,5375.82
TC84427,Oregon,High School,Employed,Female,61080.0,Urban,Single,Call Center,Basic,Personal,Four-Door Car,Midsize,66.0,7.0,1294.28,5049.69
TC88451,Nevada,High School,Employed,Female,88055.0,Urban,Married,Call Center,Basic,Personal,Four-Door Car,Midsize,71.0,11.0,1337.73,5738.28
TC97762,California,High School,Employed,Female,52275.0,Suburban,Married,Branch,Basic,Corporate,Four-Door Car,Midsize,62.0,6.0,1374.24,4982.68
TC99043,California,Master,Disabled,Female,16181.0,Suburban,Divorced,Web,Premium,Personal,SUV,Midsize,181.0,22.0,2261.3199999999997,13736.13
TD19026,California,High School,Employed,Female,90083.0,Urban,Married,Agent,Basic,Personal,Two-Door Car,Midsize,71.0,23.0,1181.69,2861.72
TD20252,Arizona,Associate,Employed,Male,74092.0,Suburban,Married,Agent,Basic,Personal,Four-Door Car,Midsize,67.0,17.0,1321.6,5317.81
TD51026,Arizona,Bachelor,Medical Leave,Male,13154.0,Suburban,Married,Branch,Basic,Personal,SUV,Midsize,102.0,0.0,1489.6,7714.6
TD86744,Arizona,High School,Employed,Female,20090.0,Suburban,Married,Agent,Basic,Personal,Sports Car,Midsize,109.0,10.0,1523.2,34611.38
TD90177,Oregon,Associate,Employed,Male,37876.0,Urban,Single,Agent,Basic,Personal,Four-Door Car,Midsize,69.0,13.0,1300.06,2647.52
TD90906,Oregon,High School,Employed,Female,93715.0,Suburban,Married,Web,Basic,Personal,Four-Door Car,Small,74.0,12.0,1532.8,6044.02
TD97297,Oregon,Bachelor,Employed,Male,35456.0,Urban,Married,Agent,Basic,Personal,Sports Car,Midsize,109.0,14.0,1505.08,8545.61
TE11374,California,Bachelor,Disabled,Female,24982.0,Suburban,Married,Web,Basic,Personal,SUV,Midsize,109.0,20.0,1523.2,7613.05
TE31876,California,High School,Employed,Female,41004.0,Suburban,Married,Call Center,Basic,Personal,Sports Car,Large,102.0,15.0,1489.6,11814.53
TE35954,Arizona,Associate,Employed,Male,56342.0,Suburban,Single,Call Center,Basic,Personal,Four-Door Car,Small,69.0,12.0,1331.2,2674.73
TE44937,Oregon,High School,Disabled,Female,11432.0,Suburban,Married,Agent,Basic,Personal,SUV,Small,119.0,11.0,1571.2,13466.92
TE49565,Oregon,Associate,Disabled,Female,16552.0,Suburban,Married,Call Center,Basic,Personal,SUV,Small,103.0,23.0,1494.4,11833.77
TE60343,Oregon,High School,Employed,Male,25746.0,Suburban,Married,Agent,Basic,Corporate,Four-Door Car,Midsize,61.0,0.0,1292.8,4716.26
TF23305,Arizona,Associate,Employed,Female,51950.0,Suburban,Married,Web,Extended,Personal,Two-Door Car,Large,89.0,34.0,1429.17,3574.99
TF35512,Oregon,Associate,Employed,Female,48117.0,Suburban,Married,Agent,Extended,Corporate,Four-Door Car,Midsize,88.0,4.0,1422.4,7025.65
TF53472,Oregon,Bachelor,Employed,Female,41336.0,Urban,Divorced,Agent,Basic,Personal,Four-Door Car,Midsize,68.0,33.0,1263.09,5350.21
TF56202,California,Associate,Employed,Male,66367.0,Suburban,Divorced,Call Center,Basic,Personal,Two-Door Car,Small,64.0,6.0,1307.2,5032.17
TF64196,California,Associate,Employed,Female,75121.0,Rural,Married,Call Center,Basic,Corporate,Two-Door Car,Small,73.0,12.0,1171.23,5862.8
TF65501,California,High School,Employed,Female,37308.0,Suburban,Married,Web,Basic,Personal,SUV,Midsize,115.0,2.0,1552.0,4601.91
TF67147,Oregon,Bachelor,Retired,Female,24910.0,Suburban,Single,Branch,Basic,Personal,Four-Door Car,Midsize,63.0,7.0,1347.8600000000001,2248.45
TF68928,Arizona,Bachelor,Disabled,Male,10517.0,Urban,Single,Agent,Extended,Personal,Four-Door Car,Midsize,92.0,14.0,1441.54,6575.54
TF77410,Arizona,Associate,Employed,Male,74730.0,Suburban,Single,Branch,Basic,Personal,Four-Door Car,Small,61.0,18.0,1421.24,4819.18
TF80571,California,High School,Employed,Male,28792.0,Suburban,Single,Web,Premium,Corporate,Sports Car,Small,185.0,34.0,2166.6,6612.62
TF82172,Arizona,Associate,Medical Leave,Male,10074.0,Rural,Married,Web,Basic,Corporate,SUV,Midsize,107.0,33.0,1109.0,4016.13
TG36139,California,High School,Disabled,Female,21720.0,Suburban,Single,Branch,Extended,Corporate,SUV,Midsize,128.0,5.0,1837.9099999999999,4679.98
TG37225,California,Associate,Retired,Male,26802.0,Suburban,Married,Agent,Basic,Personal,Two-Door Car,Midsize,66.0,7.0,1316.8,4636.55
TG37259,California,Master,Employed,Male,28989.0,Suburban,Married,Call Center,Extended,Personal,Four-Door Car,Midsize,85.0,12.0,1408.0,3373.87
TG40558,Oregon,High School,Employed,Male,60969.0,Rural,Married,Web,Basic,Corporate,Four-Door Car,Midsize,61.0,9.0,1146.12,7258.99
TG68823,Arizona,Bachelor,Employed,Female,25134.0,Suburban,Married,Call Center,Basic,Personal,Four-Door Car,Small,67.0,3.0,1321.6,5318.9
TG69238,Oregon,Bachelor,Employed,Female,72845.0,Urban,Married,Call Center,Basic,Personal,SUV,Small,108.0,13.0,1463.0,13158.37
TG70775,California,High School,Employed,Female,92766.0,Suburban,Married,Agent,Basic,Personal,Two-Door Car,Large,71.0,17.0,1379.03,20096.89
TG75223,California,Bachelor,Retired,Male,21004.0,Suburban,Single,Call Center,Basic,Personal,Two-Door Car,Midsize,62.0,27.0,1297.6,4312.87
TG97744,Oregon,Bachelor,Employed,Female,25820.0,Suburban,Divorced,Agent,Extended,Corporate,Four-Door Car,Midsize,82.0,10.0,1393.6,3265.16
TH59993,California,Associate,Employed,Female,40982.0,Rural,Married,Web,Basic,Corporate,Four-Door Car,Midsize,62.0,6.0,1106.67,2464.51
TH67541,Arizona,High School,Medical Leave,Female,16171.0,Urban,Married,Agent,Basic,Corporate,Four-Door Car,Midsize,74.0,8.0,1311.0,5652.72
TH68648,California,Associate,Employed,Male,85522.0,Urban,Married,Branch,Basic,Personal,Four-Door Car,Midsize,64.0,1.0,1165.0,5126.84
TH69908,Washington,Associate,Employed,Female,27228.0,Rural,Married,Branch,Extended,Personal,Sports Car,Midsize,129.0,19.0,1238.26,4865.37
TH70115,California,Associate,Employed,Male,34835.0,Urban,Married,Agent,Extended,Personal,Two-Door Car,Midsize,89.0,1.0,1294.69,6981.08
TH72397,California,Bachelor,Employed,Male,50562.0,Suburban,Married,Call Center,Extended,Personal,Four-Door Car,Midsize,79.0,19.0,1545.01,6279.82
TH72420,Oregon,Doctoral,Employed,Male,25752.0,Suburban,Married,Agent,Basic,Personal,Two-Door Car,Small,73.0,28.0,1378.26,8720.46
TH96263,Nevada,High School,Employed,Female,73661.0,Urban,Married,Call Center,Extended,Personal,SUV,Midsize,128.0,34.0,1404.33,10280.81
TI14001,California,Associate,Employed,Male,60920.0,Urban,Single,Agent,Basic,Corporate,Two-Door Car,Midsize,64.0,10.0,1231.2,7507.46
TI19394,Oregon,Associate,Employed,Male,80714.0,Suburban,Married,Web,Basic,Personal,Four-Door Car,Small,72.0,18.0,1345.6,2918.58
TI19722,Washington,Doctoral,Employed,Male,30817.0,Rural,Divorced,Branch,Extended,Corporate,Four-Door Car,Midsize,88.0,25.0,1091.83,3436.13
TI48450,California,Associate,Employed,Male,23916.0,Suburban,Married,Call Center,Basic,Corporate,Two-Door Car,Midsize,68.0,33.0,1481.1100000000001,7948.54
TI58610,Arizona,Master,Employed,Female,51199.0,Suburban,Divorced,Branch,Basic,Corporate,Four-Door Car,Small,74.0,19.0,1355.2,2996.89
TI61458,California,Bachelor,Employed,Female,33806.0,Urban,Divorced,Web,Extended,Personal,Four-Door Car,Midsize,89.0,32.0,1395.73,27789.69
TI90592,California,Associate,Employed,Male,61568.0,Urban,Married,Agent,Extended,Corporate,Four-Door Car,Midsize,93.0,3.0,1240.82,7430.35
TI92884,Arizona,Bachelor,Employed,Male,61844.0,Suburban,Divorced,Call Center,Basic,Personal,Sports Car,Small,106.0,19.0,1508.8,12622.83
TJ20375,Arizona,High School,Employed,Female,34095.0,Suburban,Married,Web,Basic,Personal,Two-Door Car,Midsize,63.0,5.0,1302.4,7615.38
TJ30081,Arizona,Bachelor,Employed,Male,44428.0,Suburban,Single,Call Center,Basic,Personal,SUV,Midsize,104.0,17.0,1499.2,12036.62
TJ30354,Oregon,Bachelor,Employed,Female,22627.0,Suburban,Married,Agent,Basic,Personal,Four-Door Car,Midsize,67.0,19.0,1321.6,5285.31
TJ32609,California,High School,Employed,Male,23860.0,Suburban,Married,Call Center,Basic,Personal,SUV,Small,114.0,25.0,1547.2,8925.63
TJ46491,Oregon,Associate,Employed,Female,22946.0,Suburban,Married,Agent,Extended,Personal,Four-Door Car,Large,76.0,18.0,1377.35,5980.85
TJ51874,Washington,High School,Medical Leave,Male,13908.0,Suburban,Married,Web,Basic,Corporate,SUV,Midsize,116.0,12.0,1804.13,8558.04
TJ58873,Oregon,High School,Employed,Male,56900.0,Urban,Married,Agent,Basic,Personal,Four-Door Car,Midsize,68.0,11.0,1304.12,2748.8
TJ68521,Washington,Master,Employed,Male,41991.0,Rural,Single,Call Center,Basic,Personal,Four-Door Car,Large,67.0,14.0,1088.38,5251.97
TJ76363,Arizona,Doctoral,Employed,Female,36495.0,Rural,Married,Agent,Extended,Corporate,SUV,Midsize,133.0,14.0,1229.93,10629.22
TJ82551,Nevada,Bachelor,Employed,Female,46928.0,Suburban,Married,Web,Premium,Personal,Four-Door Car,Midsize,102.0,31.0,1631.4,4063.33
TJ90326,California,Doctoral,Employed,Female,75037.0,Rural,Married,Call Center,Extended,Personal,Four-Door Car,Small,85.0,5.0,1180.56,13530.03
TK13024,Oregon,Associate,Employed,Male,80640.0,Urban,Married,Web,Basic,Personal,SUV,Midsize,111.0,2.0,1313.27,4408.07
TK22471,Oregon,Associate,Employed,Male,27984.0,Suburban,Married,Call Center,Basic,Personal,Four-Door Car,Midsize,62.0,7.0,1445.3600000000001,7275.92
TK30357,California,Bachelor,Employed,Female,90844.0,Rural,Divorced,Agent,Basic,Personal,SUV,Midsize,118.0,10.0,1232.67,14134.35
TK38409,Nevada,Associate,Employed,Male,72302.0,Suburban,Divorced,Agent,Basic,Personal,Two-Door Car,Midsize,66.0,6.0,1316.8,2616.61
TK38732,Oregon,High School,Employed,Male,47824.0,Urban,Married,Agent,Extended,Personal,SUV,Midsize,129.0,8.0,1546.05,4873.35
TK45392,California,Bachelor,Employed,Female,35625.0,Urban,Married,Agent,Basic,Personal,Four-Door Car,Midsize,65.0,10.0,1288.57,5107.16
TK59338,Arizona,Associate,Employed,Male,98036.0,Suburban,Married,Agent,Basic,Personal,SUV,Midsize,113.0,18.0,1662.44,13559.39
TK65222,California,Bachelor,Employed,Male,22103.0,Rural,Single,Agent,Premium,Personal,Four-Door Car,Large,109.0,16.0,1160.34,16407.66
TL18087,Washington,Bachelor,Employed,Male,65083.0,Suburban,Married,Web,Extended,Personal,Four-Door Car,Midsize,77.0,30.0,1369.6,3059.28
TL20040,Oregon,Associate,Employed,Male,22354.0,Suburban,Married,Call Center,Basic,Personal,SUV,Small,118.0,27.0,1775.53,13989.85
TL39050,Arizona,Bachelor,Employed,Female,39837.0,Rural,Married,Web,Extended,Corporate,Luxury SUV,Midsize,201.0,11.0,1381.31,23893.3
TL43709,Washington,Bachelor,Employed,Male,89689.0,Rural,Divorced,Branch,Basic,Personal,Four-Door Car,Large,74.0,14.0,1136.83,8972.14
TL44525,California,Bachelor,Employed,Male,78618.0,Urban,Divorced,Agent,Basic,Corporate,Two-Door Car,Midsize,66.0,7.0,1225.58,2619.34
TL51969,Washington,Bachelor,Employed,Male,30969.0,Suburban,Divorced,Call Center,Basic,Personal,Two-Door Car,Small,63.0,26.0,1358.23,7334.92
TL60066,California,High School,Retired,Female,22283.0,Suburban,Divorced,Branch,Basic,Personal,Four-Door Car,Midsize,65.0,16.0,1572.0700000000002,2397.04
TL77607,California,Bachelor,Employed,Male,67969.0,Urban,Married,Branch,Basic,Personal,Four-Door Car,Midsize,74.0,11.0,1197.78,8852.69
TM12486,Oregon,High School,Retired,Male,28140.0,Suburban,Single,Web,Extended,Personal,Four-Door Car,Small,85.0,23.0,1612.0,2959.95
TM13510,Arizona,Doctoral,Employed,Male,46168.0,Suburban,Married,Agent,Basic,Personal,Four-Door Car,Midsize,65.0,1.0,1312.0,2588.86
TM14491,California,Bachelor,Employed,Male,44428.0,Suburban,Single,Call Center,Basic,Personal,SUV,Midsize,104.0,17.0,1499.2,12036.62
TM23514,Oregon,Associate,Employed,Male,60145.0,Urban,Single,Web,Extended,Personal,SUV,Midsize,132.0,8.0,1580.47,10272.61
TM24806,Oregon,Associate,Retired,Male,13528.0,Suburban,Single,Agent,Extended,Personal,Four-Door Car,Midsize,86.0,21.0,1412.8,6005.85
TM25808,California,High School,Employed,Male,74720.0,Urban,Divorced,Agent,Basic,Personal,Two-Door Car,Midsize,70.0,15.0,1200.81,5565.69
TM43177,Oregon,High School,Employed,Female,97234.0,Urban,Single,Branch,Extended,Personal,Four-Door Car,Large,78.0,13.0,1317.98,3105.35
TM61357,Nevada,Bachelor,Employed,Male,72786.0,Urban,Married,Agent,Extended,Personal,Four-Door Car,Midsize,76.0,10.0,1363.85,24610.78
TM65736,Oregon,Master,Employed,Male,38644.0,Urban,Married,Web,Extended,Personal,Four-Door Car,Midsize,78.0,28.0,1361.46,3059.55
TM68292,California,Master,Medical Leave,Female,12626.0,Suburban,Single,Branch,Basic,Personal,Four-Door Car,Small,69.0,31.0,1331.2,4564.51
TM98684,Oregon,High School,Employed,Male,35127.0,Suburban,Married,Agent,Basic,Personal,Four-Door Car,Small,62.0,9.0,1297.6,4842.28
TN29644,California,Associate,Employed,Female,67018.0,Rural,Married,Agent,Extended,Personal,Four-Door Car,Midsize,94.0,11.0,1104.43,7540.05
TN50051,California,Doctoral,Employed,Female,83318.0,Urban,Divorced,Web,Basic,Personal,Two-Door Car,Midsize,73.0,21.0,1211.34,2957.76
TN51356,Oregon,Bachelor,Employed,Male,82695.0,Urban,Divorced,Web,Basic,Personal,Four-Door Car,Midsize,62.0,10.0,1217.95,2450.88
TN54884,California,Associate,Employed,Female,39049.0,Urban,Married,Agent,Basic,Personal,Two-Door Car,Midsize,63.0,30.0,1294.76,14932.1
TN56613,Arizona,Bachelor,Employed,Female,83771.0,Urban,Married,Web,Extended,Personal,Sports Car,Midsize,133.0,26.0,1482.33,5358.27
TN61016,California,High School,Employed,Female,37224.0,Suburban,Divorced,Agent,Basic,Personal,Four-Door Car,Small,74.0,8.0,1355.2,8742.47
TN64240,California,Bachelor,Employed,Female,42582.0,Suburban,Divorced,Call Center,Extended,Corporate,Four-Door Car,Small,99.0,1.0,1629.3400000000001,7853.96
TN66124,California,High School,Employed,Male,77627.0,Rural,Married,Web,Extended,Corporate,Two-Door Car,Midsize,88.0,14.0,1205.17,10552.88
TN71469,Oregon,Associate,Employed,Female,90893.0,Suburban,Single,Web,Basic,Personal,SUV,Midsize,110.0,33.0,1700.0,4349.1
TN76120,Washington,Bachelor,Employed,Male,36088.0,Suburban,Single,Agent,Basic,Personal,Four-Door Car,Midsize,72.0,16.0,1345.6,5528.21
TN79487,California,Bachelor,Retired,Male,17622.0,Suburban,Divorced,Agent,Basic,Personal,Four-Door Car,Midsize,65.0,1.0,1312.0,4458.11
TN82637,Nevada,Associate,Employed,Male,21636.0,Urban,Married,Branch,Basic,Personal,Two-Door Car,Midsize,64.0,2.0,1213.59,11236.31
TN85931,Oregon,High School,Employed,Female,29227.0,Suburban,Married,Branch,Basic,Special,Two-Door Car,Midsize,74.0,0.0,1421.19,5897.56
TN90661,Nevada,High School,Employed,Male,83318.0,Suburban,Married,Branch,Basic,Corporate,Four-Door Car,Midsize,72.0,21.0,1345.6,5811.92
TO12347,California,Bachelor,Disabled,Male,16101.0,Suburban,Divorced,Call Center,Basic,Personal,Four-Door Car,Small,74.0,16.0,1437.6100000000001,5534.57
TO14996,Oregon,High School,Employed,Male,37595.0,Suburban,Married,Branch,Basic,Personal,Four-Door Car,Midsize,70.0,2.0,1501.99,5633.95
TO18404,California,Bachelor,Employed,Female,73604.0,Urban,Divorced,Agent,Extended,Corporate,Two-Door Car,Midsize,88.0,12.0,1398.19,10453.26
TO19482,Oregon,High School,Employed,Male,67467.0,Suburban,Married,Branch,Basic,Personal,Two-Door Car,Midsize,61.0,4.0,1365.88,4874.67
TO20795,Washington,Doctoral,Employed,Male,37675.0,Suburban,Single,Agent,Premium,Corporate,Four-Door Car,Midsize,104.0,23.0,1731.97,32467.66
TO34442,Washington,Associate,Employed,Male,59768.0,Suburban,Married,Branch,Basic,Personal,Four-Door Car,Small,71.0,6.0,1340.8,5532.86
TO37423,Oregon,Associate,Employed,Male,41463.0,Suburban,Married,Web,Basic,Special,Four-Door Car,Midsize,74.0,2.0,1355.2,17569.16
TO39943,Washington,High School,Employed,Female,30503.0,Urban,Married,Call Center,Basic,Corporate,Two-Door Car,Midsize,63.0,32.0,1257.92,4897.98
TO55166,California,Bachelor,Employed,Male,72766.0,Rural,Married,Branch,Basic,Personal,Two-Door Car,Midsize,65.0,23.0,1091.46,2600.0
TO55363,Oregon,High School,Employed,Female,57335.0,Suburban,Married,Agent,Basic,Personal,Two-Door Car,Midsize,67.0,22.0,1407.8899999999999,13367.87
TO60700,Washington,Bachelor,Retired,Female,25859.0,Suburban,Single,Agent,Basic,Special,Four-Door Car,Small,74.0,0.0,1355.2,7813.41
TO74000,Oregon,High School,Employed,Male,30595.0,Suburban,Married,Agent,Basic,Corporate,Four-Door Car,Midsize,69.0,22.0,1446.08,8114.41
TO84268,California,Master,Employed,Male,60964.0,Urban,Married,Agent,Premium,Personal,Four-Door Car,Midsize,113.0,21.0,1327.72,9051.71
TO96662,Oregon,Bachelor,Employed,Female,41837.0,Rural,Married,Call Center,Extended,Personal,Four-Door Car,Small,88.0,29.0,1142.06,6966.69
TP10619,California,High School,Medical Leave,Female,26660.0,Suburban,Married,Agent,Basic,Personal,Two-Door Car,Midsize,63.0,23.0,1453.6,4892.42
TP12241,California,Associate,Medical Leave,Female,22338.0,Urban,Married,Branch,Basic,Personal,Two-Door Car,Midsize,67.0,9.0,1307.8,5123.2
TP15362,Oregon,Associate,Employed,Male,28013.0,Suburban,Divorced,Branch,Extended,Personal,Four-Door Car,Midsize,91.0,16.0,1655.2,3592.0
TP20456,Arizona,High School,Employed,Male,45310.0,Suburban,Married,Agent,Extended,Personal,Luxury SUV,Midsize,229.0,28.0,2550.38,9090.27
TP30316,California,Associate,Employed,Male,79157.0,Rural,Married,Agent,Basic,Corporate,Two-Door Car,Small,61.0,25.0,1117.78,9705.31
TP34946,California,Associate,Disabled,Male,26784.0,Suburban,Married,Branch,Basic,Corporate,Four-Door Car,Small,67.0,14.0,1482.4,5108.04
TP51897,California,Associate,Employed,Female,36843.0,Suburban,Married,Agent,Basic,Corporate,Four-Door Car,Midsize,68.0,12.0,1357.6399999999999,2621.81
TP54769,California,Bachelor,Employed,Female,39452.0,Urban,Divorced,Web,Extended,Corporate,SUV,Midsize,131.0,6.0,1398.19,5103.36
TP96247,Oregon,High School,Medical Leave,Female,18606.0,Suburban,Married,Agent,Basic,Personal,SUV,Midsize,110.0,12.0,1568.8400000000001,4099.66
TQ13499,Arizona,Associate,Employed,Male,69833.0,Suburban,Married,Agent,Premium,Personal,Four-Door Car,Small,118.0,32.0,1828.6599999999999,4731.75
TQ24692,Oregon,High School,Employed,Male,76214.0,Urban,Married,Web,Basic,Special,Four-Door Car,Midsize,72.0,7.0,1202.81,8676.7
TQ32702,Nevada,Associate,Employed,Female,22568.0,Suburban,Married,Branch,Extended,Corporate,Four-Door Car,Midsize,88.0,31.0,1422.4,6990.92
TQ37204,Oregon,High School,Employed,Female,59107.0,Urban,Married,Branch,Basic,Personal,SUV,Midsize,107.0,29.0,1480.52,8629.33
TQ73797,California,Bachelor,Employed,Male,25949.0,Suburban,Married,Branch,Basic,Personal,SUV,Small,104.0,0.0,1499.2,8099.84
TQ82322,California,Bachelor,Employed,Female,80927.0,Urban,Single,Branch,Basic,Personal,Two-Door Car,Midsize,62.0,25.0,1211.66,2438.69
TQ84956,California,High School,Employed,Male,55687.0,Suburban,Divorced,Agent,Premium,Corporate,Luxury SUV,Midsize,276.0,33.0,2324.8,10963.96
TQ85537,Washington,Associate,Employed,Male,72669.0,Urban,Married,Agent,Basic,Personal,Four-Door Car,Midsize,74.0,29.0,1332.77,2980.46
TQ88221,California,Bachelor,Employed,Female,30473.0,Suburban,Married,Call Center,Basic,Corporate,Four-Door Car,Midsize,72.0,20.0,1450.08,2841.44
TQ89058,Nevada,Master,Employed,Female,59124.0,Rural,Married,Call Center,Basic,Personal,Four-Door Car,Small,70.0,18.0,1173.43,2777.53
TR18337,Nevada,Associate,Employed,Female,50854.0,Rural,Divorced,Branch,Basic,Personal,Four-Door Car,Small,73.0,15.0,1101.49,11516.41
TR40401,Oregon,Doctoral,Employed,Male,57709.0,Suburban,Married,Branch,Extended,Personal,SUV,Midsize,125.0,10.0,1600.0,5073.28
TR85083,California,Bachelor,Employed,Male,61085.0,Suburban,Married,Branch,Basic,Personal,Two-Door Car,Midsize,70.0,27.0,1336.0,2764.49
TR96772,Arizona,High School,Employed,Female,61148.0,Rural,Married,Branch,Extended,Personal,Sports Car,Small,132.0,28.0,1098.21,15956.52
TS19868,California,Associate,Medical Leave,Male,27501.0,Suburban,Married,Branch,Basic,Personal,Four-Door Car,Midsize,63.0,20.0,1542.3200000000002,2413.14
TS31001,Oregon,Bachelor,Employed,Male,55705.0,Rural,Divorced,Branch,Basic,Personal,SUV,Midsize,113.0,8.0,1149.91,26243.86
TS31417,Washington,Associate,Medical Leave,Male,16645.0,Suburban,Married,Web,Basic,Personal,SUV,Midsize,117.0,19.0,1696.96,39769.56
TS34391,Oregon,Associate,Employed,Male,50825.0,Urban,Married,Agent,Basic,Personal,SUV,Midsize,102.0,3.0,1369.6100000000001,8092.88
TS42594,California,High School,Employed,Female,59207.0,Suburban,Single,Agent,Premium,Personal,Four-Door Car,Midsize,116.0,23.0,1556.8,13770.98
TS81548,Oregon,Master,Employed,Female,43416.0,Suburban,Married,Branch,Basic,Personal,Four-Door Car,Midsize,70.0,7.0,1336.0,5669.97
TS98462,Washington,High School,Employed,Female,78494.0,Rural,Married,Branch,Basic,Personal,Two-Door Car,Midsize,69.0,21.0,1078.19,22399.13
TT18939,California,Bachelor,Medical Leave,Male,29414.0,Rural,Divorced,Branch,Basic,Personal,Four-Door Car,Midsize,64.0,2.0,1071.3,4729.59
TT19625,Nevada,Bachelor,Employed,Female,38183.0,Suburban,Married,Branch,Basic,Personal,Luxury Car,Midsize,191.0,21.0,1981.01,15277.48
TT20057,Oregon,Associate,Employed,Male,59590.0,Urban,Divorced,Branch,Extended,Personal,SUV,Small,136.0,15.0,1460.27,10592.59
TT30338,Arizona,Master,Employed,Female,89586.0,Suburban,Married,Call Center,Basic,Personal,Four-Door Car,Midsize,63.0,28.0,1302.4,7675.87
TT36693,Nevada,Associate,Employed,Male,58842.0,Suburban,Married,Branch,Premium,Personal,Four-Door Car,Midsize,110.0,6.0,1528.0,4362.93
TT47031,Arizona,Bachelor,Employed,Female,76389.0,Urban,Married,Web,Basic,Personal,Four-Door Car,Small,68.0,5.0,1262.0,5450.57
TT63451,California,High School,Employed,Female,44342.0,Suburban,Married,Branch,Basic,Personal,Four-Door Car,Midsize,74.0,24.0,1355.2,20925.9
TT68630,California,Bachelor,Employed,Female,90213.0,Suburban,Married,Call Center,Extended,Personal,Two-Door Car,Midsize,83.0,3.0,1398.4,3351.21
TT82373,California,Bachelor,Employed,Female,21450.0,Suburban,Married,Branch,Extended,Personal,Sports Car,Midsize,138.0,15.0,1938.51,10937.18
TT86956,California,Master,Employed,Female,47950.0,Urban,Married,Call Center,Basic,Personal,Four-Door Car,Large,65.0,27.0,1301.87,10537.4
TT97465,California,Associate,Employed,Male,57561.0,Suburban,Married,Agent,Basic,Corporate,Four-Door Car,Midsize,62.0,18.0,1298.43,14642.14
TU15769,Washington,Bachelor,Retired,Male,23665.0,Suburban,Married,Branch,Basic,Personal,Four-Door Car,Midsize,67.0,19.0,1404.82,22658.54
TU27017,California,Bachelor,Employed,Male,41460.0,Suburban,Married,Branch,Extended,Personal,Four-Door Car,Midsize,83.0,1.0,1398.4,6625.29
TU27563,Oregon,Bachelor,Employed,Female,20694.0,Suburban,Married,Branch,Extended,Personal,Two-Door Car,Midsize,94.0,29.0,1451.2,3647.25
TU33850,Washington,Bachelor,Medical Leave,Female,16764.0,Suburban,Married,Branch,Basic,Personal,Four-Door Car,Midsize,61.0,13.0,1292.8,4617.39
TU47984,Arizona,Associate,Employed,Female,21542.0,Suburban,Single,Agent,Extended,Personal,Four-Door Car,Midsize,97.0,13.0,1465.6,3733.03
TU53781,Oregon,Bachelor,Employed,Female,46503.0,Suburban,Divorced,Agent,Extended,Corporate,Luxury SUV,Midsize,215.0,4.0,2032.0,8427.17
TU67471,Washington,High School,Employed,Female,92766.0,Suburban,Married,Agent,Basic,Personal,Two-Door Car,Large,71.0,17.0,1379.03,20096.89
TU72516,Oregon,Associate,Disabled,Female,20392.0,Suburban,Married,Branch,Basic,Personal,Four-Door Car,Midsize,73.0,23.0,1350.4,5608.17
TU77462,Oregon,Associate,Employed,Male,48088.0,Rural,Married,Web,Extended,Personal,Two-Door Car,Midsize,94.0,25.0,1134.83,7469.56
TU82820,California,Master,Employed,Male,73019.0,Suburban,Divorced,Agent,Basic,Corporate,SUV,Large,112.0,21.0,1537.6,4475.16
TU92578,California,Associate,Employed,Male,45345.0,Suburban,Married,Agent,Extended,Personal,SUV,Midsize,125.0,0.0,1600.0,14696.64
TV20901,California,Associate,Employed,Female,76381.0,Suburban,Married,Branch,Premium,Special,Two-Door Car,Small,116.0,23.0,1556.8,9337.9
TV35668,California,Associate,Medical Leave,Female,17576.0,Suburban,Married,Call Center,Basic,Personal,Four-Door Car,Midsize,71.0,29.0,1398.5,2722.21
TV37646,California,Associate,Employed,Female,70012.0,Suburban,Married,Agent,Basic,Personal,SUV,Small,119.0,22.0,1755.2,4794.12
TV53243,Arizona,Associate,Employed,Female,49625.0,Urban,Married,Agent,Basic,Corporate,Two-Door Car,Midsize,66.0,29.0,1261.55,2652.07
TV75816,Oregon,High School,Employed,Male,70911.0,Suburban,Single,Agent,Basic,Corporate,Two-Door Car,Midsize,63.0,20.0,1302.4,2386.2
TV77808,Arizona,High School,Employed,Male,67132.0,Suburban,Married,Branch,Basic,Corporate,Four-Door Car,Large,71.0,34.0,1466.37,5681.31
TV82603,California,Bachelor,Employed,Female,48081.0,Urban,Married,Branch,Basic,Personal,Luxury SUV,Small,188.0,31.0,1881.3600000000001,14895.4
TV87155,Oregon,Bachelor,Employed,Female,69738.0,Suburban,Married,Branch,Basic,Personal,Four-Door Car,Large,74.0,2.0,1492.13,20946.19
TV97612,Oregon,Bachelor,Medical Leave,Male,20815.0,Suburban,Married,Agent,Basic,Personal,SUV,Midsize,110.0,7.0,1528.0,8106.0
TW11115,California,High School,Employed,Female,30064.0,Urban,Married,Agent,Basic,Personal,Two-Door Car,Large,65.0,20.0,1296.85,2594.79
TW11712,Arizona,Master,Employed,Male,32906.0,Suburban,Single,Branch,Basic,Personal,SUV,Midsize,115.0,18.0,1552.0,4574.92
TW12556,Oregon,High School,Employed,Female,58577.0,Urban,Married,Agent,Basic,Personal,SUV,Midsize,110.0,6.0,1303.87,4428.03
TW16499,California,Bachelor,Employed,Male,43334.0,Suburban,Married,Call Center,Extended,Corporate,Two-Door Car,Small,95.0,3.0,1614.37,3633.05
TW17878,Oregon,High School,Employed,Female,52926.0,Suburban,Married,Call Center,Basic,Personal,Four-Door Car,Midsize,61.0,2.0,1292.8,2457.58
TW43626,California,Associate,Employed,Male,53554.0,Suburban,Married,Agent,Basic,Personal,Four-Door Car,Large,67.0,6.0,1327.02,8082.88
TW62773,Washington,High School,Disabled,Female,27604.0,Suburban,Married,Agent,Extended,Corporate,Two-Door Car,Midsize,92.0,20.0,1441.6,6969.88
TW64385,California,Bachelor,Employed,Male,36088.0,Suburban,Single,Agent,Basic,Corporate,Four-Door Car,Midsize,72.0,16.0,1345.6,5528.21
TW66679,Oregon,High School,Employed,Male,75741.0,Rural,Married,Agent,Basic,Corporate,SUV,Small,109.0,31.0,1217.19,8823.85
TW73441,Nevada,High School,Employed,Female,73478.0,Urban,Married,Call Center,Basic,Personal,Four-Door Car,Midsize,68.0,2.0,1241.8899999999999,2773.46
TW81986,Arizona,Bachelor,Employed,Female,51721.0,Urban,Married,Agent,Extended,Personal,SUV,Midsize,139.0,18.0,1625.28,5632.61
TW91179,Oregon,Associate,Employed,Female,93272.0,Urban,Married,Branch,Extended,Corporate,Four-Door Car,Midsize,95.0,3.0,1281.1100000000001,3861.49
TX17484,California,Bachelor,Employed,Female,53863.0,Rural,Married,Web,Basic,Personal,Four-Door Car,Large,63.0,12.0,1105.77,15182.28
TX28465,Nevada,Associate,Employed,Male,52629.0,Rural,Married,Branch,Basic,Personal,Four-Door Car,Midsize,65.0,30.0,1136.68,5206.12
TX35222,Washington,Associate,Employed,Female,27750.0,Suburban,Married,Branch,Premium,Personal,Luxury Car,Midsize,297.0,28.0,2425.6,11618.56
TX35617,California,Bachelor,Employed,Female,50909.0,Urban,Married,Branch,Basic,Personal,SUV,Midsize,112.0,11.0,1339.05,4465.6
TX39594,Arizona,High School,Employed,Female,51085.0,Suburban,Married,Call Center,Basic,Personal,Two-Door Car,Small,62.0,4.0,1406.9,2452.49
TY20016,Oregon,Bachelor,Employed,Male,72734.0,Urban,Married,Web,Basic,Personal,Two-Door Car,Large,66.0,7.0,1195.22,7980.49
TY22591,Washington,Associate,Employed,Male,32823.0,Suburban,Married,Agent,Basic,Personal,SUV,Midsize,100.0,1.0,1480.0,7824.37
TY26512,California,Doctoral,Employed,Male,30817.0,Rural,Divorced,Branch,Extended,Personal,Four-Door Car,Midsize,88.0,25.0,1091.83,3436.13
TY27229,Arizona,Bachelor,Employed,Male,85942.0,Rural,Married,Agent,Premium,Personal,Four-Door Car,Midsize,116.0,16.0,1079.34,9114.28
TY30683,Oregon,Associate,Disabled,Female,26156.0,Suburban,Single,Agent,Extended,Corporate,Four-Door Car,Midsize,96.0,27.0,1460.8,3527.4
TY31217,Washington,Bachelor,Employed,Female,51643.0,Suburban,Single,Agent,Premium,Personal,Luxury Car,Midsize,283.0,16.0,2358.4,11009.13
TY43440,California,High School,Employed,Male,99845.0,Suburban,Married,Branch,Basic,Personal,SUV,Midsize,110.0,23.0,1528.0,8819.02
TY59231,California,Bachelor,Employed,Female,48567.0,Suburban,Single,Agent,Extended,Personal,SUV,Midsize,130.0,12.0,1624.0,5015.01
TY84623,California,Associate,Employed,Male,37256.0,Rural,Married,Branch,Basic,Corporate,Four-Door Car,Midsize,62.0,15.0,1128.97,9816.53
TZ19823,California,Bachelor,Employed,Female,25820.0,Suburban,Divorced,Agent,Extended,Personal,Four-Door Car,Midsize,82.0,10.0,1393.6,3265.16
TZ22914,Oregon,Master,Disabled,Male,12940.0,Urban,Divorced,Agent,Basic,Personal,Two-Door Car,Large,68.0,7.0,1268.17,5130.82
TZ28073,California,Bachelor,Employed,Male,23352.0,Suburban,Married,Branch,Basic,Personal,SUV,Midsize,112.0,0.0,1537.6,4341.36
TZ47750,Nevada,Master,Disabled,Male,26057.0,Suburban,Divorced,Call Center,Basic,Personal,Four-Door Car,Small,74.0,3.0,1523.8899999999999,8509.85
TZ60132,Oregon,High School,Retired,Female,12201.0,Suburban,Divorced,Branch,Extended,Corporate,Four-Door Car,Midsize,84.0,14.0,1604.8,6071.91
TZ65661,California,Associate,Employed,Female,32437.0,Suburban,Married,Branch,Basic,Corporate,Two-Door Car,Small,69.0,25.0,1331.2,2742.8
TZ71391,Oregon,Master,Disabled,Male,26057.0,Suburban,Divorced,Call Center,Basic,Personal,Four-Door Car,Small,74.0,3.0,1523.8899999999999,8509.85
TZ81094,Nevada,High School,Medical Leave,Female,19030.0,Suburban,Married,Branch,Basic,Corporate,Two-Door Car,Midsize,62.0,7.0,1355.82,2372.16
UA19178,Oregon,Master,Employed,Female,53265.0,Urban,Married,Call Center,Basic,Personal,Four-Door Car,Small,62.0,12.0,1238.01,4980.83
UA38043,California,High School,Retired,Female,22283.0,Suburban,Divorced,Branch,Basic,Personal,Four-Door Car,Midsize,65.0,16.0,1572.0700000000002,2397.04
UA50747,Washington,High School,Employed,Female,62262.0,Urban,Married,Branch,Basic,Corporate,Four-Door Car,Small,72.0,17.0,1193.51,25997.75
UA51318,Arizona,High School,Employed,Female,26173.0,Suburban,Single,Web,Basic,Corporate,Four-Door Car,Midsize,68.0,2.0,1449.82,5116.62
UA53326,Oregon,Associate,Retired,Female,23931.0,Suburban,Single,Web,Extended,Personal,Four-Door Car,Large,95.0,4.0,1456.0,3304.76
UA58104,California,Associate,Employed,Female,76505.0,Rural,Married,Branch,Basic,Personal,Four-Door Car,Midsize,65.0,32.0,1144.05,7933.82
UA73107,California,Bachelor,Retired,Male,18608.0,Suburban,Divorced,Web,Basic,Corporate,Four-Door Car,Midsize,71.0,13.0,1340.8,2538.63
UA74474,Oregon,Associate,Employed,Female,87517.0,Suburban,Married,Branch,Premium,Corporate,Four-Door Car,Small,112.0,1.0,1802.28,4515.18
UA84837,Arizona,Associate,Employed,Male,24065.0,Suburban,Divorced,Branch,Premium,Corporate,Four-Door Car,Midsize,111.0,30.0,1532.8,8630.05
UA94723,Oregon,High School,Employed,Female,58577.0,Urban,Married,Agent,Basic,Personal,SUV,Midsize,110.0,6.0,1303.87,4428.03
UB16654,Washington,Master,Disabled,Male,15680.0,Urban,Divorced,Web,Basic,Personal,Four-Door Car,Midsize,64.0,20.0,1260.88,4718.56
UB17669,Nevada,Bachelor,Disabled,Female,19864.0,Suburban,Divorced,Web,Basic,Personal,Four-Door Car,Midsize,63.0,22.0,1352.3899999999999,2359.42
UB18338,Oregon,Bachelor,Retired,Male,14973.0,Suburban,Divorced,Branch,Basic,Personal,SUV,Midsize,115.0,2.0,1828.0,12168.74
UB28078,California,Master,Employed,Male,51510.0,Suburban,Divorced,Branch,Premium,Personal,Four-Door Car,Midsize,106.0,11.0,1688.55,4200.37
UB61619,Oregon,Master,Disabled,Female,11621.0,Suburban,Divorced,Agent,Premium,Personal,Four-Door Car,Midsize,108.0,4.0,1518.4,4059.57
UB87714,Oregon,Master,Employed,Male,72885.0,Rural,Divorced,Branch,Extended,Personal,SUV,Midsize,124.0,35.0,1233.68,9667.13
UC19334,California,High School,Medical Leave,Female,26411.0,Suburban,Married,Agent,Extended,Corporate,SUV,Midsize,126.0,25.0,1604.8,4698.35
UC33108,California,Bachelor,Employed,Male,32375.0,Suburban,Married,Agent,Extended,Personal,Four-Door Car,Small,83.0,17.0,1398.4,6563.64
UC34044,California,Associate,Employed,Female,56701.0,Suburban,Married,Web,Basic,Personal,Four-Door Car,Small,65.0,34.0,1333.44,2591.75
UC83161,California,High School,Employed,Female,60234.0,Rural,Married,Web,Premium,Personal,SUV,Midsize,152.0,14.0,1136.22,6106.47
UC84059,California,Master,Employed,Female,70950.0,Urban,Married,Call Center,Premium,Personal,Sports Car,Midsize,171.0,6.0,1565.9299999999998,6898.46
UC88305,Arizona,Associate,Employed,Female,52266.0,Rural,Single,Call Center,Basic,Corporate,Two-Door Car,Midsize,68.0,14.0,1141.92,2665.45
UD27196,Arizona,High School,Employed,Male,51524.0,Suburban,Married,Branch,Extended,Personal,Luxury Car,Small,244.0,6.0,2171.2,19685.41
UD27331,Nevada,Bachelor,Employed,Male,33701.0,Suburban,Single,Agent,Extended,Personal,Four-Door Car,Midsize,88.0,14.0,1460.82,3241.84
UD31660,California,Bachelor,Employed,Male,70129.0,Rural,Married,Branch,Premium,Personal,Four-Door Car,Midsize,103.0,24.0,1130.5,4061.59
UD47050,Oregon,High School,Employed,Male,26876.0,Suburban,Single,Agent,Extended,Corporate,Four-Door Car,Midsize,76.0,17.0,1364.8,6005.21
UD77728,Arizona,Bachelor,Employed,Female,23550.0,Urban,Married,Agent,Basic,Personal,Four-Door Car,Midsize,72.0,17.0,1222.75,5657.81
UD99395,Oregon,High School,Employed,Male,84927.0,Suburban,Married,Call Center,Basic,Personal,SUV,Small,112.0,27.0,1537.6,4474.48
UD99460,Washington,Bachelor,Employed,Male,67772.0,Suburban,Single,Branch,Extended,Personal,Four-Door Car,Midsize,82.0,29.0,1502.58,9654.52
UE19977,California,Associate,Employed,Female,47747.0,Rural,Divorced,Web,Premium,Personal,Two-Door Car,Midsize,111.0,31.0,1165.59,4379.77
UE52886,Arizona,Bachelor,Employed,Male,42803.0,Urban,Divorced,Call Center,Extended,Personal,Luxury Car,Small,245.0,21.0,1889.29,28421.57
UE54045,California,High School,Employed,Female,32046.0,Urban,Married,Agent,Extended,Corporate,SUV,Midsize,127.0,28.0,1475.6,10094.13
UE72026,California,Associate,Employed,Female,69678.0,Rural,Divorced,Agent,Extended,Personal,Sports Car,Small,126.0,21.0,1306.82,5021.69
UE76013,Washington,Master,Employed,Female,35984.0,Rural,Married,Call Center,Extended,Personal,SUV,Midsize,128.0,7.0,1275.58,5039.87
UF13251,Oregon,High School,Employed,Male,26032.0,Suburban,Married,Web,Basic,Personal,SUV,Midsize,109.0,18.0,1638.1,8510.76
UF27940,Washington,Associate,Employed,Female,47199.0,Suburban,Married,Call Center,Basic,Corporate,SUV,Midsize,100.0,3.0,1480.0,3863.31
UF28233,Washington,High School,Employed,Female,60445.0,Urban,Married,Branch,Basic,Personal,Four-Door Car,Midsize,65.0,8.0,1279.45,5221.14
UF31027,California,Associate,Employed,Female,76778.0,Urban,Married,Agent,Basic,Personal,SUV,Small,107.0,31.0,1500.67,4298.66
UF32055,California,Bachelor,Employed,Male,69700.0,Urban,Divorced,Web,Premium,Personal,SUV,Midsize,181.0,9.0,1645.92,7109.3
UF32671,Washington,Associate,Employed,Female,57338.0,Suburban,Single,Call Center,Basic,Personal,Four-Door Car,Small,66.0,9.0,1316.8,5291.4
UF33451,Oregon,Bachelor,Employed,Female,94827.0,Urban,Married,Agent,Extended,Personal,SUV,Midsize,135.0,5.0,1354.73,10979.1
UF37831,Arizona,Master,Employed,Male,54613.0,Urban,Divorced,Call Center,Extended,Personal,Luxury SUV,Midsize,213.0,29.0,1731.56,17029.89
UF46533,California,Associate,Employed,Female,99316.0,Suburban,Single,Branch,Basic,Corporate,SUV,Midsize,114.0,26.0,1754.3600000000001,4574.52
UF54329,California,Associate,Employed,Male,70892.0,Urban,Married,Call Center,Extended,Corporate,Two-Door Car,Midsize,76.0,21.0,1206.71,6089.77
UF56271,Washington,High School,Employed,Female,30703.0,Suburban,Married,Agent,Basic,Personal,Four-Door Car,Midsize,70.0,15.0,1336.0,2814.44
UF59346,California,Bachelor,Employed,Male,90310.0,Rural,Married,Call Center,Basic,Personal,SUV,Small,104.0,9.0,1166.3600000000001,4170.34
UF73578,California,High School,Employed,Male,81082.0,Urban,Married,Agent,Basic,Personal,Four-Door Car,Large,73.0,5.0,1281.3,5838.9
UF74084,Arizona,Bachelor,Employed,Male,39469.0,Urban,Divorced,Call Center,Basic,Personal,Two-Door Car,Large,71.0,1.0,1315.56,5641.36
UF77413,Oregon,Associate,Employed,Male,65794.0,Urban,Married,Branch,Basic,Personal,Four-Door Car,Midsize,69.0,10.0,1277.27,2758.5
UF81905,California,Doctoral,Disabled,Female,20123.0,Suburban,Married,Call Center,Basic,Personal,Four-Door Car,Midsize,63.0,7.0,1302.4,4867.38
UF84144,Washington,Associate,Employed,Male,26285.0,Suburban,Married,Call Center,Extended,Corporate,Four-Door Car,Midsize,84.0,7.0,1403.2,3312.32
UF88512,California,Bachelor,Employed,Male,57517.0,Suburban,Single,Web,Extended,Corporate,Four-Door Car,Midsize,96.0,14.0,1460.8,7442.57
UF88986,Washington,Associate,Employed,Female,39783.0,Suburban,Single,Branch,Basic,Personal,Two-Door Car,Midsize,72.0,28.0,1345.6,2794.91
UF93434,Oregon,Associate,Employed,Female,22050.0,Suburban,Divorced,Call Center,Basic,Personal,Four-Door Car,Midsize,66.0,9.0,1316.8,2548.39
UG12132,Washington,Associate,Employed,Female,77693.0,Urban,Married,Call Center,Basic,Personal,Four-Door Car,Midsize,65.0,30.0,1225.05,5256.92
UG18431,Arizona,Bachelor,Employed,Male,73060.0,Suburban,Married,Call Center,Basic,Special,SUV,Midsize,108.0,9.0,1518.4,13083.49
UG34438,Washington,Associate,Employed,Female,44552.0,Rural,Married,Branch,Extended,Personal,SUV,Midsize,137.0,7.0,1311.1,10990.59
UG37492,California,Associate,Employed,Male,58842.0,Suburban,Married,Branch,Premium,Personal,Four-Door Car,Midsize,110.0,6.0,1528.0,4362.93
UG48681,Nevada,Bachelor,Employed,Male,71391.0,Urban,Married,Agent,Basic,Personal,Four-Door Car,Midsize,67.0,29.0,1284.0,8044.87
UG49494,California,High School,Employed,Female,57846.0,Suburban,Single,Agent,Basic,Personal,Four-Door Car,Midsize,73.0,7.0,1481.01,5765.5
UG79499,Washington,Bachelor,Employed,Male,70930.0,Rural,Divorced,Agent,Extended,Personal,Four-Door Car,Midsize,99.0,2.0,1190.43,11681.37
UH22701,Oregon,Master,Employed,Female,72236.0,Suburban,Married,Call Center,Extended,Personal,Four-Door Car,Midsize,80.0,2.0,1518.06,9726.55
UH32376,Nevada,Bachelor,Medical Leave,Male,21586.0,Suburban,Married,Branch,Premium,Personal,Two-Door Car,Small,106.0,6.0,2056.29,4037.55
UH35128,Oregon,Associate,Employed,Female,71210.0,Suburban,Married,Branch,Extended,Personal,Luxury Car,Small,214.0,8.0,2027.2,25807.06
UH41125,Arizona,High School,Retired,Male,27972.0,Suburban,Married,Web,Basic,Personal,Four-Door Car,Midsize,61.0,7.0,1292.8,2227.07
UH45301,Oregon,Associate,Employed,Male,86946.0,Urban,Married,Agent,Premium,Personal,Four-Door Car,Midsize,118.0,13.0,1340.66,9438.92
UH59257,Washington,Doctoral,Employed,Male,61726.0,Suburban,Married,Agent,Extended,Personal,Two-Door Car,Midsize,96.0,33.0,1689.51,7540.91
UH65059,Arizona,High School,Employed,Male,24188.0,Suburban,Married,Agent,Basic,Personal,Sports Car,Midsize,109.0,14.0,1523.2,4305.81
UH79028,Nevada,High School,Employed,Male,51066.0,Suburban,Single,Call Center,Basic,Personal,Four-Door Car,Midsize,74.0,23.0,1787.99,5780.18
UH86550,Oregon,Associate,Employed,Female,44222.0,Urban,Married,Branch,Premium,Personal,Four-Door Car,Midsize,104.0,19.0,1413.2,4177.29
UH89141,Oregon,High School,Employed,Female,59130.0,Urban,Married,Call Center,Basic,Corporate,Sports Car,Midsize,117.0,21.0,1436.53,33279.77
UH93563,California,Associate,Employed,Male,42871.0,Suburban,Married,Web,Basic,Corporate,Four-Door Car,Small,67.0,2.0,1321.6,5306.16
UI19516,California,Associate,Employed,Male,65620.0,Urban,Divorced,Agent,Extended,Corporate,Luxury Car,Midsize,213.0,16.0,1766.3200000000002,16909.93
UI21548,California,High School,Employed,Female,29444.0,Suburban,Married,Call Center,Basic,Personal,Two-Door Car,Midsize,63.0,5.0,1302.4,2480.53
UI24036,Washington,Bachelor,Employed,Female,42570.0,Urban,Married,Agent,Extended,Personal,SUV,Large,128.0,5.0,1587.4099999999999,15374.18
UI36374,Oregon,Bachelor,Employed,Female,54507.0,Suburban,Married,Agent,Extended,Corporate,SUV,Midsize,138.0,20.0,1702.99,5470.06
UI36597,Oregon,Bachelor,Employed,Male,50719.0,Suburban,Married,Call Center,Extended,Personal,SUV,Small,131.0,33.0,1870.63,31706.93
UI44314,Arizona,Bachelor,Employed,Male,31911.0,Urban,Single,Branch,Basic,Personal,Four-Door Car,Midsize,68.0,13.0,1245.8899999999999,2620.17
UI55951,California,Bachelor,Employed,Male,67798.0,Suburban,Divorced,Agent,Basic,Personal,Four-Door Car,Midsize,69.0,1.0,1331.2,5548.03
UI62725,Oregon,Bachelor,Employed,Male,94676.0,Suburban,Divorced,Agent,Basic,Corporate,Four-Door Car,Midsize,69.0,27.0,1331.2,5520.48
UI63465,Oregon,High School,Employed,Female,51622.0,Suburban,Divorced,Agent,Basic,Corporate,Four-Door Car,Small,74.0,29.0,1355.2,2917.54
UI64573,Oregon,High School,Employed,Female,94885.0,Rural,Married,Web,Extended,Personal,Four-Door Car,Midsize,86.0,18.0,1170.53,3470.18
UI73201,California,Associate,Employed,Male,62375.0,Suburban,Married,Web,Extended,Personal,Two-Door Car,Midsize,92.0,34.0,1618.63,3667.37
UI73553,Nevada,Bachelor,Disabled,Female,19864.0,Suburban,Divorced,Web,Basic,Personal,Four-Door Car,Midsize,63.0,22.0,1352.3899999999999,2359.42
UI73924,Oregon,Bachelor,Employed,Female,55257.0,Urban,Married,Agent,Basic,Personal,Two-Door Car,Midsize,64.0,0.0,1209.6,2469.57
UI75273,California,High School,Employed,Female,47727.0,Suburban,Married,Call Center,Extended,Corporate,Two-Door Car,Midsize,94.0,25.0,1451.2,7522.07
UI77960,California,High School,Employed,Female,39834.0,Suburban,Married,Web,Extended,Personal,Four-Door Car,Midsize,83.0,26.0,1398.4,6656.2
UI80897,Washington,High School,Employed,Male,50470.0,Suburban,Divorced,Call Center,Basic,Corporate,Two-Door Car,Large,71.0,1.0,1377.5,5552.6
UI89243,California,Bachelor,Employed,Female,77646.0,Suburban,Married,Branch,Basic,Personal,Four-Door Car,Large,71.0,3.0,1340.8,5723.54
UI99151,Nevada,High School,Medical Leave,Male,28879.0,Suburban,Married,Web,Basic,Personal,Sports Car,Midsize,106.0,6.0,1763.2,12023.75
UI99818,Oregon,Associate,Employed,Female,75648.0,Rural,Married,Branch,Basic,Personal,SUV,Large,108.0,28.0,1112.66,4349.31
UJ31096,Oregon,High School,Employed,Female,58493.0,Suburban,Married,Agent,Basic,Personal,Four-Door Car,Large,67.0,13.0,1321.6,5340.54
UJ38473,California,Bachelor,Employed,Male,81197.0,Rural,Married,Branch,Basic,Personal,Sports Car,Small,109.0,2.0,1094.73,21923.12
UJ61336,Arizona,Bachelor,Employed,Female,68654.0,Urban,Married,Web,Basic,Personal,Four-Door Car,Midsize,71.0,32.0,1208.05,5642.75
UJ70796,Oregon,Associate,Employed,Female,52130.0,Rural,Married,Branch,Basic,Personal,Four-Door Car,Midsize,62.0,17.0,1124.46,7413.42
UJ79253,Oregon,Associate,Employed,Female,51056.0,Rural,Married,Branch,Extended,Personal,Four-Door Car,Large,78.0,27.0,1095.82,21850.84
UK18731,California,Bachelor,Retired,Female,19651.0,Suburban,Married,Web,Basic,Personal,Two-Door Car,Small,72.0,3.0,1345.6,5595.97
UK25655,Oregon,Bachelor,Employed,Female,64348.0,Rural,Married,Call Center,Extended,Personal,Two-Door Car,Midsize,86.0,25.0,1212.3899999999999,3435.25
UK49045,Oregon,High School,Employed,Male,29484.0,Suburban,Married,Branch,Extended,Personal,Two-Door Car,Midsize,93.0,19.0,1446.4,11064.29
UK52289,Arizona,Bachelor,Employed,Female,76731.0,Urban,Married,Agent,Basic,Special,Four-Door Car,Midsize,64.0,2.0,1201.46,2582.41
UK66803,Oregon,Bachelor,Employed,Female,49185.0,Rural,Married,Branch,Basic,Corporate,Two-Door Car,Midsize,61.0,11.0,1126.95,4926.28
UK68427,Washington,High School,Employed,Male,34498.0,Suburban,Single,Branch,Extended,Personal,Two-Door Car,Small,83.0,30.0,1398.4,6369.26
UK76814,Oregon,Doctoral,Employed,Female,84424.0,Urban,Married,Call Center,Basic,Personal,Four-Door Car,Midsize,66.0,18.0,1231.54,5339.39
UK76891,California,Associate,Employed,Female,63259.0,Suburban,Married,Agent,Basic,Corporate,Four-Door Car,Midsize,65.0,25.0,1316.8,5233.99
UK79109,California,Associate,Employed,Male,37937.0,Suburban,Married,Call Center,Basic,Corporate,SUV,Midsize,116.0,11.0,1556.8,9095.05
UK86050,Arizona,High School,Employed,Female,76590.0,Urban,Divorced,Agent,Basic,Personal,Four-Door Car,Large,65.0,0.0,1183.29,7887.96
UL55837,Nevada,Bachelor,Employed,Female,42928.0,Suburban,Married,Call Center,Extended,Personal,Four-Door Car,Large,93.0,20.0,1651.62,11130.12
UL64533,Nevada,High School,Employed,Male,65999.0,Urban,Married,Agent,Extended,Corporate,Luxury SUV,Midsize,237.0,1.0,1615.9299999999998,18975.46
UL80763,Oregon,Doctoral,Employed,Female,37384.0,Suburban,Married,Agent,Extended,Personal,Four-Door Car,Midsize,99.0,9.0,1475.2,4014.45
UL90124,Oregon,High School,Employed,Female,72919.0,Suburban,Married,Agent,Extended,Personal,SUV,Small,130.0,20.0,1936.0,5038.98
UM14135,Nevada,Bachelor,Employed,Female,25820.0,Suburban,Divorced,Agent,Extended,Personal,Four-Door Car,Midsize,82.0,10.0,1393.6,3265.16
UM14883,California,High School,Employed,Male,64396.0,Urban,Married,Agent,Basic,Special,SUV,Midsize,103.0,2.0,1355.41,16373.73
UM15297,California,Bachelor,Employed,Female,30431.0,Rural,Married,Call Center,Extended,Corporate,SUV,Small,122.0,6.0,1133.47,9640.53
UM26324,Washington,High School,Employed,Male,81082.0,Urban,Married,Agent,Basic,Corporate,Four-Door Car,Large,73.0,5.0,1281.3,5838.9
UM27359,Arizona,Bachelor,Employed,Male,49530.0,Urban,Married,Web,Basic,Personal,Four-Door Car,Midsize,63.0,8.0,1278.24,7524.88
UM28580,Oregon,High School,Employed,Female,58577.0,Urban,Married,Agent,Basic,Personal,SUV,Midsize,110.0,6.0,1303.87,4428.03
UM39817,Oregon,Bachelor,Disabled,Female,23815.0,Suburban,Married,Call Center,Basic,Personal,Four-Door Car,Midsize,73.0,4.0,1424.33,8257.67
UM44109,Oregon,Associate,Employed,Male,94303.0,Rural,Married,Call Center,Basic,Personal,Four-Door Car,Midsize,65.0,16.0,1149.69,7908.45
UM45563,Washington,Bachelor,Employed,Male,68798.0,Rural,Single,Call Center,Basic,Personal,SUV,Midsize,114.0,19.0,1092.92,4502.68
UM52895,California,Bachelor,Employed,Female,30130.0,Suburban,Married,Call Center,Basic,Personal,SUV,Small,110.0,22.0,1528.0,13104.3
UM53032,California,Associate,Employed,Male,84822.0,Urban,Married,Agent,Extended,Corporate,Four-Door Car,Midsize,76.0,5.0,1219.88,6104.72
UM69933,Nevada,Associate,Employed,Male,46051.0,Suburban,Married,Branch,Basic,Personal,Two-Door Car,Large,63.0,16.0,1302.4,2489.34
UM73815,Arizona,High School,Employed,Female,74871.0,Suburban,Married,Call Center,Premium,Personal,SUV,Midsize,178.0,0.0,1854.4,14517.44
UM99946,Arizona,Associate,Employed,Male,68980.0,Urban,Divorced,Agent,Extended,Personal,Four-Door Car,Midsize,98.0,25.0,1464.04,7736.65
UN37063,Arizona,Bachelor,Medical Leave,Male,10269.0,Urban,Single,Agent,Basic,Personal,Two-Door Car,Midsize,65.0,12.0,1170.8,4525.37
UN39066,Washington,Bachelor,Employed,Male,26676.0,Suburban,Married,Agent,Basic,Personal,SUV,Large,112.0,7.0,1537.6,4389.28
UN49741,Oregon,High School,Employed,Male,44299.0,Suburban,Divorced,Call Center,Basic,Personal,SUV,Midsize,106.0,25.0,1754.26,11121.62
UN50538,Oregon,Bachelor,Employed,Female,72667.0,Urban,Married,Agent,Extended,Personal,Four-Door Car,Large,80.0,2.0,1383.23,6395.35
UN52560,Arizona,Bachelor,Employed,Male,47669.0,Suburban,Married,Branch,Extended,Personal,Four-Door Car,Small,80.0,16.0,1384.0,6278.76
UN53508,Oregon,Bachelor,Disabled,Female,27357.0,Suburban,Married,Web,Basic,Corporate,Four-Door Car,Small,61.0,19.0,1292.8,4688.46
UN63889,California,Bachelor,Employed,Male,90443.0,Urban,Divorced,Call Center,Basic,Personal,Two-Door Car,Midsize,66.0,11.0,1235.17,2644.98
UN69319,Arizona,Master,Employed,Male,62277.0,Rural,Single,Call Center,Basic,Corporate,SUV,Midsize,113.0,9.0,1249.8,8837.33
UN77671,California,Associate,Employed,Female,26906.0,Rural,Married,Branch,Extended,Personal,Two-Door Car,Midsize,92.0,17.0,1106.53,7330.19
UN97379,Oregon,Bachelor,Retired,Male,18608.0,Suburban,Divorced,Web,Basic,Corporate,Four-Door Car,Midsize,71.0,13.0,1340.8,2538.63
UO16539,Washington,Bachelor,Employed,Male,22454.0,Suburban,Single,Agent,Basic,Personal,SUV,Midsize,110.0,5.0,1556.1,8439.62
UO40192,Nevada,High School,Employed,Male,79619.0,Urban,Married,Web,Basic,Personal,Four-Door Car,Large,71.0,3.0,1280.9,5544.91
UO40726,Oregon,Bachelor,Employed,Female,28089.0,Suburban,Single,Agent,Extended,Personal,Two-Door Car,Midsize,82.0,11.0,1411.8600000000001,3146.04
UO44449,Washington,Associate,Employed,Female,33700.0,Urban,Married,Agent,Basic,Corporate,Four-Door Car,Midsize,62.0,26.0,1274.1100000000001,4911.12
UO48558,California,High School,Employed,Male,23277.0,Suburban,Married,Branch,Extended,Corporate,Four-Door Car,Midsize,77.0,14.0,1369.6,2993.12
UO54511,California,High School,Employed,Female,27400.0,Suburban,Married,Agent,Basic,Personal,Four-Door Car,Midsize,63.0,14.0,1302.4,4950.25
UO54843,California,Bachelor,Employed,Male,70286.0,Rural,Married,Web,Basic,Corporate,Four-Door Car,Midsize,67.0,16.0,1130.1399999999999,5372.35
UO59377,Arizona,High School,Retired,Female,11828.0,Suburban,Divorced,Agent,Extended,Personal,Four-Door Car,Large,90.0,18.0,1571.48,10083.49
UO62808,Arizona,High School,Employed,Female,65351.0,Suburban,Married,Call Center,Basic,Corporate,Four-Door Car,Midsize,69.0,4.0,1481.03,2799.75
UO86707,Washington,Bachelor,Employed,Male,75217.0,Rural,Single,Branch,Basic,Personal,Four-Door Car,Midsize,61.0,12.0,1147.08,7173.91
UO93347,California,High School,Employed,Male,34624.0,Urban,Married,Call Center,Extended,Personal,Four-Door Car,Midsize,95.0,28.0,1270.37,3755.26
UO95739,Oregon,Associate,Employed,Male,54704.0,Urban,Divorced,Web,Basic,Personal,SUV,Midsize,113.0,6.0,1468.18,4457.94
UP19263,California,Associate,Employed,Male,21941.0,Suburban,Married,Branch,Extended,Personal,Four-Door Car,Large,96.0,34.0,1691.2,7524.44
UP29839,Nevada,Master,Employed,Female,22705.0,Suburban,Divorced,Agent,Extended,Personal,Luxury SUV,Midsize,239.0,19.0,2294.7,19160.99
UP30859,Nevada,Associate,Employed,Female,39815.0,Rural,Divorced,Branch,Basic,Special,Four-Door Car,Midsize,64.0,17.0,1091.39,7492.06
UP31333,Washington,Associate,Employed,Male,28432.0,Suburban,Married,Branch,Basic,Corporate,SUV,Small,118.0,1.0,1612.3,13869.93
UP36767,California,Associate,Employed,Male,61064.0,Urban,Married,Branch,Basic,Personal,SUV,Midsize,113.0,32.0,1539.77,4553.81
UP57305,California,Bachelor,Employed,Male,22726.0,Suburban,Married,Branch,Basic,Personal,Four-Door Car,Midsize,65.0,25.0,1312.0,5087.02
UP60200,California,Bachelor,Employed,Male,87002.0,Rural,Married,Call Center,Premium,Personal,Two-Door Car,Midsize,110.0,27.0,1199.85,26576.32
UP80657,Washington,Associate,Employed,Male,56342.0,Suburban,Single,Call Center,Basic,Corporate,Four-Door Car,Small,69.0,12.0,1331.2,2674.73
UP90711,Oregon,Bachelor,Employed,Female,61029.0,Rural,Single,Call Center,Basic,Personal,Two-Door Car,Midsize,72.0,26.0,1114.43,2836.68
UQ16798,Arizona,Associate,Employed,Female,35482.0,Suburban,Married,Branch,Extended,Personal,SUV,Midsize,129.0,21.0,1619.2,10208.93
UQ19505,Oregon,Associate,Employed,Female,39075.0,Rural,Married,Call Center,Extended,Personal,Two-Door Car,Midsize,89.0,22.0,1142.42,3557.2
UQ30615,California,Associate,Employed,Male,64801.0,Urban,Married,Web,Basic,Corporate,Four-Door Car,Midsize,64.0,23.0,1268.47,7582.11
UQ34669,Arizona,Master,Employed,Male,88997.0,Rural,Divorced,Branch,Basic,Personal,Four-Door Car,Small,72.0,9.0,1174.04,5757.44
UQ40371,Nevada,Master,Employed,Female,55359.0,Urban,Married,Branch,Extended,Special,Four-Door Car,Large,83.0,28.0,1303.33,3352.94
UQ41461,Washington,Bachelor,Disabled,Female,27538.0,Urban,Divorced,Call Center,Basic,Personal,Four-Door Car,Midsize,63.0,10.0,1285.84,4570.67
UQ51981,Oregon,High School,Employed,Female,52583.0,Urban,Single,Agent,Basic,Personal,SUV,Small,113.0,12.0,1528.2,8879.79
UQ54273,California,Associate,Retired,Male,25251.0,Suburban,Divorced,Web,Basic,Personal,Four-Door Car,Midsize,66.0,13.0,1316.8,11790.5
UQ59692,California,Bachelor,Employed,Female,73457.0,Rural,Married,Branch,Extended,Personal,SUV,Small,133.0,0.0,1198.12,21255.5
UQ60825,California,Associate,Employed,Female,99185.0,Urban,Married,Call Center,Basic,Corporate,SUV,Midsize,115.0,8.0,1449.43,9369.64
UQ63751,Arizona,Bachelor,Employed,Female,23772.0,Rural,Married,Agent,Extended,Personal,Four-Door Car,Midsize,83.0,19.0,1100.65,6687.59
UQ67668,Nevada,High School,Employed,Male,73168.0,Suburban,Married,Agent,Basic,Personal,Four-Door Car,Midsize,70.0,21.0,1425.8,5639.94
UQ71296,Washington,Associate,Employed,Male,97095.0,Urban,Married,Branch,Basic,Personal,Four-Door Car,Large,70.0,4.0,1208.04,5625.31
UQ73252,Arizona,Associate,Retired,Male,26802.0,Suburban,Married,Agent,Basic,Personal,Two-Door Car,Midsize,66.0,7.0,1316.8,4636.55
UQ85283,California,Bachelor,Employed,Male,41279.0,Rural,Single,Agent,Basic,Personal,Sports Car,Midsize,115.0,1.0,1251.43,30763.26
UQ87917,Oregon,High School,Employed,Male,77060.0,Urban,Married,Branch,Basic,Personal,SUV,Midsize,106.0,23.0,1468.57,12941.73
UR34922,California,Doctoral,Employed,Male,65255.0,Urban,Divorced,Agent,Basic,Personal,Four-Door Car,Small,72.0,3.0,1321.46,5633.74
UR36912,California,Bachelor,Employed,Male,77362.0,Suburban,Married,Agent,Basic,Personal,Two-Door Car,Midsize,70.0,14.0,1386.6,2796.8
UR36951,Oregon,Bachelor,Employed,Male,82166.0,Suburban,Single,Agent,Extended,Personal,SUV,Midsize,134.0,9.0,1643.2,5189.29
UR40795,Oregon,High School,Medical Leave,Male,27849.0,Suburban,Married,Web,Basic,Personal,Sports Car,Small,119.0,24.0,1571.2,9269.68
UR42360,California,Bachelor,Employed,Male,35095.0,Suburban,Divorced,Call Center,Basic,Personal,Two-Door Car,Small,73.0,25.0,1525.6,16979.8
UR49989,Oregon,Bachelor,Employed,Female,81605.0,Suburban,Married,Agent,Basic,Personal,Two-Door Car,Midsize,67.0,7.0,1424.22,2725.19
UR67446,California,High School,Employed,Female,23235.0,Suburban,Married,Call Center,Extended,Personal,Four-Door Car,Midsize,99.0,28.0,1587.6599999999999,7882.99
UR73910,California,Associate,Employed,Male,38166.0,Urban,Married,Agent,Basic,Corporate,Four-Door Car,Midsize,67.0,25.0,1236.84,2602.25
US23612,Oregon,High School,Disabled,Female,26049.0,Rural,Married,Call Center,Premium,Personal,Two-Door Car,Large,118.0,17.0,1121.03,9102.27
US34108,California,Bachelor,Employed,Female,27725.0,Suburban,Married,Branch,Basic,Personal,Four-Door Car,Midsize,63.0,1.0,1302.4,4773.66
US36532,Arizona,High School,Employed,Female,76283.0,Suburban,Married,Agent,Basic,Corporate,Four-Door Car,Midsize,61.0,9.0,1292.8,4938.21
US43945,California,Bachelor,Employed,Female,41247.0,Suburban,Divorced,Web,Basic,Personal,Two-Door Car,Large,64.0,17.0,1307.2,2521.68
US45383,California,Associate,Employed,Male,88340.0,Suburban,Married,Branch,Premium,Personal,Two-Door Car,Midsize,102.0,16.0,1489.6,12280.77
US63915,Arizona,High School,Employed,Male,51944.0,Suburban,Married,Agent,Premium,Corporate,Sports Car,Midsize,156.0,12.0,1748.8,6218.66
US82470,Arizona,Bachelor,Employed,Male,37541.0,Rural,Married,Branch,Basic,Corporate,SUV,Large,109.0,10.0,1096.21,13094.2
US85318,Oregon,Bachelor,Employed,Female,65744.0,Urban,Divorced,Call Center,Basic,Corporate,Four-Door Car,Midsize,62.0,9.0,1166.51,2478.58
US90854,Oregon,Bachelor,Employed,Male,20742.0,Urban,Single,Web,Basic,Personal,SUV,Midsize,100.0,17.0,1455.85,11177.75
UT18598,California,Bachelor,Disabled,Female,14232.0,Suburban,Married,Agent,Basic,Personal,Four-Door Car,Small,64.0,13.0,1307.2,4914.73
UT38865,Oregon,Associate,Employed,Female,58042.0,Urban,Married,Agent,Basic,Corporate,Four-Door Car,Midsize,62.0,14.0,1161.42,7425.87
UT48216,Nevada,Associate,Employed,Male,58414.0,Suburban,Single,Agent,Extended,Personal,Luxury SUV,Small,210.0,7.0,2008.0,7840.17
UT61518,California,Bachelor,Employed,Male,25998.0,Suburban,Married,Call Center,Basic,Personal,Four-Door Car,Midsize,71.0,16.0,1791.88,8382.48
UT73461,Oregon,Doctoral,Employed,Female,81079.0,Rural,Married,Web,Basic,Special,SUV,Midsize,111.0,11.0,1134.22,4505.4
UT76436,Nevada,Bachelor,Employed,Female,55910.0,Urban,Married,Call Center,Extended,Personal,Four-Door Car,Midsize,86.0,4.0,1324.35,3438.95
UT88283,Arizona,Associate,Disabled,Female,29051.0,Rural,Married,Agent,Basic,Personal,Two-Door Car,Midsize,73.0,31.0,1153.2,2775.08
UU12600,Nevada,Bachelor,Employed,Female,33402.0,Rural,Married,Web,Basic,Personal,SUV,Small,109.0,7.0,1071.05,8640.75
UU22643,Oregon,High School,Retired,Female,25147.0,Suburban,Single,Agent,Basic,Personal,SUV,Midsize,101.0,7.0,1694.6,3600.93
UU32345,California,Associate,Employed,Male,49078.0,Suburban,Single,Branch,Extended,Corporate,Four-Door Car,Midsize,97.0,10.0,1484.01,22332.44
UU53919,Oregon,Master,Employed,Female,27430.0,Urban,Married,Call Center,Basic,Personal,Two-Door Car,Midsize,68.0,25.0,1184.96,5403.55
UU70820,Arizona,Associate,Employed,Female,27880.0,Urban,Married,Call Center,Basic,Personal,Four-Door Car,Large,74.0,4.0,1199.44,5867.13
UU77151,Washington,Associate,Employed,Female,44820.0,Urban,Married,Branch,Extended,Personal,Sports Car,Midsize,133.0,12.0,1336.13,5182.39
UU84036,California,High School,Employed,Male,59597.0,Urban,Married,Agent,Basic,Special,Two-Door Car,Midsize,69.0,6.0,1222.79,8267.85
UU92753,Oregon,Doctoral,Employed,Female,85537.0,Urban,Married,Call Center,Basic,Personal,SUV,Midsize,108.0,4.0,1285.28,26416.25
UU93074,California,Associate,Employed,Male,32435.0,Suburban,Married,Agent,Premium,Personal,Luxury Car,Midsize,297.0,24.0,2767.35,11701.07
UU99893,Arizona,Master,Employed,Female,42677.0,Suburban,Divorced,Branch,Extended,Personal,Four-Door Car,Small,96.0,5.0,2084.96,7689.7
UV12583,California,Associate,Employed,Female,76694.0,Suburban,Married,Agent,Basic,Personal,SUV,Midsize,117.0,34.0,1561.6,4700.58
UV43859,Oregon,High School,Employed,Female,47297.0,Suburban,Married,Web,Basic,Personal,SUV,Midsize,115.0,10.0,1796.13,8840.19
UV44069,Oregon,High School,Medical Leave,Female,23504.0,Suburban,Single,Agent,Basic,Corporate,Two-Door Car,Small,69.0,19.0,1374.4,2514.43
UV48189,California,Bachelor,Employed,Male,28181.0,Suburban,Married,Call Center,Basic,Personal,SUV,Midsize,109.0,32.0,1523.2,8476.08
UV48386,California,Master,Employed,Male,40154.0,Suburban,Married,Branch,Basic,Corporate,Four-Door Car,Midsize,67.0,24.0,1360.67,2698.05
UV49359,Nevada,Bachelor,Employed,Female,74335.0,Urban,Single,Agent,Basic,Corporate,Luxury Car,Small,187.0,3.0,1896.44,7372.23
UV52613,Arizona,Associate,Disabled,Male,20867.0,Suburban,Married,Agent,Basic,Personal,Four-Door Car,Midsize,71.0,0.0,1340.8,2722.99
UV53712,California,Associate,Employed,Female,59649.0,Rural,Married,Web,Basic,Personal,Four-Door Car,Midsize,69.0,33.0,1167.74,5562.46
UV54104,Oregon,Bachelor,Retired,Male,25905.0,Suburban,Divorced,Agent,Basic,Personal,Four-Door Car,Large,63.0,21.0,1302.4,2300.69
UV57184,California,Bachelor,Employed,Female,97849.0,Urban,Married,Agent,Basic,Special,Four-Door Car,Small,62.0,32.0,1183.12,7504.69
UV64489,Arizona,Bachelor,Employed,Female,28743.0,Suburban,Single,Call Center,Basic,Personal,SUV,Midsize,112.0,9.0,1537.6,8716.37
UV89069,Nevada,Bachelor,Employed,Female,34628.0,Rural,Married,Branch,Basic,Personal,Four-Door Car,Midsize,71.0,21.0,1132.52,2802.62
UV89077,Oregon,Associate,Medical Leave,Female,25370.0,Suburban,Married,Branch,Basic,Personal,Sports Car,Large,102.0,10.0,1489.6,11638.9
UW10841,California,Bachelor,Employed,Male,74115.0,Urban,Married,Branch,Basic,Personal,Four-Door Car,Midsize,63.0,24.0,1275.35,9976.25
UW37050,Oregon,Bachelor,Employed,Female,60420.0,Urban,Married,Web,Extended,Personal,Luxury SUV,Midsize,248.0,8.0,1632.94,19896.42
UW55977,Washington,Bachelor,Employed,Male,94392.0,Rural,Married,Call Center,Basic,Personal,Four-Door Car,Small,65.0,3.0,1156.18,5206.11
UW70224,Oregon,Associate,Employed,Female,63422.0,Suburban,Married,Call Center,Basic,Personal,Four-Door Car,Small,66.0,8.0,1355.92,2637.94
UW88168,Oregon,Bachelor,Employed,Male,73782.0,Rural,Married,Branch,Extended,Special,Four-Door Car,Large,76.0,11.0,1111.62,3032.82
UW90223,California,Bachelor,Employed,Female,27839.0,Suburban,Married,Agent,Basic,Personal,Two-Door Car,Small,65.0,20.0,1312.0,2363.3
UX18122,Washington,Bachelor,Employed,Female,59016.0,Suburban,Married,Web,Extended,Corporate,Four-Door Car,Midsize,92.0,3.0,1441.6,3690.7
UX24010,California,Bachelor,Employed,Female,53614.0,Suburban,Married,Agent,Basic,Personal,Four-Door Car,Small,65.0,25.0,1725.85,5205.26
UX32931,California,Associate,Employed,Female,49312.0,Urban,Married,Branch,Basic,Corporate,Four-Door Car,Midsize,65.0,30.0,1230.1,5184.95
UX38930,Arizona,Master,Employed,Female,58327.0,Urban,Married,Branch,Extended,Personal,SUV,Midsize,129.0,31.0,1347.08,10364.35
UX71137,Washington,Doctoral,Employed,Female,69205.0,Urban,Married,Web,Premium,Personal,Four-Door Car,Midsize,110.0,20.0,1372.3600000000001,8875.97
UX71974,California,Associate,Employed,Male,42218.0,Rural,Divorced,Call Center,Basic,Personal,Luxury Car,Small,180.0,15.0,1212.13,20314.44
UX87150,California,Associate,Employed,Male,68229.0,Suburban,Married,Branch,Extended,Corporate,Four-Door Car,Midsize,96.0,11.0,1460.8,7680.15
UX87980,Nevada,Associate,Employed,Male,50180.0,Urban,Single,Web,Extended,Personal,Four-Door Car,Midsize,77.0,30.0,1360.5,2805.29
UX91266,California,Bachelor,Employed,Male,34307.0,Rural,Divorced,Call Center,Extended,Personal,Four-Door Car,Midsize,92.0,33.0,1186.03,3484.14
UX93878,Oregon,Bachelor,Employed,Female,34505.0,Urban,Married,Branch,Basic,Personal,SUV,Small,106.0,13.0,1359.8600000000001,8513.7
UX94928,Arizona,High School,Employed,Male,50941.0,Suburban,Single,Agent,Basic,Personal,Four-Door Car,Small,69.0,17.0,1331.2,10551.15
UY13430,Oregon,High School,Employed,Female,52583.0,Urban,Single,Agent,Basic,Special,SUV,Small,113.0,12.0,1528.2,8879.79
UY18770,California,Bachelor,Retired,Female,14290.0,Suburban,Married,Agent,Premium,Personal,Luxury SUV,Midsize,271.0,20.0,2300.8,10179.72
UY32623,California,Associate,Disabled,Female,18213.0,Suburban,Divorced,Branch,Extended,Corporate,Four-Door Car,Large,96.0,12.0,1460.8,3593.13
UY45293,Oregon,Bachelor,Employed,Male,21975.0,Suburban,Divorced,Agent,Extended,Corporate,Four-Door Car,Large,95.0,28.0,1456.0,3703.93
UY51200,California,Associate,Employed,Male,77104.0,Urban,Married,Agent,Basic,Corporate,SUV,Midsize,112.0,21.0,1436.49,8888.89
UY61913,Oregon,Associate,Disabled,Male,17950.0,Urban,Married,Agent,Basic,Personal,SUV,Midsize,118.0,34.0,1425.49,8847.44
UY85263,Nevada,Bachelor,Employed,Female,88858.0,Urban,Married,Agent,Extended,Personal,Four-Door Car,Small,93.0,2.0,1310.37,11255.46
UY94269,Oregon,Master,Employed,Female,35605.0,Suburban,Married,Agent,Basic,Personal,Two-Door Car,Midsize,74.0,0.0,1355.2,2991.42
UY95530,California,Associate,Employed,Male,62464.0,Urban,Married,Agent,Basic,Personal,Sports Car,Midsize,109.0,23.0,1400.18,8658.86
UY95661,California,Master,Employed,Male,49161.0,Urban,Married,Branch,Basic,Personal,Two-Door Car,Midsize,63.0,16.0,1171.75,4971.73
UZ14076,California,High School,Employed,Female,89546.0,Suburban,Married,Agent,Premium,Corporate,Luxury SUV,Large,266.0,4.0,3452.89,32104.7
UZ35113,California,Bachelor,Employed,Female,74489.0,Rural,Married,Branch,Extended,Special,SUV,Midsize,124.0,11.0,1128.54,10014.03
UZ80048,Oregon,Associate,Retired,Male,28001.0,Suburban,Married,Agent,Extended,Personal,Two-Door Car,Large,83.0,15.0,1438.78,6185.97
UZ97486,California,Bachelor,Employed,Male,35095.0,Suburban,Divorced,Call Center,Basic,Corporate,Two-Door Car,Small,73.0,25.0,1525.6,16979.8
VA30351,Oregon,High School,Employed,Female,74454.0,Suburban,Single,Call Center,Basic,Personal,Four-Door Car,Midsize,71.0,25.0,1340.8,5595.39
VA60020,Nevada,High School,Employed,Female,63583.0,Rural,Married,Agent,Extended,Special,Four-Door Car,Midsize,83.0,15.0,1167.4,3314.55
VA63861,California,Associate,Employed,Female,28524.0,Suburban,Married,Web,Basic,Personal,Four-Door Car,Midsize,62.0,26.0,1297.6,4967.54
VA77345,Oregon,Associate,Employed,Female,26884.0,Urban,Married,Call Center,Extended,Special,Four-Door Car,Midsize,89.0,11.0,1238.13,3531.04
VA82895,Oregon,High School,Disabled,Female,25030.0,Suburban,Married,Branch,Basic,Personal,Sports Car,Midsize,113.0,16.0,1542.4,4112.84
VA89404,California,Master,Employed,Male,53262.0,Urban,Married,Branch,Basic,Corporate,Four-Door Car,Midsize,62.0,11.0,1223.72,16887.8
VA89684,Nevada,Associate,Employed,Female,33775.0,Suburban,Married,Agent,Basic,Personal,Two-Door Car,Midsize,61.0,24.0,1292.8,2430.48
VA91846,Arizona,Associate,Employed,Male,97868.0,Urban,Married,Branch,Basic,Special,Two-Door Car,Large,70.0,5.0,1267.79,5577.54
VA94160,California,High School,Employed,Female,43054.0,Suburban,Married,Agent,Basic,Personal,Four-Door Car,Large,68.0,5.0,1326.4,5418.46
VA95584,California,Master,Employed,Male,34665.0,Suburban,Married,Branch,Basic,Personal,Two-Door Car,Small,64.0,29.0,1450.8600000000001,12723.15
VB22338,Nevada,High School,Employed,Male,31842.0,Urban,Single,Agent,Basic,Special,SUV,Small,108.0,7.0,1406.35,4110.62
VB23257,Oregon,Bachelor,Employed,Male,47590.0,Rural,Single,Branch,Basic,Special,SUV,Midsize,119.0,14.0,1121.33,4652.6
VB26229,Arizona,Bachelor,Employed,Male,29540.0,Suburban,Divorced,Branch,Basic,Personal,Four-Door Car,Midsize,73.0,3.0,1350.4,8697.88
VB42222,Nevada,Bachelor,Employed,Female,97379.0,Urban,Divorced,Web,Premium,Personal,Four-Door Car,Midsize,119.0,10.0,1354.76,14316.85
VB57504,California,High School,Employed,Male,30027.0,Suburban,Married,Branch,Basic,Personal,Four-Door Car,Midsize,65.0,13.0,1312.0,2560.69
VB65967,California,Bachelor,Employed,Male,49331.0,Urban,Married,Branch,Extended,Personal,SUV,Midsize,138.0,3.0,1386.26,27430.14
VB69838,Oregon,High School,Employed,Female,46587.0,Suburban,Divorced,Call Center,Premium,Personal,Four-Door Car,Midsize,119.0,34.0,1571.2,41787.9
VB77950,California,High School,Medical Leave,Female,22439.0,Suburban,Married,Agent,Extended,Personal,Four-Door Car,Midsize,98.0,30.0,1470.4,3766.37
VB87946,California,Associate,Employed,Male,49714.0,Urban,Married,Branch,Basic,Personal,Four-Door Car,Midsize,63.0,29.0,1266.17,4970.36
VC11777,California,High School,Employed,Female,80521.0,Suburban,Single,Branch,Basic,Personal,Four-Door Car,Small,65.0,20.0,1342.91,5187.65
VC34764,California,Associate,Retired,Male,26806.0,Suburban,Married,Agent,Basic,Personal,Four-Door Car,Midsize,63.0,32.0,1302.4,7019.18
VC43751,Arizona,Bachelor,Employed,Female,38684.0,Suburban,Married,Branch,Basic,Personal,Two-Door Car,Midsize,74.0,1.0,1376.76,5860.02
VC47959,Arizona,Associate,Employed,Female,54495.0,Urban,Married,Branch,Basic,Personal,Four-Door Car,Midsize,61.0,7.0,1182.35,4895.81
VC64410,Arizona,High School,Medical Leave,Female,25965.0,Suburban,Divorced,Agent,Basic,Personal,Four-Door Car,Midsize,65.0,23.0,1329.21,2491.26
VC83809,California,Doctoral,Employed,Male,30817.0,Rural,Divorced,Branch,Extended,Personal,Four-Door Car,Midsize,88.0,25.0,1091.83,3436.13
VC87846,Oregon,High School,Employed,Male,46998.0,Suburban,Divorced,Agent,Extended,Corporate,Four-Door Car,Midsize,96.0,13.0,1460.8,7484.31
VD19899,California,Doctoral,Employed,Female,50494.0,Urban,Married,Call Center,Premium,Personal,Two-Door Car,Midsize,114.0,19.0,1491.32,27542.37
VD27065,Washington,Bachelor,Employed,Male,86860.0,Suburban,Married,Call Center,Premium,Personal,Four-Door Car,Small,107.0,13.0,1513.6,4297.02
VD37089,Washington,Associate,Employed,Male,29938.0,Suburban,Divorced,Branch,Extended,Corporate,Four-Door Car,Midsize,90.0,8.0,1562.4299999999998,3478.89
VD51297,California,Associate,Employed,Male,99722.0,Suburban,Single,Call Center,Basic,Personal,Four-Door Car,Small,61.0,6.0,1292.8,7320.99
VD62056,Arizona,High School,Employed,Female,76157.0,Suburban,Married,Call Center,Premium,Personal,Two-Door Car,Small,116.0,15.0,1556.8,4669.23
VD64777,Nevada,Associate,Employed,Female,27800.0,Suburban,Single,Web,Basic,Personal,Two-Door Car,Midsize,67.0,9.0,1321.6,2606.19
VD69291,California,Associate,Disabled,Male,22415.0,Suburban,Married,Branch,Basic,Personal,Four-Door Car,Large,69.0,0.0,1352.8899999999999,2702.69
VD78722,Oregon,Associate,Employed,Male,37876.0,Urban,Single,Agent,Basic,Personal,Four-Door Car,Midsize,69.0,13.0,1300.06,2647.52
VD87432,Washington,Bachelor,Employed,Male,60735.0,Urban,Married,Branch,Extended,Personal,SUV,Midsize,135.0,11.0,1571.7,16069.95
VD96075,Oregon,Bachelor,Employed,Male,58299.0,Suburban,Married,Branch,Premium,Personal,Four-Door Car,Midsize,105.0,24.0,1504.0,4165.25
VE47660,Oregon,High School,Employed,Female,30004.0,Suburban,Married,Web,Basic,Personal,SUV,Midsize,112.0,12.0,1806.4,9033.25
VE51810,Arizona,Bachelor,Employed,Male,42795.0,Suburban,Married,Branch,Basic,Personal,Four-Door Car,Large,73.0,2.0,1350.4,5813.24
VE52406,California,High School,Employed,Male,95697.0,Rural,Married,Agent,Basic,Corporate,Two-Door Car,Midsize,61.0,16.0,1114.27,2471.53
VE55982,Nevada,Bachelor,Employed,Male,54000.0,Suburban,Divorced,Call Center,Basic,Corporate,Two-Door Car,Midsize,66.0,15.0,1373.88,2644.68
VE64781,Arizona,Bachelor,Employed,Female,75685.0,Suburban,Married,Agent,Basic,Personal,Four-Door Car,Small,73.0,35.0,1369.92,2927.07
VE72838,Arizona,High School,Employed,Female,59207.0,Suburban,Single,Agent,Premium,Personal,Four-Door Car,Midsize,116.0,23.0,1556.8,13770.98
VE75717,Nevada,High School,Employed,Female,31447.0,Suburban,Married,Web,Extended,Personal,SUV,Large,121.0,12.0,1580.8,4868.81
VE85103,Nevada,Associate,Medical Leave,Male,20567.0,Suburban,Married,Agent,Basic,Personal,Four-Door Car,Large,72.0,24.0,1345.6,2449.13
VE87035,Oregon,Bachelor,Employed,Male,25998.0,Suburban,Married,Call Center,Basic,Personal,Four-Door Car,Midsize,71.0,16.0,1791.88,8382.48
VE98553,Oregon,Bachelor,Employed,Male,60466.0,Suburban,Married,Agent,Premium,Personal,Four-Door Car,Large,117.0,14.0,1784.19,4666.64
VF15321,Washington,Associate,Employed,Male,54010.0,Suburban,Married,Branch,Basic,Personal,Four-Door Car,Midsize,69.0,5.0,1331.2,2734.44
VF17463,Oregon,Associate,Employed,Male,62464.0,Urban,Married,Agent,Basic,Personal,Sports Car,Midsize,109.0,23.0,1400.18,8658.86
VF21170,California,Bachelor,Employed,Female,37277.0,Urban,Married,Agent,Basic,Personal,SUV,Midsize,109.0,24.0,1417.72,8613.46
VF21395,Oregon,Bachelor,Employed,Male,82655.0,Suburban,Married,Web,Basic,Personal,Two-Door Car,Midsize,66.0,8.0,1316.8,2652.7
VF21523,Nevada,High School,Employed,Female,37741.0,Suburban,Single,Web,Basic,Corporate,Two-Door Car,Small,74.0,3.0,1355.2,2883.17
VF32979,Washington,Bachelor,Employed,Female,25472.0,Suburban,Divorced,Branch,Basic,Corporate,Four-Door Car,Midsize,73.0,5.0,1350.4,5800.17
VF33776,Nevada,High School,Employed,Female,90289.0,Rural,Married,Web,Extended,Corporate,Four-Door Car,Midsize,99.0,4.0,1164.5,31269.27
VF35858,California,Bachelor,Employed,Male,48885.0,Suburban,Married,Web,Basic,Personal,Luxury Car,Midsize,190.0,31.0,2090.12,15284.33
VF36700,Oregon,Master,Retired,Female,20983.0,Urban,Single,Branch,Extended,Personal,Four-Door Car,Midsize,97.0,10.0,1451.75,24278.1
VF57165,California,High School,Employed,Female,21206.0,Rural,Married,Branch,Extended,Corporate,Sports Car,Midsize,136.0,12.0,1098.09,16256.81
VF58561,Oregon,Bachelor,Employed,Female,82413.0,Suburban,Divorced,Agent,Basic,Personal,Four-Door Car,Midsize,62.0,12.0,1297.6,4995.21
VF65535,California,Associate,Employed,Female,64937.0,Urban,Single,Agent,Extended,Corporate,SUV,Midsize,122.0,27.0,1328.83,42937.35
VF72557,Oregon,High School,Retired,Male,20993.0,Suburban,Divorced,Agent,Extended,Personal,SUV,Midsize,133.0,35.0,1638.4,4772.94
VF73104,Arizona,High School,Employed,Female,20868.0,Rural,Married,Agent,Basic,Personal,Four-Door Car,Midsize,63.0,19.0,1134.63,5016.83
VF87723,California,Associate,Employed,Male,30658.0,Suburban,Married,Branch,Extended,Personal,Four-Door Car,Midsize,89.0,6.0,1441.76,10487.74
VF96109,Oregon,High School,Employed,Male,99845.0,Suburban,Married,Branch,Basic,Personal,SUV,Midsize,110.0,23.0,1528.0,8819.02
VG11458,California,Bachelor,Medical Leave,Male,28666.0,Suburban,Divorced,Branch,Basic,Personal,Four-Door Car,Large,64.0,23.0,1307.2,4770.74
VG16827,California,Master,Employed,Female,79487.0,Suburban,Divorced,Branch,Basic,Personal,SUV,Midsize,114.0,20.0,1547.2,4626.8
VG40704,California,Associate,Employed,Female,55855.0,Urban,Married,Branch,Extended,Personal,Four-Door Car,Midsize,79.0,10.0,1273.0,3135.41
VG43444,Oregon,Bachelor,Employed,Male,36794.0,Suburban,Single,Agent,Extended,Personal,Four-Door Car,Large,99.0,0.0,1712.8,3837.49
VG56765,Arizona,High School,Employed,Male,95697.0,Rural,Married,Agent,Basic,Personal,Two-Door Car,Midsize,61.0,16.0,1114.27,2471.53
VG58889,California,Bachelor,Disabled,Female,22350.0,Suburban,Married,Agent,Basic,Corporate,Two-Door Car,Large,66.0,9.0,1316.8,5040.78
VG68427,Arizona,High School,Employed,Male,81914.0,Urban,Married,Branch,Basic,Corporate,Four-Door Car,Midsize,70.0,6.0,1198.75,5608.16
VG83453,California,Doctoral,Disabled,Male,17272.0,Suburban,Married,Call Center,Extended,Personal,Two-Door Car,Midsize,93.0,30.0,1446.4,3557.37
VG85511,Arizona,Associate,Medical Leave,Male,28280.0,Suburban,Married,Web,Basic,Personal,Sports Car,Midsize,116.0,7.0,1556.8,8759.59
VH31071,Arizona,Associate,Disabled,Female,21947.0,Suburban,Married,Call Center,Basic,Personal,SUV,Large,118.0,30.0,1566.4,9256.92
VH31965,Washington,Bachelor,Employed,Male,40783.0,Suburban,Married,Call Center,Basic,Personal,Four-Door Car,Midsize,67.0,13.0,1321.6,5285.12
VH35998,California,Doctoral,Employed,Male,53375.0,Rural,Married,Agent,Extended,Personal,Four-Door Car,Midsize,79.0,20.0,1127.32,9566.84
VH43367,California,High School,Employed,Female,61402.0,Suburban,Married,Agent,Basic,Special,Four-Door Car,Midsize,63.0,14.0,1302.4,2506.02
VH45094,Arizona,High School,Employed,Male,65870.0,Urban,Married,Branch,Basic,Personal,Four-Door Car,Large,61.0,21.0,1202.85,7286.79
VH62312,Nevada,Associate,Employed,Male,56342.0,Suburban,Single,Call Center,Basic,Corporate,Four-Door Car,Small,69.0,12.0,1331.2,2674.73
VH66357,California,Associate,Employed,Male,39646.0,Urban,Married,Agent,Basic,Personal,Four-Door Car,Small,70.0,9.0,1279.71,2769.73
VH85817,California,High School,Employed,Male,51066.0,Suburban,Single,Call Center,Basic,Personal,Four-Door Car,Midsize,74.0,23.0,1787.99,5780.18
VI12822,Washington,High School,Employed,Female,99841.0,Suburban,Married,Branch,Basic,Personal,Four-Door Car,Small,65.0,14.0,1312.0,2632.55
VI14418,California,Bachelor,Medical Leave,Male,16707.0,Suburban,Divorced,Web,Premium,Special,Four-Door Car,Midsize,102.0,9.0,2106.91,7614.67
VI14730,Oregon,High School,Retired,Male,19683.0,Suburban,Married,Web,Basic,Personal,Sports Car,Midsize,117.0,17.0,1561.6,8382.63
VI18029,Washington,Bachelor,Employed,Male,79271.0,Urban,Married,Agent,Basic,Personal,Four-Door Car,Midsize,62.0,24.0,1232.75,2414.64
VI35467,Nevada,Master,Employed,Female,89797.0,Rural,Married,Web,Basic,Personal,SUV,Small,106.0,19.0,1070.96,4315.67
VI42566,Oregon,Master,Employed,Male,49311.0,Suburban,Married,Branch,Basic,Personal,Four-Door Car,Large,74.0,25.0,1355.2,6010.5
VI55112,Oregon,Associate,Employed,Male,25275.0,Urban,Single,Agent,Basic,Corporate,Four-Door Car,Midsize,61.0,5.0,1214.25,14065.3
VI66513,California,High School,Employed,Male,20009.0,Suburban,Single,Branch,Extended,Corporate,Four-Door Car,Small,87.0,31.0,1987.12,9688.33
VI69768,California,Bachelor,Employed,Male,69781.0,Suburban,Married,Call Center,Basic,Personal,SUV,Small,119.0,25.0,1849.21,23990.15
VI78454,Arizona,Associate,Employed,Male,51789.0,Suburban,Divorced,Call Center,Basic,Personal,Four-Door Car,Large,70.0,8.0,1336.0,2750.71
VI94769,California,Bachelor,Retired,Female,24910.0,Suburban,Single,Branch,Basic,Personal,Four-Door Car,Midsize,63.0,7.0,1347.8600000000001,2248.45
VJ24328,Oregon,High School,Employed,Male,53021.0,Suburban,Married,Agent,Basic,Personal,Four-Door Car,Midsize,68.0,28.0,1326.4,2599.04
VJ44100,California,Master,Employed,Male,90804.0,Urban,Married,Call Center,Basic,Personal,Sports Car,Small,113.0,29.0,1434.1,9122.93
VJ45879,California,Bachelor,Employed,Male,26848.0,Rural,Married,Agent,Premium,Personal,Two-Door Car,Midsize,114.0,10.0,1100.56,4450.22
VJ51327,California,High School,Employed,Female,63209.0,Rural,Married,Agent,Basic,Personal,SUV,Small,102.0,20.0,1207.32,20315.0
VJ64329,Oregon,Associate,Retired,Female,13663.0,Suburban,Single,Branch,Extended,Corporate,Four-Door Car,Small,97.0,1.0,1465.6,25464.82
VJ71087,Arizona,Bachelor,Disabled,Male,17672.0,Suburban,Divorced,Branch,Basic,Personal,SUV,Midsize,110.0,28.0,1792.0,3993.88
VJ83206,California,Associate,Employed,Male,72117.0,Rural,Married,Branch,Basic,Personal,Four-Door Car,Midsize,70.0,1.0,1106.74,8364.56
VK37392,Arizona,Associate,Employed,Male,58345.0,Urban,Married,Branch,Extended,Personal,Four-Door Car,Small,98.0,1.0,1346.97,7772.47
VK42108,Washington,Bachelor,Employed,Female,57882.0,Suburban,Single,Web,Basic,Corporate,SUV,Midsize,115.0,1.0,1552.0,18060.48
VK43303,Oregon,Bachelor,Employed,Male,68658.0,Urban,Single,Branch,Extended,Personal,Two-Door Car,Midsize,77.0,7.0,1296.26,6019.93
VK44934,California,Associate,Employed,Male,28558.0,Suburban,Married,Agent,Basic,Personal,SUV,Large,119.0,14.0,1797.56,8873.2
VK48036,Oregon,Associate,Employed,Female,79027.0,Suburban,Single,Agent,Basic,Corporate,Four-Door Car,Midsize,70.0,13.0,1336.0,5511.49
VK85405,California,High School,Employed,Female,80415.0,Urban,Single,Agent,Basic,Corporate,Two-Door Car,Midsize,62.0,24.0,1281.37,7409.59
VK92827,California,Bachelor,Employed,Male,93606.0,Suburban,Divorced,Branch,Basic,Personal,Four-Door Car,Small,67.0,23.0,1321.6,5352.22
VK98184,Arizona,Associate,Employed,Female,77031.0,Suburban,Married,Call Center,Extended,Personal,SUV,Midsize,125.0,17.0,1600.0,5033.69
VL32622,California,High School,Employed,Female,82887.0,Suburban,Married,Agent,Basic,Corporate,Four-Door Car,Small,66.0,22.0,1420.37,2664.24
VL51487,California,High School,Employed,Male,35124.0,Suburban,Married,Call Center,Extended,Personal,SUV,Large,137.0,18.0,1986.4,21768.7
VL58402,Washington,Associate,Employed,Male,46900.0,Suburban,Married,Web,Basic,Personal,Four-Door Car,Midsize,66.0,13.0,1316.8,2580.85
VL80291,Nevada,Master,Employed,Female,78494.0,Rural,Divorced,Web,Extended,Personal,Two-Door Car,Midsize,79.0,6.0,1122.31,3209.66
VL84149,Oregon,Associate,Employed,Female,71210.0,Suburban,Married,Branch,Extended,Corporate,Luxury Car,Small,214.0,8.0,2027.2,25807.06
VL95438,Arizona,Associate,Employed,Male,67899.0,Suburban,Married,Agent,Basic,Corporate,Four-Door Car,Midsize,66.0,5.0,1316.8,5292.2
VL97142,Oregon,Associate,Employed,Male,68507.0,Rural,Married,Agent,Basic,Personal,SUV,Midsize,110.0,5.0,1140.2,26200.83
VM13430,Oregon,Bachelor,Employed,Female,79090.0,Urban,Married,Branch,Basic,Corporate,SUV,Midsize,107.0,2.0,1289.04,8609.16
VM51572,Washington,Bachelor,Employed,Male,54289.0,Suburban,Married,Call Center,Basic,Personal,Four-Door Car,Midsize,62.0,32.0,1430.09,7385.36
VM53683,Nevada,Bachelor,Employed,Female,78804.0,Suburban,Married,Agent,Basic,Personal,Four-Door Car,Midsize,71.0,35.0,1389.6399999999999,25763.41
VM66678,Oregon,High School,Employed,Female,81872.0,Rural,Married,Web,Premium,Personal,Four-Door Car,Midsize,115.0,10.0,1256.44,14024.36
VM69145,California,Associate,Employed,Female,25680.0,Urban,Divorced,Agent,Basic,Personal,Two-Door Car,Midsize,73.0,10.0,1332.41,8722.9
VM84548,Washington,High School,Employed,Male,99845.0,Suburban,Married,Branch,Basic,Personal,SUV,Midsize,110.0,23.0,1528.0,8819.02
VM89271,Arizona,High School,Employed,Male,26262.0,Suburban,Married,Call Center,Extended,Personal,Four-Door Car,Small,97.0,6.0,1465.6,3844.57
VM92311,Arizona,High School,Employed,Female,89129.0,Suburban,Single,Branch,Basic,Personal,Four-Door Car,Midsize,64.0,24.0,1328.87,2529.08
VN22337,California,Associate,Employed,Female,83869.0,Urban,Married,Agent,Extended,Personal,Four-Door Car,Midsize,81.0,10.0,1348.19,3274.04
VN27419,Oregon,High School,Retired,Female,11828.0,Suburban,Divorced,Agent,Extended,Personal,Four-Door Car,Large,90.0,18.0,1571.48,10083.49
VN37592,Arizona,High School,Employed,Male,50332.0,Suburban,Married,Branch,Basic,Personal,Four-Door Car,Large,72.0,2.0,1345.6,2860.86
VN44400,California,Associate,Employed,Female,86073.0,Urban,Married,Branch,Basic,Personal,Two-Door Car,Midsize,70.0,2.0,1291.59,5692.68
VN59368,California,Associate,Employed,Female,72608.0,Suburban,Married,Agent,Extended,Personal,Four-Door Car,Midsize,82.0,26.0,1393.6,6521.37
VN79010,California,High School,Employed,Female,51179.0,Suburban,Married,Call Center,Basic,Corporate,Four-Door Car,Small,71.0,10.0,1466.18,8547.59
VO25412,Washington,Master,Employed,Female,37520.0,Rural,Married,Agent,Basic,Special,Two-Door Car,Midsize,74.0,21.0,1163.58,8936.82
VO25602,Nevada,Associate,Employed,Female,98701.0,Rural,Married,Branch,Extended,Personal,Four-Door Car,Small,94.0,22.0,1079.62,7610.84
VO25938,Oregon,Bachelor,Employed,Male,25998.0,Suburban,Married,Call Center,Basic,Personal,Four-Door Car,Midsize,71.0,16.0,1791.88,8382.48
VO29645,Oregon,High School,Medical Leave,Male,12430.0,Suburban,Single,Call Center,Basic,Personal,Four-Door Car,Midsize,73.0,22.0,1350.4,5169.5
VO30155,Nevada,High School,Employed,Male,85447.0,Suburban,Single,Branch,Basic,Corporate,Four-Door Car,Midsize,71.0,23.0,1510.0,5421.54
VO36036,Oregon,Doctoral,Employed,Female,28248.0,Suburban,Single,Branch,Extended,Personal,Four-Door Car,Small,90.0,25.0,1634.3899999999999,3536.43
VO38365,Washington,Associate,Employed,Female,90125.0,Rural,Married,Branch,Basic,Corporate,SUV,Midsize,110.0,1.0,1128.65,8861.15
VO43359,California,High School,Employed,Male,62488.0,Urban,Married,Call Center,Basic,Personal,Four-Door Car,Midsize,62.0,35.0,1200.69,2404.38
VO61192,Oregon,High School,Employed,Male,42433.0,Suburban,Married,Call Center,Extended,Personal,Four-Door Car,Midsize,85.0,28.0,1410.95,6751.78
VO78441,Washington,Master,Medical Leave,Female,19464.0,Suburban,Single,Agent,Extended,Personal,Four-Door Car,Small,84.0,10.0,1871.51,3086.87
VO84133,California,High School,Employed,Male,40361.0,Rural,Married,Branch,Extended,Personal,Four-Door Car,Midsize,98.0,3.0,1071.17,3909.64
VO87159,Oregon,High School,Employed,Female,69240.0,Urban,Single,Branch,Basic,Personal,Luxury SUV,Midsize,194.0,16.0,1744.77,23086.36
VO87785,Arizona,Associate,Employed,Female,26480.0,Suburban,Divorced,Call Center,Basic,Personal,Two-Door Car,Midsize,63.0,13.0,1378.7,4858.43
VO94890,Oregon,Associate,Employed,Male,90263.0,Suburban,Married,Web,Basic,Personal,Two-Door Car,Midsize,74.0,17.0,1355.2,5935.57
VP13613,California,Bachelor,Employed,Male,65404.0,Urban,Married,Branch,Extended,Personal,Four-Door Car,Large,99.0,16.0,1300.7,3942.73
VP48253,Arizona,High School,Employed,Male,41186.0,Urban,Single,Agent,Basic,Personal,Four-Door Car,Midsize,70.0,15.0,1242.32,5100.74
VP55618,California,Associate,Employed,Male,32330.0,Suburban,Divorced,Branch,Extended,Corporate,Four-Door Car,Midsize,79.0,16.0,1379.2,6052.0
VP57424,Nevada,Bachelor,Employed,Female,55873.0,Urban,Married,Agent,Extended,Personal,Four-Door Car,Small,88.0,30.0,1299.3600000000001,6997.01
VP57785,Oregon,Associate,Medical Leave,Female,12964.0,Suburban,Single,Web,Basic,Personal,Two-Door Car,Midsize,65.0,2.0,1362.77,4770.55
VQ20924,Arizona,High School,Disabled,Female,19794.0,Suburban,Married,Agent,Extended,Corporate,Two-Door Car,Large,93.0,24.0,1603.08,7138.17
VQ47100,Washington,High School,Employed,Female,67436.0,Suburban,Married,Web,Basic,Personal,Four-Door Car,Midsize,61.0,6.0,1292.8,4894.99
VQ48245,Washington,Master,Employed,Female,77882.0,Suburban,Married,Web,Extended,Personal,Four-Door Car,Small,79.0,17.0,1379.2,3221.79
VQ53427,California,Associate,Medical Leave,Male,21855.0,Suburban,Married,Web,Basic,Corporate,Four-Door Car,Midsize,74.0,21.0,1355.2,5406.69
VQ57815,Oregon,Doctoral,Employed,Male,61246.0,Rural,Married,Branch,Basic,Personal,Sports Car,Midsize,110.0,24.0,1159.24,8828.38
VQ72305,California,High School,Employed,Male,21542.0,Suburban,Married,Branch,Basic,Special,Sports Car,Small,103.0,18.0,1494.4,20266.5
VQ76590,Arizona,Bachelor,Retired,Male,22828.0,Suburban,Married,Agent,Basic,Personal,SUV,Midsize,106.0,11.0,1508.8,16473.17
VQ82774,California,Master,Retired,Female,19614.0,Suburban,Married,Agent,Extended,Personal,Two-Door Car,Midsize,85.0,21.0,1574.02,16301.97
VQ97965,Oregon,Bachelor,Employed,Female,73643.0,Rural,Single,Agent,Extended,Corporate,Four-Door Car,Midsize,89.0,2.0,1147.49,3514.21
VR18539,Washington,Associate,Employed,Male,44843.0,Urban,Single,Branch,Basic,Personal,SUV,Midsize,105.0,14.0,1391.42,8311.85
VR45143,Arizona,High School,Employed,Female,48597.0,Urban,Single,Agent,Basic,Corporate,Four-Door Car,Midsize,71.0,12.0,1305.7,2488.24
VR66049,Washington,High School,Employed,Male,56980.0,Suburban,Married,Agent,Extended,Corporate,Two-Door Car,Midsize,84.0,33.0,1599.0,6689.02
VS19949,Nevada,Bachelor,Employed,Male,54337.0,Suburban,Married,Web,Basic,Personal,Four-Door Car,Midsize,72.0,27.0,1345.6,2897.62
VS28690,Nevada,Master,Disabled,Female,20942.0,Suburban,Divorced,Agent,Extended,Personal,Four-Door Car,Midsize,84.0,12.0,1403.2,9670.18
VS30147,Oregon,Master,Employed,Male,58645.0,Urban,Married,Agent,Basic,Personal,SUV,Midsize,110.0,15.0,1427.72,22118.81
VS40267,California,High School,Disabled,Male,25503.0,Suburban,Married,Branch,Basic,Personal,SUV,Midsize,115.0,12.0,1552.0,30850.59
VS42598,California,Bachelor,Employed,Female,62902.0,Rural,Married,Web,Basic,Personal,Two-Door Car,Midsize,69.0,14.0,1159.38,8256.3
VS63956,California,Bachelor,Employed,Male,33967.0,Suburban,Divorced,Agent,Extended,Personal,Four-Door Car,Small,76.0,0.0,1364.8,5871.18
VS73599,Arizona,Associate,Retired,Male,26806.0,Suburban,Married,Agent,Basic,Personal,Four-Door Car,Midsize,63.0,32.0,1302.4,7019.18
VS80344,Arizona,Bachelor,Employed,Female,28445.0,Urban,Married,Agent,Premium,Special,Two-Door Car,Midsize,103.0,18.0,1427.76,8219.36
VS86041,Arizona,Bachelor,Employed,Female,26744.0,Suburban,Married,Agent,Basic,Corporate,Two-Door Car,Large,68.0,16.0,1326.4,2694.6
VT16570,California,Associate,Employed,Female,30324.0,Rural,Divorced,Call Center,Extended,Corporate,Four-Door Car,Midsize,86.0,15.0,1143.94,6781.13
VT52978,Nevada,High School,Employed,Male,32857.0,Suburban,Divorced,Call Center,Premium,Corporate,Four-Door Car,Midsize,105.0,24.0,1504.0,12547.43
VT78222,Oregon,Master,Employed,Male,55808.0,Urban,Married,Call Center,Basic,Personal,SUV,Small,116.0,31.0,1551.4099999999999,9267.92
VT84289,California,Associate,Employed,Female,87796.0,Suburban,Single,Agent,Basic,Personal,Four-Door Car,Midsize,74.0,23.0,1355.2,5907.91
VT87641,Washington,Bachelor,Employed,Female,95815.0,Suburban,Married,Call Center,Extended,Personal,Four-Door Car,Small,82.0,6.0,1393.6,6646.75
VT96364,California,Bachelor,Employed,Male,68164.0,Rural,Single,Agent,Premium,Personal,Four-Door Car,Small,119.0,27.0,1222.58,9175.17
VU19243,Arizona,High School,Medical Leave,Female,18052.0,Suburban,Divorced,Web,Premium,Personal,Four-Door Car,Midsize,111.0,5.0,1699.17,4196.26
VU33725,Oregon,High School,Employed,Male,31349.0,Suburban,Married,Branch,Extended,Corporate,Four-Door Car,Midsize,93.0,10.0,1446.4,3677.91
VU35401,Nevada,High School,Employed,Female,44619.0,Urban,Married,Web,Basic,Corporate,Four-Door Car,Midsize,68.0,35.0,1283.67,2758.7
VU48786,Washington,Master,Employed,Male,62219.0,Urban,Married,Branch,Basic,Personal,Two-Door Car,Small,69.0,7.0,1243.24,5550.15
VU53417,Arizona,High School,Medical Leave,Male,23051.0,Suburban,Divorced,Agent,Extended,Personal,Two-Door Car,Midsize,99.0,31.0,1475.2,3837.36
VU71619,California,Bachelor,Employed,Male,96402.0,Urban,Married,Agent,Basic,Personal,SUV,Midsize,110.0,29.0,1379.9,13277.08
VU72280,California,Bachelor,Employed,Female,25134.0,Suburban,Married,Call Center,Basic,Corporate,Four-Door Car,Small,67.0,3.0,1321.6,5318.9
VU99589,Arizona,High School,Employed,Female,20090.0,Suburban,Married,Agent,Basic,Personal,Sports Car,Midsize,109.0,10.0,1523.2,34611.38
VV35420,Arizona,High School,Employed,Male,44788.0,Suburban,Married,Agent,Basic,Personal,Four-Door Car,Small,61.0,6.0,1386.03,7285.03
VV47792,California,Associate,Employed,Female,71210.0,Suburban,Married,Branch,Extended,Personal,Luxury Car,Small,214.0,8.0,2027.2,25807.06
VV68726,California,High School,Disabled,Female,28647.0,Suburban,Divorced,Agent,Basic,Personal,Four-Door Car,Small,69.0,11.0,1331.2,5133.4
VV77534,Oregon,Associate,Employed,Male,77094.0,Urban,Married,Call Center,Premium,Personal,SUV,Midsize,176.0,25.0,1444.47,13976.52
VV81837,Oregon,High School,Employed,Male,52507.0,Suburban,Married,Agent,Extended,Personal,SUV,Midsize,123.0,23.0,1590.4,4928.65
VV97308,California,High School,Employed,Male,55916.0,Suburban,Married,Agent,Basic,Personal,Four-Door Car,Midsize,63.0,23.0,1302.4,7522.9
VW11431,California,Bachelor,Employed,Female,83873.0,Urban,Single,Branch,Extended,Personal,Two-Door Car,Midsize,76.0,5.0,1218.37,2971.92
VW13019,Nevada,Associate,Retired,Female,12902.0,Suburban,Divorced,Agent,Extended,Corporate,Sports Car,Midsize,139.0,3.0,1667.2,4904.89
VW20823,California,High School,Employed,Male,57844.0,Suburban,Married,Branch,Extended,Personal,Four-Door Car,Small,85.0,16.0,1408.0,16675.9
VW27730,California,Master,Employed,Female,41163.0,Rural,Married,Branch,Basic,Corporate,SUV,Small,108.0,11.0,1231.92,8665.96
VW34309,Oregon,Bachelor,Employed,Female,43440.0,Rural,Married,Branch,Basic,Personal,Four-Door Car,Midsize,74.0,13.0,1128.21,5906.94
VW39046,Nevada,Associate,Retired,Male,28142.0,Suburban,Married,Agent,Basic,Personal,Sports Car,Midsize,105.0,18.0,1701.71,3873.65
VW46878,Oregon,High School,Employed,Female,59648.0,Suburban,Married,Agent,Basic,Personal,Four-Door Car,Midsize,66.0,20.0,1316.8,7920.28
VW58299,California,Bachelor,Retired,Male,14973.0,Suburban,Divorced,Branch,Basic,Personal,SUV,Midsize,115.0,2.0,1828.0,12168.74
VW65351,Washington,Associate,Employed,Female,46644.0,Rural,Married,Agent,Extended,Personal,Four-Door Car,Midsize,84.0,34.0,1150.69,3355.53
VW65429,Arizona,High School,Employed,Male,37308.0,Urban,Married,Agent,Extended,Personal,Four-Door Car,Midsize,86.0,19.0,1301.01,6899.71
VW70435,Oregon,Bachelor,Employed,Male,25632.0,Suburban,Married,Call Center,Basic,Personal,Two-Door Car,Midsize,63.0,27.0,1351.27,4929.55
VW73816,Oregon,Bachelor,Employed,Male,73795.0,Urban,Married,Agent,Basic,Personal,SUV,Midsize,116.0,1.0,1501.72,9185.03
VW74085,Oregon,High School,Employed,Female,48278.0,Rural,Married,Web,Basic,Personal,Two-Door Car,Midsize,74.0,22.0,1098.2,5932.56
VW82067,Washington,Master,Employed,Female,97131.0,Suburban,Married,Agent,Basic,Personal,Four-Door Car,Small,64.0,5.0,1307.2,5181.62
VW84170,Washington,High School,Employed,Female,88067.0,Suburban,Married,Branch,Basic,Personal,Four-Door Car,Small,70.0,19.0,1336.0,2819.11
VW84197,Oregon,Bachelor,Employed,Female,26378.0,Rural,Married,Branch,Basic,Personal,Four-Door Car,Midsize,70.0,22.0,1147.8,21941.86
VW88885,California,Bachelor,Employed,Female,58620.0,Suburban,Married,Call Center,Basic,Corporate,Four-Door Car,Midsize,71.0,11.0,1340.8,17006.0
VX39856,Arizona,Doctoral,Employed,Female,89398.0,Rural,Married,Branch,Extended,Personal,Four-Door Car,Midsize,86.0,5.0,1082.41,3500.45
VX43756,Oregon,Associate,Employed,Male,32903.0,Rural,Married,Web,Basic,Personal,Four-Door Car,Midsize,64.0,4.0,1098.33,4911.0
VX67206,Oregon,Bachelor,Employed,Female,33806.0,Urban,Divorced,Web,Extended,Corporate,Four-Door Car,Midsize,89.0,32.0,1395.73,27789.69
VX79712,Washington,Doctoral,Employed,Male,27354.0,Suburban,Married,Branch,Extended,Personal,Two-Door Car,Midsize,86.0,2.0,1412.8,6775.92
VX94337,California,High School,Employed,Male,59762.0,Suburban,Divorced,Call Center,Basic,Corporate,SUV,Midsize,113.0,27.0,1542.4,8807.61
VY23882,Arizona,Bachelor,Employed,Male,67798.0,Suburban,Divorced,Agent,Basic,Personal,Four-Door Car,Midsize,69.0,1.0,1331.2,5548.03
VY30333,Nevada,Associate,Employed,Male,78824.0,Urban,Divorced,Agent,Extended,Personal,Four-Door Car,Midsize,77.0,10.0,1267.7,6156.36
VY32314,Oregon,High School,Employed,Male,43209.0,Suburban,Single,Web,Basic,Personal,Sports Car,Midsize,110.0,12.0,1528.0,4268.62
VY58444,Nevada,Associate,Employed,Female,29660.0,Urban,Married,Agent,Basic,Personal,SUV,Small,112.0,29.0,1334.13,4426.1
VY64199,Oregon,Bachelor,Disabled,Female,18150.0,Urban,Married,Branch,Basic,Corporate,Four-Door Car,Midsize,67.0,17.0,1220.3,10215.78
VY76337,Washington,High School,Disabled,Male,15131.0,Suburban,Married,Agent,Basic,Personal,Four-Door Car,Large,67.0,14.0,1321.6,5112.1
VY90611,California,Master,Employed,Female,28264.0,Suburban,Divorced,Agent,Basic,Corporate,Two-Door Car,Small,63.0,22.0,1364.62,2499.04
VZ16820,Washington,Bachelor,Employed,Male,21839.0,Suburban,Single,Agent,Extended,Personal,Sports Car,Midsize,137.0,2.0,1657.6,10302.9
VZ18907,Oregon,Associate,Employed,Female,80807.0,Rural,Married,Branch,Basic,Personal,SUV,Large,109.0,1.0,1132.1399999999999,21991.62
VZ23007,Oregon,Associate,Employed,Female,55350.0,Suburban,Married,Agent,Basic,Personal,Four-Door Car,Midsize,67.0,0.0,1321.6,5380.9
VZ39362,Oregon,High School,Employed,Female,57078.0,Suburban,Married,Call Center,Basic,Personal,Sports Car,Large,113.0,26.0,1542.4,9060.2
VZ43707,Nevada,High School,Disabled,Male,20132.0,Suburban,Divorced,Branch,Extended,Corporate,Four-Door Car,Small,86.0,5.0,1412.8,8763.45
VZ56705,Oregon,Bachelor,Employed,Male,38638.0,Suburban,Married,Agent,Basic,Personal,Four-Door Car,Midsize,74.0,5.0,1355.2,8804.58
VZ59523,Arizona,Doctoral,Employed,Male,50695.0,Rural,Married,Call Center,Basic,Personal,Two-Door Car,Large,71.0,31.0,1110.57,5704.98
VZ61940,Nevada,Doctoral,Employed,Female,52344.0,Urban,Married,Agent,Basic,Personal,Four-Door Car,Small,66.0,4.0,1182.6100000000001,2668.73
VZ64716,Oregon,Master,Employed,Male,81081.0,Rural,Married,Call Center,Extended,Corporate,Four-Door Car,Midsize,96.0,32.0,1206.21,11546.17
VZ70667,Oregon,Associate,Disabled,Female,26056.0,Suburban,Married,Branch,Basic,Personal,Four-Door Car,Midsize,73.0,17.0,1355.56,14206.98
VZ79366,California,Associate,Employed,Male,58842.0,Suburban,Married,Branch,Premium,Personal,Four-Door Car,Midsize,110.0,6.0,1528.0,4362.93
VZ79886,Oregon,Bachelor,Employed,Female,22234.0,Suburban,Divorced,Agent,Premium,Personal,SUV,Midsize,160.0,0.0,1768.0,12550.88
VZ81004,Oregon,Master,Employed,Female,35973.0,Suburban,Married,Call Center,Premium,Personal,Sports Car,Large,159.0,5.0,1763.2,19259.84
WA15684,Oregon,Associate,Employed,Male,27398.0,Suburban,Married,Call Center,Extended,Personal,SUV,Midsize,125.0,4.0,1600.0,38445.86
WA16954,Arizona,Master,Employed,Male,20252.0,Urban,Married,Call Center,Basic,Personal,Four-Door Car,Midsize,71.0,0.0,1198.23,5604.33
WA25797,Washington,High School,Employed,Male,95697.0,Rural,Married,Agent,Basic,Personal,Sports Car,Midsize,107.0,29.0,1178.01,8564.77
WA45944,Arizona,Associate,Employed,Female,71210.0,Suburban,Married,Branch,Extended,Corporate,Luxury Car,Small,214.0,8.0,2027.2,25807.06
WA54110,Nevada,High School,Employed,Male,48329.0,Suburban,Married,Agent,Basic,Corporate,Four-Door Car,Small,67.0,9.0,1470.3899999999999,2690.78
WA59097,Oregon,Associate,Employed,Female,40417.0,Rural,Married,Agent,Basic,Personal,Four-Door Car,Large,71.0,34.0,1130.3,5614.59
WA60547,California,Associate,Employed,Female,64195.0,Urban,Divorced,Branch,Premium,Personal,SUV,Midsize,158.0,0.0,1618.29,11971.98
WA67245,Oregon,High School,Employed,Female,24193.0,Urban,Married,Branch,Premium,Personal,Sports Car,Midsize,185.0,26.0,1785.37,22093.62
WA68850,Arizona,High School,Employed,Male,30598.0,Suburban,Married,Agent,Basic,Personal,SUV,Midsize,106.0,13.0,1508.8,4198.03
WA70405,Nevada,Associate,Employed,Male,89834.0,Suburban,Single,Agent,Basic,Personal,SUV,Midsize,105.0,17.0,1504.0,8306.55
WA84789,Washington,Bachelor,Employed,Female,75313.0,Suburban,Married,Web,Extended,Personal,Four-Door Car,Midsize,89.0,16.0,1527.1399999999999,10700.5
WA94988,California,Bachelor,Employed,Female,57245.0,Suburban,Single,Call Center,Extended,Corporate,Sports Car,Small,124.0,25.0,1681.58,19327.87
WB12017,California,Associate,Employed,Female,21189.0,Suburban,Divorced,Agent,Basic,Personal,Two-Door Car,Midsize,66.0,4.0,1316.8,18321.87
WB21698,California,High School,Employed,Female,31974.0,Urban,Married,Branch,Extended,Personal,Four-Door Car,Midsize,92.0,25.0,1388.1399999999999,3723.11
WB38524,California,High School,Employed,Male,46131.0,Suburban,Married,Branch,Basic,Personal,Two-Door Car,Small,74.0,27.0,1355.2,2969.59
WB43408,Oregon,Associate,Employed,Female,51523.0,Suburban,Married,Branch,Basic,Personal,SUV,Midsize,116.0,11.0,1738.8400000000001,4598.24
WB58031,California,High School,Employed,Male,39658.0,Suburban,Married,Branch,Basic,Corporate,Four-Door Car,Midsize,66.0,32.0,1316.8,5281.83
WB66665,Nevada,Associate,Employed,Female,75648.0,Rural,Married,Branch,Basic,Corporate,SUV,Large,108.0,28.0,1112.66,4349.31
WB68229,Arizona,Bachelor,Employed,Female,21033.0,Suburban,Married,Call Center,Premium,Personal,Two-Door Car,Small,118.0,5.0,1738.98,9320.28
WB96917,California,Associate,Employed,Male,29598.0,Rural,Single,Call Center,Extended,Personal,Two-Door Car,Midsize,87.0,2.0,1150.93,9875.09
WC11272,Oregon,Bachelor,Employed,Female,42790.0,Urban,Married,Branch,Extended,Personal,Two-Door Car,Midsize,87.0,10.0,1290.06,6907.55
WC21189,California,Associate,Employed,Female,37386.0,Suburban,Married,Branch,Extended,Corporate,Four-Door Car,Large,97.0,1.0,1465.6,7731.71
WC21901,Arizona,Associate,Employed,Male,51397.0,Suburban,Single,Branch,Basic,Personal,Four-Door Car,Midsize,61.0,20.0,1292.8,2345.26
WC22220,Arizona,Associate,Employed,Male,72302.0,Suburban,Divorced,Agent,Basic,Corporate,Two-Door Car,Midsize,66.0,6.0,1316.8,2616.61
WC28543,Arizona,Bachelor,Disabled,Male,20992.0,Suburban,Married,Call Center,Basic,Personal,Two-Door Car,Midsize,64.0,21.0,1307.2,2399.18
WC34456,California,Bachelor,Employed,Female,77739.0,Urban,Married,Call Center,Extended,Personal,Four-Door Car,Large,98.0,31.0,1428.56,3985.4
WC35554,Oregon,Associate,Employed,Male,34640.0,Urban,Married,Call Center,Basic,Personal,Sports Car,Midsize,117.0,23.0,1466.32,4530.53
WC35801,Arizona,High School,Employed,Male,53243.0,Rural,Divorced,Call Center,Basic,Personal,Four-Door Car,Midsize,66.0,4.0,1157.4,2521.63
WC52068,Oregon,Associate,Employed,Male,50825.0,Urban,Married,Agent,Basic,Corporate,SUV,Midsize,102.0,3.0,1369.6100000000001,8092.88
WC65050,California,Master,Employed,Female,62537.0,Suburban,Divorced,Branch,Basic,Personal,Two-Door Car,Midsize,71.0,19.0,1354.2,2811.96
WC66749,Oregon,Associate,Disabled,Female,12613.0,Suburban,Divorced,Call Center,Basic,Personal,Four-Door Car,Small,70.0,6.0,1336.0,5213.07
WC72942,Oregon,High School,Employed,Male,66169.0,Rural,Married,Web,Extended,Personal,Two-Door Car,Small,96.0,35.0,1156.43,3790.19
WC83389,Oregon,Associate,Employed,Male,51148.0,Urban,Married,Branch,Basic,Personal,Four-Door Car,Midsize,72.0,9.0,1308.98,5710.33
WC83676,Nevada,Associate,Employed,Male,33247.0,Urban,Married,Web,Basic,Special,Four-Door Car,Midsize,72.0,26.0,1284.96,2801.56
WC83942,Oregon,Bachelor,Medical Leave,Male,16113.0,Suburban,Married,Web,Extended,Corporate,Four-Door Car,Small,81.0,27.0,1494.8899999999999,20885.56
WD38067,California,Bachelor,Employed,Female,72540.0,Suburban,Married,Call Center,Extended,Personal,Two-Door Car,Midsize,88.0,7.0,1631.74,10656.88
WD84153,California,Bachelor,Retired,Female,24910.0,Suburban,Single,Branch,Basic,Corporate,Four-Door Car,Midsize,63.0,7.0,1347.8600000000001,2248.45
WD85096,California,Master,Disabled,Female,27593.0,Urban,Married,Agent,Basic,Corporate,Two-Door Car,Midsize,63.0,31.0,1241.23,4904.46
WD88264,Washington,High School,Medical Leave,Male,17101.0,Suburban,Single,Call Center,Basic,Corporate,SUV,Midsize,113.0,1.0,1542.4,12298.69
WE11250,Washington,Associate,Employed,Female,60282.0,Rural,Married,Agent,Basic,Corporate,SUV,Large,102.0,23.0,1120.08,12200.79
WE13528,California,High School,Employed,Female,77058.0,Rural,Divorced,Branch,Basic,Personal,Four-Door Car,Midsize,63.0,16.0,1119.33,20215.39
WE19034,Oregon,Associate,Employed,Male,24409.0,Suburban,Married,Agent,Basic,Corporate,Four-Door Car,Small,62.0,4.0,1297.6,2427.77
WE21182,Oregon,High School,Medical Leave,Male,12430.0,Suburban,Single,Call Center,Basic,Personal,Four-Door Car,Midsize,73.0,22.0,1350.4,5169.5
WE25756,Arizona,High School,Employed,Male,69241.0,Rural,Divorced,Agent,Extended,Personal,Four-Door Car,Midsize,93.0,2.0,1111.25,7350.93
WE38399,California,Bachelor,Employed,Male,75644.0,Suburban,Divorced,Branch,Basic,Personal,Two-Door Car,Midsize,65.0,5.0,1467.8,4974.8
WE52979,California,High School,Employed,Female,82477.0,Suburban,Married,Agent,Extended,Personal,Two-Door Car,Large,90.0,1.0,1432.0,3644.83
WE57129,Washington,Master,Employed,Male,21979.0,Suburban,Married,Branch,Basic,Personal,Two-Door Car,Small,73.0,7.0,1518.69,2891.72
WE60408,Arizona,Associate,Employed,Female,91761.0,Suburban,Married,Branch,Basic,Personal,SUV,Midsize,109.0,33.0,1779.05,4339.87
WE64781,Oregon,Bachelor,Employed,Female,93836.0,Urban,Married,Web,Extended,Corporate,Sports Car,Midsize,139.0,1.0,1497.35,16922.13
WE64939,California,Associate,Employed,Female,23893.0,Urban,Married,Agent,Basic,Personal,Four-Door Car,Midsize,73.0,19.0,1186.29,2902.62
WE68644,Oregon,Bachelor,Medical Leave,Female,20325.0,Suburban,Married,Branch,Basic,Personal,Sports Car,Midsize,100.0,4.0,1668.29,3803.92
WE88728,Arizona,High School,Employed,Female,56531.0,Suburban,Married,Web,Premium,Corporate,SUV,Midsize,170.0,34.0,1816.0,6670.85
WE90911,Arizona,Bachelor,Employed,Female,75438.0,Urban,Single,Call Center,Extended,Personal,SUV,Midsize,136.0,11.0,1438.48,5392.44
WE93328,Nevada,High School,Employed,Female,66676.0,Suburban,Married,Agent,Extended,Corporate,Four-Door Car,Small,97.0,0.0,1558.1,3919.37
WE95729,Oregon,Associate,Employed,Male,24804.0,Suburban,Married,Agent,Basic,Personal,SUV,Small,104.0,1.0,1593.83,36707.43
WE97690,Oregon,Bachelor,Employed,Female,60707.0,Urban,Married,Web,Basic,Corporate,Four-Door Car,Midsize,70.0,2.0,1327.06,2803.6
WF44706,Oregon,High School,Employed,Male,26876.0,Suburban,Single,Agent,Extended,Personal,Four-Door Car,Midsize,76.0,17.0,1364.8,6005.21
WF50693,Oregon,High School,Disabled,Male,16450.0,Suburban,Married,Branch,Extended,Corporate,SUV,Midsize,128.0,6.0,1871.48,4836.22
WF51811,Arizona,Associate,Retired,Female,14030.0,Suburban,Married,Branch,Basic,Personal,Two-Door Car,Large,72.0,11.0,1345.6,2719.51
WF53890,Arizona,Bachelor,Employed,Female,39854.0,Urban,Divorced,Web,Basic,Personal,Two-Door Car,Midsize,66.0,6.0,1261.93,5217.51
WF73839,Arizona,Associate,Employed,Female,49937.0,Urban,Married,Web,Basic,Personal,Two-Door Car,Midsize,64.0,1.0,1302.59,7597.91
WF75492,Oregon,High School,Employed,Male,48521.0,Rural,Married,Branch,Basic,Personal,Sports Car,Midsize,105.0,9.0,1263.83,8360.15
WF91295,Oregon,High School,Disabled,Female,11904.0,Suburban,Single,Web,Basic,Personal,Two-Door Car,Small,61.0,34.0,1292.8,4254.62
WG15595,California,Associate,Employed,Male,64388.0,Suburban,Married,Agent,Basic,Personal,Two-Door Car,Small,69.0,12.0,1331.2,2759.62
WG15841,California,Bachelor,Employed,Male,26790.0,Suburban,Married,Agent,Basic,Personal,Two-Door Car,Midsize,71.0,4.0,1340.8,2810.46
WG28563,California,Doctoral,Employed,Female,70914.0,Rural,Married,Agent,Basic,Personal,Four-Door Car,Midsize,68.0,15.0,1077.7,5519.51
WG29557,California,Master,Employed,Male,74919.0,Urban,Married,Branch,Basic,Personal,Four-Door Car,Midsize,63.0,10.0,1206.24,5067.51
WG33213,California,Bachelor,Employed,Female,55005.0,Suburban,Divorced,Call Center,Basic,Personal,Four-Door Car,Midsize,70.0,31.0,1336.0,2808.08
WG37485,Oregon,Associate,Employed,Female,58357.0,Suburban,Single,Call Center,Extended,Personal,Sports Car,Midsize,137.0,27.0,1708.22,5350.37
WG39961,Oregon,High School,Employed,Female,66676.0,Suburban,Married,Agent,Extended,Personal,Four-Door Car,Small,97.0,0.0,1558.1,3919.37
WG50184,Arizona,Doctoral,Employed,Female,68931.0,Urban,Married,Branch,Basic,Corporate,Four-Door Car,Midsize,66.0,32.0,1309.58,5332.46
WG51244,Oregon,Bachelor,Employed,Male,48107.0,Suburban,Divorced,Call Center,Basic,Corporate,Luxury SUV,Small,190.0,6.0,1912.0,21850.35
WG51330,Arizona,Associate,Employed,Male,59325.0,Urban,Married,Call Center,Basic,Corporate,Four-Door Car,Midsize,71.0,13.0,1229.69,5635.29
WG61503,Arizona,Master,Employed,Male,27781.0,Suburban,Married,Agent,Basic,Corporate,Four-Door Car,Midsize,71.0,33.0,1340.8,8491.86
WG93963,California,Associate,Employed,Female,39946.0,Suburban,Divorced,Branch,Extended,Personal,Luxury SUV,Small,218.0,23.0,2046.4,8575.96
WH20102,California,Associate,Employed,Male,37937.0,Suburban,Married,Call Center,Basic,Personal,SUV,Midsize,116.0,11.0,1556.8,9095.05
WH24638,California,Associate,Employed,Female,24450.0,Urban,Married,Agent,Extended,Personal,Four-Door Car,Midsize,90.0,4.0,1250.96,7079.17
WH36609,Arizona,Bachelor,Employed,Female,24477.0,Suburban,Married,Call Center,Extended,Personal,Four-Door Car,Small,79.0,15.0,1379.2,6289.95
WH36754,Oregon,Associate,Employed,Female,32775.0,Urban,Divorced,Branch,Basic,Personal,Four-Door Car,Small,61.0,10.0,1251.8899999999999,19088.34
WH41844,Oregon,Bachelor,Employed,Female,45856.0,Rural,Divorced,Call Center,Basic,Personal,Two-Door Car,Small,67.0,15.0,1091.74,5316.64
WH48955,Oregon,Master,Employed,Female,55270.0,Suburban,Married,Branch,Basic,Personal,Two-Door Car,Midsize,63.0,35.0,1302.4,20237.15
WH52799,Arizona,Associate,Employed,Female,94903.0,Suburban,Married,Agent,Extended,Corporate,Two-Door Car,Small,94.0,3.0,1451.2,3808.12
WH56217,Washington,Associate,Medical Leave,Male,29136.0,Suburban,Divorced,Agent,Basic,Corporate,SUV,Large,118.0,16.0,1566.4,8927.57
WH63678,Oregon,Master,Employed,Male,74608.0,Suburban,Married,Web,Basic,Corporate,Four-Door Car,Midsize,68.0,11.0,1407.68,2727.68
WH76688,Oregon,Bachelor,Employed,Male,74015.0,Suburban,Single,Call Center,Basic,Personal,Four-Door Car,Small,72.0,12.0,1471.44,5555.83
WH77063,Arizona,High School,Employed,Female,74163.0,Suburban,Married,Agent,Premium,Personal,Four-Door Car,Small,108.0,14.0,1518.4,4351.55
WH80404,California,High School,Employed,Male,22276.0,Suburban,Married,Call Center,Basic,Personal,SUV,Midsize,111.0,19.0,1783.21,17250.75
WH82416,Oregon,Bachelor,Employed,Male,75651.0,Urban,Married,Agent,Extended,Personal,Four-Door Car,Large,81.0,23.0,1375.1100000000001,9766.22
WH83589,Arizona,High School,Disabled,Female,25448.0,Suburban,Married,Web,Basic,Personal,Four-Door Car,Midsize,71.0,11.0,1345.02,8458.91
WI14444,California,High School,Employed,Female,74286.0,Urban,Married,Agent,Basic,Personal,Two-Door Car,Midsize,70.0,27.0,1277.59,5638.54
WI29961,Nevada,High School,Employed,Male,28343.0,Suburban,Married,Branch,Basic,Personal,Two-Door Car,Midsize,69.0,19.0,1331.2,5437.44
WI38796,Oregon,Bachelor,Employed,Male,70737.0,Suburban,Married,Web,Basic,Corporate,SUV,Midsize,114.0,25.0,1741.6599999999999,9123.91
WI47826,Oregon,Associate,Employed,Female,95765.0,Suburban,Married,Branch,Basic,Personal,Four-Door Car,Midsize,61.0,14.0,1352.09,4935.64
WI57118,California,Associate,Employed,Male,56398.0,Suburban,Married,Agent,Extended,Personal,Four-Door Car,Small,85.0,4.0,1408.0,6701.57
WI58274,Oregon,Associate,Employed,Female,68261.0,Rural,Married,Agent,Basic,Personal,Sports Car,Midsize,102.0,11.0,1084.1,8238.46
WI65397,Oregon,Bachelor,Employed,Female,36084.0,Rural,Divorced,Agent,Extended,Corporate,Two-Door Car,Midsize,99.0,3.0,1152.78,7627.31
WI69346,California,Master,Employed,Female,71943.0,Urban,Single,Agent,Basic,Corporate,SUV,Midsize,112.0,8.0,1305.65,8960.28
WI75766,Arizona,High School,Retired,Female,11828.0,Suburban,Divorced,Agent,Extended,Personal,Four-Door Car,Large,90.0,18.0,1571.48,10083.49
WI86229,Oregon,Master,Employed,Male,52162.0,Urban,Divorced,Agent,Extended,Personal,Two-Door Car,Large,99.0,1.0,1251.15,7807.22
WI89081,Washington,Bachelor,Employed,Male,93495.0,Urban,Married,Agent,Extended,Personal,SUV,Midsize,129.0,8.0,1618.21,10392.96
WJ26538,California,Master,Employed,Male,68370.0,Urban,Married,Agent,Extended,Personal,Four-Door Car,Midsize,80.0,0.0,1244.16,3203.3
WJ44028,California,Master,Employed,Male,94590.0,Suburban,Married,Web,Extended,Personal,Two-Door Car,Midsize,81.0,26.0,1388.8,9840.08
WJ52097,Oregon,Bachelor,Employed,Female,61894.0,Suburban,Divorced,Web,Extended,Corporate,Four-Door Car,Midsize,91.0,3.0,1436.8,3663.74
WJ55369,Arizona,High School,Employed,Male,30250.0,Urban,Married,Call Center,Extended,Personal,Four-Door Car,Midsize,93.0,1.0,1398.1,7366.09
WJ57919,California,Associate,Employed,Male,56342.0,Suburban,Single,Call Center,Basic,Special,Four-Door Car,Small,69.0,12.0,1331.2,2674.73
WJ74851,Nevada,Bachelor,Employed,Female,26811.0,Suburban,Married,Agent,Basic,Personal,Two-Door Car,Midsize,72.0,22.0,1465.76,5700.76
WJ88394,Nevada,Associate,Medical Leave,Female,20588.0,Suburban,Married,Branch,Basic,Personal,SUV,Midsize,113.0,6.0,1586.3899999999999,8653.3
WJ92113,California,Bachelor,Employed,Female,91061.0,Suburban,Married,Agent,Premium,Personal,Four-Door Car,Midsize,116.0,22.0,1556.8,14031.7
WK23685,Oregon,Bachelor,Employed,Female,47274.0,Rural,Married,Agent,Extended,Corporate,Four-Door Car,Midsize,83.0,32.0,1182.43,6636.86
WK24299,California,High School,Retired,Male,20993.0,Suburban,Divorced,Agent,Extended,Personal,SUV,Midsize,133.0,35.0,1638.4,4772.94
WK29536,Oregon,Bachelor,Employed,Female,90969.0,Urban,Single,Agent,Basic,Personal,Four-Door Car,Midsize,65.0,7.0,1190.75,7779.59
WK30175,Oregon,Bachelor,Employed,Male,52822.0,Suburban,Married,Branch,Basic,Corporate,Two-Door Car,Small,67.0,23.0,1350.53,2672.1
WK46492,Arizona,Bachelor,Employed,Female,36108.0,Suburban,Divorced,Agent,Extended,Personal,SUV,Large,128.0,5.0,1614.4,9642.21
WK52692,Oregon,Associate,Medical Leave,Female,29124.0,Suburban,Married,Call Center,Extended,Personal,SUV,Midsize,129.0,15.0,1619.2,4627.09
WK55963,California,Associate,Employed,Male,61036.0,Suburban,Married,Web,Basic,Corporate,Two-Door Car,Midsize,68.0,2.0,1413.25,8130.65
WK62379,Washington,Bachelor,Medical Leave,Female,15142.0,Suburban,Married,Branch,Premium,Personal,Two-Door Car,Small,116.0,7.0,1792.6100000000001,8903.97
WK64739,Arizona,Bachelor,Disabled,Female,19864.0,Suburban,Divorced,Web,Basic,Corporate,Four-Door Car,Midsize,63.0,22.0,1352.3899999999999,2359.42
WK65741,California,High School,Employed,Female,61809.0,Urban,Married,Agent,Basic,Personal,Two-Door Car,Midsize,72.0,9.0,1328.0,2893.81
WK88044,Arizona,Bachelor,Employed,Male,61281.0,Rural,Married,Agent,Basic,Personal,SUV,Midsize,110.0,7.0,1079.87,8737.84
WK99918,Oregon,Doctoral,Employed,Male,57709.0,Suburban,Married,Branch,Extended,Personal,SUV,Midsize,125.0,10.0,1600.0,5073.28
WL13766,Arizona,High School,Employed,Male,31093.0,Urban,Single,Branch,Basic,Personal,Four-Door Car,Midsize,64.0,1.0,1274.96,2482.2
WL40338,California,Bachelor,Employed,Female,35625.0,Urban,Married,Agent,Basic,Personal,Four-Door Car,Midsize,65.0,10.0,1288.57,5107.16
WL45773,California,Doctoral,Employed,Female,83497.0,Urban,Married,Call Center,Basic,Special,Four-Door Car,Midsize,69.0,28.0,1196.52,2808.61
WL46620,Nevada,Bachelor,Employed,Male,29056.0,Suburban,Married,Branch,Basic,Personal,Two-Door Car,Midsize,66.0,19.0,1355.53,7724.68
WL46640,Nevada,Associate,Employed,Male,62977.0,Suburban,Single,Agent,Basic,Corporate,SUV,Small,115.0,34.0,1552.0,4482.02
WL69218,Oregon,Bachelor,Employed,Female,54105.0,Suburban,Married,Web,Basic,Personal,Two-Door Car,Midsize,73.0,22.0,1350.4,17435.68
WL72919,California,Associate,Employed,Female,48139.0,Suburban,Single,Call Center,Basic,Personal,Four-Door Car,Midsize,63.0,9.0,1329.49,4974.87
WL85494,California,Associate,Employed,Male,21988.0,Suburban,Married,Branch,Extended,Personal,Luxury Car,Midsize,209.0,12.0,2003.2,41075.43
WL86517,Nevada,Doctoral,Employed,Female,93284.0,Suburban,Married,Web,Extended,Personal,Two-Door Car,Midsize,99.0,7.0,1475.2,4013.96
WL99637,Arizona,Bachelor,Employed,Male,27293.0,Suburban,Married,Web,Extended,Personal,Two-Door Car,Midsize,96.0,20.0,1469.03,7614.14
WM14507,Nevada,High School,Employed,Female,62582.0,Suburban,Married,Branch,Extended,Personal,Four-Door Car,Small,95.0,11.0,1456.0,7671.85
WM17695,Washington,Doctoral,Employed,Female,98912.0,Suburban,Married,Agent,Extended,Personal,SUV,Large,135.0,18.0,1714.83,16553.23
WM19967,California,Associate,Employed,Female,63755.0,Urban,Married,Web,Basic,Personal,Two-Door Car,Midsize,62.0,28.0,1291.8600000000001,19884.92
WM19996,California,Bachelor,Employed,Male,45428.0,Urban,Divorced,Call Center,Basic,Corporate,SUV,Midsize,109.0,2.0,1487.27,8349.52
WM24870,Nevada,Associate,Employed,Female,89092.0,Rural,Divorced,Branch,Basic,Personal,Two-Door Car,Midsize,68.0,31.0,1091.82,5383.67
WM25415,Oregon,High School,Employed,Female,34430.0,Urban,Divorced,Agent,Basic,Personal,Two-Door Car,Midsize,65.0,6.0,1184.96,7732.39
WM36886,California,Master,Employed,Male,88997.0,Rural,Divorced,Branch,Basic,Corporate,Four-Door Car,Small,72.0,9.0,1174.04,5757.44
WM39308,Nevada,High School,Employed,Female,98713.0,Urban,Married,Call Center,Basic,Personal,Two-Door Car,Midsize,65.0,3.0,1289.8899999999999,15777.89
WM46083,Arizona,Master,Employed,Male,58237.0,Urban,Divorced,Branch,Basic,Personal,Two-Door Car,Midsize,63.0,34.0,1273.69,2393.81
WM64930,Oregon,Associate,Medical Leave,Male,12811.0,Suburban,Married,Call Center,Premium,Corporate,SUV,Midsize,150.0,27.0,1720.0,5253.49
WM72573,California,Associate,Disabled,Male,22872.0,Suburban,Married,Web,Extended,Personal,SUV,Small,131.0,14.0,1754.85,14710.43
WM95454,California,Bachelor,Retired,Female,23376.0,Suburban,Divorced,Call Center,Extended,Personal,Four-Door Car,Midsize,78.0,19.0,1374.4,2867.31
WN13366,Arizona,High School,Employed,Female,74454.0,Suburban,Single,Call Center,Basic,Personal,Four-Door Car,Midsize,71.0,25.0,1340.8,5595.39
WN14473,Arizona,Master,Employed,Male,87798.0,Urban,Married,Call Center,Basic,Personal,Two-Door Car,Midsize,71.0,18.0,1204.45,2882.35
WN45973,Washington,Master,Employed,Male,83013.0,Rural,Married,Agent,Basic,Corporate,SUV,Midsize,103.0,2.0,1155.13,12584.01
WN53966,California,Master,Employed,Male,85871.0,Rural,Married,Call Center,Extended,Personal,Four-Door Car,Midsize,92.0,4.0,1112.63,3693.44
WN59735,California,Associate,Employed,Female,26477.0,Rural,Married,Branch,Basic,Personal,Four-Door Car,Midsize,66.0,18.0,1144.99,2621.12
WN69789,California,Associate,Employed,Female,33485.0,Suburban,Married,Call Center,Basic,Personal,Four-Door Car,Midsize,63.0,6.0,1343.71,2526.73
WN91223,California,Master,Employed,Male,82807.0,Urban,Divorced,Agent,Extended,Personal,Four-Door Car,Midsize,92.0,15.0,1302.46,11073.11
WN91943,California,Associate,Employed,Male,30763.0,Suburban,Single,Agent,Premium,Personal,Four-Door Car,Midsize,111.0,28.0,2072.5299999999997,12948.4
WO17738,Oregon,High School,Employed,Female,36645.0,Suburban,Single,Agent,Premium,Corporate,Four-Door Car,Large,112.0,21.0,1614.08,8717.85
WO30947,Washington,Bachelor,Employed,Male,31572.0,Urban,Married,Call Center,Basic,Personal,Four-Door Car,Midsize,70.0,14.0,1292.43,5348.3
WO59883,Washington,High School,Employed,Female,29822.0,Suburban,Single,Agent,Basic,Personal,Two-Door Car,Midsize,61.0,17.0,1292.8,19014.48
WO64354,California,Bachelor,Employed,Female,42585.0,Urban,Married,Agent,Basic,Personal,Two-Door Car,Midsize,69.0,16.0,1288.3,2751.37
WO80705,Arizona,Bachelor,Employed,Female,50738.0,Suburban,Divorced,Agent,Basic,Personal,Four-Door Car,Large,71.0,11.0,1344.47,2855.93
WO81184,California,Bachelor,Employed,Male,34645.0,Urban,Single,Agent,Basic,Special,Two-Door Car,Large,69.0,1.0,1220.45,5052.38
WO83615,Nevada,Bachelor,Employed,Male,44047.0,Suburban,Married,Branch,Extended,Corporate,Sports Car,Midsize,137.0,12.0,1969.23,5395.43
WO89464,Oregon,Bachelor,Employed,Male,78618.0,Urban,Divorced,Agent,Basic,Personal,Two-Door Car,Midsize,66.0,7.0,1225.58,2619.34
WO90953,Oregon,Associate,Employed,Female,56835.0,Suburban,Married,Branch,Basic,Personal,Two-Door Car,Small,67.0,25.0,1326.55,5387.93
WO95180,California,High School,Retired,Female,22283.0,Suburban,Divorced,Branch,Basic,Corporate,Four-Door Car,Midsize,65.0,16.0,1572.0700000000002,2397.04
WP10197,Nevada,High School,Employed,Male,25927.0,Suburban,Single,Web,Basic,Personal,SUV,Midsize,103.0,6.0,1674.97,3933.81
WP19664,Arizona,Associate,Employed,Male,47481.0,Suburban,Married,Call Center,Basic,Personal,SUV,Midsize,116.0,20.0,1556.8,4605.87
WP23743,California,Associate,Employed,Male,47482.0,Suburban,Married,Branch,Extended,Corporate,Four-Door Car,Small,93.0,19.0,1594.1799999999998,7281.72
WP46383,Oregon,Bachelor,Employed,Female,94132.0,Suburban,Married,Call Center,Basic,Personal,Four-Door Car,Small,73.0,31.0,1350.4,26538.58
WP51328,Oregon,Doctoral,Employed,Male,20698.0,Urban,Single,Branch,Basic,Personal,Two-Door Car,Midsize,68.0,21.0,1248.42,4744.97
WP58340,Arizona,High School,Employed,Male,55687.0,Suburban,Divorced,Agent,Premium,Personal,Luxury SUV,Midsize,276.0,33.0,2324.8,10963.96
WP58797,Oregon,Bachelor,Disabled,Male,19245.0,Suburban,Married,Web,Basic,Personal,SUV,Large,106.0,28.0,1508.8,3936.79
WP60679,Oregon,Bachelor,Employed,Male,95351.0,Urban,Married,Web,Basic,Personal,Sports Car,Midsize,111.0,31.0,1406.48,8940.58
WP62115,Washington,Associate,Employed,Female,53484.0,Urban,Divorced,Branch,Basic,Corporate,Two-Door Car,Midsize,70.0,12.0,1333.05,13865.83
WP64059,California,Bachelor,Employed,Female,91814.0,Urban,Married,Call Center,Basic,Personal,Two-Door Car,Midsize,63.0,30.0,1167.04,5093.38
WP73172,Oregon,Bachelor,Employed,Female,81367.0,Urban,Married,Branch,Basic,Special,SUV,Midsize,103.0,2.0,1415.77,8287.68
WP83694,California,Bachelor,Employed,Female,68558.0,Rural,Married,Agent,Extended,Personal,SUV,Midsize,131.0,16.0,1280.9,5313.44
WQ13284,California,Associate,Employed,Male,62989.0,Urban,Divorced,Web,Basic,Personal,Four-Door Car,Midsize,71.0,3.0,1319.13,8395.27
WQ18638,Oregon,High School,Employed,Male,23105.0,Suburban,Married,Agent,Basic,Personal,Two-Door Car,Small,69.0,15.0,1331.2,5426.86
WQ25142,California,Bachelor,Disabled,Male,11538.0,Suburban,Married,Call Center,Extended,Corporate,Four-Door Car,Midsize,82.0,35.0,1393.6,21528.57
WQ46946,California,Associate,Employed,Female,77153.0,Urban,Married,Branch,Extended,Personal,Four-Door Car,Midsize,99.0,3.0,1355.6399999999999,7914.82
WQ54314,Oregon,Bachelor,Employed,Female,56455.0,Suburban,Married,Agent,Basic,Personal,Four-Door Car,Small,73.0,17.0,1350.4,5737.23
WQ68301,Oregon,Bachelor,Medical Leave,Male,13610.0,Suburban,Married,Agent,Basic,Personal,Four-Door Car,Large,74.0,7.0,1355.2,2827.44
WQ75856,Oregon,Bachelor,Employed,Female,84488.0,Urban,Married,Agent,Basic,Personal,Four-Door Car,Midsize,61.0,33.0,1208.8899999999999,19643.54
WQ85760,California,Associate,Medical Leave,Male,26991.0,Suburban,Divorced,Branch,Basic,Corporate,SUV,Midsize,119.0,34.0,1856.8,4260.34
WR45726,Arizona,Bachelor,Disabled,Female,11885.0,Suburban,Divorced,Agent,Premium,Special,Four-Door Car,Midsize,101.0,18.0,1484.8,11315.2
WR53191,California,Bachelor,Employed,Female,20656.0,Suburban,Single,Web,Extended,Corporate,SUV,Midsize,130.0,15.0,1706.1100000000001,15120.21
WR55560,California,High School,Employed,Male,33561.0,Rural,Divorced,Branch,Premium,Corporate,Sports Car,Midsize,152.0,6.0,1235.32,5927.39
WR62597,Oregon,Associate,Medical Leave,Male,24641.0,Suburban,Married,Branch,Basic,Corporate,Four-Door Car,Midsize,61.0,16.0,1294.93,2311.38
WR63188,Arizona,Associate,Employed,Male,25378.0,Suburban,Married,Agent,Basic,Personal,Four-Door Car,Midsize,66.0,22.0,1419.46,7854.96
WR73970,Arizona,Bachelor,Employed,Male,92070.0,Suburban,Married,Branch,Basic,Corporate,Four-Door Car,Midsize,74.0,16.0,1368.67,2960.57
WR76339,California,Associate,Employed,Male,46922.0,Suburban,Married,Branch,Basic,Corporate,Two-Door Car,Midsize,64.0,34.0,1403.3899999999999,5092.79
WR86431,Nevada,High School,Employed,Female,91123.0,Rural,Divorced,Agent,Extended,Corporate,SUV,Midsize,138.0,32.0,1103.46,10883.79
WR88041,Washington,High School,Employed,Male,35832.0,Urban,Divorced,Agent,Basic,Personal,Four-Door Car,Midsize,65.0,1.0,1177.21,5043.8
WR90490,Nevada,High School,Disabled,Male,25572.0,Suburban,Married,Agent,Basic,Personal,Four-Door Car,Midsize,65.0,0.0,1312.0,4893.98
WS24655,Oregon,Associate,Employed,Female,33992.0,Suburban,Single,Call Center,Premium,Personal,SUV,Midsize,194.0,15.0,1931.2,29676.81
WS25565,California,Master,Disabled,Male,26057.0,Suburban,Divorced,Call Center,Basic,Personal,Four-Door Car,Small,74.0,3.0,1523.8899999999999,8509.85
WS46887,Washington,Bachelor,Employed,Female,85165.0,Urban,Single,Branch,Premium,Personal,Four-Door Car,Midsize,101.0,8.0,1384.31,20067.4
WS53288,Oregon,Associate,Retired,Female,13663.0,Suburban,Single,Branch,Extended,Personal,Four-Door Car,Small,97.0,1.0,1465.6,25464.82
WS60888,California,Bachelor,Retired,Male,22828.0,Suburban,Married,Agent,Basic,Personal,SUV,Midsize,106.0,11.0,1508.8,16473.17
WS82822,Oregon,Associate,Employed,Female,41662.0,Urban,Divorced,Agent,Basic,Corporate,Four-Door Car,Midsize,69.0,27.0,1217.97,5391.97
WT21922,Arizona,High School,Employed,Female,65348.0,Rural,Married,Branch,Basic,Corporate,Sports Car,Midsize,110.0,35.0,1134.12,17738.2
WT22392,Oregon,Associate,Employed,Female,65473.0,Urban,Married,Call Center,Basic,Personal,Four-Door Car,Midsize,67.0,4.0,1277.69,8007.35
WT59944,California,Associate,Employed,Female,68273.0,Rural,Divorced,Call Center,Premium,Personal,Sports Car,Midsize,146.0,23.0,1076.48,17557.54
WT71621,Washington,Bachelor,Employed,Female,63297.0,Urban,Married,Web,Extended,Personal,Four-Door Car,Midsize,82.0,1.0,1251.76,3280.46
WU14435,California,Bachelor,Disabled,Male,18174.0,Suburban,Married,Agent,Basic,Corporate,Four-Door Car,Small,66.0,8.0,1395.93,4960.97
WU14549,Nevada,Master,Employed,Male,88495.0,Suburban,Married,Branch,Premium,Personal,Two-Door Car,Midsize,108.0,2.0,1535.9299999999998,4369.72
WU15684,Nevada,Associate,Employed,Female,42836.0,Urban,Married,Branch,Extended,Corporate,Four-Door Car,Midsize,89.0,32.0,1244.58,3588.88
WU62992,Oregon,Bachelor,Employed,Male,70742.0,Rural,Married,Agent,Extended,Personal,SUV,Small,124.0,3.0,1211.68,4887.79
WU63862,Oregon,Associate,Employed,Male,31614.0,Urban,Single,Branch,Basic,Personal,Four-Door Car,Midsize,71.0,26.0,1234.68,5420.36
WU76366,Arizona,Bachelor,Employed,Male,28726.0,Suburban,Divorced,Agent,Basic,Personal,Four-Door Car,Small,65.0,13.0,1468.0,4983.9
WU95334,California,Associate,Retired,Male,26806.0,Suburban,Married,Agent,Basic,Personal,Four-Door Car,Midsize,63.0,32.0,1302.4,7019.18
WV37081,California,Associate,Employed,Male,25963.0,Urban,Married,Web,Basic,Personal,Four-Door Car,Midsize,66.0,11.0,1298.95,5158.58
WV53081,Arizona,Associate,Employed,Female,49308.0,Rural,Married,Agent,Basic,Corporate,Four-Door Car,Midsize,65.0,7.0,1150.24,2597.86
WV53830,Oregon,Master,Retired,Female,19614.0,Suburban,Married,Agent,Extended,Personal,Two-Door Car,Midsize,85.0,21.0,1574.02,16301.97
WV57524,Oregon,Associate,Employed,Female,35482.0,Suburban,Married,Branch,Extended,Personal,SUV,Midsize,129.0,21.0,1619.2,10208.93
WV66165,Oregon,High School,Employed,Female,84811.0,Rural,Single,Branch,Basic,Personal,SUV,Small,111.0,27.0,1278.28,35062.65
WV76014,Arizona,Doctoral,Employed,Male,70125.0,Rural,Single,Branch,Basic,Special,Four-Door Car,Midsize,64.0,21.0,1092.81,2540.41
WV79842,California,High School,Employed,Male,24314.0,Suburban,Married,Call Center,Extended,Personal,Luxury SUV,Midsize,235.0,20.0,2128.0,9283.74
WW16329,Oregon,Associate,Employed,Female,35482.0,Suburban,Married,Branch,Extended,Corporate,SUV,Midsize,129.0,21.0,1619.2,10208.93
WW22291,California,Master,Employed,Male,63326.0,Suburban,Divorced,Call Center,Basic,Personal,Four-Door Car,Midsize,72.0,2.0,1361.56,2849.25
WW30771,Arizona,Master,Employed,Male,28728.0,Suburban,Married,Branch,Basic,Personal,Four-Door Car,Small,67.0,8.0,1321.6,2673.32
WW31823,Oregon,High School,Employed,Female,39034.0,Suburban,Married,Agent,Basic,Personal,Four-Door Car,Small,68.0,10.0,1466.45,19190.32
WW37525,California,High School,Employed,Male,95701.0,Rural,Divorced,Branch,Extended,Personal,Four-Door Car,Small,98.0,24.0,1099.7,7659.5
WW41496,Nevada,Bachelor,Employed,Female,70164.0,Urban,Divorced,Agent,Extended,Personal,Two-Door Car,Midsize,88.0,34.0,1375.4,31234.89
WW52683,California,Bachelor,Employed,Female,61067.0,Rural,Married,Agent,Basic,Personal,Four-Door Car,Midsize,64.0,20.0,1086.31,5067.64
WW68250,Oregon,Bachelor,Employed,Male,81799.0,Suburban,Married,Agent,Basic,Personal,Four-Door Car,Small,68.0,23.0,1326.4,2719.26
WW85018,Washington,Bachelor,Employed,Male,45430.0,Suburban,Single,Agent,Extended,Personal,Two-Door Car,Large,81.0,21.0,1388.8,6293.96
WW87934,Arizona,Bachelor,Disabled,Female,23815.0,Suburban,Married,Call Center,Basic,Personal,Four-Door Car,Midsize,73.0,4.0,1424.33,8257.67
WW99844,Oregon,High School,Employed,Female,53607.0,Rural,Married,Web,Basic,Personal,Four-Door Car,Midsize,61.0,4.0,1093.89,4944.09
WX14028,Nevada,Associate,Employed,Female,60455.0,Suburban,Single,Agent,Basic,Personal,SUV,Midsize,104.0,20.0,1499.2,32450.39
WX16610,California,Bachelor,Employed,Female,38492.0,Urban,Married,Branch,Basic,Personal,Four-Door Car,Midsize,72.0,27.0,1207.9,5824.77
WX31658,Arizona,Doctoral,Employed,Female,32312.0,Urban,Married,Call Center,Basic,Personal,Two-Door Car,Midsize,61.0,29.0,1276.59,7218.02
WX37953,Oregon,Associate,Employed,Female,94943.0,Suburban,Married,Web,Basic,Personal,Four-Door Car,Midsize,69.0,3.0,1387.55,2780.73
WX49215,Oregon,Master,Medical Leave,Male,16154.0,Rural,Married,Branch,Basic,Personal,Four-Door Car,Midsize,62.0,31.0,1091.36,18534.61
WX52894,Nevada,Associate,Employed,Male,21927.0,Rural,Married,Call Center,Basic,Personal,Four-Door Car,Midsize,71.0,32.0,1128.62,25002.02
WX80471,California,High School,Employed,Male,56875.0,Rural,Married,Branch,Extended,Personal,Two-Door Car,Midsize,84.0,0.0,1145.45,6676.73
WX87964,Washington,High School,Employed,Male,29560.0,Suburban,Married,Agent,Basic,Personal,Four-Door Car,Midsize,62.0,21.0,1297.6,4935.19
WX92363,Washington,Bachelor,Employed,Female,27608.0,Urban,Divorced,Branch,Basic,Personal,SUV,Midsize,108.0,30.0,1308.95,4250.78
WY12393,Washington,High School,Employed,Female,82667.0,Suburban,Single,Branch,Basic,Special,Two-Door Car,Midsize,64.0,5.0,1307.2,17684.65
WY17333,California,High School,Employed,Male,55385.0,Suburban,Single,Branch,Basic,Personal,Four-Door Car,Midsize,61.0,7.0,1292.8,4732.22
WY21918,Washington,Associate,Employed,Female,79628.0,Suburban,Single,Branch,Extended,Personal,Four-Door Car,Midsize,98.0,6.0,1470.4,3867.97
WY23230,Oregon,Associate,Retired,Female,13688.0,Suburban,Divorced,Agent,Extended,Personal,Two-Door Car,Midsize,84.0,25.0,1403.2,6086.43
WY26014,California,High School,Employed,Female,37433.0,Urban,Married,Agent,Extended,Personal,Four-Door Car,Midsize,90.0,7.0,1410.3899999999999,10820.0
WY41435,Nevada,Associate,Employed,Female,52436.0,Rural,Single,Web,Extended,Personal,Four-Door Car,Midsize,76.0,3.0,1109.48,11960.48
WY43888,Washington,High School,Employed,Male,24414.0,Suburban,Married,Call Center,Basic,Personal,SUV,Midsize,104.0,34.0,1499.2,16525.38
WY53775,Arizona,High School,Retired,Male,19683.0,Suburban,Married,Web,Basic,Personal,Sports Car,Midsize,117.0,17.0,1561.6,8382.63
WY57101,Arizona,Doctoral,Employed,Female,37384.0,Suburban,Married,Agent,Extended,Personal,Four-Door Car,Midsize,99.0,9.0,1475.2,4014.45
WY58284,California,Bachelor,Employed,Male,97361.0,Suburban,Single,Agent,Basic,Personal,Four-Door Car,Midsize,73.0,6.0,1350.4,8622.84
WY58555,Oregon,Bachelor,Employed,Male,25632.0,Suburban,Married,Call Center,Basic,Personal,Two-Door Car,Midsize,63.0,27.0,1351.27,4929.55
WY80801,California,High School,Employed,Female,25561.0,Suburban,Married,Agent,Premium,Corporate,SUV,Midsize,163.0,3.0,1983.37,19357.8
WY97929,Arizona,Associate,Employed,Male,83846.0,Suburban,Married,Agent,Basic,Special,Four-Door Car,Large,74.0,22.0,1355.2,8717.05
WZ13788,Nevada,High School,Employed,Female,48999.0,Suburban,Married,Web,Extended,Corporate,Four-Door Car,Midsize,86.0,6.0,1412.8,10097.69
WZ23060,California,Bachelor,Employed,Female,39040.0,Suburban,Married,Web,Premium,Personal,SUV,Midsize,174.0,4.0,1835.2,7050.97
WZ31900,Oregon,Bachelor,Employed,Female,94389.0,Rural,Married,Call Center,Basic,Corporate,SUV,Midsize,107.0,16.0,1085.06,8649.7
WZ40465,Washington,Bachelor,Employed,Female,36234.0,Rural,Married,Web,Basic,Personal,Four-Door Car,Small,63.0,0.0,1113.53,5041.3
WZ45123,California,Master,Employed,Male,60880.0,Rural,Married,Agent,Premium,Personal,Two-Door Car,Midsize,119.0,25.0,1109.91,14435.67
WZ61178,California,Bachelor,Medical Leave,Female,11896.0,Suburban,Married,Branch,Basic,Personal,Two-Door Car,Small,69.0,29.0,1476.25,5227.23
WZ63975,California,High School,Medical Leave,Female,22319.0,Suburban,Married,Agent,Basic,Personal,Two-Door Car,Small,63.0,3.0,1302.4,2423.76
WZ83320,Arizona,Master,Employed,Female,73876.0,Urban,Married,Web,Premium,Personal,Four-Door Car,Midsize,112.0,19.0,1419.3,9061.06
WZ92405,Nevada,Associate,Employed,Female,31723.0,Urban,Married,Branch,Basic,Personal,Two-Door Car,Midsize,62.0,23.0,1242.63,7492.16
WZ96432,California,Master,Employed,Female,32370.0,Suburban,Married,Branch,Basic,Corporate,SUV,Midsize,115.0,2.0,1552.0,9150.14
WZ98067,Oregon,Associate,Employed,Male,42512.0,Rural,Married,Agent,Premium,Personal,Four-Door Car,Midsize,105.0,15.0,1077.48,4049.81
XA21742,California,Bachelor,Employed,Female,22955.0,Suburban,Single,Branch,Extended,Personal,Four-Door Car,Small,92.0,6.0,1441.6,27069.5
XA27536,Washington,Associate,Employed,Male,63329.0,Suburban,Divorced,Web,Extended,Personal,Four-Door Car,Midsize,92.0,33.0,1441.6,3611.18
XA28126,California,Bachelor,Employed,Male,67739.0,Rural,Divorced,Agent,Premium,Personal,SUV,Midsize,149.0,4.0,1270.37,29199.81
XA47378,California,Bachelor,Employed,Female,23803.0,Suburban,Married,Branch,Basic,Corporate,Two-Door Car,Small,72.0,11.0,1410.55,2871.44
XA50997,Nevada,High School,Employed,Male,91393.0,Suburban,Married,Agent,Basic,Personal,Two-Door Car,Midsize,67.0,19.0,1460.55,5444.79
XA53408,Oregon,Associate,Employed,Male,27756.0,Suburban,Married,Agent,Basic,Corporate,Two-Door Car,Small,71.0,6.0,1735.73,5578.52
XA54112,California,Bachelor,Disabled,Male,13330.0,Suburban,Single,Call Center,Basic,Corporate,SUV,Midsize,117.0,33.0,1561.6,4046.94
XA55917,California,Associate,Disabled,Female,26049.0,Suburban,Married,Web,Basic,Personal,SUV,Midsize,113.0,10.0,1619.17,8533.83
XA55993,Oregon,Master,Employed,Female,58850.0,Rural,Single,Branch,Extended,Personal,Four-Door Car,Midsize,78.0,20.0,1143.75,3133.5
XA63646,California,Master,Employed,Female,81883.0,Urban,Married,Branch,Premium,Personal,Four-Door Car,Midsize,114.0,15.0,1376.0,4654.58
XA75063,Oregon,Associate,Employed,Female,39719.0,Suburban,Divorced,Agent,Extended,Personal,Sports Car,Midsize,131.0,1.0,1628.8,10213.56
XB15703,California,Bachelor,Employed,Male,80757.0,Urban,Married,Agent,Extended,Personal,SUV,Midsize,128.0,9.0,1339.74,15262.96
XB17553,Nevada,Bachelor,Employed,Male,52797.0,Rural,Married,Agent,Basic,Personal,Sports Car,Small,104.0,14.0,1088.17,12174.59
XB27698,Oregon,Bachelor,Employed,Male,97361.0,Suburban,Single,Agent,Basic,Personal,Four-Door Car,Midsize,73.0,6.0,1350.4,8622.84
XB30904,Arizona,High School,Employed,Male,97026.0,Rural,Married,Call Center,Basic,Personal,Two-Door Car,Midsize,73.0,30.0,1097.42,5876.37
XB32430,California,Bachelor,Employed,Male,68342.0,Rural,Married,Branch,Basic,Personal,Four-Door Car,Midsize,72.0,33.0,1148.74,5717.74
XB35510,California,Bachelor,Employed,Male,38072.0,Rural,Married,Branch,Basic,Personal,SUV,Midsize,113.0,10.0,1151.06,8704.28
XB43418,California,Associate,Employed,Male,59438.0,Urban,Single,Branch,Extended,Special,SUV,Small,124.0,33.0,1562.67,4815.85
XB64207,Arizona,Bachelor,Employed,Female,86101.0,Urban,Married,Agent,Basic,Personal,SUV,Midsize,102.0,4.0,1344.74,4117.47
XB70333,California,High School,Retired,Male,10738.0,Suburban,Single,Agent,Premium,Personal,Four-Door Car,Midsize,109.0,5.0,1852.26,6582.29
XB71208,California,Associate,Employed,Female,96314.0,Urban,Single,Agent,Basic,Personal,Four-Door Car,Midsize,69.0,2.0,1297.0,2735.47
XB86235,Arizona,Doctoral,Disabled,Male,14710.0,Suburban,Single,Agent,Basic,Personal,Sports Car,Midsize,112.0,25.0,1537.6,24186.24
XB91559,Washington,Associate,Employed,Male,44051.0,Suburban,Married,Agent,Basic,Personal,Four-Door Car,Large,67.0,21.0,1321.6,5274.43
XB97091,Arizona,High School,Employed,Female,53602.0,Urban,Married,Web,Basic,Personal,Sports Car,Midsize,115.0,15.0,1295.34,37243.63
XC14741,California,High School,Employed,Male,97735.0,Urban,Divorced,Branch,Basic,Corporate,Four-Door Car,Midsize,73.0,24.0,1188.67,2939.94
XC25965,Washington,Bachelor,Employed,Female,26486.0,Suburban,Single,Agent,Extended,Personal,SUV,Midsize,128.0,18.0,1614.4,14754.36
XC26395,Oregon,High School,Employed,Male,76771.0,Rural,Divorced,Branch,Extended,Personal,Two-Door Car,Large,95.0,34.0,1091.67,7408.84
XC43591,Oregon,Associate,Employed,Male,24571.0,Suburban,Married,Agent,Premium,Personal,Four-Door Car,Midsize,109.0,21.0,1523.2,12880.75
XC49176,California,Bachelor,Employed,Female,93405.0,Urban,Married,Agent,Extended,Corporate,Four-Door Car,Midsize,79.0,0.0,1202.51,3193.82
XC67861,Arizona,Bachelor,Employed,Female,28859.0,Suburban,Divorced,Call Center,Basic,Corporate,Two-Door Car,Midsize,67.0,24.0,1321.6,5011.75
XC68458,California,Bachelor,Medical Leave,Male,21832.0,Suburban,Single,Web,Extended,Personal,Four-Door Car,Small,84.0,29.0,1403.2,6089.52
XC72555,Oregon,High School,Employed,Female,97949.0,Urban,Married,Web,Basic,Personal,SUV,Small,112.0,9.0,1324.81,4475.05
XC77244,Oregon,High School,Employed,Male,44788.0,Suburban,Married,Agent,Basic,Personal,Four-Door Car,Small,61.0,6.0,1386.03,7285.03
XC83045,Nevada,Bachelor,Disabled,Male,16869.0,Suburban,Divorced,Call Center,Extended,Personal,Luxury SUV,Small,222.0,28.0,2065.6,16460.08
XC85830,Oregon,Bachelor,Employed,Female,69379.0,Suburban,Single,Branch,Premium,Corporate,Two-Door Car,Midsize,103.0,14.0,1494.4,4118.59
XD19934,Oregon,High School,Employed,Male,61650.0,Rural,Single,Web,Extended,Personal,Four-Door Car,Midsize,88.0,8.0,1117.47,10506.94
XD29421,Oregon,High School,Employed,Male,48115.0,Suburban,Married,Agent,Basic,Personal,Luxury Car,Large,192.0,15.0,2382.4,15362.35
XD32841,Oregon,Bachelor,Medical Leave,Male,24378.0,Suburban,Married,Agent,Premium,Corporate,SUV,Midsize,188.0,18.0,1902.4,13897.39
XD54132,California,High School,Employed,Female,61900.0,Suburban,Single,Call Center,Basic,Corporate,Four-Door Car,Midsize,64.0,11.0,1307.2,2567.35
XD81935,Oregon,Bachelor,Employed,Female,35625.0,Urban,Married,Agent,Basic,Personal,Four-Door Car,Midsize,65.0,10.0,1288.57,5107.16
XD82117,Arizona,Associate,Employed,Female,65933.0,Urban,Married,Call Center,Basic,Personal,SUV,Midsize,108.0,23.0,1379.95,8675.99
XD86462,Oregon,Associate,Employed,Male,20676.0,Suburban,Single,Agent,Extended,Personal,Four-Door Car,Midsize,79.0,28.0,1379.2,6063.2
XE10977,Oregon,High School,Employed,Female,71684.0,Urban,Married,Web,Basic,Personal,Two-Door Car,Midsize,66.0,7.0,1196.07,2677.5
XE17270,California,High School,Employed,Male,31708.0,Suburban,Single,Agent,Extended,Personal,Two-Door Car,Midsize,94.0,3.0,1451.2,3520.7
XE18554,California,Bachelor,Medical Leave,Female,24177.0,Suburban,Married,Agent,Extended,Personal,Four-Door Car,Midsize,92.0,4.0,1441.6,10436.57
XE22944,Arizona,Bachelor,Disabled,Female,12261.0,Suburban,Divorced,Call Center,Extended,Personal,SUV,Midsize,125.0,26.0,1600.0,4643.41
XE36531,California,High School,Employed,Female,51246.0,Suburban,Married,Web,Extended,Personal,SUV,Midsize,122.0,4.0,1817.69,4889.61
XE39286,Arizona,Bachelor,Employed,Female,99364.0,Suburban,Married,Web,Extended,Personal,Sports Car,Small,121.0,3.0,1580.8,9778.73
XE65072,Oregon,Associate,Employed,Male,63483.0,Rural,Married,Branch,Extended,Personal,Four-Door Car,Midsize,83.0,4.0,1085.07,6633.14
XE66367,Oregon,High School,Employed,Male,96306.0,Rural,Divorced,Agent,Extended,Special,Four-Door Car,Midsize,95.0,12.0,1185.3600000000001,7519.13
XE72624,California,High School,Employed,Female,34653.0,Suburban,Married,Branch,Basic,Corporate,Four-Door Car,Small,64.0,18.0,1307.2,2536.89
XE86547,Oregon,Associate,Employed,Male,58443.0,Suburban,Married,Agent,Basic,Personal,Four-Door Car,Small,65.0,24.0,1312.0,5143.65
XF15789,Arizona,Associate,Employed,Female,81350.0,Rural,Married,Branch,Basic,Personal,SUV,Large,110.0,1.0,1228.19,8869.62
XF33416,Oregon,Associate,Employed,Female,31986.0,Suburban,Divorced,Branch,Premium,Personal,Four-Door Car,Small,111.0,13.0,1532.8,8692.28
XF57481,Washington,Master,Employed,Male,50450.0,Rural,Single,Branch,Extended,Personal,Two-Door Car,Midsize,90.0,11.0,1135.8899999999999,10640.94
XF89906,Arizona,High School,Disabled,Male,29295.0,Suburban,Married,Agent,Extended,Personal,Luxury SUV,Large,219.0,25.0,2328.84,58207.13
XF93358,Arizona,High School,Disabled,Female,22775.0,Suburban,Divorced,Agent,Basic,Personal,Luxury Car,Midsize,184.0,6.0,1883.2,13599.92
XF94149,California,Associate,Employed,Male,24123.0,Suburban,Married,Branch,Basic,Personal,SUV,Midsize,104.0,7.0,1748.8,4087.51
XF96605,California,Associate,Employed,Male,94362.0,Urban,Divorced,Agent,Basic,Personal,Two-Door Car,Large,74.0,21.0,1195.41,2957.1
XF99212,Arizona,Associate,Employed,Male,57564.0,Suburban,Married,Agent,Basic,Personal,Two-Door Car,Midsize,63.0,5.0,1302.4,2458.45
XG44587,Arizona,Master,Employed,Male,88997.0,Rural,Divorced,Branch,Basic,Personal,Four-Door Car,Small,72.0,9.0,1174.04,5757.44
XG47945,Oregon,Master,Employed,Male,48602.0,Suburban,Married,Agent,Basic,Corporate,Two-Door Car,Small,70.0,30.0,1487.88,5616.85
XG64081,Arizona,Bachelor,Employed,Male,92296.0,Suburban,Married,Agent,Basic,Personal,Two-Door Car,Midsize,69.0,4.0,1331.2,2759.98
XG66314,California,Associate,Employed,Male,33604.0,Urban,Married,Branch,Basic,Personal,SUV,Midsize,105.0,5.0,1357.62,12465.92
XG74199,Oregon,Associate,Employed,Male,37970.0,Rural,Married,Agent,Basic,Personal,SUV,Midsize,115.0,8.0,1124.97,9061.77
XG92008,Arizona,Master,Employed,Female,24191.0,Rural,Married,Branch,Extended,Personal,Four-Door Car,Midsize,80.0,11.0,1103.75,3215.2
XH20787,California,Associate,Employed,Male,52980.0,Urban,Married,Branch,Basic,Personal,Four-Door Car,Large,64.0,33.0,1191.95,2549.08
XH47320,Nevada,Master,Employed,Female,83195.0,Urban,Single,Call Center,Basic,Personal,Two-Door Car,Midsize,73.0,18.0,1332.69,2937.42
XH54129,California,High School,Employed,Female,72193.0,Urban,Married,Branch,Premium,Personal,Four-Door Car,Midsize,118.0,1.0,1552.65,4755.76
XH72888,Arizona,High School,Employed,Male,36354.0,Suburban,Married,Agent,Extended,Corporate,Luxury SUV,Small,202.0,34.0,2454.4,15956.03
XH85336,Washington,Bachelor,Employed,Male,67798.0,Suburban,Divorced,Agent,Basic,Personal,Four-Door Car,Midsize,69.0,1.0,1331.2,5548.03
XH89851,California,Associate,Employed,Female,63267.0,Suburban,Single,Agent,Extended,Personal,Four-Door Car,Midsize,92.0,22.0,1530.3400000000001,7247.21
XH97711,California,Bachelor,Employed,Male,83140.0,Urban,Married,Agent,Basic,Corporate,Four-Door Car,Midsize,61.0,25.0,1179.16,2430.51
XI14610,California,Associate,Medical Leave,Female,19121.0,Suburban,Married,Agent,Extended,Personal,Four-Door Car,Small,95.0,1.0,1915.19,3645.46
XI31845,Oregon,High School,Employed,Female,45302.0,Suburban,Divorced,Branch,Extended,Personal,SUV,Small,133.0,4.0,1638.4,16007.95
XI36396,California,Bachelor,Retired,Male,18486.0,Suburban,Married,Agent,Extended,Personal,Four-Door Car,Midsize,86.0,24.0,1412.8,3151.16
XI41052,California,Bachelor,Employed,Female,50044.0,Suburban,Single,Call Center,Extended,Personal,SUV,Midsize,139.0,16.0,1667.2,5457.26
XI41106,Arizona,Associate,Employed,Male,55390.0,Urban,Married,Branch,Basic,Corporate,Two-Door Car,Midsize,71.0,34.0,1256.27,16874.33
XI51746,Oregon,Bachelor,Employed,Female,28463.0,Urban,Married,Call Center,Basic,Personal,SUV,Midsize,113.0,0.0,1324.32,8826.96
XI52305,California,Bachelor,Employed,Male,86305.0,Rural,Married,Call Center,Basic,Personal,Four-Door Car,Midsize,62.0,1.0,1080.73,4984.62
XI58886,California,High School,Employed,Male,69809.0,Rural,Married,Branch,Basic,Personal,Two-Door Car,Midsize,70.0,0.0,1111.82,2795.55
XI62151,Oregon,Associate,Employed,Male,88430.0,Suburban,Married,Agent,Basic,Personal,Four-Door Car,Midsize,66.0,7.0,1316.8,13297.64
XI85062,Nevada,Master,Employed,Male,66463.0,Suburban,Married,Agent,Basic,Personal,Two-Door Car,Small,68.0,28.0,1326.4,2717.78
XJ26467,California,Associate,Employed,Female,36510.0,Urban,Married,Call Center,Extended,Personal,Four-Door Car,Midsize,84.0,10.0,1286.78,6721.89
XJ34057,California,Bachelor,Employed,Male,67134.0,Rural,Married,Call Center,Extended,Personal,Sports Car,Midsize,131.0,5.0,1277.45,10339.6
XJ39660,Oregon,Bachelor,Employed,Female,66203.0,Rural,Married,Call Center,Basic,Personal,Four-Door Car,Midsize,66.0,15.0,1130.7,5297.92
XJ40322,California,High School,Employed,Female,61687.0,Rural,Single,Web,Basic,Personal,Two-Door Car,Midsize,67.0,13.0,1120.13,5294.28
XJ52902,Nevada,High School,Employed,Male,43540.0,Rural,Married,Call Center,Basic,Corporate,Two-Door Car,Midsize,70.0,29.0,1117.59,2756.47
XJ60303,California,Bachelor,Employed,Female,25048.0,Suburban,Married,Agent,Premium,Personal,SUV,Midsize,167.0,0.0,1801.6,13406.92
XJ65608,California,Associate,Employed,Female,63633.0,Suburban,Married,Agent,Basic,Corporate,Two-Door Car,Midsize,68.0,16.0,1374.02,5391.78
XJ85947,Oregon,Associate,Employed,Female,88782.0,Urban,Divorced,Web,Extended,Personal,Four-Door Car,Large,78.0,6.0,1357.76,3118.93
XJ96507,Arizona,High School,Employed,Female,85132.0,Urban,Married,Web,Basic,Personal,SUV,Midsize,106.0,0.0,1501.13,8291.66
XJ96748,Arizona,High School,Employed,Female,37931.0,Suburban,Married,Branch,Extended,Personal,Four-Door Car,Small,99.0,8.0,1475.2,27495.42
XJ97760,California,Master,Employed,Male,35039.0,Urban,Single,Call Center,Basic,Personal,Four-Door Car,Midsize,61.0,7.0,1254.31,4739.86
XK10881,Oregon,Bachelor,Employed,Male,39310.0,Rural,Married,Agent,Basic,Personal,Four-Door Car,Midsize,61.0,5.0,1093.18,4836.89
XK15687,Oregon,High School,Employed,Female,58518.0,Rural,Married,Agent,Extended,Personal,SUV,Midsize,136.0,17.0,1323.6399999999999,10899.3
XK31350,Oregon,Associate,Employed,Female,96610.0,Suburban,Married,Call Center,Extended,Corporate,Four-Door Car,Large,85.0,6.0,1520.3600000000001,6915.73
XK49057,California,High School,Employed,Male,31196.0,Suburban,Single,Web,Basic,Corporate,Two-Door Car,Small,62.0,26.0,1342.8,4455.52
XK52242,California,Bachelor,Employed,Male,32245.0,Rural,Married,Agent,Extended,Personal,SUV,Midsize,124.0,4.0,1257.5,9800.34
XK61304,California,Associate,Medical Leave,Female,23908.0,Suburban,Married,Agent,Basic,Personal,Four-Door Car,Midsize,70.0,18.0,1336.0,5297.15
XK83294,California,High School,Employed,Female,38725.0,Suburban,Single,Agent,Basic,Corporate,Two-Door Car,Midsize,64.0,12.0,1307.2,7486.17
XK84089,California,Bachelor,Employed,Male,78618.0,Urban,Divorced,Agent,Basic,Personal,Two-Door Car,Midsize,66.0,7.0,1225.58,2619.34
XK87182,Oregon,Associate,Employed,Female,46402.0,Urban,Married,Agent,Premium,Personal,Four-Door Car,Midsize,113.0,7.0,1476.3899999999999,4502.21
XK91603,California,Associate,Employed,Female,24186.0,Suburban,Single,Agent,Basic,Personal,Four-Door Car,Midsize,64.0,8.0,1307.2,2478.24
XK99408,California,High School,Employed,Female,29098.0,Suburban,Married,Web,Basic,Personal,SUV,Midsize,115.0,21.0,1683.55,9177.95
XL44677,California,Bachelor,Retired,Male,25905.0,Suburban,Divorced,Agent,Basic,Personal,Four-Door Car,Large,63.0,21.0,1302.4,2300.69
XL49151,Arizona,Associate,Employed,Male,22426.0,Suburban,Single,Branch,Extended,Corporate,Four-Door Car,Midsize,76.0,9.0,1528.3899999999999,2792.01
XL50897,Arizona,Master,Employed,Female,48096.0,Urban,Married,Call Center,Extended,Personal,Sports Car,Midsize,131.0,10.0,1450.09,15739.92
XL58577,California,Bachelor,Retired,Male,14973.0,Suburban,Divorced,Branch,Basic,Personal,SUV,Midsize,115.0,2.0,1828.0,12168.74
XL66550,Oregon,Bachelor,Employed,Male,74365.0,Suburban,Divorced,Call Center,Basic,Corporate,Luxury Car,Small,193.0,11.0,1926.4,7769.84
XL78013,Oregon,Associate,Employed,Male,49078.0,Suburban,Single,Branch,Extended,Corporate,Four-Door Car,Midsize,97.0,10.0,1484.01,22332.44
XL80761,California,Associate,Employed,Male,67544.0,Suburban,Married,Branch,Basic,Corporate,SUV,Small,116.0,2.0,1556.8,9294.09
XL90594,California,Associate,Employed,Female,87473.0,Urban,Divorced,Web,Extended,Personal,Four-Door Car,Midsize,95.0,28.0,1448.06,7584.36
XM19715,Oregon,Associate,Employed,Female,22268.0,Urban,Married,Call Center,Basic,Personal,Two-Door Car,Midsize,67.0,12.0,1294.8,5326.5
XM45289,Oregon,High School,Employed,Female,23218.0,Suburban,Single,Agent,Basic,Personal,Two-Door Car,Midsize,71.0,7.0,1447.79,5514.34
XM57550,Washington,Associate,Disabled,Female,29958.0,Suburban,Married,Branch,Extended,Personal,Four-Door Car,Midsize,90.0,8.0,1432.0,3423.97
XM69101,Oregon,Bachelor,Employed,Male,47519.0,Urban,Married,Branch,Extended,Personal,Two-Door Car,Midsize,96.0,21.0,1245.25,7601.95
XM72420,Arizona,High School,Employed,Female,66676.0,Suburban,Married,Agent,Extended,Personal,Four-Door Car,Small,97.0,0.0,1558.1,3919.37
XM91056,California,High School,Employed,Female,22236.0,Suburban,Single,Agent,Basic,Personal,Two-Door Car,Midsize,62.0,3.0,1409.43,4876.32
XM91635,Arizona,High School,Medical Leave,Female,16618.0,Urban,Single,Branch,Basic,Special,Four-Door Car,Midsize,62.0,0.0,1219.29,2272.34
XM96138,California,Master,Employed,Male,98138.0,Urban,Married,Agent,Extended,Personal,Four-Door Car,Midsize,93.0,30.0,1427.53,11277.72
XN11823,Nevada,Bachelor,Employed,Female,92600.0,Suburban,Single,Web,Extended,Corporate,Two-Door Car,Small,94.0,9.0,1842.44,3764.47
XN16891,Arizona,Associate,Employed,Male,81097.0,Suburban,Divorced,Agent,Basic,Personal,Four-Door Car,Small,74.0,7.0,1355.2,2912.89
XN18885,Oregon,High School,Employed,Male,44788.0,Suburban,Married,Agent,Basic,Personal,Four-Door Car,Small,61.0,6.0,1386.03,7285.03
XN25550,Oregon,Associate,Employed,Male,55571.0,Suburban,Married,Agent,Extended,Personal,SUV,Midsize,135.0,4.0,1904.81,5345.2
XN34686,Oregon,High School,Employed,Male,41396.0,Suburban,Married,Branch,Basic,Special,Four-Door Car,Midsize,70.0,7.0,1336.0,5640.02
XN41715,California,Master,Employed,Female,71135.0,Urban,Married,Branch,Extended,Personal,Four-Door Car,Midsize,92.0,11.0,1270.56,7396.28
XN42396,California,Bachelor,Employed,Male,29697.0,Rural,Married,Agent,Basic,Personal,Four-Door Car,Midsize,64.0,6.0,1147.13,7540.58
XN48526,California,Associate,Medical Leave,Female,20943.0,Urban,Married,Branch,Basic,Personal,Four-Door Car,Midsize,69.0,0.0,1240.0,2627.76
XN50058,California,Doctoral,Employed,Male,45484.0,Suburban,Single,Agent,Premium,Corporate,Four-Door Car,Midsize,111.0,31.0,1532.8,8767.63
XN62489,Oregon,Bachelor,Retired,Male,18608.0,Suburban,Divorced,Web,Basic,Corporate,Four-Door Car,Midsize,71.0,13.0,1340.8,2538.63
XN90444,California,Doctoral,Employed,Male,24814.0,Suburban,Single,Call Center,Basic,Special,Two-Door Car,Midsize,69.0,31.0,1331.2,8200.27
XN90861,Arizona,Bachelor,Employed,Female,71560.0,Urban,Married,Web,Basic,Personal,Two-Door Car,Midsize,69.0,14.0,1178.7,5534.58
XO11574,California,High School,Employed,Male,28928.0,Rural,Married,Agent,Extended,Personal,Four-Door Car,Midsize,87.0,23.0,1192.6399999999999,3399.13
XO17798,Washington,High School,Employed,Male,45794.0,Suburban,Married,Agent,Basic,Personal,Four-Door Car,Small,74.0,3.0,1449.63,5827.48
XO22038,California,Bachelor,Employed,Female,39854.0,Urban,Divorced,Web,Basic,Corporate,Two-Door Car,Midsize,66.0,6.0,1261.93,5217.51
XO36233,Washington,Bachelor,Employed,Male,78904.0,Rural,Divorced,Branch,Basic,Personal,SUV,Large,109.0,10.0,1250.0,8641.53
XO42145,Oregon,High School,Employed,Male,25927.0,Suburban,Single,Web,Basic,Personal,SUV,Midsize,103.0,6.0,1674.97,3933.81
XO43812,California,Master,Employed,Male,56482.0,Suburban,Married,Call Center,Basic,Personal,Luxury SUV,Midsize,199.0,4.0,1955.2,8028.18
XO46388,California,Bachelor,Disabled,Female,22594.0,Suburban,Married,Call Center,Basic,Personal,Four-Door Car,Midsize,67.0,22.0,1321.6,5146.81
XO56170,California,High School,Employed,Female,87428.0,Urban,Divorced,Agent,Basic,Personal,Four-Door Car,Midsize,72.0,27.0,1224.48,2866.82
XO67536,California,Associate,Disabled,Female,10860.0,Suburban,Married,Call Center,Basic,Personal,Four-Door Car,Midsize,66.0,30.0,1316.8,2563.39
XO70106,Oregon,Bachelor,Employed,Male,58781.0,Urban,Divorced,Agent,Basic,Personal,SUV,Small,106.0,31.0,1502.46,12421.86
XO75323,California,Associate,Employed,Male,72439.0,Suburban,Married,Web,Basic,Personal,SUV,Midsize,100.0,5.0,1480.0,3966.13
XO78284,Arizona,Master,Employed,Male,96335.0,Rural,Single,Branch,Extended,Personal,Four-Door Car,Small,97.0,7.0,1161.3899999999999,3887.32
XO90806,California,Associate,Employed,Female,67128.0,Urban,Married,Agent,Basic,Personal,SUV,Small,105.0,33.0,1339.02,8406.76
XO92596,California,Associate,Retired,Male,13528.0,Suburban,Single,Agent,Extended,Personal,Four-Door Car,Midsize,86.0,21.0,1412.8,6005.85
XO94933,California,Bachelor,Employed,Female,33282.0,Rural,Married,Agent,Basic,Personal,SUV,Small,100.0,24.0,1207.51,3944.23
XO96556,Arizona,Master,Employed,Male,79751.0,Suburban,Married,Web,Basic,Personal,Two-Door Car,Small,63.0,15.0,1392.24,2551.23
XP16538,Arizona,High School,Employed,Female,81132.0,Urban,Divorced,Agent,Basic,Corporate,SUV,Small,107.0,19.0,1419.1100000000001,4272.59
XP35430,Oregon,Associate,Employed,Female,88663.0,Suburban,Married,Agent,Extended,Special,Four-Door Car,Midsize,79.0,20.0,1379.2,6382.05
XP39695,Arizona,Bachelor,Employed,Female,43000.0,Suburban,Married,Web,Basic,Personal,SUV,Midsize,109.0,27.0,1676.81,21886.2
XP41644,California,High School,Employed,Male,30574.0,Urban,Single,Web,Basic,Corporate,Sports Car,Midsize,114.0,19.0,1396.1100000000001,4335.68
XP47431,Arizona,Bachelor,Employed,Female,54507.0,Suburban,Married,Agent,Extended,Personal,SUV,Midsize,138.0,20.0,1702.99,5470.06
XP61034,Oregon,Bachelor,Employed,Male,39492.0,Suburban,Married,Agent,Basic,Personal,SUV,Midsize,105.0,20.0,1756.0,4105.58
XP76338,California,Bachelor,Employed,Male,24843.0,Suburban,Married,Agent,Basic,Personal,Four-Door Car,Midsize,61.0,20.0,1331.33,4711.04
XP81320,Oregon,Associate,Medical Leave,Female,19637.0,Suburban,Married,Branch,Basic,Personal,Four-Door Car,Midsize,67.0,34.0,1333.1399999999999,2521.16
XP92021,Oregon,High School,Employed,Female,68009.0,Suburban,Divorced,Call Center,Basic,Personal,SUV,Midsize,110.0,1.0,1528.0,13295.6
XP96549,Oregon,High School,Employed,Female,20868.0,Suburban,Married,Branch,Basic,Personal,SUV,Large,112.0,14.0,1537.6,4429.19
XQ12791,California,High School,Employed,Male,41972.0,Suburban,Divorced,Branch,Extended,Personal,Four-Door Car,Midsize,86.0,20.0,1691.71,3401.88
XQ19793,Arizona,High School,Retired,Male,20993.0,Suburban,Divorced,Agent,Extended,Personal,SUV,Midsize,133.0,35.0,1638.4,4772.94
XQ39498,Oregon,High School,Employed,Male,57659.0,Suburban,Divorced,Agent,Premium,Personal,Four-Door Car,Midsize,111.0,24.0,1756.37,30909.22
XQ44462,Oregon,Associate,Employed,Male,56342.0,Suburban,Single,Call Center,Basic,Corporate,Four-Door Car,Small,69.0,12.0,1331.2,2674.73
XQ50187,Oregon,Master,Employed,Male,74918.0,Urban,Single,Branch,Extended,Special,Two-Door Car,Midsize,85.0,13.0,1314.25,3360.44
XQ74827,Arizona,High School,Employed,Female,38688.0,Suburban,Single,Agent,Extended,Special,Luxury Car,Midsize,249.0,22.0,3294.63,19435.63
XQ80738,Oregon,High School,Employed,Female,72014.0,Urban,Married,Agent,Basic,Personal,Four-Door Car,Midsize,72.0,24.0,1188.2,2895.21
XQ81794,Arizona,High School,Employed,Male,93872.0,Urban,Married,Web,Basic,Personal,Four-Door Car,Midsize,64.0,23.0,1206.5,5137.35
XQ93931,Oregon,Associate,Employed,Male,23706.0,Suburban,Married,Web,Basic,Corporate,Four-Door Car,Midsize,68.0,1.0,1326.4,7806.14
XR17548,Oregon,High School,Employed,Male,78735.0,Urban,Married,Branch,Basic,Personal,Four-Door Car,Midsize,63.0,32.0,1225.56,5064.13
XR71687,Oregon,Bachelor,Employed,Male,31485.0,Rural,Married,Agent,Basic,Personal,SUV,Midsize,118.0,17.0,1294.91,9407.45
XR74007,California,Bachelor,Employed,Female,62863.0,Rural,Married,Agent,Extended,Corporate,Four-Door Car,Midsize,88.0,18.0,1094.51,3540.21
XR74789,Washington,Associate,Employed,Female,63328.0,Suburban,Married,Web,Extended,Personal,Two-Door Car,Midsize,89.0,19.0,1427.2,7199.65
XR75319,Arizona,Associate,Employed,Male,45515.0,Urban,Married,Call Center,Basic,Personal,Two-Door Car,Large,61.0,14.0,1236.91,4786.89
XR82418,California,Bachelor,Employed,Male,86305.0,Rural,Married,Call Center,Basic,Personal,Four-Door Car,Midsize,62.0,1.0,1080.73,4984.62
XR84971,Oregon,Doctoral,Employed,Female,36537.0,Rural,Single,Web,Extended,Personal,Four-Door Car,Midsize,85.0,19.0,1165.31,23515.85
XR85926,Oregon,Bachelor,Employed,Male,58058.0,Suburban,Married,Call Center,Basic,Personal,Four-Door Car,Midsize,67.0,28.0,1355.2,8012.37
XR87264,California,Bachelor,Employed,Female,20597.0,Suburban,Married,Agent,Premium,Personal,Four-Door Car,Midsize,112.0,31.0,1615.26,4381.18
XR95069,Washington,Bachelor,Employed,Male,29834.0,Suburban,Single,Agent,Basic,Personal,Four-Door Car,Midsize,64.0,19.0,1307.2,4854.75
XR99310,California,Associate,Employed,Male,97266.0,Suburban,Married,Agent,Extended,Special,Two-Door Car,Midsize,79.0,29.0,1546.05,3163.28
XS17260,Oregon,Associate,Employed,Male,88340.0,Suburban,Married,Branch,Premium,Personal,Two-Door Car,Midsize,102.0,16.0,1489.6,12280.77
XS22323,Arizona,High School,Employed,Male,26876.0,Suburban,Single,Agent,Extended,Personal,Four-Door Car,Midsize,76.0,17.0,1364.8,6005.21
XS30210,Arizona,Associate,Employed,Male,84583.0,Urban,Married,Branch,Basic,Corporate,Four-Door Car,Small,65.0,6.0,1238.87,10359.02
XS36281,Washington,Associate,Employed,Female,85718.0,Urban,Single,Branch,Extended,Personal,Sports Car,Midsize,139.0,4.0,1540.17,5570.22
XS44101,California,Bachelor,Employed,Female,44891.0,Rural,Married,Call Center,Extended,Personal,Four-Door Car,Midsize,83.0,12.0,1074.8,6712.29
XS47087,Oregon,Associate,Disabled,Male,21102.0,Suburban,Married,Agent,Basic,Personal,SUV,Midsize,100.0,0.0,1480.0,11714.78
XS68865,Oregon,Associate,Employed,Male,96988.0,Suburban,Single,Agent,Extended,Personal,Two-Door Car,Midsize,77.0,1.0,1369.6,6161.0
XS74432,California,High School,Employed,Female,29218.0,Suburban,Married,Agent,Basic,Personal,Four-Door Car,Midsize,72.0,33.0,1502.37,8663.92
XS76166,Oregon,Associate,Employed,Female,35592.0,Suburban,Married,Call Center,Extended,Personal,Two-Door Car,Small,82.0,34.0,1496.81,3245.48
XS78545,Oregon,Associate,Employed,Female,29491.0,Suburban,Married,Web,Basic,Personal,Four-Door Car,Midsize,61.0,26.0,1292.8,7347.41
XS89049,Nevada,Associate,Disabled,Female,25531.0,Suburban,Married,Agent,Basic,Personal,Two-Door Car,Small,74.0,27.0,1355.2,2822.59
XS97845,Oregon,Associate,Employed,Male,44388.0,Urban,Divorced,Call Center,Premium,Personal,Four-Door Car,Midsize,113.0,10.0,1496.84,4299.84
XS98744,Oregon,Master,Disabled,Female,22886.0,Suburban,Divorced,Agent,Basic,Special,Four-Door Car,Small,65.0,9.0,1312.0,5096.67
XT10744,Arizona,Associate,Employed,Male,28441.0,Suburban,Married,Call Center,Basic,Special,Two-Door Car,Small,73.0,10.0,1686.02,8595.15
XT19780,Oregon,High School,Disabled,Female,23634.0,Suburban,Married,Branch,Basic,Personal,Two-Door Car,Small,62.0,4.0,1440.19,4803.78
XT35473,Arizona,Bachelor,Retired,Male,25905.0,Suburban,Divorced,Agent,Basic,Personal,Four-Door Car,Large,63.0,21.0,1302.4,2300.69
XT45580,Oregon,Associate,Employed,Female,60759.0,Suburban,Single,Branch,Basic,Corporate,SUV,Large,104.0,20.0,1499.2,4089.46
XT55646,Arizona,Bachelor,Medical Leave,Male,18263.0,Suburban,Married,Branch,Basic,Personal,SUV,Midsize,117.0,1.0,1758.33,4428.63
XT58648,Arizona,High School,Employed,Female,64125.0,Urban,Married,Branch,Basic,Personal,SUV,Large,108.0,3.0,1369.82,8646.5
XT67997,California,High School,Employed,Female,57693.0,Suburban,Divorced,Agent,Extended,Personal,Four-Door Car,Midsize,76.0,16.0,1547.2,5979.72
XT93203,California,High School,Employed,Male,55687.0,Suburban,Divorced,Agent,Premium,Personal,Luxury SUV,Midsize,276.0,33.0,2324.8,10963.96
XU20264,Arizona,Bachelor,Disabled,Male,23506.0,Suburban,Single,Branch,Premium,Personal,Four-Door Car,Midsize,113.0,0.0,1813.6,8564.77
XU35186,California,High School,Employed,Female,71445.0,Suburban,Single,Branch,Basic,Personal,Four-Door Car,Midsize,70.0,6.0,1336.0,2749.41
XU49878,Washington,Bachelor,Employed,Male,62039.0,Urban,Married,Call Center,Basic,Personal,Four-Door Car,Midsize,68.0,8.0,1265.88,5396.31
XU56756,Oregon,Bachelor,Employed,Male,76358.0,Rural,Married,Agent,Basic,Personal,Four-Door Car,Midsize,66.0,25.0,1086.46,23594.68
XU57332,California,Associate,Employed,Female,53173.0,Suburban,Single,Call Center,Basic,Personal,SUV,Midsize,112.0,30.0,2169.41,8736.5
XU76821,California,Associate,Employed,Female,33175.0,Rural,Single,Agent,Basic,Corporate,Two-Door Car,Midsize,66.0,31.0,1084.52,20380.07
XU97999,California,High School,Employed,Male,68997.0,Urban,Married,Agent,Basic,Personal,Four-Door Car,Large,63.0,3.0,1206.93,10097.2
XU98055,Arizona,Associate,Medical Leave,Male,15406.0,Suburban,Married,Call Center,Extended,Personal,SUV,Midsize,124.0,7.0,1892.8,9546.82
XV11038,California,Associate,Medical Leave,Female,18814.0,Suburban,Single,Branch,Extended,Personal,Sports Car,Midsize,122.0,20.0,1585.6,9223.99
XV22744,Oregon,Bachelor,Employed,Female,35158.0,Rural,Married,Branch,Extended,Personal,Four-Door Car,Midsize,76.0,14.0,1165.96,15025.19
XV30885,California,Associate,Employed,Male,95550.0,Urban,Divorced,Agent,Basic,Personal,SUV,Midsize,116.0,15.0,1381.57,4595.52
XV53746,California,High School,Employed,Female,91354.0,Suburban,Married,Agent,Basic,Special,Two-Door Car,Midsize,68.0,30.0,1361.65,16484.02
XV53963,California,High School,Employed,Male,96721.0,Suburban,Married,Web,Extended,Personal,SUV,Midsize,138.0,4.0,1662.4,10986.23
XV69290,California,Associate,Employed,Male,49078.0,Suburban,Single,Branch,Extended,Corporate,Four-Door Car,Midsize,97.0,10.0,1484.01,22332.44
XV76553,Oregon,High School,Employed,Male,74935.0,Rural,Married,Branch,Basic,Corporate,SUV,Midsize,112.0,15.0,1192.8600000000001,4523.75
XV83643,California,Associate,Employed,Male,20976.0,Suburban,Married,Agent,Extended,Personal,Sports Car,Large,129.0,20.0,1735.6799999999998,5012.18
XV95530,Oregon,Bachelor,Employed,Male,93210.0,Rural,Married,Web,Basic,Personal,Two-Door Car,Large,71.0,35.0,1074.52,11430.59
XW13033,Nevada,Associate,Employed,Male,20961.0,Suburban,Married,Agent,Basic,Personal,Four-Door Car,Midsize,67.0,20.0,1321.6,8009.47
XW18691,Washington,Doctoral,Employed,Male,67787.0,Rural,Married,Web,Premium,Personal,SUV,Midsize,194.0,9.0,1469.26,7751.93
XW34862,Nevada,Master,Retired,Female,21514.0,Urban,Married,Agent,Basic,Special,Two-Door Car,Midsize,62.0,0.0,1257.25,11981.98
XW51700,Arizona,High School,Employed,Female,73180.0,Rural,Single,Call Center,Basic,Personal,Four-Door Car,Midsize,64.0,27.0,1132.54,5139.56
XW63353,Oregon,High School,Employed,Male,56980.0,Suburban,Married,Agent,Extended,Personal,Two-Door Car,Midsize,84.0,33.0,1599.0,6689.02
XW89091,California,Associate,Employed,Male,37256.0,Rural,Married,Branch,Basic,Personal,Four-Door Car,Midsize,62.0,15.0,1128.97,9816.53
XW90265,Arizona,Bachelor,Employed,Female,81676.0,Suburban,Married,Agent,Basic,Personal,Two-Door Car,Small,72.0,21.0,1463.16,5773.52
XW93623,Nevada,Bachelor,Employed,Male,33811.0,Urban,Married,Agent,Basic,Personal,Luxury SUV,Midsize,184.0,17.0,1587.38,7221.15
XW98867,Oregon,High School,Medical Leave,Male,17101.0,Suburban,Single,Call Center,Basic,Personal,SUV,Midsize,113.0,1.0,1542.4,12298.69
XX12304,California,Associate,Employed,Female,64459.0,Urban,Married,Branch,Basic,Personal,Four-Door Car,Midsize,72.0,16.0,1240.26,2924.98
XX29952,Arizona,Associate,Employed,Male,88184.0,Rural,Married,Agent,Premium,Personal,Four-Door Car,Midsize,104.0,5.0,1240.18,12174.59
XX34879,Oregon,Associate,Employed,Male,56263.0,Suburban,Married,Agent,Extended,Corporate,Four-Door Car,Midsize,93.0,27.0,1446.4,14718.12
XX37955,Nevada,Associate,Employed,Male,67627.0,Suburban,Married,Call Center,Basic,Corporate,SUV,Midsize,117.0,5.0,1561.6,14002.38
XX53620,Oregon,Bachelor,Employed,Female,80590.0,Rural,Married,Branch,Basic,Corporate,Four-Door Car,Small,71.0,4.0,1134.16,2891.27
XX85323,Arizona,Master,Employed,Female,54702.0,Suburban,Married,Agent,Premium,Personal,SUV,Midsize,199.0,5.0,1955.2,8019.86
XX88364,California,Bachelor,Employed,Male,97361.0,Suburban,Single,Agent,Basic,Corporate,Four-Door Car,Midsize,73.0,6.0,1350.4,8622.84
XX88577,California,Bachelor,Employed,Male,84824.0,Rural,Married,Branch,Premium,Corporate,SUV,Small,196.0,7.0,1319.82,15727.13
XX89213,Nevada,Master,Employed,Female,68516.0,Rural,Married,Branch,Extended,Corporate,Luxury SUV,Midsize,216.0,17.0,1095.69,8712.16
XX94684,Nevada,High School,Employed,Male,50052.0,Suburban,Single,Agent,Extended,Personal,Sports Car,Small,130.0,6.0,1624.0,5079.67
XY33610,Washington,Associate,Employed,Male,97750.0,Urban,Divorced,Agent,Basic,Personal,Four-Door Car,Midsize,65.0,15.0,1303.0,15695.54
XY52165,Arizona,Associate,Employed,Female,78561.0,Suburban,Married,Branch,Basic,Personal,Two-Door Car,Midsize,74.0,7.0,1355.2,3020.42
XY80192,Oregon,High School,Employed,Male,33617.0,Suburban,Married,Agent,Premium,Personal,Four-Door Car,Midsize,117.0,6.0,1761.72,13979.09
XZ17273,Nevada,Bachelor,Employed,Male,71663.0,Rural,Married,Web,Basic,Corporate,Four-Door Car,Midsize,74.0,23.0,1084.49,20998.26
XZ34917,Washington,Bachelor,Employed,Male,41043.0,Suburban,Married,Call Center,Basic,Personal,Four-Door Car,Small,72.0,22.0,1345.6,5643.8
XZ40716,California,High School,Employed,Female,75531.0,Suburban,Single,Web,Premium,Personal,Four-Door Car,Midsize,102.0,2.0,1489.6,8054.98
XZ45224,Oregon,Associate,Employed,Female,38961.0,Suburban,Divorced,Agent,Basic,Corporate,Two-Door Car,Midsize,62.0,5.0,1297.6,2438.53
XZ51937,California,Master,Employed,Female,79487.0,Suburban,Divorced,Branch,Basic,Personal,SUV,Midsize,114.0,20.0,1547.2,4626.8
XZ54522,Nevada,Bachelor,Employed,Female,76266.0,Rural,Single,Branch,Premium,Personal,Two-Door Car,Midsize,110.0,24.0,1155.71,8810.9
XZ62430,Arizona,Bachelor,Retired,Male,27681.0,Suburban,Married,Agent,Extended,Personal,Two-Door Car,Midsize,83.0,13.0,1398.4,6057.07
XZ62712,Washington,High School,Employed,Female,32948.0,Suburban,Single,Call Center,Extended,Personal,SUV,Midsize,127.0,20.0,2428.9700000000003,44468.02
XZ64172,Oregon,High School,Employed,Male,55687.0,Suburban,Divorced,Agent,Premium,Corporate,Luxury SUV,Midsize,276.0,33.0,2324.8,10963.96
XZ81226,Arizona,Bachelor,Employed,Female,43478.0,Suburban,Married,Branch,Extended,Personal,Four-Door Car,Midsize,80.0,27.0,1384.0,6446.92
XZ83249,Nevada,High School,Employed,Female,35504.0,Urban,Married,Call Center,Extended,Personal,SUV,Small,128.0,4.0,1404.3,10168.27
XZ87318,Oregon,Associate,Employed,Female,55350.0,Suburban,Married,Agent,Basic,Corporate,Four-Door Car,Midsize,67.0,0.0,1321.6,5380.9
YA10507,California,High School,Employed,Male,95697.0,Rural,Married,Agent,Basic,Special,Two-Door Car,Midsize,61.0,16.0,1114.27,2471.53
YA15471,Oregon,Associate,Employed,Male,93004.0,Urban,Married,Branch,Basic,Corporate,Four-Door Car,Midsize,63.0,31.0,1205.96,7627.66
YA17061,Nevada,High School,Medical Leave,Female,17162.0,Suburban,Married,Web,Extended,Corporate,Four-Door Car,Small,96.0,15.0,1460.8,3716.48
YA37626,Oregon,Master,Employed,Male,25358.0,Suburban,Single,Branch,Extended,Personal,SUV,Midsize,126.0,1.0,1750.5900000000001,14616.37
YA70612,Oregon,Bachelor,Employed,Male,97924.0,Suburban,Married,Branch,Basic,Personal,Two-Door Car,Midsize,74.0,4.0,1355.2,8962.8
YA71207,California,High School,Employed,Female,30090.0,Urban,Married,Web,Basic,Corporate,Two-Door Car,Large,73.0,10.0,1329.52,8708.28
YA80645,Oregon,High School,Employed,Female,33738.0,Urban,Divorced,Agent,Basic,Corporate,Four-Door Car,Midsize,74.0,6.0,1304.3899999999999,2899.32
YA83600,Arizona,High School,Employed,Female,28887.0,Suburban,Single,Branch,Basic,Personal,Four-Door Car,Midsize,73.0,16.0,1425.82,2753.31
YA87855,Arizona,Master,Employed,Male,23179.0,Suburban,Divorced,Agent,Extended,Corporate,Two-Door Car,Midsize,91.0,11.0,1436.8,7179.23
YB14965,Arizona,Associate,Employed,Male,89771.0,Urban,Married,Agent,Basic,Personal,SUV,Midsize,114.0,5.0,1432.41,36516.05
YB19340,Oregon,High School,Employed,Male,61374.0,Rural,Married,Call Center,Premium,Corporate,Two-Door Car,Midsize,113.0,5.0,1210.1,9002.12
YB33445,Oregon,Associate,Employed,Female,43490.0,Rural,Married,Call Center,Basic,Corporate,SUV,Midsize,114.0,24.0,1174.59,8982.85
YB39959,Oregon,Master,Employed,Male,60244.0,Urban,Married,Agent,Extended,Personal,Four-Door Car,Midsize,83.0,3.0,1326.28,3238.0
YB49540,California,Associate,Employed,Female,95017.0,Suburban,Married,Web,Basic,Personal,Four-Door Car,Midsize,65.0,5.0,1325.0,5254.02
YB49933,Arizona,Bachelor,Employed,Male,96170.0,Suburban,Married,Call Center,Extended,Personal,Four-Door Car,Large,92.0,8.0,1441.6,3694.14
YB57848,Oregon,Doctoral,Employed,Female,75716.0,Rural,Single,Branch,Extended,Personal,Luxury Car,Midsize,247.0,2.0,1562.0900000000001,9928.99
YB70005,Oregon,Associate,Employed,Male,36225.0,Rural,Married,Branch,Extended,Special,SUV,Large,123.0,7.0,1221.05,9767.94
YB79192,California,Bachelor,Employed,Female,21119.0,Suburban,Married,Branch,Extended,Personal,SUV,Midsize,128.0,1.0,1614.4,10193.77
YB91420,Oregon,Bachelor,Employed,Female,32225.0,Suburban,Married,Agent,Basic,Personal,Four-Door Car,Midsize,66.0,23.0,1316.8,7851.35
YB96664,Washington,Bachelor,Employed,Male,75644.0,Suburban,Divorced,Branch,Basic,Corporate,Two-Door Car,Midsize,65.0,5.0,1467.8,4974.8
YC11951,Oregon,High School,Employed,Male,96306.0,Rural,Divorced,Agent,Extended,Corporate,Four-Door Car,Midsize,95.0,12.0,1185.3600000000001,7519.13
YC33550,Oregon,High School,Employed,Female,24224.0,Suburban,Divorced,Call Center,Basic,Corporate,Two-Door Car,Small,71.0,7.0,1511.2,2826.8
YC43143,Arizona,High School,Employed,Female,77330.0,Rural,Married,Web,Extended,Personal,Four-Door Car,Midsize,99.0,0.0,1099.26,7988.26
YC67208,California,High School,Retired,Male,27972.0,Suburban,Married,Web,Basic,Personal,Four-Door Car,Midsize,61.0,7.0,1292.8,2227.07
YC69616,Arizona,Associate,Retired,Female,14030.0,Suburban,Married,Branch,Basic,Personal,Two-Door Car,Large,72.0,11.0,1345.6,2719.51
YC77374,California,Bachelor,Employed,Female,26890.0,Suburban,Married,Branch,Basic,Personal,Two-Door Car,Small,65.0,28.0,1312.0,5119.9
YC80498,California,Associate,Medical Leave,Female,12964.0,Suburban,Single,Web,Basic,Personal,Two-Door Car,Midsize,65.0,2.0,1362.77,4770.55
YC87263,Oregon,Master,Employed,Female,70734.0,Suburban,Married,Branch,Premium,Corporate,SUV,Midsize,175.0,4.0,2200.29,21312.38
YD22081,Arizona,Associate,Employed,Female,45668.0,Urban,Married,Branch,Extended,Personal,Four-Door Car,Midsize,80.0,7.0,1344.77,9701.03
YD27780,Arizona,Bachelor,Employed,Female,72334.0,Urban,Married,Call Center,Extended,Corporate,SUV,Midsize,129.0,26.0,1412.83,10103.65
YD28431,California,Master,Employed,Female,66346.0,Rural,Married,Agent,Extended,Personal,Four-Door Car,Large,87.0,15.0,1078.18,6991.61
YD45660,Arizona,Bachelor,Employed,Female,47048.0,Suburban,Married,Call Center,Basic,Personal,SUV,Midsize,118.0,0.0,1566.4,9420.97
YD53564,California,Associate,Medical Leave,Female,26441.0,Rural,Married,Branch,Basic,Personal,Two-Door Car,Midsize,71.0,16.0,1152.22,5553.8
YD58301,California,High School,Employed,Female,80587.0,Urban,Married,Agent,Extended,Personal,Four-Door Car,Midsize,78.0,7.0,1276.19,6352.96
YD71702,Oregon,Bachelor,Employed,Male,46655.0,Urban,Single,Agent,Extended,Personal,Four-Door Car,Midsize,82.0,27.0,1336.8899999999999,3157.55
YD74214,California,Associate,Employed,Female,94903.0,Suburban,Married,Agent,Extended,Personal,Two-Door Car,Small,94.0,3.0,1451.2,3808.12
YD74948,Oregon,Associate,Employed,Female,63860.0,Urban,Married,Agent,Basic,Personal,Four-Door Car,Midsize,62.0,26.0,1208.6,2472.47
YD76280,Oregon,High School,Employed,Male,22087.0,Suburban,Married,Agent,Basic,Personal,Two-Door Car,Small,61.0,29.0,1292.8,2335.88
YD80815,Arizona,Bachelor,Employed,Female,51791.0,Rural,Married,Call Center,Basic,Personal,Luxury Car,Midsize,181.0,10.0,1422.96,7148.33
YE12395,Oregon,High School,Employed,Male,31267.0,Suburban,Married,Web,Extended,Personal,Sports Car,Large,129.0,4.0,1619.2,40636.67
YE20366,California,Bachelor,Medical Leave,Male,14390.0,Suburban,Single,Agent,Basic,Personal,Four-Door Car,Midsize,65.0,16.0,1402.78,7183.07
YE24562,California,Associate,Medical Leave,Male,20978.0,Suburban,Married,Branch,Extended,Personal,Four-Door Car,Small,98.0,19.0,2176.2799999999997,3508.57
YE45848,California,Bachelor,Employed,Female,87421.0,Suburban,Married,Branch,Extended,Corporate,Two-Door Car,Midsize,99.0,21.0,1475.2,8026.28
YE46109,Arizona,Associate,Medical Leave,Female,26367.0,Rural,Married,Branch,Extended,Personal,SUV,Small,139.0,7.0,1105.99,10839.51
YE64125,Oregon,Associate,Employed,Female,36283.0,Urban,Divorced,Call Center,Basic,Personal,Four-Door Car,Midsize,68.0,14.0,1291.41,2649.21
YE67531,Oregon,High School,Retired,Male,19683.0,Suburban,Married,Web,Basic,Personal,Sports Car,Midsize,117.0,17.0,1561.6,8382.63
YE68736,California,Bachelor,Employed,Female,32051.0,Suburban,Married,Call Center,Premium,Personal,SUV,Midsize,193.0,4.0,1926.4,7724.84
YE70791,California,High School,Medical Leave,Male,12430.0,Suburban,Single,Call Center,Basic,Personal,Four-Door Car,Midsize,73.0,22.0,1350.4,5169.5
YE87442,Arizona,High School,Employed,Female,34831.0,Suburban,Married,Branch,Extended,Personal,SUV,Midsize,124.0,4.0,1595.2,9935.17
YE88490,Arizona,Associate,Employed,Female,55350.0,Suburban,Married,Agent,Basic,Personal,Four-Door Car,Midsize,67.0,0.0,1321.6,5380.9
YE97964,California,Bachelor,Employed,Female,27760.0,Urban,Married,Web,Basic,Personal,SUV,Small,104.0,13.0,1302.76,16464.37
YF16441,California,Bachelor,Employed,Female,68343.0,Suburban,Single,Call Center,Extended,Personal,Two-Door Car,Midsize,79.0,20.0,1379.2,27990.27
YF26585,Nevada,High School,Employed,Male,92324.0,Suburban,Married,Agent,Basic,Corporate,Sports Car,Large,119.0,5.0,1603.1100000000001,4758.47
YF30946,California,Associate,Employed,Male,63032.0,Suburban,Married,Agent,Basic,Personal,Four-Door Car,Midsize,61.0,5.0,1404.55,2405.62
YF38355,Washington,Master,Employed,Male,81580.0,Suburban,Divorced,Web,Basic,Personal,SUV,Midsize,101.0,2.0,1633.44,8106.22
YF54705,Nevada,Associate,Employed,Male,36812.0,Urban,Married,Branch,Extended,Personal,Two-Door Car,Midsize,92.0,23.0,1392.7,7356.01
YF67162,California,High School,Employed,Female,23941.0,Suburban,Married,Agent,Basic,Corporate,Four-Door Car,Midsize,61.0,12.0,1292.8,2429.6
YF73402,Oregon,High School,Employed,Male,67778.0,Urban,Married,Agent,Basic,Personal,Four-Door Car,Large,64.0,17.0,1171.29,2566.4
YF80144,Washington,Bachelor,Disabled,Male,15529.0,Suburban,Married,Branch,Premium,Personal,Luxury SUV,Small,273.0,1.0,2965.6,20725.38
YF81002,Oregon,Associate,Employed,Male,26140.0,Suburban,Married,Branch,Extended,Personal,Two-Door Car,Small,84.0,23.0,1403.2,3269.01
YF87007,Oregon,High School,Retired,Female,11828.0,Suburban,Divorced,Agent,Extended,Corporate,Four-Door Car,Large,90.0,18.0,1571.48,10083.49
YG10247,Oregon,Associate,Employed,Male,62396.0,Suburban,Married,Call Center,Basic,Personal,Four-Door Car,Small,64.0,13.0,1307.2,22951.89
YG11074,Arizona,Bachelor,Employed,Female,46143.0,Rural,Divorced,Call Center,Extended,Personal,SUV,Midsize,122.0,15.0,1223.03,4794.93
YG37894,California,Associate,Retired,Female,25925.0,Suburban,Married,Web,Basic,Corporate,Two-Door Car,Small,72.0,5.0,1660.5900000000001,2594.91
YG38576,Arizona,Associate,Medical Leave,Male,21594.0,Suburban,Married,Agent,Basic,Personal,Four-Door Car,Small,71.0,16.0,1340.8,5206.76
YG40323,Arizona,Bachelor,Employed,Male,99368.0,Rural,Married,Web,Premium,Personal,Four-Door Car,Midsize,113.0,34.0,1082.43,9124.6
YG44474,Oregon,Associate,Employed,Male,54193.0,Suburban,Married,Call Center,Basic,Corporate,SUV,Midsize,117.0,2.0,1720.75,14014.72
YG68142,Oregon,High School,Employed,Female,72032.0,Suburban,Married,Web,Basic,Personal,Four-Door Car,Midsize,72.0,10.0,1438.15,5864.38
YG71375,Nevada,Associate,Employed,Female,98078.0,Suburban,Married,Agent,Basic,Personal,Four-Door Car,Large,73.0,5.0,1418.69,5964.35
YG85980,Nevada,High School,Employed,Female,22250.0,Suburban,Married,Web,Extended,Personal,Two-Door Car,Midsize,86.0,10.0,1720.6,6793.77
YH20696,Oregon,Associate,Employed,Male,68727.0,Rural,Married,Branch,Basic,Personal,Four-Door Car,Midsize,72.0,15.0,1171.48,8657.97
YH23384,Arizona,Bachelor,Medical Leave,Male,14072.0,Suburban,Divorced,Agent,Basic,Personal,Four-Door Car,Midsize,71.0,13.0,1511.2,24127.5
YH24323,California,Associate,Medical Leave,Female,14906.0,Suburban,Married,Branch,Basic,Corporate,Four-Door Car,Small,66.0,31.0,1421.63,2511.7
YH43527,Oregon,Associate,Employed,Female,21585.0,Suburban,Married,Agent,Extended,Corporate,Four-Door Car,Midsize,92.0,35.0,1441.6,3605.86
YH60476,Oregon,High School,Employed,Male,51066.0,Suburban,Single,Call Center,Basic,Corporate,Four-Door Car,Midsize,74.0,23.0,1787.99,5780.18
YH61661,California,High School,Employed,Male,33321.0,Suburban,Married,Branch,Basic,Special,SUV,Midsize,105.0,6.0,1504.0,8260.64
YH81239,California,High School,Employed,Male,48131.0,Suburban,Divorced,Call Center,Extended,Personal,Four-Door Car,Midsize,82.0,6.0,1393.6,6405.74
YH86106,Arizona,Bachelor,Employed,Male,40238.0,Suburban,Married,Branch,Basic,Personal,Four-Door Car,Midsize,73.0,17.0,1350.4,5764.86
YH86390,California,Bachelor,Disabled,Female,25398.0,Suburban,Divorced,Agent,Basic,Corporate,Four-Door Car,Midsize,64.0,30.0,1307.2,4815.01
YH92099,Arizona,Bachelor,Disabled,Female,18558.0,Suburban,Married,Agent,Extended,Special,Four-Door Car,Midsize,80.0,17.0,1384.0,3088.0
YI28422,Oregon,High School,Employed,Male,30262.0,Suburban,Married,Agent,Extended,Personal,Four-Door Car,Large,98.0,0.0,1499.23,7635.88
YI68606,Oregon,High School,Employed,Female,75449.0,Rural,Divorced,Agent,Basic,Corporate,Two-Door Car,Midsize,61.0,3.0,1130.78,2442.2
YI70563,California,Bachelor,Employed,Male,88704.0,Urban,Married,Call Center,Basic,Personal,Two-Door Car,Small,69.0,16.0,1259.71,2780.85
YI79084,Nevada,Doctoral,Employed,Male,33738.0,Suburban,Single,Agent,Extended,Personal,Two-Door Car,Midsize,95.0,13.0,1541.76,3702.63
YI85251,Nevada,High School,Employed,Male,50407.0,Urban,Married,Agent,Extended,Personal,Four-Door Car,Midsize,92.0,30.0,1352.06,18380.39
YI89801,California,High School,Employed,Female,49304.0,Suburban,Single,Agent,Basic,Corporate,Four-Door Car,Midsize,65.0,28.0,1312.0,2570.24
YI92916,Nevada,Master,Employed,Male,83102.0,Urban,Married,Call Center,Premium,Corporate,Four-Door Car,Small,116.0,15.0,1443.67,4678.42
YI95434,California,Associate,Employed,Female,51020.0,Suburban,Divorced,Branch,Basic,Personal,Four-Door Car,Midsize,73.0,16.0,1350.4,2907.9
YI95574,Arizona,High School,Disabled,Male,16049.0,Suburban,Married,Call Center,Extended,Personal,Four-Door Car,Large,93.0,3.0,1446.4,3587.36
YJ14330,California,Master,Employed,Female,39894.0,Urban,Married,Branch,Extended,Corporate,SUV,Midsize,134.0,23.0,1411.08,32725.3
YJ16163,Oregon,Bachelor,Employed,Female,51643.0,Suburban,Single,Agent,Premium,Special,Luxury Car,Midsize,283.0,16.0,2358.4,11009.13
YJ24476,Nevada,Bachelor,Medical Leave,Female,14665.0,Suburban,Married,Call Center,Basic,Personal,Four-Door Car,Small,61.0,6.0,1292.8,4558.43
YJ35850,Oregon,High School,Employed,Male,96018.0,Urban,Married,Web,Extended,Personal,SUV,Midsize,122.0,8.0,1390.88,9774.61
YJ42538,Arizona,Bachelor,Employed,Female,21359.0,Suburban,Married,Agent,Basic,Personal,Sports Car,Midsize,101.0,25.0,1484.8,4035.68
YJ43481,Arizona,High School,Employed,Female,91099.0,Urban,Single,Call Center,Basic,Corporate,SUV,Midsize,107.0,14.0,1406.43,8528.29
YJ57293,California,Associate,Medical Leave,Male,23830.0,Suburban,Married,Web,Extended,Corporate,Two-Door Car,Midsize,76.0,24.0,1364.8,2776.84
YJ59924,Oregon,Associate,Employed,Male,31115.0,Suburban,Married,Agent,Extended,Personal,Four-Door Car,Midsize,92.0,21.0,1441.6,7308.43
YJ69332,Oregon,High School,Disabled,Female,22081.0,Suburban,Married,Agent,Extended,Personal,Two-Door Car,Small,84.0,1.0,1451.67,6503.4
YJ88573,Nevada,Master,Employed,Male,43072.0,Suburban,Married,Call Center,Basic,Personal,Four-Door Car,Large,63.0,35.0,1302.4,2523.07
YK16362,Arizona,Bachelor,Employed,Female,60078.0,Rural,Married,Branch,Extended,Corporate,SUV,Midsize,127.0,23.0,1140.82,10213.99
YK23193,Nevada,Bachelor,Retired,Male,27681.0,Suburban,Married,Agent,Extended,Personal,Two-Door Car,Midsize,83.0,13.0,1398.4,6057.07
YK36937,Washington,Associate,Employed,Male,33799.0,Suburban,Married,Agent,Basic,Personal,Four-Door Car,Midsize,74.0,8.0,1355.2,5791.01
YK43172,Arizona,Bachelor,Employed,Male,69152.0,Rural,Single,Web,Extended,Personal,Four-Door Car,Large,89.0,8.0,1221.3600000000001,3319.62
YK60829,Oregon,High School,Employed,Female,92766.0,Suburban,Married,Agent,Basic,Corporate,Two-Door Car,Large,71.0,17.0,1379.03,20096.89
YK65946,Oregon,Bachelor,Employed,Female,46503.0,Suburban,Divorced,Agent,Extended,Personal,Luxury SUV,Midsize,215.0,4.0,2032.0,8427.17
YK66939,Arizona,Associate,Medical Leave,Female,23480.0,Suburban,Single,Call Center,Basic,Personal,SUV,Midsize,117.0,6.0,1842.4,4384.85
YK83904,Nevada,High School,Employed,Female,64592.0,Suburban,Married,Branch,Basic,Personal,Four-Door Car,Midsize,64.0,12.0,1307.2,2585.56
YK92080,California,Associate,Employed,Female,30509.0,Suburban,Single,Branch,Extended,Personal,Four-Door Car,Midsize,88.0,15.0,1442.96,3436.45
YL74732,California,High School,Disabled,Female,15192.0,Suburban,Married,Web,Basic,Personal,SUV,Midsize,100.0,1.0,1480.0,3832.12
YL78930,Oregon,Associate,Retired,Male,19794.0,Suburban,Married,Call Center,Premium,Personal,Four-Door Car,Midsize,105.0,1.0,1504.0,3794.96
YL83902,Washington,Bachelor,Employed,Female,31686.0,Suburban,Married,Agent,Extended,Personal,Four-Door Car,Small,81.0,11.0,1430.99,3274.19
YL86561,Oregon,High School,Employed,Male,60277.0,Rural,Married,Web,Basic,Personal,Four-Door Car,Midsize,65.0,32.0,1146.3899999999999,5141.98
YL91288,California,Master,Employed,Female,98044.0,Urban,Single,Branch,Basic,Personal,Four-Door Car,Small,73.0,5.0,1347.34,8923.15
YL91587,Arizona,High School,Employed,Male,48911.0,Suburban,Single,Call Center,Basic,Personal,Two-Door Car,Large,61.0,15.0,1292.8,2374.15
YM18992,California,Associate,Employed,Female,24506.0,Suburban,Divorced,Agent,Basic,Personal,Two-Door Car,Midsize,71.0,7.0,1511.2,2834.65
YM19146,California,Associate,Employed,Female,47761.0,Suburban,Single,Branch,Premium,Personal,Four-Door Car,Large,104.0,16.0,1541.28,4100.4
YM20358,Oregon,Bachelor,Employed,Male,35095.0,Suburban,Divorced,Call Center,Basic,Personal,Two-Door Car,Small,73.0,25.0,1525.6,16979.8
YM24620,California,Master,Employed,Male,24790.0,Suburban,Married,Agent,Basic,Personal,SUV,Small,113.0,4.0,1767.24,4505.84
YM44855,California,Master,Employed,Female,52951.0,Rural,Single,Branch,Premium,Personal,SUV,Small,167.0,3.0,1289.77,6570.97
YM50253,California,Bachelor,Employed,Female,89270.0,Urban,Single,Branch,Basic,Personal,Four-Door Car,Midsize,74.0,17.0,1316.6,2946.15
YM53951,Oregon,Associate,Employed,Male,39482.0,Urban,Divorced,Agent,Extended,Corporate,Four-Door Car,Midsize,77.0,29.0,1277.91,6006.44
YM57893,Washington,Doctoral,Employed,Male,77678.0,Suburban,Married,Call Center,Premium,Personal,Two-Door Car,Small,116.0,32.0,1741.42,4685.5
YM74115,Nevada,Bachelor,Disabled,Male,28898.0,Rural,Married,Branch,Basic,Corporate,Four-Door Car,Midsize,67.0,15.0,1082.81,2531.59
YM77369,Oregon,High School,Employed,Male,56146.0,Urban,Married,Web,Premium,Corporate,Four-Door Car,Large,119.0,0.0,1401.79,4756.13
YM88338,California,Bachelor,Employed,Female,58580.0,Suburban,Married,Agent,Basic,Personal,Four-Door Car,Midsize,61.0,5.0,1292.8,4879.44
YM94448,Arizona,Associate,Retired,Female,10787.0,Suburban,Divorced,Agent,Basic,Personal,Two-Door Car,Small,71.0,33.0,1697.8,4995.17
YM98727,California,High School,Employed,Female,39843.0,Suburban,Married,Agent,Premium,Personal,Four-Door Car,Small,109.0,5.0,1523.2,12981.53
YM99866,Arizona,High School,Employed,Male,53904.0,Suburban,Married,Agent,Basic,Personal,Four-Door Car,Midsize,67.0,1.0,1321.6,2611.97
YN15967,California,Associate,Employed,Male,61160.0,Urban,Single,Branch,Extended,Corporate,Two-Door Car,Small,96.0,2.0,1354.53,7409.08
YN39714,Oregon,High School,Employed,Female,80213.0,Suburban,Married,Branch,Basic,Personal,Two-Door Car,Midsize,70.0,12.0,1440.27,8488.56
YN46118,Arizona,High School,Employed,Female,20951.0,Suburban,Single,Branch,Basic,Personal,Four-Door Car,Small,65.0,2.0,1312.0,4961.57
YN61339,Oregon,Associate,Employed,Male,60475.0,Suburban,Married,Branch,Premium,Personal,Four-Door Car,Midsize,107.0,9.0,1513.6,4330.39
YO11701,Oregon,High School,Employed,Male,53231.0,Suburban,Married,Call Center,Basic,Personal,SUV,Small,101.0,23.0,1484.8,8022.69
YO14199,Oregon,High School,Employed,Male,30825.0,Suburban,Single,Web,Basic,Personal,Four-Door Car,Small,68.0,15.0,1326.4,2609.88
YO15246,Nevada,High School,Employed,Male,35001.0,Suburban,Single,Web,Extended,Personal,Four-Door Car,Small,96.0,18.0,1460.8,3494.15
YO29244,Oregon,Bachelor,Employed,Female,25239.0,Rural,Divorced,Branch,Basic,Personal,SUV,Midsize,100.0,30.0,1150.96,7995.41
YO49328,Arizona,High School,Employed,Male,55193.0,Suburban,Married,Branch,Basic,Personal,SUV,Midsize,105.0,8.0,1504.0,12296.5
YO58424,Oregon,Associate,Employed,Male,46900.0,Suburban,Married,Web,Basic,Corporate,Four-Door Car,Midsize,66.0,13.0,1316.8,2580.85
YP16210,California,Associate,Employed,Female,25398.0,Suburban,Married,Branch,Basic,Personal,Four-Door Car,Large,74.0,23.0,1465.92,5878.45
YP27180,California,Associate,Employed,Female,76530.0,Rural,Divorced,Call Center,Basic,Personal,SUV,Midsize,119.0,35.0,1254.15,27279.34
YP32443,Oregon,Bachelor,Medical Leave,Male,20354.0,Suburban,Married,Agent,Basic,Personal,SUV,Midsize,116.0,23.0,1556.8,4372.19
YP37291,Nevada,High School,Employed,Male,36409.0,Suburban,Married,Branch,Basic,Personal,Four-Door Car,Small,66.0,26.0,1316.8,7854.77
YP38413,Oregon,Associate,Employed,Female,86901.0,Urban,Single,Agent,Basic,Personal,Two-Door Car,Midsize,72.0,24.0,1313.37,25805.51
YP41539,Oregon,High School,Employed,Female,88669.0,Urban,Married,Call Center,Basic,Personal,Four-Door Car,Midsize,66.0,9.0,1213.57,5320.08
YP47665,Washington,Doctoral,Employed,Male,80192.0,Rural,Married,Agent,Basic,Personal,Four-Door Car,Midsize,67.0,22.0,1095.19,5408.91
YP53257,Oregon,Bachelor,Retired,Female,14290.0,Suburban,Married,Agent,Premium,Personal,Luxury SUV,Midsize,271.0,20.0,2300.8,10179.72
YP67379,Arizona,High School,Employed,Male,22244.0,Rural,Married,Web,Extended,Personal,Four-Door Car,Midsize,84.0,6.0,1114.82,6686.13
YP72749,California,Bachelor,Employed,Female,44662.0,Urban,Single,Agent,Basic,Corporate,Four-Door Car,Midsize,63.0,3.0,1165.1,2449.79
YP79029,California,Bachelor,Employed,Male,34179.0,Suburban,Married,Web,Basic,Corporate,Sports Car,Midsize,107.0,15.0,1770.4,12519.8
YP92773,Washington,Bachelor,Employed,Female,21546.0,Suburban,Married,Agent,Premium,Corporate,Two-Door Car,Midsize,119.0,20.0,1625.4,4723.82
YQ11786,Oregon,High School,Employed,Male,32169.0,Urban,Married,Call Center,Basic,Personal,Luxury SUV,Midsize,199.0,0.0,1785.8200000000002,7796.0
YQ15567,Oregon,Bachelor,Medical Leave,Female,18846.0,Suburban,Married,Agent,Basic,Personal,SUV,Small,115.0,16.0,1552.0,9034.31
YQ42353,Oregon,Doctoral,Employed,Male,72960.0,Rural,Single,Branch,Basic,Personal,Four-Door Car,Midsize,68.0,11.0,1143.54,5334.18
YQ42614,Washington,High School,Employed,Male,29195.0,Suburban,Divorced,Agent,Basic,Personal,Two-Door Car,Small,68.0,2.0,1448.18,2661.82
YQ44187,Oregon,Bachelor,Employed,Female,26746.0,Rural,Single,Agent,Basic,Personal,Two-Door Car,Midsize,66.0,20.0,1165.75,2545.22
YQ53901,Washington,Bachelor,Employed,Female,28909.0,Suburban,Married,Agent,Basic,Personal,Two-Door Car,Midsize,66.0,15.0,1456.7,5246.28
YQ58965,California,Bachelor,Retired,Female,23376.0,Suburban,Divorced,Call Center,Extended,Personal,Four-Door Car,Midsize,78.0,19.0,1374.4,2867.31
YQ74870,Washington,High School,Employed,Male,35257.0,Suburban,Divorced,Web,Extended,Corporate,Four-Door Car,Small,98.0,16.0,1470.4,7556.24
YQ75801,Arizona,High School,Employed,Female,84731.0,Rural,Married,Agent,Basic,Personal,SUV,Midsize,110.0,11.0,1226.74,8874.55
YQ79307,Washington,Bachelor,Employed,Male,51144.0,Urban,Married,Agent,Basic,Personal,Two-Door Car,Midsize,61.0,28.0,1223.31,4768.96
YQ95507,Oregon,High School,Employed,Female,69259.0,Suburban,Divorced,Call Center,Basic,Personal,Four-Door Car,Small,63.0,3.0,1362.52,2535.22
YQ98322,Oregon,Bachelor,Employed,Male,36791.0,Suburban,Divorced,Agent,Basic,Personal,Four-Door Car,Midsize,68.0,26.0,1326.4,5290.67
YQ98465,California,High School,Disabled,Female,18495.0,Suburban,Married,Branch,Basic,Personal,SUV,Large,113.0,10.0,1542.4,26197.41
YQ99152,Nevada,High School,Retired,Male,10475.0,Suburban,Married,Branch,Extended,Personal,Two-Door Car,Small,88.0,13.0,1422.4,9787.81
YR10848,California,Bachelor,Employed,Female,69379.0,Suburban,Single,Branch,Premium,Personal,Two-Door Car,Midsize,103.0,14.0,1494.4,4118.59
YR30159,California,Associate,Employed,Male,20309.0,Suburban,Divorced,Agent,Basic,Personal,Luxury Car,Midsize,181.0,5.0,2579.85,20936.33
YR34119,Washington,Associate,Employed,Female,30916.0,Rural,Married,Agent,Basic,Personal,SUV,Small,112.0,7.0,1200.12,31161.75
YR34689,California,High School,Employed,Female,79270.0,Suburban,Married,Branch,Extended,Personal,Four-Door Car,Midsize,95.0,28.0,1456.0,11318.13
YR63096,Nevada,High School,Employed,Female,79140.0,Suburban,Married,Agent,Basic,Corporate,Four-Door Car,Small,74.0,9.0,1487.93,5977.79
YR75102,Arizona,Associate,Employed,Male,25285.0,Suburban,Married,Agent,Basic,Personal,SUV,Midsize,114.0,12.0,1547.2,35900.08
YR85283,Nevada,High School,Employed,Female,26021.0,Urban,Married,Agent,Extended,Personal,SUV,Small,126.0,6.0,1331.85,15083.78
YS71471,Arizona,High School,Employed,Male,45754.0,Suburban,Divorced,Web,Basic,Personal,Two-Door Car,Midsize,69.0,34.0,1333.19,2685.74
YS94121,Nevada,High School,Employed,Male,50366.0,Suburban,Divorced,Call Center,Basic,Personal,Four-Door Car,Small,72.0,9.0,1428.73,5645.4
YT25875,California,Associate,Employed,Female,50985.0,Urban,Divorced,Agent,Basic,Personal,Two-Door Car,Midsize,71.0,7.0,1307.69,2776.58
YT37186,California,Bachelor,Employed,Female,52228.0,Suburban,Married,Agent,Extended,Personal,Luxury SUV,Midsize,220.0,29.0,2056.0,17526.18
YT43943,California,High School,Employed,Female,28476.0,Suburban,Divorced,Agent,Basic,Personal,Four-Door Car,Midsize,62.0,3.0,1297.6,2430.87
YT46746,Oregon,Associate,Employed,Female,24290.0,Suburban,Married,Branch,Extended,Personal,Four-Door Car,Midsize,82.0,15.0,1393.6,6459.64
YT56442,California,Associate,Employed,Male,58729.0,Rural,Married,Web,Basic,Corporate,Four-Door Car,Midsize,68.0,2.0,1094.85,2642.93
YT69858,Washington,Bachelor,Employed,Female,85702.0,Urban,Married,Branch,Basic,Personal,Two-Door Car,Midsize,67.0,9.0,1249.09,5441.42
YT84266,Oregon,Associate,Employed,Male,29256.0,Suburban,Married,Branch,Basic,Personal,Four-Door Car,Midsize,63.0,33.0,1302.4,4918.92
YT91759,California,High School,Employed,Male,44368.0,Suburban,Married,Call Center,Extended,Personal,Two-Door Car,Large,80.0,5.0,1384.0,6366.23
YT92071,California,Master,Employed,Female,44851.0,Suburban,Divorced,Web,Basic,Corporate,Four-Door Car,Midsize,66.0,28.0,1439.76,5243.54
YT96284,Oregon,Master,Employed,Male,83632.0,Rural,Married,Agent,Extended,Personal,Four-Door Car,Midsize,94.0,7.0,1216.84,3728.87
YU23754,California,Master,Employed,Female,24948.0,Urban,Married,Branch,Basic,Personal,Four-Door Car,Midsize,65.0,3.0,1280.35,5193.77
YU35386,Arizona,Bachelor,Employed,Female,63621.0,Suburban,Married,Call Center,Basic,Personal,Four-Door Car,Midsize,70.0,8.0,1444.62,5600.01
YU39743,Oregon,Associate,Employed,Male,29593.0,Suburban,Married,Call Center,Extended,Personal,Sports Car,Midsize,137.0,15.0,1657.6,16159.54
YU49449,California,Bachelor,Employed,Male,41990.0,Suburban,Married,Agent,Basic,Personal,Four-Door Car,Midsize,66.0,23.0,1316.8,2626.28
YU66872,California,Associate,Disabled,Female,21829.0,Suburban,Divorced,Call Center,Basic,Personal,Sports Car,Midsize,111.0,6.0,1532.8,8579.89
YU72540,Arizona,Associate,Employed,Female,52735.0,Rural,Married,Call Center,Basic,Personal,Four-Door Car,Midsize,65.0,21.0,1123.51,10357.63
YU72630,Arizona,High School,Employed,Male,72421.0,Suburban,Married,Call Center,Basic,Personal,Four-Door Car,Small,65.0,8.0,1312.0,2592.44
YU79270,Arizona,Associate,Medical Leave,Male,27132.0,Suburban,Single,Branch,Basic,Personal,Four-Door Car,Midsize,63.0,32.0,1302.4,4633.34
YU86361,Washington,Master,Employed,Female,22705.0,Suburban,Divorced,Agent,Extended,Personal,Luxury SUV,Midsize,239.0,19.0,2294.7,19160.99
YU86594,Oregon,High School,Employed,Male,55674.0,Rural,Married,Branch,Basic,Personal,Four-Door Car,Midsize,66.0,10.0,1081.71,5333.04
YU90693,California,High School,Employed,Female,77993.0,Suburban,Single,Agent,Basic,Personal,Four-Door Car,Midsize,62.0,26.0,1297.6,2481.84
YV22553,Arizona,High School,Employed,Male,21474.0,Urban,Married,Agent,Basic,Corporate,SUV,Small,114.0,13.0,1373.43,8668.61
YV23210,Oregon,High School,Employed,Male,23617.0,Suburban,Married,Agent,Basic,Personal,Luxury Car,Small,189.0,0.0,1907.2,7422.19
YV49293,Arizona,Associate,Employed,Female,36900.0,Rural,Single,Branch,Basic,Corporate,Two-Door Car,Large,61.0,21.0,1109.29,17646.73
YV55495,Arizona,High School,Employed,Female,68987.0,Urban,Married,Branch,Basic,Personal,Four-Door Car,Midsize,71.0,11.0,1204.48,5744.23
YV63603,Arizona,Bachelor,Employed,Female,47137.0,Rural,Married,Agent,Extended,Personal,Four-Door Car,Midsize,84.0,5.0,1161.6399999999999,6678.9
YV64727,Washington,High School,Employed,Male,63221.0,Suburban,Married,Agent,Premium,Corporate,SUV,Midsize,168.0,28.0,1806.4,6692.14
YV67971,California,High School,Employed,Female,21342.0,Rural,Married,Agent,Basic,Personal,Four-Door Car,Midsize,62.0,34.0,1074.35,4949.8
YV73432,Oregon,Associate,Employed,Male,58466.0,Suburban,Married,Branch,Basic,Personal,Two-Door Car,Midsize,66.0,7.0,1316.8,23187.15
YV76240,Oregon,Associate,Employed,Female,45732.0,Urban,Married,Call Center,Extended,Corporate,SUV,Large,134.0,22.0,1611.92,10677.25
YV85096,Oregon,Bachelor,Employed,Female,98110.0,Urban,Married,Branch,Basic,Corporate,Four-Door Car,Midsize,65.0,3.0,1176.29,5272.01
YV88022,Washington,High School,Employed,Male,56980.0,Suburban,Married,Agent,Extended,Personal,Two-Door Car,Midsize,84.0,33.0,1599.0,6689.02
YV93784,Arizona,Master,Employed,Female,69736.0,Urban,Married,Branch,Basic,Personal,SUV,Midsize,111.0,11.0,1424.42,8973.11
YV97407,California,Associate,Employed,Male,85470.0,Suburban,Single,Agent,Basic,Personal,SUV,Midsize,109.0,23.0,1523.2,8661.74
YW11227,California,Bachelor,Employed,Male,62470.0,Urban,Married,Agent,Basic,Personal,Two-Door Car,Midsize,66.0,34.0,1243.77,5325.39
YW47108,California,Associate,Employed,Male,45743.0,Suburban,Married,Agent,Extended,Personal,Four-Door Car,Midsize,96.0,15.0,1673.78,11280.73
YW85018,Nevada,Bachelor,Employed,Male,26790.0,Suburban,Married,Agent,Basic,Personal,Two-Door Car,Midsize,71.0,4.0,1340.8,2810.46
YW88487,Arizona,Associate,Employed,Female,43406.0,Suburban,Married,Agent,Basic,Personal,Luxury SUV,Midsize,187.0,6.0,1897.6,7457.34
YW94562,California,Associate,Employed,Female,31702.0,Suburban,Married,Web,Basic,Personal,Four-Door Car,Midsize,63.0,13.0,1302.4,4985.24
YW95322,California,Bachelor,Employed,Male,23629.0,Suburban,Married,Agent,Extended,Personal,Four-Door Car,Small,88.0,15.0,1633.6,3508.91
YX15941,Oregon,Associate,Employed,Male,26030.0,Suburban,Married,Call Center,Extended,Corporate,Sports Car,Midsize,139.0,25.0,1667.2,16229.65
YX23800,Oregon,Bachelor,Employed,Male,38984.0,Suburban,Married,Branch,Basic,Personal,Four-Door Car,Small,73.0,27.0,1350.4,8591.6
YX35990,California,Master,Employed,Male,56005.0,Suburban,Married,Branch,Basic,Corporate,Four-Door Car,Small,68.0,31.0,1326.4,5479.56
YX51934,California,High School,Employed,Female,55071.0,Urban,Married,Call Center,Basic,Personal,Four-Door Car,Midsize,61.0,10.0,1231.52,4898.96
YX67409,California,Bachelor,Employed,Male,25595.0,Suburban,Married,Call Center,Basic,Personal,SUV,Midsize,101.0,5.0,1484.8,8058.66
YX89016,Oregon,Associate,Employed,Male,35005.0,Suburban,Married,Web,Premium,Personal,Luxury Car,Small,295.0,14.0,2416.0,34931.0
YX90754,Nevada,High School,Employed,Female,55478.0,Urban,Married,Branch,Basic,Personal,Two-Door Car,Midsize,71.0,7.0,1339.4,8539.83
YX91403,Arizona,High School,Employed,Female,88944.0,Rural,Single,Branch,Basic,Personal,Four-Door Car,Midsize,72.0,24.0,1113.81,2909.55
YX96463,Oregon,Bachelor,Employed,Female,58733.0,Suburban,Married,Call Center,Basic,Corporate,Four-Door Car,Small,74.0,26.0,1355.2,5926.98
YX99200,Nevada,Bachelor,Employed,Male,54710.0,Urban,Married,Branch,Premium,Personal,Two-Door Car,Midsize,103.0,13.0,1294.06,12350.06
YY11432,Oregon,High School,Employed,Female,51725.0,Rural,Married,Agent,Extended,Personal,SUV,Midsize,138.0,9.0,1159.0,16515.01
YY12812,Nevada,Bachelor,Employed,Female,87123.0,Rural,Married,Agent,Basic,Corporate,Four-Door Car,Large,69.0,13.0,1118.47,8388.72
YY27420,Arizona,Bachelor,Medical Leave,Male,20043.0,Suburban,Married,Agent,Extended,Personal,Four-Door Car,Midsize,92.0,13.0,1516.0900000000001,10507.69
YY29772,Arizona,High School,Employed,Female,45025.0,Suburban,Married,Agent,Basic,Personal,Four-Door Car,Midsize,69.0,35.0,1452.27,2725.32
YY46839,Washington,High School,Employed,Female,29628.0,Suburban,Married,Agent,Premium,Corporate,Two-Door Car,Midsize,106.0,29.0,1763.2,8482.46
YY58769,Arizona,Bachelor,Employed,Male,58498.0,Suburban,Married,Call Center,Basic,Personal,Four-Door Car,Small,67.0,6.0,1321.6,2570.16
YY63521,Arizona,Associate,Employed,Male,20396.0,Suburban,Married,Branch,Extended,Personal,Four-Door Car,Midsize,76.0,15.0,1364.8,6047.03
YY71144,Oregon,Associate,Employed,Male,83846.0,Suburban,Married,Agent,Basic,Personal,Four-Door Car,Large,74.0,22.0,1355.2,8717.05
YY74036,California,Associate,Employed,Male,72834.0,Rural,Divorced,Call Center,Basic,Corporate,Four-Door Car,Midsize,65.0,12.0,1091.94,2464.24
YZ19736,Arizona,Associate,Employed,Male,46900.0,Suburban,Married,Web,Basic,Personal,Four-Door Car,Midsize,66.0,13.0,1316.8,2580.85
YZ36062,Oregon,Bachelor,Medical Leave,Male,13476.0,Suburban,Single,Branch,Basic,Corporate,Four-Door Car,Midsize,67.0,3.0,1433.59,6529.43
YZ38778,Oregon,Master,Employed,Male,74775.0,Suburban,Divorced,Web,Extended,Personal,Four-Door Car,Small,95.0,18.0,1676.6599999999999,3829.09
ZA34848,Arizona,Bachelor,Employed,Female,31275.0,Suburban,Divorced,Agent,Basic,Personal,Two-Door Car,Midsize,66.0,26.0,1316.8,5205.75
ZA44520,Arizona,High School,Employed,Female,54872.0,Suburban,Married,Agent,Extended,Personal,SUV,Large,121.0,9.0,1580.8,9621.73
ZA45956,California,Master,Disabled,Female,16181.0,Suburban,Divorced,Web,Premium,Personal,SUV,Midsize,181.0,22.0,2261.3199999999997,13736.13
ZA83961,Washington,High School,Employed,Male,75203.0,Suburban,Single,Call Center,Extended,Corporate,Four-Door Car,Midsize,80.0,0.0,1384.0,12682.25
ZB69355,Oregon,Bachelor,Medical Leave,Female,23206.0,Suburban,Married,Call Center,Basic,Personal,Sports Car,Large,107.0,31.0,1513.6,4082.7
ZB71094,Oregon,Bachelor,Medical Leave,Male,19861.0,Suburban,Married,Agent,Extended,Corporate,Four-Door Car,Midsize,93.0,27.0,1446.4,3534.34
ZB72138,Oregon,Bachelor,Employed,Male,44329.0,Suburban,Married,Agent,Basic,Personal,SUV,Midsize,112.0,25.0,1537.6,8929.61
ZB81881,California,Bachelor,Employed,Male,44784.0,Suburban,Married,Branch,Basic,Personal,Two-Door Car,Midsize,73.0,32.0,1395.3899999999999,5786.49
ZB84321,Washington,Associate,Employed,Female,36032.0,Suburban,Divorced,Web,Basic,Personal,Four-Door Car,Small,70.0,11.0,1336.0,19690.44
ZB85648,California,Associate,Employed,Female,67117.0,Urban,Single,Web,Extended,Personal,Two-Door Car,Midsize,85.0,10.0,1329.42,30313.31
ZB88708,Nevada,Master,Employed,Male,78127.0,Rural,Married,Call Center,Basic,Personal,Four-Door Car,Midsize,69.0,5.0,1136.17,2799.47
ZB91993,Arizona,Associate,Retired,Male,23091.0,Suburban,Married,Agent,Extended,Personal,Four-Door Car,Midsize,96.0,28.0,1460.8,5926.73
ZC24631,Oregon,Associate,Employed,Male,67267.0,Rural,Single,Call Center,Extended,Corporate,Four-Door Car,Midsize,89.0,31.0,1094.81,13917.38
ZC32510,Arizona,High School,Employed,Male,69442.0,Suburban,Married,Branch,Premium,Personal,Four-Door Car,Small,118.0,26.0,2265.5699999999997,9339.34
ZC61874,Arizona,Doctoral,Disabled,Female,19429.0,Suburban,Married,Branch,Extended,Special,SUV,Small,122.0,18.0,1683.46,9560.05
ZC69696,Arizona,Associate,Employed,Female,74560.0,Suburban,Divorced,Branch,Basic,Personal,SUV,Midsize,110.0,31.0,1528.0,35440.14
ZC75052,California,Bachelor,Retired,Male,23665.0,Suburban,Married,Branch,Basic,Personal,Four-Door Car,Midsize,67.0,19.0,1404.82,22658.54
ZC97171,Arizona,High School,Employed,Female,60479.0,Rural,Single,Call Center,Extended,Personal,Four-Door Car,Midsize,96.0,1.0,1085.16,7627.43
ZC97968,California,Associate,Disabled,Male,17533.0,Suburban,Married,Agent,Basic,Personal,Two-Door Car,Midsize,73.0,10.0,1350.4,2736.35
ZD13262,Oregon,High School,Employed,Female,68563.0,Urban,Married,Call Center,Extended,Personal,SUV,Small,131.0,6.0,1350.1,10425.99
ZD29731,California,Associate,Employed,Male,29070.0,Suburban,Married,Call Center,Basic,Personal,Two-Door Car,Small,61.0,8.0,1292.8,4656.67
ZD40816,Nevada,Bachelor,Employed,Male,42297.0,Urban,Married,Agent,Basic,Personal,Four-Door Car,Midsize,71.0,29.0,1200.3899999999999,2783.58
ZD42550,Nevada,Master,Employed,Female,36776.0,Urban,Divorced,Call Center,Basic,Corporate,Four-Door Car,Midsize,65.0,21.0,1240.19,7792.07
ZD42919,California,Master,Employed,Male,32983.0,Urban,Married,Call Center,Basic,Personal,SUV,Midsize,113.0,25.0,1466.82,4483.84
ZD44648,Arizona,Associate,Employed,Male,29504.0,Suburban,Single,Web,Extended,Personal,SUV,Midsize,125.0,16.0,2224.56,9656.21
ZD59913,Oregon,High School,Medical Leave,Female,25965.0,Suburban,Divorced,Agent,Basic,Corporate,Four-Door Car,Midsize,65.0,23.0,1329.21,2491.26
ZD65365,Oregon,Associate,Employed,Female,28204.0,Suburban,Married,Branch,Basic,Personal,Four-Door Car,Midsize,73.0,6.0,1486.99,2894.58
ZD71862,Oregon,High School,Employed,Female,39895.0,Urban,Married,Agent,Premium,Personal,SUV,Small,160.0,32.0,1765.5900000000001,19253.03
ZD72991,California,Doctoral,Employed,Male,76594.0,Suburban,Married,Agent,Extended,Personal,SUV,Midsize,122.0,26.0,1832.45,4899.98
ZE17448,Oregon,Associate,Employed,Male,68401.0,Urban,Divorced,Agent,Extended,Personal,Four-Door Car,Midsize,88.0,14.0,1242.25,3455.23
ZE42703,Nevada,Bachelor,Employed,Male,52728.0,Suburban,Divorced,Branch,Extended,Corporate,SUV,Midsize,127.0,34.0,1609.6,4863.47
ZE49470,California,Master,Employed,Female,76194.0,Urban,Single,Agent,Basic,Personal,SUV,Large,119.0,5.0,1388.31,4770.98
ZE53116,Arizona,High School,Employed,Male,94115.0,Suburban,Married,Call Center,Basic,Personal,Four-Door Car,Small,74.0,28.0,1409.09,5963.82
ZE59592,Oregon,Associate,Employed,Male,24910.0,Suburban,Married,Agent,Basic,Personal,Two-Door Car,Midsize,69.0,12.0,1746.1100000000001,5470.18
ZE59681,Nevada,Associate,Employed,Male,88009.0,Urban,Single,Branch,Basic,Corporate,Two-Door Car,Midsize,71.0,29.0,1266.52,2798.68
ZE60021,Nevada,High School,Medical Leave,Female,14465.0,Suburban,Married,Web,Extended,Corporate,Sports Car,Small,135.0,30.0,1944.51,5124.8
ZE62067,Arizona,Master,Disabled,Male,26057.0,Suburban,Divorced,Call Center,Basic,Corporate,Four-Door Car,Small,74.0,3.0,1523.8899999999999,8509.85
ZE71012,Nevada,Bachelor,Employed,Male,20346.0,Suburban,Married,Agent,Basic,Corporate,Two-Door Car,Midsize,74.0,13.0,1358.6399999999999,26199.53
ZE76673,Oregon,Doctoral,Employed,Male,24164.0,Suburban,Divorced,Agent,Extended,Personal,Sports Car,Midsize,137.0,2.0,1657.6,10972.07
ZE79055,California,Bachelor,Employed,Male,65017.0,Urban,Married,Web,Extended,Personal,Four-Door Car,Small,81.0,8.0,1301.84,3075.59
ZE82255,California,Associate,Employed,Female,74640.0,Suburban,Married,Branch,Basic,Corporate,Four-Door Car,Large,66.0,0.0,1375.51,18680.99
ZE85014,California,Associate,Disabled,Male,25064.0,Suburban,Married,Call Center,Basic,Personal,Four-Door Car,Midsize,62.0,17.0,1297.6,2357.75
ZF27999,Nevada,Associate,Retired,Female,12902.0,Suburban,Divorced,Agent,Extended,Personal,Sports Car,Midsize,139.0,3.0,1667.2,4904.89
ZF28570,Nevada,Bachelor,Employed,Male,52361.0,Suburban,Single,Agent,Premium,Personal,Four-Door Car,Midsize,102.0,13.0,1645.95,3895.03
ZF40143,Nevada,Associate,Employed,Female,48197.0,Suburban,Single,Agent,Premium,Personal,Four-Door Car,Midsize,106.0,10.0,1508.8,8275.9
ZF40671,Washington,Master,Medical Leave,Female,15818.0,Urban,Married,Call Center,Premium,Personal,Two-Door Car,Midsize,107.0,24.0,1333.8899999999999,12427.39
ZF48094,Oregon,High School,Employed,Female,51032.0,Urban,Married,Web,Extended,Personal,Four-Door Car,Midsize,83.0,5.0,1349.95,3339.85
ZF54421,California,High School,Employed,Male,34498.0,Suburban,Single,Branch,Extended,Personal,Two-Door Car,Small,83.0,30.0,1398.4,6369.26
ZF64287,California,High School,Employed,Male,89948.0,Rural,Divorced,Agent,Basic,Special,Sports Car,Midsize,110.0,17.0,1125.02,13081.31
ZF70768,California,High School,Employed,Male,82758.0,Rural,Married,Branch,Premium,Personal,Two-Door Car,Large,101.0,16.0,1179.43,4050.28
ZF73834,California,Bachelor,Employed,Female,76731.0,Urban,Married,Agent,Basic,Personal,Four-Door Car,Midsize,64.0,2.0,1201.46,2582.41
ZF82387,Oregon,High School,Employed,Male,40882.0,Urban,Divorced,Branch,Extended,Corporate,Two-Door Car,Large,89.0,6.0,1393.6399999999999,10340.46
ZF84966,Nevada,Doctoral,Employed,Female,61675.0,Urban,Married,Call Center,Extended,Corporate,SUV,Midsize,123.0,35.0,1482.55,44856.11
ZF95586,Arizona,Master,Employed,Female,54831.0,Rural,Married,Agent,Basic,Personal,Four-Door Car,Midsize,61.0,7.0,1136.22,2476.05
ZG12619,Washington,Bachelor,Disabled,Female,23815.0,Suburban,Married,Call Center,Basic,Personal,Four-Door Car,Midsize,73.0,4.0,1424.33,8257.67
ZG16710,Washington,High School,Employed,Male,26841.0,Suburban,Married,Agent,Basic,Personal,Four-Door Car,Midsize,74.0,33.0,1418.53,2852.53
ZG17326,Oregon,Bachelor,Employed,Male,38928.0,Suburban,Married,Agent,Basic,Personal,Four-Door Car,Large,64.0,14.0,1326.66,4988.58
ZG18090,California,Master,Employed,Male,24124.0,Suburban,Married,Agent,Extended,Corporate,Four-Door Car,Midsize,91.0,24.0,1436.8,7150.11
ZG19911,California,Bachelor,Employed,Female,35149.0,Rural,Married,Web,Basic,Personal,Two-Door Car,Midsize,64.0,26.0,1120.48,2552.23
ZG23976,California,Bachelor,Employed,Female,96200.0,Suburban,Married,Web,Premium,Personal,Two-Door Car,Small,107.0,9.0,1513.6,8632.78
ZG54759,California,Associate,Employed,Female,41408.0,Urban,Divorced,Branch,Basic,Corporate,Four-Door Car,Midsize,73.0,4.0,1268.71,2837.01
ZG56744,California,Bachelor,Employed,Male,36088.0,Suburban,Single,Agent,Basic,Personal,Four-Door Car,Midsize,72.0,16.0,1345.6,5528.21
ZG59671,Oregon,Associate,Employed,Male,59325.0,Rural,Divorced,Branch,Extended,Personal,Four-Door Car,Midsize,83.0,20.0,1081.6,9772.74
ZG69918,Oregon,Associate,Disabled,Male,20819.0,Urban,Married,Call Center,Basic,Special,Four-Door Car,Midsize,73.0,4.0,1206.8600000000001,8168.71
ZG82127,California,Bachelor,Employed,Female,73054.0,Urban,Married,Branch,Basic,Corporate,SUV,Midsize,106.0,34.0,1419.37,12741.85
ZG82132,Oregon,Bachelor,Employed,Female,69379.0,Suburban,Single,Branch,Premium,Personal,Two-Door Car,Midsize,103.0,14.0,1494.4,4118.59
ZG88784,Oregon,Associate,Employed,Male,52796.0,Suburban,Divorced,Call Center,Basic,Corporate,Four-Door Car,Midsize,62.0,6.0,1297.6,4911.46
ZG90341,Oregon,Bachelor,Employed,Male,61200.0,Suburban,Single,Branch,Premium,Personal,Four-Door Car,Midsize,118.0,20.0,1566.4,9156.27
ZG95780,Arizona,Associate,Disabled,Male,11193.0,Suburban,Single,Agent,Basic,Personal,SUV,Small,114.0,2.0,1820.8,8164.31
ZH17561,Washington,Bachelor,Medical Leave,Female,21665.0,Suburban,Divorced,Branch,Extended,Corporate,SUV,Midsize,136.0,0.0,1765.71,5097.53
ZH19885,Washington,High School,Employed,Female,43860.0,Rural,Single,Agent,Basic,Personal,Four-Door Car,Midsize,65.0,15.0,1156.12,2514.59
ZH30674,Oregon,Bachelor,Employed,Male,84091.0,Urban,Married,Agent,Premium,Personal,Four-Door Car,Midsize,105.0,18.0,1380.56,8408.31
ZH35315,California,Associate,Disabled,Male,22976.0,Suburban,Married,Branch,Basic,Personal,Four-Door Car,Large,66.0,19.0,1345.95,4900.55
ZH42145,Washington,High School,Employed,Female,50148.0,Suburban,Married,Web,Basic,Corporate,Four-Door Car,Small,65.0,0.0,1323.49,2582.86
ZH55575,California,Bachelor,Employed,Female,39854.0,Urban,Divorced,Web,Basic,Corporate,Two-Door Car,Midsize,66.0,6.0,1261.93,5217.51
ZH89968,Washington,High School,Employed,Female,59207.0,Suburban,Single,Agent,Premium,Personal,Four-Door Car,Midsize,116.0,23.0,1556.8,13770.98
ZH92587,Oregon,Associate,Disabled,Female,14616.0,Suburban,Married,Agent,Basic,Personal,SUV,Midsize,107.0,22.0,1513.6,8126.77
ZH93283,Arizona,Associate,Retired,Male,13528.0,Suburban,Single,Agent,Extended,Personal,Four-Door Car,Midsize,86.0,21.0,1412.8,6005.85
ZH98656,Nevada,Master,Employed,Female,91276.0,Suburban,Married,Call Center,Basic,Personal,SUV,Large,105.0,14.0,1504.0,8593.87
ZI34278,Arizona,Bachelor,Medical Leave,Female,21137.0,Suburban,Single,Web,Basic,Personal,Four-Door Car,Midsize,61.0,29.0,1292.8,4492.23
ZI47098,California,High School,Employed,Female,46587.0,Suburban,Divorced,Call Center,Premium,Personal,Four-Door Car,Midsize,119.0,34.0,1571.2,41787.9
ZI47663,Arizona,Bachelor,Employed,Female,73054.0,Urban,Married,Branch,Basic,Personal,SUV,Midsize,106.0,34.0,1419.37,12741.85
ZI51939,Oregon,Associate,Employed,Male,73435.0,Suburban,Married,Branch,Basic,Corporate,Two-Door Car,Small,69.0,9.0,1331.2,5525.84
ZI69514,California,Associate,Employed,Male,63391.0,Rural,Married,Agent,Basic,Corporate,Four-Door Car,Midsize,64.0,28.0,1119.59,4821.21
ZI72165,Arizona,High School,Employed,Male,33176.0,Suburban,Married,Branch,Basic,Corporate,Four-Door Car,Midsize,63.0,22.0,1302.4,4981.83
ZI86917,Nevada,Bachelor,Employed,Male,45277.0,Suburban,Married,Agent,Basic,Special,Luxury SUV,Midsize,191.0,19.0,1916.8,38320.82
ZI95657,California,Doctoral,Employed,Male,24164.0,Suburban,Divorced,Agent,Extended,Personal,Sports Car,Midsize,137.0,2.0,1657.6,10972.07
ZJ15114,California,High School,Employed,Male,60986.0,Suburban,Married,Branch,Basic,Corporate,Four-Door Car,Midsize,67.0,30.0,1417.78,5331.74
ZJ22033,Washington,Associate,Employed,Male,37876.0,Urban,Single,Agent,Basic,Corporate,Four-Door Car,Midsize,69.0,13.0,1300.06,2647.52
ZJ22132,Oregon,High School,Employed,Female,42056.0,Urban,Married,Agent,Extended,Personal,Four-Door Car,Large,78.0,21.0,1221.95,3130.68
ZJ26179,Oregon,Bachelor,Employed,Male,25998.0,Suburban,Married,Call Center,Basic,Personal,Four-Door Car,Midsize,71.0,16.0,1791.88,8382.48
ZJ27465,California,Associate,Employed,Female,31794.0,Suburban,Divorced,Agent,Basic,Personal,SUV,Midsize,119.0,12.0,1571.2,14137.23
ZJ71004,California,Bachelor,Employed,Female,29918.0,Rural,Married,Web,Basic,Personal,Four-Door Car,Midsize,62.0,1.0,1108.89,2471.28
ZJ77881,Oregon,Bachelor,Employed,Female,91942.0,Suburban,Married,Agent,Premium,Personal,Four-Door Car,Midsize,117.0,34.0,1561.6,9453.0
ZJ86769,Nevada,Associate,Employed,Male,58089.0,Suburban,Married,Agent,Basic,Personal,SUV,Midsize,118.0,31.0,1566.4,4686.47
ZJ90079,Arizona,Associate,Employed,Female,64816.0,Suburban,Married,Agent,Basic,Corporate,Four-Door Car,Small,69.0,30.0,1331.2,5525.47
ZK11389,Oregon,Bachelor,Employed,Male,76358.0,Rural,Married,Agent,Basic,Corporate,Four-Door Car,Midsize,66.0,25.0,1086.46,23594.68
ZK25313,Oregon,High School,Employed,Male,57749.0,Suburban,Single,Branch,Basic,Personal,Two-Door Car,Midsize,74.0,31.0,1355.2,2872.05
ZK50586,Oregon,Associate,Employed,Female,66524.0,Urban,Married,Agent,Basic,Personal,Two-Door Car,Midsize,74.0,15.0,1238.52,2899.92
ZK54897,Arizona,Master,Employed,Male,60880.0,Rural,Married,Agent,Premium,Personal,Two-Door Car,Midsize,119.0,25.0,1109.91,14435.67
ZK56389,Arizona,High School,Retired,Female,22283.0,Suburban,Divorced,Branch,Basic,Special,Four-Door Car,Midsize,65.0,16.0,1572.0700000000002,2397.04
ZK60855,Oregon,Associate,Employed,Female,34819.0,Urban,Married,Agent,Basic,Corporate,Four-Door Car,Midsize,61.0,0.0,1185.9,4829.57
ZK67670,California,Master,Employed,Female,44207.0,Urban,Married,Agent,Extended,Corporate,Four-Door Car,Midsize,99.0,23.0,1407.6399999999999,31758.35
ZK71157,California,Bachelor,Employed,Female,40833.0,Urban,Single,Call Center,Basic,Corporate,Four-Door Car,Midsize,69.0,13.0,1294.59,5358.16
ZK83518,California,Associate,Retired,Male,10621.0,Suburban,Single,Agent,Basic,Personal,Four-Door Car,Midsize,67.0,28.0,1321.6,4386.28
ZK90062,Arizona,Bachelor,Employed,Male,67588.0,Suburban,Divorced,Agent,Basic,Personal,Sports Car,Midsize,118.0,0.0,1566.4,14166.2
ZL17677,Washington,Master,Medical Leave,Female,15505.0,Suburban,Married,Agent,Basic,Personal,Two-Door Car,Large,68.0,24.0,1383.8899999999999,21480.82
ZL18631,Arizona,Associate,Employed,Female,54889.0,Suburban,Married,Call Center,Basic,Personal,Four-Door Car,Midsize,63.0,32.0,1302.4,2539.99
ZL23478,California,Bachelor,Employed,Female,85689.0,Urban,Married,Agent,Extended,Corporate,Four-Door Car,Small,92.0,5.0,1237.95,33451.79
ZL37444,California,Doctoral,Employed,Male,24164.0,Suburban,Divorced,Agent,Extended,Personal,Sports Car,Midsize,137.0,2.0,1657.6,10972.07
ZL68596,Arizona,Master,Employed,Male,53228.0,Rural,Married,Branch,Basic,Special,Four-Door Car,Midsize,73.0,26.0,1137.2,8849.69
ZL73902,Nevada,Bachelor,Employed,Female,25820.0,Suburban,Divorced,Agent,Extended,Personal,Four-Door Car,Midsize,82.0,10.0,1393.6,3265.16
ZL82075,Nevada,Master,Employed,Male,56005.0,Suburban,Married,Branch,Basic,Corporate,Four-Door Car,Small,68.0,31.0,1326.4,5479.56
ZM24497,California,High School,Employed,Male,98623.0,Suburban,Married,Web,Extended,Personal,Luxury SUV,Large,211.0,17.0,2012.8,17019.19
ZM28138,Arizona,Bachelor,Employed,Female,40153.0,Suburban,Single,Agent,Basic,Personal,Four-Door Car,Midsize,61.0,1.0,1340.07,7227.12
ZM31116,Arizona,Doctoral,Employed,Male,63688.0,Suburban,Married,Branch,Extended,Personal,Four-Door Car,Midsize,99.0,28.0,1475.2,7949.28
ZM33786,Arizona,High School,Disabled,Female,17774.0,Rural,Married,Call Center,Basic,Personal,SUV,Midsize,108.0,0.0,1116.26,37150.83
ZM42260,Arizona,Associate,Employed,Male,63357.0,Suburban,Married,Agent,Basic,Personal,SUV,Midsize,101.0,26.0,1565.51,8005.96
ZM45168,Oregon,Associate,Disabled,Male,14321.0,Suburban,Single,Branch,Basic,Personal,Four-Door Car,Midsize,65.0,20.0,1423.82,2398.35
ZM70632,California,Bachelor,Employed,Female,60668.0,Urban,Married,Branch,Extended,Personal,SUV,Midsize,138.0,18.0,1553.7,5498.75
ZM75468,Nevada,Associate,Employed,Male,39135.0,Suburban,Divorced,Agent,Extended,Personal,Four-Door Car,Small,91.0,8.0,1436.8,10745.98
ZM84839,California,Associate,Employed,Female,92777.0,Rural,Married,Web,Basic,Personal,Two-Door Car,Midsize,68.0,21.0,1158.04,8146.27
ZM86949,Oregon,High School,Employed,Female,84106.0,Suburban,Single,Branch,Basic,Personal,Two-Door Car,Midsize,64.0,0.0,1334.41,20635.08
ZN24083,Oregon,Doctoral,Employed,Male,29084.0,Suburban,Divorced,Web,Basic,Corporate,Four-Door Car,Small,71.0,14.0,1492.09,5532.46
ZN27753,Oregon,Bachelor,Employed,Male,70524.0,Suburban,Married,Web,Basic,Personal,Four-Door Car,Midsize,73.0,18.0,1350.4,5794.57
ZN33412,Arizona,Associate,Disabled,Female,25073.0,Suburban,Single,Branch,Extended,Personal,Four-Door Car,Midsize,79.0,3.0,1379.2,8634.36
ZN47335,California,Associate,Employed,Male,68309.0,Rural,Divorced,Web,Extended,Corporate,SUV,Small,131.0,4.0,1306.98,10357.51
ZN59196,Oregon,Bachelor,Medical Leave,Female,14108.0,Suburban,Married,Call Center,Premium,Personal,Four-Door Car,Small,109.0,27.0,1523.2,4177.88
ZN71189,Oregon,Doctoral,Employed,Female,37384.0,Suburban,Married,Agent,Extended,Personal,Four-Door Car,Midsize,99.0,9.0,1475.2,4014.45
ZO14864,Washington,Master,Employed,Female,42526.0,Urban,Divorced,Agent,Extended,Personal,Two-Door Car,Midsize,86.0,12.0,1287.54,3417.2
ZO16199,California,High School,Disabled,Female,17099.0,Suburban,Married,Web,Basic,Personal,Four-Door Car,Small,69.0,13.0,1331.2,5354.37
ZO20633,Oregon,High School,Employed,Female,27861.0,Suburban,Married,Branch,Basic,Corporate,Four-Door Car,Midsize,65.0,22.0,1312.0,2587.11
ZO23305,California,Bachelor,Employed,Male,25632.0,Suburban,Married,Call Center,Basic,Personal,Two-Door Car,Midsize,63.0,27.0,1351.27,4929.55
ZO29478,Washington,High School,Disabled,Female,18495.0,Suburban,Married,Branch,Basic,Personal,SUV,Large,113.0,10.0,1542.4,26197.41
ZO31878,Oregon,Master,Employed,Female,55992.0,Urban,Married,Call Center,Basic,Personal,Four-Door Car,Small,67.0,16.0,1191.41,5412.46
ZO42514,California,Bachelor,Employed,Female,96331.0,Urban,Divorced,Agent,Premium,Personal,Two-Door Car,Midsize,114.0,33.0,1491.03,9159.01
ZO43755,Oregon,Master,Disabled,Female,23879.0,Suburban,Married,Branch,Basic,Corporate,SUV,Midsize,107.0,13.0,1635.6399999999999,8368.88
ZO89996,Oregon,Associate,Employed,Male,72302.0,Suburban,Divorced,Agent,Basic,Personal,Two-Door Car,Midsize,66.0,6.0,1316.8,2616.61
ZP26168,Washington,Associate,Medical Leave,Female,24584.0,Urban,Single,Agent,Basic,Corporate,Four-Door Car,Midsize,66.0,11.0,1279.71,9688.13
ZP27971,California,High School,Employed,Male,26050.0,Suburban,Married,Branch,Extended,Personal,Four-Door Car,Small,97.0,4.0,1465.6,3803.8
ZP47993,California,Bachelor,Employed,Female,40646.0,Suburban,Married,Web,Premium,Personal,Four-Door Car,Midsize,103.0,22.0,1494.4,8208.93
ZP49970,Oregon,Bachelor,Employed,Male,40964.0,Suburban,Married,Agent,Basic,Special,Two-Door Car,Large,74.0,7.0,1355.2,5824.82
ZP80713,Arizona,Master,Employed,Female,79663.0,Urban,Divorced,Branch,Basic,Personal,Two-Door Car,Midsize,69.0,14.0,1263.96,2772.44
ZP86347,California,Associate,Employed,Female,44019.0,Rural,Married,Agent,Extended,Personal,SUV,Midsize,138.0,20.0,1165.48,5500.58
ZQ11381,Arizona,Bachelor,Employed,Male,61063.0,Urban,Married,Agent,Extended,Personal,Four-Door Car,Midsize,85.0,21.0,1262.5,16870.39
ZQ22116,Arizona,High School,Employed,Female,73102.0,Rural,Married,Branch,Basic,Corporate,Four-Door Car,Small,66.0,35.0,1117.93,5310.91
ZQ28996,Nevada,Associate,Employed,Male,48895.0,Urban,Married,Web,Basic,Corporate,Four-Door Car,Large,68.0,16.0,1325.01,5388.02
ZQ35017,California,Associate,Retired,Male,28215.0,Suburban,Single,Agent,Basic,Personal,Two-Door Car,Midsize,65.0,15.0,1468.0,4650.06
ZQ37164,Arizona,Bachelor,Employed,Female,82828.0,Urban,Married,Agent,Basic,Personal,Four-Door Car,Midsize,67.0,14.0,1217.47,8016.75
ZQ48144,California,Bachelor,Employed,Female,34986.0,Rural,Married,Web,Extended,Corporate,Four-Door Car,Midsize,91.0,7.0,1073.84,3636.94
ZQ59828,California,High School,Employed,Male,74585.0,Rural,Married,Agent,Basic,Personal,SUV,Midsize,106.0,1.0,1218.6,4222.63
ZQ94281,California,Associate,Employed,Female,68103.0,Urban,Divorced,Branch,Extended,Personal,Two-Door Car,Midsize,82.0,28.0,1277.8,3244.82
ZQ94561,Washington,Associate,Employed,Male,80590.0,Rural,Married,Branch,Basic,Corporate,Four-Door Car,Midsize,74.0,26.0,1097.93,2981.55
ZQ96022,Oregon,Associate,Employed,Female,31421.0,Suburban,Married,Web,Extended,Personal,Two-Door Car,Midsize,81.0,5.0,1388.8,9594.78
ZR11692,California,Bachelor,Employed,Male,74948.0,Urban,Married,Call Center,Basic,Corporate,Four-Door Car,Midsize,64.0,23.0,1216.74,5103.3
ZR20842,Arizona,Associate,Employed,Male,94415.0,Urban,Married,Branch,Extended,Personal,Sports Car,Midsize,127.0,6.0,1492.77,5113.87
ZR22245,Washington,Associate,Medical Leave,Female,22571.0,Suburban,Single,Web,Basic,Personal,Four-Door Car,Large,63.0,29.0,1302.4,4605.04
ZR25747,Oregon,Associate,Employed,Female,45257.0,Suburban,Married,Call Center,Premium,Corporate,Two-Door Car,Midsize,103.0,33.0,1494.4,8277.75
ZR32858,California,Bachelor,Employed,Female,41252.0,Urban,Married,Branch,Basic,Personal,SUV,Midsize,109.0,25.0,1514.06,4315.79
ZR40902,Oregon,Bachelor,Medical Leave,Female,26435.0,Suburban,Married,Agent,Premium,Corporate,Four-Door Car,Small,111.0,32.0,2012.25,4209.28
ZR41880,Nevada,Associate,Employed,Female,75180.0,Rural,Single,Agent,Extended,Corporate,Four-Door Car,Large,77.0,15.0,1154.91,3038.83
ZR58728,Nevada,Master,Employed,Male,82611.0,Suburban,Single,Web,Basic,Personal,Four-Door Car,Midsize,74.0,23.0,1355.2,2893.74
ZR66788,California,High School,Employed,Female,39161.0,Suburban,Married,Branch,Basic,Personal,Four-Door Car,Midsize,71.0,8.0,1340.8,2725.68
ZR68364,California,Associate,Employed,Male,60433.0,Suburban,Married,Branch,Extended,Personal,Four-Door Car,Midsize,77.0,0.0,1369.6,9171.0
ZR72236,Nevada,Master,Employed,Male,76646.0,Urban,Married,Branch,Basic,Personal,Two-Door Car,Midsize,65.0,3.0,1263.84,5226.29
ZR76229,Arizona,Associate,Employed,Female,81190.0,Urban,Married,Web,Extended,Corporate,Two-Door Car,Small,92.0,9.0,1356.56,3713.79
ZR77995,California,Associate,Employed,Male,97729.0,Rural,Married,Web,Extended,Personal,Four-Door Car,Midsize,95.0,18.0,1097.18,3832.9
ZR79373,Arizona,Bachelor,Retired,Female,14290.0,Suburban,Married,Agent,Premium,Personal,Luxury SUV,Midsize,271.0,20.0,2300.8,10179.72
ZR81759,California,Master,Employed,Male,35855.0,Urban,Married,Web,Basic,Personal,Two-Door Car,Midsize,70.0,13.0,1278.21,2820.74
ZR84007,Arizona,Bachelor,Employed,Male,58779.0,Suburban,Single,Branch,Basic,Personal,Four-Door Car,Midsize,64.0,13.0,1307.2,7405.27
ZR88383,Nevada,Associate,Employed,Female,55350.0,Suburban,Married,Agent,Basic,Personal,Four-Door Car,Midsize,67.0,0.0,1321.6,5380.9
ZS15062,Oregon,Master,Employed,Male,34919.0,Urban,Single,Web,Extended,Personal,Four-Door Car,Midsize,82.0,14.0,1277.87,9547.71
ZS32263,California,High School,Employed,Female,48887.0,Suburban,Divorced,Agent,Extended,Personal,Four-Door Car,Midsize,95.0,26.0,1456.0,3788.65
ZS35053,Arizona,High School,Employed,Male,40968.0,Suburban,Divorced,Agent,Extended,Personal,Four-Door Car,Large,97.0,29.0,1465.6,3719.25
ZS35830,Oregon,Associate,Employed,Female,58166.0,Rural,Married,Call Center,Basic,Personal,Four-Door Car,Midsize,67.0,3.0,1091.91,2685.9
ZS73935,Washington,High School,Employed,Female,42862.0,Urban,Married,Agent,Basic,Personal,Four-Door Car,Midsize,65.0,34.0,1254.22,23435.73
ZS88847,Oregon,Bachelor,Disabled,Female,27592.0,Suburban,Married,Branch,Basic,Personal,Four-Door Car,Large,62.0,6.0,1297.6,2387.61
ZS96174,Oregon,Associate,Medical Leave,Male,17937.0,Suburban,Single,Branch,Basic,Personal,Two-Door Car,Midsize,65.0,1.0,1312.0,6796.84
ZT26848,California,High School,Employed,Male,40447.0,Urban,Married,Agent,Basic,Personal,SUV,Midsize,105.0,1.0,1377.56,8314.31
ZT30559,California,High School,Disabled,Female,15169.0,Suburban,Married,Web,Basic,Personal,Four-Door Car,Midsize,63.0,34.0,1302.4,4746.69
ZT52415,Oregon,Bachelor,Employed,Female,62534.0,Suburban,Married,Branch,Basic,Personal,Two-Door Car,Midsize,68.0,10.0,1326.4,8145.99
ZT53375,California,Bachelor,Employed,Male,87777.0,Urban,Single,Branch,Basic,Personal,Two-Door Car,Midsize,68.0,16.0,1257.71,5483.89
ZT60102,Arizona,Associate,Retired,Male,26000.0,Suburban,Divorced,Web,Premium,Personal,Luxury SUV,Small,256.0,34.0,2228.8,17790.41
ZT72561,Arizona,High School,Employed,Male,27289.0,Suburban,Married,Agent,Premium,Personal,Sports Car,Midsize,158.0,4.0,1758.4,6167.85
ZT86224,Nevada,Bachelor,Employed,Male,72257.0,Urban,Divorced,Branch,Extended,Personal,Four-Door Car,Midsize,90.0,28.0,1408.42,10901.23
ZT87452,Oregon,Bachelor,Employed,Female,59592.0,Rural,Divorced,Web,Extended,Personal,Four-Door Car,Small,84.0,8.0,1161.23,3300.61
ZU18643,Nevada,Bachelor,Employed,Male,64495.0,Urban,Married,Web,Extended,Corporate,Four-Door Car,Midsize,92.0,34.0,1251.99,3660.77
ZU30804,California,Associate,Medical Leave,Male,22520.0,Suburban,Married,Branch,Basic,Personal,Four-Door Car,Midsize,73.0,17.0,1350.4,5498.94
ZU69163,California,Doctoral,Employed,Female,94161.0,Rural,Married,Agent,Basic,Personal,Four-Door Car,Midsize,69.0,0.0,1108.99,5586.89
ZU71467,Arizona,Bachelor,Employed,Male,45404.0,Urban,Married,Web,Basic,Corporate,Two-Door Car,Midsize,70.0,13.0,1266.1399999999999,5460.32
ZU73588,California,Associate,Employed,Male,66839.0,Suburban,Single,Branch,Premium,Personal,Sports Car,Midsize,154.0,33.0,1739.2,5989.77
ZU74482,Oregon,Associate,Employed,Male,60920.0,Urban,Single,Agent,Basic,Personal,Two-Door Car,Midsize,64.0,10.0,1231.2,7507.46
ZU88029,Oregon,Master,Retired,Female,26161.0,Suburban,Single,Branch,Basic,Personal,Sports Car,Large,109.0,8.0,1594.44,4064.67
ZU88113,Oregon,Associate,Employed,Male,90751.0,Urban,Married,Agent,Extended,Personal,Two-Door Car,Midsize,82.0,2.0,1315.83,6627.17
ZU88796,Arizona,Bachelor,Employed,Female,87802.0,Urban,Married,Agent,Basic,Personal,Four-Door Car,Small,63.0,2.0,1173.9,2448.81
ZU91897,California,High School,Employed,Male,34482.0,Rural,Married,Agent,Basic,Personal,Four-Door Car,Midsize,67.0,4.0,1083.83,13265.96
ZV17267,Oregon,Bachelor,Employed,Female,37056.0,Suburban,Married,Agent,Extended,Personal,Four-Door Car,Small,92.0,12.0,1441.6,11029.93
ZV32120,California,Doctoral,Employed,Male,23599.0,Suburban,Single,Agent,Basic,Corporate,SUV,Midsize,103.0,20.0,1494.4,3971.35
ZV32968,Oregon,High School,Employed,Male,44788.0,Suburban,Married,Agent,Basic,Personal,Four-Door Car,Small,61.0,6.0,1386.03,7285.03
ZV36800,Oregon,Bachelor,Disabled,Male,14476.0,Suburban,Married,Branch,Basic,Corporate,Sports Car,Midsize,113.0,11.0,1542.4,4236.84
ZV42323,California,Bachelor,Employed,Male,67523.0,Urban,Single,Web,Basic,Corporate,Two-Door Car,Midsize,72.0,35.0,1345.24,5640.73
ZV43428,Arizona,Bachelor,Employed,Female,33806.0,Urban,Divorced,Web,Extended,Special,Four-Door Car,Midsize,89.0,32.0,1395.73,27789.69
ZV55368,California,High School,Employed,Male,75650.0,Rural,Married,Agent,Basic,Corporate,Four-Door Car,Midsize,71.0,24.0,1104.92,5709.36
ZW10467,Arizona,High School,Employed,Female,63288.0,Urban,Married,Web,Basic,Personal,Luxury Car,Midsize,199.0,12.0,1558.4299999999998,16107.19
ZW19492,Oregon,Bachelor,Employed,Male,63455.0,Urban,Divorced,Branch,Basic,Personal,Two-Door Car,Midsize,61.0,26.0,1287.65,2404.92
ZW32080,Nevada,Bachelor,Employed,Female,37803.0,Suburban,Divorced,Agent,Basic,Personal,Four-Door Car,Small,74.0,26.0,1355.2,2914.96
ZW33889,California,Bachelor,Employed,Female,44280.0,Rural,Married,Call Center,Basic,Corporate,Two-Door Car,Midsize,62.0,25.0,1130.3,2477.71
ZW51790,Arizona,Associate,Employed,Female,52342.0,Suburban,Married,Agent,Basic,Personal,Two-Door Car,Small,66.0,28.0,1316.8,10426.09
ZW71731,California,Bachelor,Employed,Male,89284.0,Urban,Divorced,Web,Extended,Corporate,SUV,Midsize,133.0,4.0,1402.07,5170.36
ZW76597,California,Bachelor,Retired,Female,13215.0,Suburban,Married,Branch,Basic,Corporate,Four-Door Car,Small,74.0,30.0,1443.77,5271.37
ZW79814,California,High School,Employed,Male,56980.0,Suburban,Married,Agent,Extended,Personal,Two-Door Car,Midsize,84.0,33.0,1599.0,6689.02
ZW93288,California,Master,Employed,Female,22705.0,Suburban,Divorced,Agent,Extended,Personal,Luxury SUV,Midsize,239.0,19.0,2294.7,19160.99
ZX35838,Oregon,Master,Employed,Female,70177.0,Rural,Married,Agent,Premium,Personal,Four-Door Car,Midsize,115.0,12.0,1225.52,9336.34
ZX50209,California,Associate,Employed,Female,29815.0,Rural,Single,Agent,Extended,Personal,Four-Door Car,Midsize,95.0,35.0,1076.18,10960.94
ZX56541,California,Bachelor,Employed,Male,45329.0,Suburban,Married,Call Center,Basic,Personal,Two-Door Car,Midsize,65.0,13.0,1312.0,4954.29
ZX73673,Arizona,Bachelor,Employed,Male,74015.0,Suburban,Single,Call Center,Basic,Personal,Four-Door Car,Small,72.0,12.0,1471.44,5555.83
ZX80668,Nevada,Bachelor,Employed,Male,43720.0,Suburban,Single,Branch,Basic,Personal,SUV,Midsize,117.0,5.0,1561.6,13448.81
ZX83542,California,Master,Disabled,Male,26585.0,Urban,Married,Call Center,Basic,Corporate,Four-Door Car,Large,69.0,26.0,1308.65,5300.69
ZX86243,Arizona,Doctoral,Employed,Male,70247.0,Rural,Single,Call Center,Extended,Personal,Four-Door Car,Midsize,83.0,13.0,1141.8,3278.53
ZX93551,Arizona,Bachelor,Retired,Female,23376.0,Suburban,Divorced,Call Center,Extended,Personal,Four-Door Car,Midsize,78.0,19.0,1374.4,2867.31
ZY33234,Nevada,High School,Employed,Female,66331.0,Suburban,Single,Branch,Premium,Personal,Two-Door Car,Large,107.0,0.0,1513.6,4297.19
ZY49833,California,Bachelor,Employed,Female,87020.0,Urban,Married,Web,Basic,Personal,Four-Door Car,Small,74.0,6.0,1331.12,5963.17
ZY57929,Arizona,Associate,Employed,Female,32799.0,Suburban,Divorced,Agent,Basic,Personal,SUV,Midsize,104.0,7.0,1499.2,8169.75
ZY60545,California,Associate,Employed,Female,91535.0,Rural,Married,Agent,Basic,Personal,Four-Door Car,Large,67.0,35.0,1126.63,18938.54
ZY90118,Washington,Associate,Medical Leave,Male,17161.0,Suburban,Married,Call Center,Premium,Corporate,Four-Door Car,Small,113.0,1.0,1542.4,4165.35
ZY99878,California,High School,Employed,Male,90343.0,Urban,Single,Branch,Premium,Personal,SUV,Midsize,175.0,11.0,1833.0700000000002,13742.54
ZZ20738,California,High School,Employed,Female,28108.0,Suburban,Married,Agent,Basic,Personal,Sports Car,Midsize,114.0,6.0,1547.2,9000.44
ZZ22047,Washington,Bachelor,Employed,Male,67798.0,Suburban,Divorced,Agent,Basic,Corporate,Four-Door Car,Midsize,69.0,1.0,1331.2,5548.03
ZZ22193,California,Master,Employed,Female,37675.0,Suburban,Single,Agent,Basic,Personal,Four-Door Car,Midsize,71.0,25.0,1380.92,5704.68
ZZ22858,Arizona,Bachelor,Employed,Female,70619.0,Rural,Married,Branch,Basic,Personal,Luxury Car,Midsize,187.0,2.0,1293.95,15016.19
ZZ41158,Washington,Associate,Employed,Male,28506.0,Suburban,Married,Agent,Basic,Personal,SUV,Small,104.0,27.0,1499.2,4089.43
ZZ42291,California,Master,Employed,Female,77143.0,Rural,Married,Agent,Extended,Personal,SUV,Small,125.0,5.0,1176.01,40235.97
ZZ43513,California,High School,Employed,Male,73597.0,Urban,Married,Agent,Basic,Personal,SUV,Midsize,114.0,5.0,1485.18,13110.55
ZZ44902,Arizona,High School,Employed,Male,40117.0,Suburban,Married,Agent,Premium,Personal,Two-Door Car,Small,108.0,6.0,1750.08,12692.67
ZZ49347,Oregon,High School,Employed,Male,72421.0,Suburban,Married,Call Center,Basic,Personal,Four-Door Car,Small,65.0,8.0,1312.0,2592.44
ZZ54454,Nevada,Master,Employed,Male,32510.0,Suburban,Single,Agent,Premium,Personal,Two-Door Car,Small,119.0,29.0,1571.2,4589.94
ZZ83340,Oregon,Doctoral,Employed,Female,96021.0,Urban,Married,Branch,Basic,Personal,Two-Door Car,Midsize,68.0,5.0,1315.0,5508.32
